id,appid,name,treatment_group,treated,post,did,period,month,players,ln_players,genre_category,age_years,price_usd,is_free,review_score,timedum_1,timedum_2,timedum_3,timedum_4,timedum_5,diddum_1,diddum_2,diddum_3,diddum_4,diddum_5
1,730,Counter-Strike 2,jan,1,0,0,1,2024-12,1558497,14.25923245325986,other,13.44558521560575,0.0,1,,1,0,0,0,0,1,0,0,0,0
1,730,Counter-Strike 2,jan,1,1,1,2,2025-01,1558497,14.25923245325986,other,13.44558521560575,0.0,1,,0,1,0,0,0,0,1,0,0,0
1,730,Counter-Strike 2,jan,1,1,1,3,2025-02,1558497,14.25923245325986,other,13.44558521560575,0.0,1,,0,0,1,0,0,0,0,1,0,0
1,730,Counter-Strike 2,jan,1,1,1,4,2025-03,1558497,14.25923245325986,other,13.44558521560575,0.0,1,,0,0,0,1,0,0,0,0,1,0
1,730,Counter-Strike 2,jan,1,1,1,5,2025-04,1558497,14.25923245325986,other,13.44558521560575,0.0,1,,0,0,0,0,1,0,0,0,0,1
2,2399830,ARK: Survival Ascended,jan,1,0,0,1,2024-12,33604,10.422400386484737,mmo,2.269678302532512,44.99,0,,1,0,0,0,0,1,0,0,0,0
2,2399830,ARK: Survival Ascended,jan,1,1,1,2,2025-01,33604,10.422400386484737,mmo,2.269678302532512,44.99,0,,0,1,0,0,0,0,1,0,0,0
2,2399830,ARK: Survival Ascended,jan,1,1,1,3,2025-02,33604,10.422400386484737,mmo,2.269678302532512,44.99,0,,0,0,1,0,0,0,0,1,0,0
2,2399830,ARK: Survival Ascended,jan,1,1,1,4,2025-03,33604,10.422400386484737,mmo,2.269678302532512,44.99,0,,0,0,0,1,0,0,0,0,1,0
2,2399830,ARK: Survival Ascended,jan,1,1,1,5,2025-04,33604,10.422400386484737,mmo,2.269678302532512,44.99,0,,0,0,0,0,1,0,0,0,0,1
3,1313140,Cult of the Lamb,jan,1,0,0,1,2024-12,14820,9.603732898850078,other,3.4743326488706368,9.19,0,,1,0,0,0,0,1,0,0,0,0
3,1313140,Cult of the Lamb,jan,1,1,1,2,2025-01,14820,9.603732898850078,other,3.4743326488706368,9.19,0,,0,1,0,0,0,0,1,0,0,0
3,1313140,Cult of the Lamb,jan,1,1,1,3,2025-02,14820,9.603732898850078,other,3.4743326488706368,9.19,0,,0,0,1,0,0,0,0,1,0,0
3,1313140,Cult of the Lamb,jan,1,1,1,4,2025-03,14820,9.603732898850078,other,3.4743326488706368,9.19,0,,0,0,0,1,0,0,0,0,1,0
3,1313140,Cult of the Lamb,jan,1,1,1,5,2025-04,14820,9.603732898850078,other,3.4743326488706368,9.19,0,,0,0,0,0,1,0,0,0,0,1
4,1203620,Enshrouded,jan,1,0,0,1,2024-12,23481,10.063946862472948,other,2.020533880903491,23.99,0,,1,0,0,0,0,1,0,0,0,0
4,1203620,Enshrouded,jan,1,1,1,2,2025-01,23481,10.063946862472948,other,2.020533880903491,23.99,0,,0,1,0,0,0,0,1,0,0,0
4,1203620,Enshrouded,jan,1,1,1,3,2025-02,23481,10.063946862472948,other,2.020533880903491,23.99,0,,0,0,1,0,0,0,0,1,0,0
4,1203620,Enshrouded,jan,1,1,1,4,2025-03,23481,10.063946862472948,other,2.020533880903491,23.99,0,,0,0,0,1,0,0,0,0,1,0
4,1203620,Enshrouded,jan,1,1,1,5,2025-04,23481,10.063946862472948,other,2.020533880903491,23.99,0,,0,0,0,0,1,0,0,0,0,1
5,377160,Fallout 4,jan,1,0,0,1,2024-12,36454,10.503806470784879,other,10.22861054072553,19.99,0,,1,0,0,0,0,1,0,0,0,0
5,377160,Fallout 4,jan,1,1,1,2,2025-01,36454,10.503806470784879,other,10.22861054072553,19.99,0,,0,1,0,0,0,0,1,0,0,0
5,377160,Fallout 4,jan,1,1,1,3,2025-02,36454,10.503806470784879,other,10.22861054072553,19.99,0,,0,0,1,0,0,0,0,1,0,0
5,377160,Fallout 4,jan,1,1,1,4,2025-03,36454,10.503806470784879,other,10.22861054072553,19.99,0,,0,0,0,1,0,0,0,0,1,0
5,377160,Fallout 4,jan,1,1,1,5,2025-04,36454,10.503806470784879,other,10.22861054072553,19.99,0,,0,0,0,0,1,0,0,0,0,1
6,252490,Rust,jan,1,0,0,1,2024-12,158233,11.971823909275443,mmo,7.9780971937029435,39.99,0,,1,0,0,0,0,1,0,0,0,0
6,252490,Rust,jan,1,1,1,2,2025-01,158233,11.971823909275443,mmo,7.9780971937029435,39.99,0,,0,1,0,0,0,0,1,0,0,0
6,252490,Rust,jan,1,1,1,3,2025-02,158233,11.971823909275443,mmo,7.9780971937029435,39.99,0,,0,0,1,0,0,0,0,1,0,0
6,252490,Rust,jan,1,1,1,4,2025-03,158233,11.971823909275443,mmo,7.9780971937029435,39.99,0,,0,0,0,1,0,0,0,0,1,0
6,252490,Rust,jan,1,1,1,5,2025-04,158233,11.971823909275443,mmo,7.9780971937029435,39.99,0,,0,0,0,0,1,0,0,0,0,1
7,2300320,Farming Simulator 25,jan,1,0,0,1,2024-12,34192,10.43974697755893,other,1.218343600273785,29.99,0,,1,0,0,0,0,1,0,0,0,0
7,2300320,Farming Simulator 25,jan,1,1,1,2,2025-01,34192,10.43974697755893,other,1.218343600273785,29.99,0,,0,1,0,0,0,0,1,0,0,0
7,2300320,Farming Simulator 25,jan,1,1,1,3,2025-02,34192,10.43974697755893,other,1.218343600273785,29.99,0,,0,0,1,0,0,0,0,1,0,0
7,2300320,Farming Simulator 25,jan,1,1,1,4,2025-03,34192,10.43974697755893,other,1.218343600273785,29.99,0,,0,0,0,1,0,0,0,0,1,0
7,2300320,Farming Simulator 25,jan,1,1,1,5,2025-04,34192,10.43974697755893,other,1.218343600273785,29.99,0,,0,0,0,0,1,0,0,0,0,1
8,570,Dota 2,jan,1,0,0,1,2024-12,803681,13.596957703259426,other,12.563997262149213,0.0,1,,1,0,0,0,0,1,0,0,0,0
8,570,Dota 2,jan,1,1,1,2,2025-01,803681,13.596957703259426,other,12.563997262149213,0.0,1,,0,1,0,0,0,0,1,0,0,0
8,570,Dota 2,jan,1,1,1,3,2025-02,803681,13.596957703259426,other,12.563997262149213,0.0,1,,0,0,1,0,0,0,0,1,0,0
8,570,Dota 2,jan,1,1,1,4,2025-03,803681,13.596957703259426,other,12.563997262149213,0.0,1,,0,0,0,1,0,0,0,0,1,0
8,570,Dota 2,jan,1,1,1,5,2025-04,803681,13.596957703259426,other,12.563997262149213,0.0,1,,0,0,0,0,1,0,0,0,0,1
9,1466060,Tainted Grail: The Fall of Avalon,jan,1,0,0,1,2024-12,4615,8.437067146936952,other,0.6926762491444216,35.19,0,,1,0,0,0,0,1,0,0,0,0
9,1466060,Tainted Grail: The Fall of Avalon,jan,1,1,1,2,2025-01,4615,8.437067146936952,other,0.6926762491444216,35.19,0,,0,1,0,0,0,0,1,0,0,0
9,1466060,Tainted Grail: The Fall of Avalon,jan,1,1,1,3,2025-02,4615,8.437067146936952,other,0.6926762491444216,35.19,0,,0,0,1,0,0,0,0,1,0,0
9,1466060,Tainted Grail: The Fall of Avalon,jan,1,1,1,4,2025-03,4615,8.437067146936952,other,0.6926762491444216,35.19,0,,0,0,0,1,0,0,0,0,1,0
9,1466060,Tainted Grail: The Fall of Avalon,jan,1,1,1,5,2025-04,4615,8.437067146936952,other,0.6926762491444216,35.19,0,,0,0,0,0,1,0,0,0,0,1
10,1245620,ELDEN RING,jan,1,0,0,1,2024-12,43126,10.671881342470611,other,3.9342915811088295,479.0,0,,1,0,0,0,0,1,0,0,0,0
10,1245620,ELDEN RING,jan,1,1,1,2,2025-01,43126,10.671881342470611,other,3.9342915811088295,479.0,0,,0,1,0,0,0,0,1,0,0,0
10,1245620,ELDEN RING,jan,1,1,1,3,2025-02,43126,10.671881342470611,other,3.9342915811088295,479.0,0,,0,0,1,0,0,0,0,1,0,0
10,1245620,ELDEN RING,jan,1,1,1,4,2025-03,43126,10.671881342470611,other,3.9342915811088295,479.0,0,,0,0,0,1,0,0,0,0,1,0
10,1245620,ELDEN RING,jan,1,1,1,5,2025-04,43126,10.671881342470611,other,3.9342915811088295,479.0,0,,0,0,0,0,1,0,0,0,0,1
11,1407200,World of Tanks,jan,1,0,0,1,2024-12,11186,9.322418275381533,mmo,4.761122518822724,0.0,1,,1,0,0,0,0,1,0,0,0,0
11,1407200,World of Tanks,jan,1,1,1,2,2025-01,11186,9.322418275381533,mmo,4.761122518822724,0.0,1,,0,1,0,0,0,0,1,0,0,0
11,1407200,World of Tanks,jan,1,1,1,3,2025-02,11186,9.322418275381533,mmo,4.761122518822724,0.0,1,,0,0,1,0,0,0,0,1,0,0
11,1407200,World of Tanks,jan,1,1,1,4,2025-03,11186,9.322418275381533,mmo,4.761122518822724,0.0,1,,0,0,0,1,0,0,0,0,1,0
11,1407200,World of Tanks,jan,1,1,1,5,2025-04,11186,9.322418275381533,mmo,4.761122518822724,0.0,1,,0,0,0,0,1,0,0,0,0,1
12,1091500,Cyberpunk 2077,jan,1,0,0,1,2024-12,39840,10.592626711698534,other,5.144421629021219,59.99,0,,1,0,0,0,0,1,0,0,0,0
12,1091500,Cyberpunk 2077,jan,1,1,1,2,2025-01,39840,10.592626711698534,other,5.144421629021219,59.99,0,,0,1,0,0,0,0,1,0,0,0
12,1091500,Cyberpunk 2077,jan,1,1,1,3,2025-02,39840,10.592626711698534,other,5.144421629021219,59.99,0,,0,0,1,0,0,0,0,1,0,0
12,1091500,Cyberpunk 2077,jan,1,1,1,4,2025-03,39840,10.592626711698534,other,5.144421629021219,59.99,0,,0,0,0,1,0,0,0,0,1,0
12,1091500,Cyberpunk 2077,jan,1,1,1,5,2025-04,39840,10.592626711698534,other,5.144421629021219,59.99,0,,0,0,0,0,1,0,0,0,0,1
13,1974050,Torchlight: Infinite,jan,1,0,0,1,2024-12,11377,9.339349052539717,other,2.732375085557837,0.0,1,,1,0,0,0,0,1,0,0,0,0
13,1974050,Torchlight: Infinite,jan,1,1,1,2,2025-01,11377,9.339349052539717,other,2.732375085557837,0.0,1,,0,1,0,0,0,0,1,0,0,0
13,1974050,Torchlight: Infinite,jan,1,1,1,3,2025-02,11377,9.339349052539717,other,2.732375085557837,0.0,1,,0,0,1,0,0,0,0,1,0,0
13,1974050,Torchlight: Infinite,jan,1,1,1,4,2025-03,11377,9.339349052539717,other,2.732375085557837,0.0,1,,0,0,0,1,0,0,0,0,1,0
13,1974050,Torchlight: Infinite,jan,1,1,1,5,2025-04,11377,9.339349052539717,other,2.732375085557837,0.0,1,,0,0,0,0,1,0,0,0,0,1
14,1465360,SnowRunner,jan,1,0,0,1,2024-12,9224,9.129564061948894,other,4.7091033538672145,11.99,0,,1,0,0,0,0,1,0,0,0,0
14,1465360,SnowRunner,jan,1,1,1,2,2025-01,9224,9.129564061948894,other,4.7091033538672145,11.99,0,,0,1,0,0,0,0,1,0,0,0
14,1465360,SnowRunner,jan,1,1,1,3,2025-02,9224,9.129564061948894,other,4.7091033538672145,11.99,0,,0,0,1,0,0,0,0,1,0,0
14,1465360,SnowRunner,jan,1,1,1,4,2025-03,9224,9.129564061948894,other,4.7091033538672145,11.99,0,,0,0,0,1,0,0,0,0,1,0
14,1465360,SnowRunner,jan,1,1,1,5,2025-04,9224,9.129564061948894,other,4.7091033538672145,11.99,0,,0,0,0,0,1,0,0,0,0,1
15,1599340,Lost Ark,jan,1,0,0,1,2024-12,7650,8.942460926820582,mmo,3.969883641341547,0.0,1,,1,0,0,0,0,1,0,0,0,0
15,1599340,Lost Ark,jan,1,1,1,2,2025-01,7650,8.942460926820582,mmo,3.969883641341547,0.0,1,,0,1,0,0,0,0,1,0,0,0
15,1599340,Lost Ark,jan,1,1,1,3,2025-02,7650,8.942460926820582,mmo,3.969883641341547,0.0,1,,0,0,1,0,0,0,0,1,0,0
15,1599340,Lost Ark,jan,1,1,1,4,2025-03,7650,8.942460926820582,mmo,3.969883641341547,0.0,1,,0,0,0,1,0,0,0,0,1,0
15,1599340,Lost Ark,jan,1,1,1,5,2025-04,7650,8.942460926820582,mmo,3.969883641341547,0.0,1,,0,0,0,0,1,0,0,0,0,1
16,2186680,"Warhammer 40,000: Rogue Trader",jan,1,0,0,1,2024-12,6708,8.8110561229431,other,2.1519507186858315,49.99,0,,1,0,0,0,0,1,0,0,0,0
16,2186680,"Warhammer 40,000: Rogue Trader",jan,1,1,1,2,2025-01,6708,8.8110561229431,other,2.1519507186858315,49.99,0,,0,1,0,0,0,0,1,0,0,0
16,2186680,"Warhammer 40,000: Rogue Trader",jan,1,1,1,3,2025-02,6708,8.8110561229431,other,2.1519507186858315,49.99,0,,0,0,1,0,0,0,0,1,0,0
16,2186680,"Warhammer 40,000: Rogue Trader",jan,1,1,1,4,2025-03,6708,8.8110561229431,other,2.1519507186858315,49.99,0,,0,0,0,1,0,0,0,0,1,0
16,2186680,"Warhammer 40,000: Rogue Trader",jan,1,1,1,5,2025-04,6708,8.8110561229431,other,2.1519507186858315,49.99,0,,0,0,0,0,1,0,0,0,0,1
17,2537590,Microsoft Flight Simulator 2024,jan,1,0,0,1,2024-12,6145,8.723394022000136,other,1.1991786447638604,79.99,0,,1,0,0,0,0,1,0,0,0,0
17,2537590,Microsoft Flight Simulator 2024,jan,1,1,1,2,2025-01,6145,8.723394022000136,other,1.1991786447638604,79.99,0,,0,1,0,0,0,0,1,0,0,0
17,2537590,Microsoft Flight Simulator 2024,jan,1,1,1,3,2025-02,6145,8.723394022000136,other,1.1991786447638604,79.99,0,,0,0,1,0,0,0,0,1,0,0
17,2537590,Microsoft Flight Simulator 2024,jan,1,1,1,4,2025-03,6145,8.723394022000136,other,1.1991786447638604,79.99,0,,0,0,0,1,0,0,0,0,1,0
17,2537590,Microsoft Flight Simulator 2024,jan,1,1,1,5,2025-04,6145,8.723394022000136,other,1.1991786447638604,79.99,0,,0,0,0,0,1,0,0,0,0,1
18,39210,FINAL FANTASY XIV Online,jan,1,0,0,1,2024-12,17170,9.75091895389152,mmo,11.950718685831623,9.99,0,,1,0,0,0,0,1,0,0,0,0
18,39210,FINAL FANTASY XIV Online,jan,1,1,1,2,2025-01,17170,9.75091895389152,mmo,11.950718685831623,9.99,0,,0,1,0,0,0,0,1,0,0,0
18,39210,FINAL FANTASY XIV Online,jan,1,1,1,3,2025-02,17170,9.75091895389152,mmo,11.950718685831623,9.99,0,,0,0,1,0,0,0,0,1,0,0
18,39210,FINAL FANTASY XIV Online,jan,1,1,1,4,2025-03,17170,9.75091895389152,mmo,11.950718685831623,9.99,0,,0,0,0,1,0,0,0,0,1,0
18,39210,FINAL FANTASY XIV Online,jan,1,1,1,5,2025-04,17170,9.75091895389152,mmo,11.950718685831623,9.99,0,,0,0,0,0,1,0,0,0,0,1
19,2344520,Diablo® IV,jan,1,0,0,1,2024-12,9964,9.20673387638207,other,2.291581108829569,49.99,0,,1,0,0,0,0,1,0,0,0,0
19,2344520,Diablo® IV,jan,1,1,1,2,2025-01,9964,9.20673387638207,other,2.291581108829569,49.99,0,,0,1,0,0,0,0,1,0,0,0
19,2344520,Diablo® IV,jan,1,1,1,3,2025-02,9964,9.20673387638207,other,2.291581108829569,49.99,0,,0,0,1,0,0,0,0,1,0,0
19,2344520,Diablo® IV,jan,1,1,1,4,2025-03,9964,9.20673387638207,other,2.291581108829569,49.99,0,,0,0,0,1,0,0,0,0,1,0
19,2344520,Diablo® IV,jan,1,1,1,5,2025-04,9964,9.20673387638207,other,2.291581108829569,49.99,0,,0,0,0,0,1,0,0,0,0,1
20,1284210,Guild Wars 2®,jan,1,0,0,1,2024-12,5711,8.650149418664864,mmo,3.4414784394250515,0.0,1,,1,0,0,0,0,1,0,0,0,0
20,1284210,Guild Wars 2®,jan,1,1,1,2,2025-01,5711,8.650149418664864,mmo,3.4414784394250515,0.0,1,,0,1,0,0,0,0,1,0,0,0
20,1284210,Guild Wars 2®,jan,1,1,1,3,2025-02,5711,8.650149418664864,mmo,3.4414784394250515,0.0,1,,0,0,1,0,0,0,0,1,0,0
20,1284210,Guild Wars 2®,jan,1,1,1,4,2025-03,5711,8.650149418664864,mmo,3.4414784394250515,0.0,1,,0,0,0,1,0,0,0,0,1,0
20,1284210,Guild Wars 2®,jan,1,1,1,5,2025-04,5711,8.650149418664864,mmo,3.4414784394250515,0.0,1,,0,0,0,0,1,0,0,0,0,1
21,739630,Phasmophobia,jan,1,0,0,1,2024-12,14427,9.576856729945773,other,5.368925393566051,13.65,0,,1,0,0,0,0,1,0,0,0,0
21,739630,Phasmophobia,jan,1,1,1,2,2025-01,14427,9.576856729945773,other,5.368925393566051,13.65,0,,0,1,0,0,0,0,1,0,0,0
21,739630,Phasmophobia,jan,1,1,1,3,2025-02,14427,9.576856729945773,other,5.368925393566051,13.65,0,,0,0,1,0,0,0,0,1,0,0
21,739630,Phasmophobia,jan,1,1,1,4,2025-03,14427,9.576856729945773,other,5.368925393566051,13.65,0,,0,0,0,1,0,0,0,0,1,0
21,739630,Phasmophobia,jan,1,1,1,5,2025-04,14427,9.576856729945773,other,5.368925393566051,13.65,0,,0,0,0,0,1,0,0,0,0,1
22,2073850,THE FINALS,jan,1,0,0,1,2024-12,12975,9.470779708034089,other,2.1519507186858315,0.0,1,,1,0,0,0,0,1,0,0,0,0
22,2073850,THE FINALS,jan,1,1,1,2,2025-01,12975,9.470779708034089,other,2.1519507186858315,0.0,1,,0,1,0,0,0,0,1,0,0,0
22,2073850,THE FINALS,jan,1,1,1,3,2025-02,12975,9.470779708034089,other,2.1519507186858315,0.0,1,,0,0,1,0,0,0,0,1,0,0
22,2073850,THE FINALS,jan,1,1,1,4,2025-03,12975,9.470779708034089,other,2.1519507186858315,0.0,1,,0,0,0,1,0,0,0,0,1,0
22,2073850,THE FINALS,jan,1,1,1,5,2025-04,12975,9.470779708034089,other,2.1519507186858315,0.0,1,,0,0,0,0,1,0,0,0,0,1
23,1149460,ICARUS,jan,1,0,0,1,2024-12,12052,9.396985900250192,other,4.161533196440794,33.99,0,,1,0,0,0,0,1,0,0,0,0
23,1149460,ICARUS,jan,1,1,1,2,2025-01,12052,9.396985900250192,other,4.161533196440794,33.99,0,,0,1,0,0,0,0,1,0,0,0
23,1149460,ICARUS,jan,1,1,1,3,2025-02,12052,9.396985900250192,other,4.161533196440794,33.99,0,,0,0,1,0,0,0,0,1,0,0
23,1149460,ICARUS,jan,1,1,1,4,2025-03,12052,9.396985900250192,other,4.161533196440794,33.99,0,,0,0,0,1,0,0,0,0,1,0
23,1149460,ICARUS,jan,1,1,1,5,2025-04,12052,9.396985900250192,other,4.161533196440794,33.99,0,,0,0,0,0,1,0,0,0,0,1
24,394360,Hearts of Iron IV,jan,1,0,0,1,2024-12,58590,10.978319312538835,other,9.653661875427789,49.99,0,,1,0,0,0,0,1,0,0,0,0
24,394360,Hearts of Iron IV,jan,1,1,1,2,2025-01,58590,10.978319312538835,other,9.653661875427789,49.99,0,,0,1,0,0,0,0,1,0,0,0
24,394360,Hearts of Iron IV,jan,1,1,1,3,2025-02,58590,10.978319312538835,other,9.653661875427789,49.99,0,,0,0,1,0,0,0,0,1,0,0
24,394360,Hearts of Iron IV,jan,1,1,1,4,2025-03,58590,10.978319312538835,other,9.653661875427789,49.99,0,,0,0,0,1,0,0,0,0,1,0
24,394360,Hearts of Iron IV,jan,1,1,1,5,2025-04,58590,10.978319312538835,other,9.653661875427789,49.99,0,,0,0,0,0,1,0,0,0,0,1
25,2183900,"Warhammer 40,000: Space Marine 2",jan,1,0,0,1,2024-12,15540,9.651172623921639,other,1.3935660506502396,59.99,0,,1,0,0,0,0,1,0,0,0,0
25,2183900,"Warhammer 40,000: Space Marine 2",jan,1,1,1,2,2025-01,15540,9.651172623921639,other,1.3935660506502396,59.99,0,,0,1,0,0,0,0,1,0,0,0
25,2183900,"Warhammer 40,000: Space Marine 2",jan,1,1,1,3,2025-02,15540,9.651172623921639,other,1.3935660506502396,59.99,0,,0,0,1,0,0,0,0,1,0,0
25,2183900,"Warhammer 40,000: Space Marine 2",jan,1,1,1,4,2025-03,15540,9.651172623921639,other,1.3935660506502396,59.99,0,,0,0,0,1,0,0,0,0,1,0
25,2183900,"Warhammer 40,000: Space Marine 2",jan,1,1,1,5,2025-04,15540,9.651172623921639,other,1.3935660506502396,59.99,0,,0,0,0,0,1,0,0,0,0,1
26,304390,FOR HONOR™,jan,1,0,0,1,2024-12,5628,8.63550941823428,other,8.9637234770705,29.99,0,,1,0,0,0,0,1,0,0,0,0
26,304390,FOR HONOR™,jan,1,1,1,2,2025-01,5628,8.63550941823428,other,8.9637234770705,29.99,0,,0,1,0,0,0,0,1,0,0,0
26,304390,FOR HONOR™,jan,1,1,1,3,2025-02,5628,8.63550941823428,other,8.9637234770705,29.99,0,,0,0,1,0,0,0,0,1,0,0
26,304390,FOR HONOR™,jan,1,1,1,4,2025-03,5628,8.63550941823428,other,8.9637234770705,29.99,0,,0,0,0,1,0,0,0,0,1,0
26,304390,FOR HONOR™,jan,1,1,1,5,2025-04,5628,8.63550941823428,other,8.9637234770705,29.99,0,,0,0,0,0,1,0,0,0,0,1
27,1401590,Disney Dreamlight Valley,jan,1,0,0,1,2024-12,2996,8.005033344637111,other,2.1574264202600957,39.99,0,,1,0,0,0,0,1,0,0,0,0
27,1401590,Disney Dreamlight Valley,jan,1,1,1,2,2025-01,2996,8.005033344637111,other,2.1574264202600957,39.99,0,,0,1,0,0,0,0,1,0,0,0
27,1401590,Disney Dreamlight Valley,jan,1,1,1,3,2025-02,2996,8.005033344637111,other,2.1574264202600957,39.99,0,,0,0,1,0,0,0,0,1,0,0
27,1401590,Disney Dreamlight Valley,jan,1,1,1,4,2025-03,2996,8.005033344637111,other,2.1574264202600957,39.99,0,,0,0,0,1,0,0,0,0,1,0
27,1401590,Disney Dreamlight Valley,jan,1,1,1,5,2025-04,2996,8.005033344637111,other,2.1574264202600957,39.99,0,,0,0,0,0,1,0,0,0,0,1
28,1623730,Palworld,jan,1,0,0,1,2024-12,55704,10.927807236622384,other,2.0369609856262834,187.0,0,,1,0,0,0,0,1,0,0,0,0
28,1623730,Palworld,jan,1,1,1,2,2025-01,55704,10.927807236622384,other,2.0369609856262834,187.0,0,,0,1,0,0,0,0,1,0,0,0
28,1623730,Palworld,jan,1,1,1,3,2025-02,55704,10.927807236622384,other,2.0369609856262834,187.0,0,,0,0,1,0,0,0,0,1,0,0
28,1623730,Palworld,jan,1,1,1,4,2025-03,55704,10.927807236622384,other,2.0369609856262834,187.0,0,,0,0,0,1,0,0,0,0,1,0
28,1623730,Palworld,jan,1,1,1,5,2025-04,55704,10.927807236622384,other,2.0369609856262834,187.0,0,,0,0,0,0,1,0,0,0,0,1
29,22380,Fallout: New Vegas,jan,1,0,0,1,2024-12,11368,9.338557669776936,other,15.279945242984258,9.99,0,,1,0,0,0,0,1,0,0,0,0
29,22380,Fallout: New Vegas,jan,1,1,1,2,2025-01,11368,9.338557669776936,other,15.279945242984258,9.99,0,,0,1,0,0,0,0,1,0,0,0
29,22380,Fallout: New Vegas,jan,1,1,1,3,2025-02,11368,9.338557669776936,other,15.279945242984258,9.99,0,,0,0,1,0,0,0,0,1,0,0
29,22380,Fallout: New Vegas,jan,1,1,1,4,2025-03,11368,9.338557669776936,other,15.279945242984258,9.99,0,,0,0,0,1,0,0,0,0,1,0
29,22380,Fallout: New Vegas,jan,1,1,1,5,2025-04,11368,9.338557669776936,other,15.279945242984258,9.99,0,,0,0,0,0,1,0,0,0,0,1
30,286160,Tabletop Simulator,jan,1,0,0,1,2024-12,8149,9.00565049932022,other,10.65845311430527,9.75,0,,1,0,0,0,0,1,0,0,0,0
30,286160,Tabletop Simulator,jan,1,1,1,2,2025-01,8149,9.00565049932022,other,10.65845311430527,9.75,0,,0,1,0,0,0,0,1,0,0,0
30,286160,Tabletop Simulator,jan,1,1,1,3,2025-02,8149,9.00565049932022,other,10.65845311430527,9.75,0,,0,0,1,0,0,0,0,1,0,0
30,286160,Tabletop Simulator,jan,1,1,1,4,2025-03,8149,9.00565049932022,other,10.65845311430527,9.75,0,,0,0,0,1,0,0,0,0,1,0
30,286160,Tabletop Simulator,jan,1,1,1,5,2025-04,8149,9.00565049932022,other,10.65845311430527,9.75,0,,0,0,0,0,1,0,0,0,0,1
31,1401590,Disney Dreamlight Valley,jan,1,0,0,1,2024-12,2996,8.005033344637111,other,2.1574264202600957,39.99,0,,1,0,0,0,0,1,0,0,0,0
31,1401590,Disney Dreamlight Valley,jan,1,1,1,2,2025-01,2996,8.005033344637111,other,2.1574264202600957,39.99,0,,0,1,0,0,0,0,1,0,0,0
31,1401590,Disney Dreamlight Valley,jan,1,1,1,3,2025-02,2996,8.005033344637111,other,2.1574264202600957,39.99,0,,0,0,1,0,0,0,0,1,0,0
31,1401590,Disney Dreamlight Valley,jan,1,1,1,4,2025-03,2996,8.005033344637111,other,2.1574264202600957,39.99,0,,0,0,0,1,0,0,0,0,1,0
31,1401590,Disney Dreamlight Valley,jan,1,1,1,5,2025-04,2996,8.005033344637111,other,2.1574264202600957,39.99,0,,0,0,0,0,1,0,0,0,0,1
32,813780,Age of Empires II: Definitive Edition,jan,1,0,0,1,2024-12,24565,10.109077944602749,other,6.2149212867898695,32.99,0,,1,0,0,0,0,1,0,0,0,0
32,813780,Age of Empires II: Definitive Edition,jan,1,1,1,2,2025-01,24565,10.109077944602749,other,6.2149212867898695,32.99,0,,0,1,0,0,0,0,1,0,0,0
32,813780,Age of Empires II: Definitive Edition,jan,1,1,1,3,2025-02,24565,10.109077944602749,other,6.2149212867898695,32.99,0,,0,0,1,0,0,0,0,1,0,0
32,813780,Age of Empires II: Definitive Edition,jan,1,1,1,4,2025-03,24565,10.109077944602749,other,6.2149212867898695,32.99,0,,0,0,0,1,0,0,0,0,1,0
32,813780,Age of Empires II: Definitive Edition,jan,1,1,1,5,2025-04,24565,10.109077944602749,other,6.2149212867898695,32.99,0,,0,0,0,0,1,0,0,0,0,1
33,266410,iRacing,jan,1,0,0,1,2024-12,636,6.455198563340122,mmo,11.052703627652292,9.75,0,,1,0,0,0,0,1,0,0,0,0
33,266410,iRacing,jan,1,1,1,2,2025-01,636,6.455198563340122,mmo,11.052703627652292,9.75,0,,0,1,0,0,0,0,1,0,0,0
33,266410,iRacing,jan,1,1,1,3,2025-02,636,6.455198563340122,mmo,11.052703627652292,9.75,0,,0,0,1,0,0,0,0,1,0,0
33,266410,iRacing,jan,1,1,1,4,2025-03,636,6.455198563340122,mmo,11.052703627652292,9.75,0,,0,0,0,1,0,0,0,0,1,0
33,266410,iRacing,jan,1,1,1,5,2025-04,636,6.455198563340122,mmo,11.052703627652292,9.75,0,,0,0,0,0,1,0,0,0,0,1
34,2429640,Throne and Liberty,jan,1,0,0,1,2024-12,6659,8.803724602110622,mmo,1.3333333333333333,0.0,1,,1,0,0,0,0,1,0,0,0,0
34,2429640,Throne and Liberty,jan,1,1,1,2,2025-01,6659,8.803724602110622,mmo,1.3333333333333333,0.0,1,,0,1,0,0,0,0,1,0,0,0
34,2429640,Throne and Liberty,jan,1,1,1,3,2025-02,6659,8.803724602110622,mmo,1.3333333333333333,0.0,1,,0,0,1,0,0,0,0,1,0,0
34,2429640,Throne and Liberty,jan,1,1,1,4,2025-03,6659,8.803724602110622,mmo,1.3333333333333333,0.0,1,,0,0,0,1,0,0,0,0,1,0
34,2429640,Throne and Liberty,jan,1,1,1,5,2025-04,6659,8.803724602110622,mmo,1.3333333333333333,0.0,1,,0,0,0,0,1,0,0,0,0,1
35,690830,Foundation,jan,1,0,0,1,2024-12,2268,7.7266536648476425,other,0.999315537303217,22.77,0,,1,0,0,0,0,1,0,0,0,0
35,690830,Foundation,jan,1,1,1,2,2025-01,2268,7.7266536648476425,other,0.999315537303217,22.77,0,,0,1,0,0,0,0,1,0,0,0
35,690830,Foundation,jan,1,1,1,3,2025-02,2268,7.7266536648476425,other,0.999315537303217,22.77,0,,0,0,1,0,0,0,0,1,0,0
35,690830,Foundation,jan,1,1,1,4,2025-03,2268,7.7266536648476425,other,0.999315537303217,22.77,0,,0,0,0,1,0,0,0,0,1,0
35,690830,Foundation,jan,1,1,1,5,2025-04,2268,7.7266536648476425,other,0.999315537303217,22.77,0,,0,0,0,0,1,0,0,0,0,1
36,1129580,Medieval Dynasty,jan,1,0,0,1,2024-12,4443,8.399085102935908,other,4.355920602327173,14.99,0,,1,0,0,0,0,1,0,0,0,0
36,1129580,Medieval Dynasty,jan,1,1,1,2,2025-01,4443,8.399085102935908,other,4.355920602327173,14.99,0,,0,1,0,0,0,0,1,0,0,0
36,1129580,Medieval Dynasty,jan,1,1,1,3,2025-02,4443,8.399085102935908,other,4.355920602327173,14.99,0,,0,0,1,0,0,0,0,1,0,0
36,1129580,Medieval Dynasty,jan,1,1,1,4,2025-03,4443,8.399085102935908,other,4.355920602327173,14.99,0,,0,0,0,1,0,0,0,0,1,0
36,1129580,Medieval Dynasty,jan,1,1,1,5,2025-04,4443,8.399085102935908,other,4.355920602327173,14.99,0,,0,0,0,0,1,0,0,0,0,1
37,2399420,Le Mans Ultimate,jan,1,0,0,1,2024-12,6631,8.799510901368867,other,0.5284052019164955,39.99,0,,1,0,0,0,0,1,0,0,0,0
37,2399420,Le Mans Ultimate,jan,1,1,1,2,2025-01,6631,8.799510901368867,other,0.5284052019164955,39.99,0,,0,1,0,0,0,0,1,0,0,0
37,2399420,Le Mans Ultimate,jan,1,1,1,3,2025-02,6631,8.799510901368867,other,0.5284052019164955,39.99,0,,0,0,1,0,0,0,0,1,0,0
37,2399420,Le Mans Ultimate,jan,1,1,1,4,2025-03,6631,8.799510901368867,other,0.5284052019164955,39.99,0,,0,0,0,1,0,0,0,0,1,0
37,2399420,Le Mans Ultimate,jan,1,1,1,5,2025-04,6631,8.799510901368867,other,0.5284052019164955,39.99,0,,0,0,0,0,1,0,0,0,0,1
38,3159330,Assassin’s Creed Shadows,jan,1,0,0,1,2024-12,5637,8.637107288081575,other,0.8706365503080082,69.99,0,,1,0,0,0,0,1,0,0,0,0
38,3159330,Assassin’s Creed Shadows,jan,1,1,1,2,2025-01,5637,8.637107288081575,other,0.8706365503080082,69.99,0,,0,1,0,0,0,0,1,0,0,0
38,3159330,Assassin’s Creed Shadows,jan,1,1,1,3,2025-02,5637,8.637107288081575,other,0.8706365503080082,69.99,0,,0,0,1,0,0,0,0,1,0,0
38,3159330,Assassin’s Creed Shadows,jan,1,1,1,4,2025-03,5637,8.637107288081575,other,0.8706365503080082,69.99,0,,0,0,0,1,0,0,0,0,1,0
38,3159330,Assassin’s Creed Shadows,jan,1,1,1,5,2025-04,5637,8.637107288081575,other,0.8706365503080082,69.99,0,,0,0,0,0,1,0,0,0,0,1
39,1144200,Ready or Not,jan,1,0,0,1,2024-12,6439,8.770128527538184,other,2.135523613963039,49.99,0,,1,0,0,0,0,1,0,0,0,0
39,1144200,Ready or Not,jan,1,1,1,2,2025-01,6439,8.770128527538184,other,2.135523613963039,49.99,0,,0,1,0,0,0,0,1,0,0,0
39,1144200,Ready or Not,jan,1,1,1,3,2025-02,6439,8.770128527538184,other,2.135523613963039,49.99,0,,0,0,1,0,0,0,0,1,0,0
39,1144200,Ready or Not,jan,1,1,1,4,2025-03,6439,8.770128527538184,other,2.135523613963039,49.99,0,,0,0,0,1,0,0,0,0,1,0
39,1144200,Ready or Not,jan,1,1,1,5,2025-04,6439,8.770128527538184,other,2.135523613963039,49.99,0,,0,0,0,0,1,0,0,0,0,1
40,1172620,Sea of Thieves: 2025 Edition,jan,1,0,0,1,2024-12,7492,8.921591063563978,other,5.661875427789186,39.99,0,,1,0,0,0,0,1,0,0,0,0
40,1172620,Sea of Thieves: 2025 Edition,jan,1,1,1,2,2025-01,7492,8.921591063563978,other,5.661875427789186,39.99,0,,0,1,0,0,0,0,1,0,0,0
40,1172620,Sea of Thieves: 2025 Edition,jan,1,1,1,3,2025-02,7492,8.921591063563978,other,5.661875427789186,39.99,0,,0,0,1,0,0,0,0,1,0,0
40,1172620,Sea of Thieves: 2025 Edition,jan,1,1,1,4,2025-03,7492,8.921591063563978,other,5.661875427789186,39.99,0,,0,0,0,1,0,0,0,0,1,0
40,1172620,Sea of Thieves: 2025 Edition,jan,1,1,1,5,2025-04,7492,8.921591063563978,other,5.661875427789186,39.99,0,,0,0,0,0,1,0,0,0,0,1
41,1363080,Manor Lords,jan,1,0,0,1,2024-12,5394,8.593042503699674,other,1.7659137577002053,39.99,0,,1,0,0,0,0,1,0,0,0,0
41,1363080,Manor Lords,jan,1,1,1,2,2025-01,5394,8.593042503699674,other,1.7659137577002053,39.99,0,,0,1,0,0,0,0,1,0,0,0
41,1363080,Manor Lords,jan,1,1,1,3,2025-02,5394,8.593042503699674,other,1.7659137577002053,39.99,0,,0,0,1,0,0,0,0,1,0,0
41,1363080,Manor Lords,jan,1,1,1,4,2025-03,5394,8.593042503699674,other,1.7659137577002053,39.99,0,,0,0,0,1,0,0,0,0,1,0
41,1363080,Manor Lords,jan,1,1,1,5,2025-04,5394,8.593042503699674,other,1.7659137577002053,39.99,0,,0,0,0,0,1,0,0,0,0,1
42,400750,Call to Arms - Gates of Hell: Ostfront,jan,1,0,0,1,2024-12,5955,8.691986481789401,other,4.640657084188912,34.99,0,,1,0,0,0,0,1,0,0,0,0
42,400750,Call to Arms - Gates of Hell: Ostfront,jan,1,1,1,2,2025-01,5955,8.691986481789401,other,4.640657084188912,34.99,0,,0,1,0,0,0,0,1,0,0,0
42,400750,Call to Arms - Gates of Hell: Ostfront,jan,1,1,1,3,2025-02,5955,8.691986481789401,other,4.640657084188912,34.99,0,,0,0,1,0,0,0,0,1,0,0
42,400750,Call to Arms - Gates of Hell: Ostfront,jan,1,1,1,4,2025-03,5955,8.691986481789401,other,4.640657084188912,34.99,0,,0,0,0,1,0,0,0,0,1,0
42,400750,Call to Arms - Gates of Hell: Ostfront,jan,1,1,1,5,2025-04,5955,8.691986481789401,other,4.640657084188912,34.99,0,,0,0,0,0,1,0,0,0,0,1
43,1466860,Age of Empires IV: Anniversary Edition,jan,1,0,0,1,2024-12,16368,9.703083488191409,other,4.26009582477755,39.99,0,,1,0,0,0,0,1,0,0,0,0
43,1466860,Age of Empires IV: Anniversary Edition,jan,1,1,1,2,2025-01,16368,9.703083488191409,other,4.26009582477755,39.99,0,,0,1,0,0,0,0,1,0,0,0
43,1466860,Age of Empires IV: Anniversary Edition,jan,1,1,1,3,2025-02,16368,9.703083488191409,other,4.26009582477755,39.99,0,,0,0,1,0,0,0,0,1,0,0
43,1466860,Age of Empires IV: Anniversary Edition,jan,1,1,1,4,2025-03,16368,9.703083488191409,other,4.26009582477755,39.99,0,,0,0,0,1,0,0,0,0,1,0
43,1466860,Age of Empires IV: Anniversary Edition,jan,1,1,1,5,2025-04,16368,9.703083488191409,other,4.26009582477755,39.99,0,,0,0,0,0,1,0,0,0,0,1
44,108600,Project Zomboid,jan,1,0,0,1,2024-12,36851,10.514638034291343,other,12.229979466119097,19.5,0,,1,0,0,0,0,1,0,0,0,0
44,108600,Project Zomboid,jan,1,1,1,2,2025-01,36851,10.514638034291343,other,12.229979466119097,19.5,0,,0,1,0,0,0,0,1,0,0,0
44,108600,Project Zomboid,jan,1,1,1,3,2025-02,36851,10.514638034291343,other,12.229979466119097,19.5,0,,0,0,1,0,0,0,0,1,0,0
44,108600,Project Zomboid,jan,1,1,1,4,2025-03,36851,10.514638034291343,other,12.229979466119097,19.5,0,,0,0,0,1,0,0,0,0,1,0
44,108600,Project Zomboid,jan,1,1,1,5,2025-04,36851,10.514638034291343,other,12.229979466119097,19.5,0,,0,0,0,0,1,0,0,0,0,1
45,1284190,The Planet Crafter,jan,1,0,0,1,2024-12,5953,8.69165057315339,other,1.809719370294319,23.99,0,,1,0,0,0,0,1,0,0,0,0
45,1284190,The Planet Crafter,jan,1,1,1,2,2025-01,5953,8.69165057315339,other,1.809719370294319,23.99,0,,0,1,0,0,0,0,1,0,0,0
45,1284190,The Planet Crafter,jan,1,1,1,3,2025-02,5953,8.69165057315339,other,1.809719370294319,23.99,0,,0,0,1,0,0,0,0,1,0,0
45,1284190,The Planet Crafter,jan,1,1,1,4,2025-03,5953,8.69165057315339,other,1.809719370294319,23.99,0,,0,0,0,1,0,0,0,0,1,0
45,1284190,The Planet Crafter,jan,1,1,1,5,2025-04,5953,8.69165057315339,other,1.809719370294319,23.99,0,,0,0,0,0,1,0,0,0,0,1
46,275850,No Man's Sky,jan,1,0,0,1,2024-12,10069,9.217216675915616,other,9.470225872689939,365.0,0,,1,0,0,0,0,1,0,0,0,0
46,275850,No Man's Sky,jan,1,1,1,2,2025-01,10069,9.217216675915616,other,9.470225872689939,365.0,0,,0,1,0,0,0,0,1,0,0,0
46,275850,No Man's Sky,jan,1,1,1,3,2025-02,10069,9.217216675915616,other,9.470225872689939,365.0,0,,0,0,1,0,0,0,0,1,0,0
46,275850,No Man's Sky,jan,1,1,1,4,2025-03,10069,9.217216675915616,other,9.470225872689939,365.0,0,,0,0,0,1,0,0,0,0,1,0
46,275850,No Man's Sky,jan,1,1,1,5,2025-04,10069,9.217216675915616,other,9.470225872689939,365.0,0,,0,0,0,0,1,0,0,0,0,1
47,2155180,Pioneers of Pagonia,jan,1,0,0,1,2024-12,777,6.655440350367647,other,0.13963039014373715,24.49,0,,1,0,0,0,0,1,0,0,0,0
47,2155180,Pioneers of Pagonia,jan,1,1,1,2,2025-01,777,6.655440350367647,other,0.13963039014373715,24.49,0,,0,1,0,0,0,0,1,0,0,0
47,2155180,Pioneers of Pagonia,jan,1,1,1,3,2025-02,777,6.655440350367647,other,0.13963039014373715,24.49,0,,0,0,1,0,0,0,0,1,0,0
47,2155180,Pioneers of Pagonia,jan,1,1,1,4,2025-03,777,6.655440350367647,other,0.13963039014373715,24.49,0,,0,0,0,1,0,0,0,0,1,0
47,2155180,Pioneers of Pagonia,jan,1,1,1,5,2025-04,777,6.655440350367647,other,0.13963039014373715,24.49,0,,0,0,0,0,1,0,0,0,0,1
48,2185060,Two Point Museum,jan,1,0,0,1,2024-12,1879,7.538494999413465,other,0.9117043121149897,29.99,0,,1,0,0,0,0,1,0,0,0,0
48,2185060,Two Point Museum,jan,1,1,1,2,2025-01,1879,7.538494999413465,other,0.9117043121149897,29.99,0,,0,1,0,0,0,0,1,0,0,0
48,2185060,Two Point Museum,jan,1,1,1,3,2025-02,1879,7.538494999413465,other,0.9117043121149897,29.99,0,,0,0,1,0,0,0,0,1,0,0
48,2185060,Two Point Museum,jan,1,1,1,4,2025-03,1879,7.538494999413465,other,0.9117043121149897,29.99,0,,0,0,0,1,0,0,0,0,1,0
48,2185060,Two Point Museum,jan,1,1,1,5,2025-04,1879,7.538494999413465,other,0.9117043121149897,29.99,0,,0,0,0,0,1,0,0,0,0,1
49,291550,Brawlhalla,jan,1,0,0,1,2024-12,9614,9.170975648453906,other,8.290212183436003,0.0,1,,1,0,0,0,0,1,0,0,0,0
49,291550,Brawlhalla,jan,1,1,1,2,2025-01,9614,9.170975648453906,other,8.290212183436003,0.0,1,,0,1,0,0,0,0,1,0,0,0
49,291550,Brawlhalla,jan,1,1,1,3,2025-02,9614,9.170975648453906,other,8.290212183436003,0.0,1,,0,0,1,0,0,0,0,1,0,0
49,291550,Brawlhalla,jan,1,1,1,4,2025-03,9614,9.170975648453906,other,8.290212183436003,0.0,1,,0,0,0,1,0,0,0,0,1,0
49,291550,Brawlhalla,jan,1,1,1,5,2025-04,9614,9.170975648453906,other,8.290212183436003,0.0,1,,0,0,0,0,1,0,0,0,0,1
50,2169200,Sniper Elite: Resistance,jan,1,0,0,1,2024-12,1240,7.122866658599083,other,1.002053388090349,29.99,0,,1,0,0,0,0,1,0,0,0,0
50,2169200,Sniper Elite: Resistance,jan,1,1,1,2,2025-01,1240,7.122866658599083,other,1.002053388090349,29.99,0,,0,1,0,0,0,0,1,0,0,0
50,2169200,Sniper Elite: Resistance,jan,1,1,1,3,2025-02,1240,7.122866658599083,other,1.002053388090349,29.99,0,,0,0,1,0,0,0,0,1,0,0
50,2169200,Sniper Elite: Resistance,jan,1,1,1,4,2025-03,1240,7.122866658599083,other,1.002053388090349,29.99,0,,0,0,0,1,0,0,0,0,1,0
50,2169200,Sniper Elite: Resistance,jan,1,1,1,5,2025-04,1240,7.122866658599083,other,1.002053388090349,29.99,0,,0,0,0,0,1,0,0,0,0,1
51,1288320,Way of the Hunter,jan,1,0,0,1,2024-12,2740,7.9157131993821155,other,3.460643394934976,2.99,0,,1,0,0,0,0,1,0,0,0,0
51,1288320,Way of the Hunter,jan,1,1,1,2,2025-01,2740,7.9157131993821155,other,3.460643394934976,2.99,0,,0,1,0,0,0,0,1,0,0,0
51,1288320,Way of the Hunter,jan,1,1,1,3,2025-02,2740,7.9157131993821155,other,3.460643394934976,2.99,0,,0,0,1,0,0,0,0,1,0,0
51,1288320,Way of the Hunter,jan,1,1,1,4,2025-03,2740,7.9157131993821155,other,3.460643394934976,2.99,0,,0,0,0,1,0,0,0,0,1,0
51,1288320,Way of the Hunter,jan,1,1,1,5,2025-04,2740,7.9157131993821155,other,3.460643394934976,2.99,0,,0,0,0,0,1,0,0,0,0,1
52,107410,Arma 3,jan,1,0,0,1,2024-12,10471,9.256364810287462,other,12.386036960985626,6.99,0,,1,0,0,0,0,1,0,0,0,0
52,107410,Arma 3,jan,1,1,1,2,2025-01,10471,9.256364810287462,other,12.386036960985626,6.99,0,,0,1,0,0,0,0,1,0,0,0
52,107410,Arma 3,jan,1,1,1,3,2025-02,10471,9.256364810287462,other,12.386036960985626,6.99,0,,0,0,1,0,0,0,0,1,0,0
52,107410,Arma 3,jan,1,1,1,4,2025-03,10471,9.256364810287462,other,12.386036960985626,6.99,0,,0,0,0,1,0,0,0,0,1,0
52,107410,Arma 3,jan,1,1,1,5,2025-04,10471,9.256364810287462,other,12.386036960985626,6.99,0,,0,0,0,0,1,0,0,0,0,1
53,1790600,DRAGON BALL: Sparking! ZERO,jan,1,0,0,1,2024-12,1581,7.365812837209472,other,1.3086926762491444,49.99,0,,1,0,0,0,0,1,0,0,0,0
53,1790600,DRAGON BALL: Sparking! ZERO,jan,1,1,1,2,2025-01,1581,7.365812837209472,other,1.3086926762491444,49.99,0,,0,1,0,0,0,0,1,0,0,0
53,1790600,DRAGON BALL: Sparking! ZERO,jan,1,1,1,3,2025-02,1581,7.365812837209472,other,1.3086926762491444,49.99,0,,0,0,1,0,0,0,0,1,0,0
53,1790600,DRAGON BALL: Sparking! ZERO,jan,1,1,1,4,2025-03,1581,7.365812837209472,other,1.3086926762491444,49.99,0,,0,0,0,1,0,0,0,0,1,0
53,1790600,DRAGON BALL: Sparking! ZERO,jan,1,1,1,5,2025-04,1581,7.365812837209472,other,1.3086926762491444,49.99,0,,0,0,0,0,1,0,0,0,0,1
54,440900,Conan Exiles,jan,1,0,0,1,2024-12,6565,8.789507786736896,mmo,7.734428473648186,15.99,0,,1,0,0,0,0,1,0,0,0,0
54,440900,Conan Exiles,jan,1,1,1,2,2025-01,6565,8.789507786736896,mmo,7.734428473648186,15.99,0,,0,1,0,0,0,0,1,0,0,0
54,440900,Conan Exiles,jan,1,1,1,3,2025-02,6565,8.789507786736896,mmo,7.734428473648186,15.99,0,,0,0,1,0,0,0,0,1,0,0
54,440900,Conan Exiles,jan,1,1,1,4,2025-03,6565,8.789507786736896,mmo,7.734428473648186,15.99,0,,0,0,0,1,0,0,0,0,1,0
54,440900,Conan Exiles,jan,1,1,1,5,2025-04,6565,8.789507786736896,mmo,7.734428473648186,15.99,0,,0,0,0,0,1,0,0,0,0,1
55,2515020,FINAL FANTASY XVI,jan,1,0,0,1,2024-12,1737,7.459914766241105,other,1.3716632443531827,24.99,0,,1,0,0,0,0,1,0,0,0,0
55,2515020,FINAL FANTASY XVI,jan,1,1,1,2,2025-01,1737,7.459914766241105,other,1.3716632443531827,24.99,0,,0,1,0,0,0,0,1,0,0,0
55,2515020,FINAL FANTASY XVI,jan,1,1,1,3,2025-02,1737,7.459914766241105,other,1.3716632443531827,24.99,0,,0,0,1,0,0,0,0,1,0,0
55,2515020,FINAL FANTASY XVI,jan,1,1,1,4,2025-03,1737,7.459914766241105,other,1.3716632443531827,24.99,0,,0,0,0,1,0,0,0,0,1,0
55,2515020,FINAL FANTASY XVI,jan,1,1,1,5,2025-04,1737,7.459914766241105,other,1.3716632443531827,24.99,0,,0,0,0,0,1,0,0,0,0,1
56,292030,The Witcher 3: Wild Hunt,jan,1,0,0,1,2024-12,24576,10.1095256359474,other,10.707734428473648,29.99,0,,1,0,0,0,0,1,0,0,0,0
56,292030,The Witcher 3: Wild Hunt,jan,1,1,1,2,2025-01,24576,10.1095256359474,other,10.707734428473648,29.99,0,,0,1,0,0,0,0,1,0,0,0
56,292030,The Witcher 3: Wild Hunt,jan,1,1,1,3,2025-02,24576,10.1095256359474,other,10.707734428473648,29.99,0,,0,0,1,0,0,0,0,1,0,0
56,292030,The Witcher 3: Wild Hunt,jan,1,1,1,4,2025-03,24576,10.1095256359474,other,10.707734428473648,29.99,0,,0,0,0,1,0,0,0,0,1,0
56,292030,The Witcher 3: Wild Hunt,jan,1,1,1,5,2025-04,24576,10.1095256359474,other,10.707734428473648,29.99,0,,0,0,0,0,1,0,0,0,0,1
57,1938090,Call of Duty®,jan,1,0,0,1,2024-12,34027,10.434909606100769,other,3.263518138261465,0.0,1,,1,0,0,0,0,1,0,0,0,0
57,1938090,Call of Duty®,jan,1,1,1,2,2025-01,34027,10.434909606100769,other,3.263518138261465,0.0,1,,0,1,0,0,0,0,1,0,0,0
57,1938090,Call of Duty®,jan,1,1,1,3,2025-02,34027,10.434909606100769,other,3.263518138261465,0.0,1,,0,0,1,0,0,0,0,1,0,0
57,1938090,Call of Duty®,jan,1,1,1,4,2025-03,34027,10.434909606100769,other,3.263518138261465,0.0,1,,0,0,0,1,0,0,0,0,1,0
57,1938090,Call of Duty®,jan,1,1,1,5,2025-04,34027,10.434909606100769,other,3.263518138261465,0.0,1,,0,0,0,0,1,0,0,0,0,1
58,767560,War Robots,jan,1,0,0,1,2024-12,1895,7.546974117516527,other,7.827515400410678,0.0,1,,1,0,0,0,0,1,0,0,0,0
58,767560,War Robots,jan,1,1,1,2,2025-01,1895,7.546974117516527,other,7.827515400410678,0.0,1,,0,1,0,0,0,0,1,0,0,0
58,767560,War Robots,jan,1,1,1,3,2025-02,1895,7.546974117516527,other,7.827515400410678,0.0,1,,0,0,1,0,0,0,0,1,0,0
58,767560,War Robots,jan,1,1,1,4,2025-03,1895,7.546974117516527,other,7.827515400410678,0.0,1,,0,0,0,1,0,0,0,0,1,0
58,767560,War Robots,jan,1,1,1,5,2025-04,1895,7.546974117516527,other,7.827515400410678,0.0,1,,0,0,0,0,1,0,0,0,0,1
59,780310,The Riftbreaker,jan,1,0,0,1,2024-12,2339,7.757478766584179,other,4.298425735797399,14.99,0,,1,0,0,0,0,1,0,0,0,0
59,780310,The Riftbreaker,jan,1,1,1,2,2025-01,2339,7.757478766584179,other,4.298425735797399,14.99,0,,0,1,0,0,0,0,1,0,0,0
59,780310,The Riftbreaker,jan,1,1,1,3,2025-02,2339,7.757478766584179,other,4.298425735797399,14.99,0,,0,0,1,0,0,0,0,1,0,0
59,780310,The Riftbreaker,jan,1,1,1,4,2025-03,2339,7.757478766584179,other,4.298425735797399,14.99,0,,0,0,0,1,0,0,0,0,1,0
59,780310,The Riftbreaker,jan,1,1,1,5,2025-04,2339,7.757478766584179,other,4.298425735797399,14.99,0,,0,0,0,0,1,0,0,0,0,1
60,1669000,Age of Wonders 4,jan,1,0,0,1,2024-12,2353,7.763446388727362,other,2.751540041067762,49.99,0,,1,0,0,0,0,1,0,0,0,0
60,1669000,Age of Wonders 4,jan,1,1,1,2,2025-01,2353,7.763446388727362,other,2.751540041067762,49.99,0,,0,1,0,0,0,0,1,0,0,0
60,1669000,Age of Wonders 4,jan,1,1,1,3,2025-02,2353,7.763446388727362,other,2.751540041067762,49.99,0,,0,0,1,0,0,0,0,1,0,0
60,1669000,Age of Wonders 4,jan,1,1,1,4,2025-03,2353,7.763446388727362,other,2.751540041067762,49.99,0,,0,0,0,1,0,0,0,0,1,0
60,1669000,Age of Wonders 4,jan,1,1,1,5,2025-04,2353,7.763446388727362,other,2.751540041067762,49.99,0,,0,0,0,0,1,0,0,0,0,1
61,784150,Workers & Resources: Soviet Republic,jan,1,0,0,1,2024-12,4291,8.364275084991524,other,1.6153319644079398,39.99,0,,1,0,0,0,0,1,0,0,0,0
61,784150,Workers & Resources: Soviet Republic,jan,1,1,1,2,2025-01,4291,8.364275084991524,other,1.6153319644079398,39.99,0,,0,1,0,0,0,0,1,0,0,0
61,784150,Workers & Resources: Soviet Republic,jan,1,1,1,3,2025-02,4291,8.364275084991524,other,1.6153319644079398,39.99,0,,0,0,1,0,0,0,0,1,0,0
61,784150,Workers & Resources: Soviet Republic,jan,1,1,1,4,2025-03,4291,8.364275084991524,other,1.6153319644079398,39.99,0,,0,0,0,1,0,0,0,0,1,0
61,784150,Workers & Resources: Soviet Republic,jan,1,1,1,5,2025-04,4291,8.364275084991524,other,1.6153319644079398,39.99,0,,0,0,0,0,1,0,0,0,0,1
62,1604030,V Rising,jan,1,0,0,1,2024-12,5565,8.624252263709645,mmo,1.73305954825462,34.99,0,,1,0,0,0,0,1,0,0,0,0
62,1604030,V Rising,jan,1,1,1,2,2025-01,5565,8.624252263709645,mmo,1.73305954825462,34.99,0,,0,1,0,0,0,0,1,0,0,0
62,1604030,V Rising,jan,1,1,1,3,2025-02,5565,8.624252263709645,mmo,1.73305954825462,34.99,0,,0,0,1,0,0,0,0,1,0,0
62,1604030,V Rising,jan,1,1,1,4,2025-03,5565,8.624252263709645,mmo,1.73305954825462,34.99,0,,0,0,0,1,0,0,0,0,1,0
62,1604030,V Rising,jan,1,1,1,5,2025-04,5565,8.624252263709645,mmo,1.73305954825462,34.99,0,,0,0,0,0,1,0,0,0,0,1
63,1898300,ASKA,jan,1,0,0,1,2024-12,2261,7.72356247227797,other,1.6153319644079398,24.99,0,,1,0,0,0,0,1,0,0,0,0
63,1898300,ASKA,jan,1,1,1,2,2025-01,2261,7.72356247227797,other,1.6153319644079398,24.99,0,,0,1,0,0,0,0,1,0,0,0
63,1898300,ASKA,jan,1,1,1,3,2025-02,2261,7.72356247227797,other,1.6153319644079398,24.99,0,,0,0,1,0,0,0,0,1,0,0
63,1898300,ASKA,jan,1,1,1,4,2025-03,2261,7.72356247227797,other,1.6153319644079398,24.99,0,,0,0,0,1,0,0,0,0,1,0
63,1898300,ASKA,jan,1,1,1,5,2025-04,2261,7.72356247227797,other,1.6153319644079398,24.99,0,,0,0,0,0,1,0,0,0,0,1
64,1649950,News Tower,jan,1,0,0,1,2024-12,769,6.645090969505644,other,0.2026009582477755,19.99,0,,1,0,0,0,0,1,0,0,0,0
64,1649950,News Tower,jan,1,1,1,2,2025-01,769,6.645090969505644,other,0.2026009582477755,19.99,0,,0,1,0,0,0,0,1,0,0,0
64,1649950,News Tower,jan,1,1,1,3,2025-02,769,6.645090969505644,other,0.2026009582477755,19.99,0,,0,0,1,0,0,0,0,1,0,0
64,1649950,News Tower,jan,1,1,1,4,2025-03,769,6.645090969505644,other,0.2026009582477755,19.99,0,,0,0,0,1,0,0,0,0,1,0
64,1649950,News Tower,jan,1,1,1,5,2025-04,769,6.645090969505644,other,0.2026009582477755,19.99,0,,0,0,0,0,1,0,0,0,0,1
65,1604030,V Rising,jan,1,0,0,1,2024-12,5565,8.624252263709645,mmo,1.73305954825462,34.99,0,,1,0,0,0,0,1,0,0,0,0
65,1604030,V Rising,jan,1,1,1,2,2025-01,5565,8.624252263709645,mmo,1.73305954825462,34.99,0,,0,1,0,0,0,0,1,0,0,0
65,1604030,V Rising,jan,1,1,1,3,2025-02,5565,8.624252263709645,mmo,1.73305954825462,34.99,0,,0,0,1,0,0,0,0,1,0,0
65,1604030,V Rising,jan,1,1,1,4,2025-03,5565,8.624252263709645,mmo,1.73305954825462,34.99,0,,0,0,0,1,0,0,0,0,1,0
65,1604030,V Rising,jan,1,1,1,5,2025-04,5565,8.624252263709645,mmo,1.73305954825462,34.99,0,,0,0,0,0,1,0,0,0,0,1
66,620980,Beat Saber,jan,1,0,0,1,2024-12,561,6.329720905522696,other,6.699520876112252,43.59,0,,1,0,0,0,0,1,0,0,0,0
66,620980,Beat Saber,jan,1,1,1,2,2025-01,561,6.329720905522696,other,6.699520876112252,43.59,0,,0,1,0,0,0,0,1,0,0,0
66,620980,Beat Saber,jan,1,1,1,3,2025-02,561,6.329720905522696,other,6.699520876112252,43.59,0,,0,0,1,0,0,0,0,1,0,0
66,620980,Beat Saber,jan,1,1,1,4,2025-03,561,6.329720905522696,other,6.699520876112252,43.59,0,,0,0,0,1,0,0,0,0,1,0
66,620980,Beat Saber,jan,1,1,1,5,2025-04,561,6.329720905522696,other,6.699520876112252,43.59,0,,0,0,0,0,1,0,0,0,0,1
67,2104890,RoadCraft,jan,1,0,0,1,2024-12,2491,7.820439515262181,other,0.7008898015058179,39.99,0,,1,0,0,0,0,1,0,0,0,0
67,2104890,RoadCraft,jan,1,1,1,2,2025-01,2491,7.820439515262181,other,0.7008898015058179,39.99,0,,0,1,0,0,0,0,1,0,0,0
67,2104890,RoadCraft,jan,1,1,1,3,2025-02,2491,7.820439515262181,other,0.7008898015058179,39.99,0,,0,0,1,0,0,0,0,1,0,0
67,2104890,RoadCraft,jan,1,1,1,4,2025-03,2491,7.820439515262181,other,0.7008898015058179,39.99,0,,0,0,0,1,0,0,0,0,1,0
67,2104890,RoadCraft,jan,1,1,1,5,2025-04,2491,7.820439515262181,other,0.7008898015058179,39.99,0,,0,0,0,0,1,0,0,0,0,1
68,1898300,ASKA,jan,1,0,0,1,2024-12,2261,7.72356247227797,other,1.6153319644079398,24.99,0,,1,0,0,0,0,1,0,0,0,0
68,1898300,ASKA,jan,1,1,1,2,2025-01,2261,7.72356247227797,other,1.6153319644079398,24.99,0,,0,1,0,0,0,0,1,0,0,0
68,1898300,ASKA,jan,1,1,1,3,2025-02,2261,7.72356247227797,other,1.6153319644079398,24.99,0,,0,0,1,0,0,0,0,1,0,0
68,1898300,ASKA,jan,1,1,1,4,2025-03,2261,7.72356247227797,other,1.6153319644079398,24.99,0,,0,0,0,1,0,0,0,0,1,0
68,1898300,ASKA,jan,1,1,1,5,2025-04,2261,7.72356247227797,other,1.6153319644079398,24.99,0,,0,0,0,0,1,0,0,0,0,1
69,1995520,Pax Dei,jan,1,0,0,1,2024-12,2146,7.671360923190644,mmo,0.2929500342231348,17.99,0,,1,0,0,0,0,1,0,0,0,0
69,1995520,Pax Dei,jan,1,1,1,2,2025-01,2146,7.671360923190644,mmo,0.2929500342231348,17.99,0,,0,1,0,0,0,0,1,0,0,0
69,1995520,Pax Dei,jan,1,1,1,3,2025-02,2146,7.671360923190644,mmo,0.2929500342231348,17.99,0,,0,0,1,0,0,0,0,1,0,0
69,1995520,Pax Dei,jan,1,1,1,4,2025-03,2146,7.671360923190644,mmo,0.2929500342231348,17.99,0,,0,0,0,1,0,0,0,0,1,0
69,1995520,Pax Dei,jan,1,1,1,5,2025-04,2146,7.671360923190644,mmo,0.2929500342231348,17.99,0,,0,0,0,0,1,0,0,0,0,1
70,1282270,Strinova,jan,1,0,0,1,2024-12,3451,8.146419323098003,mmo,1.1937029431895962,0.0,1,,1,0,0,0,0,1,0,0,0,0
70,1282270,Strinova,jan,1,1,1,2,2025-01,3451,8.146419323098003,mmo,1.1937029431895962,0.0,1,,0,1,0,0,0,0,1,0,0,0
70,1282270,Strinova,jan,1,1,1,3,2025-02,3451,8.146419323098003,mmo,1.1937029431895962,0.0,1,,0,0,1,0,0,0,0,1,0,0
70,1282270,Strinova,jan,1,1,1,4,2025-03,3451,8.146419323098003,mmo,1.1937029431895962,0.0,1,,0,0,0,1,0,0,0,0,1,0
70,1282270,Strinova,jan,1,1,1,5,2025-04,3451,8.146419323098003,mmo,1.1937029431895962,0.0,1,,0,0,0,0,1,0,0,0,0,1
71,529340,Victoria 3,jan,1,0,0,1,2024-12,8119,9.001962272862446,other,3.268993839835729,49.99,0,,1,0,0,0,0,1,0,0,0,0
71,529340,Victoria 3,jan,1,1,1,2,2025-01,8119,9.001962272862446,other,3.268993839835729,49.99,0,,0,1,0,0,0,0,1,0,0,0
71,529340,Victoria 3,jan,1,1,1,3,2025-02,8119,9.001962272862446,other,3.268993839835729,49.99,0,,0,0,1,0,0,0,0,1,0,0
71,529340,Victoria 3,jan,1,1,1,4,2025-03,8119,9.001962272862446,other,3.268993839835729,49.99,0,,0,0,0,1,0,0,0,0,1,0
71,529340,Victoria 3,jan,1,1,1,5,2025-04,8119,9.001962272862446,other,3.268993839835729,49.99,0,,0,0,0,0,1,0,0,0,0,1
72,392160,X4: Foundations,jan,1,0,0,1,2024-12,4796,8.475537516147405,other,7.170431211498974,49.99,0,,1,0,0,0,0,1,0,0,0,0
72,392160,X4: Foundations,jan,1,1,1,2,2025-01,4796,8.475537516147405,other,7.170431211498974,49.99,0,,0,1,0,0,0,0,1,0,0,0
72,392160,X4: Foundations,jan,1,1,1,3,2025-02,4796,8.475537516147405,other,7.170431211498974,49.99,0,,0,0,1,0,0,0,0,1,0,0
72,392160,X4: Foundations,jan,1,1,1,4,2025-03,4796,8.475537516147405,other,7.170431211498974,49.99,0,,0,0,0,1,0,0,0,0,1,0
72,392160,X4: Foundations,jan,1,1,1,5,2025-04,4796,8.475537516147405,other,7.170431211498974,49.99,0,,0,0,0,0,1,0,0,0,0,1
73,1845910,Dragon Age™: The Veilguard,jan,1,0,0,1,2024-12,829,6.720220155135295,other,1.2511978097193703,20.99,0,,1,0,0,0,0,1,0,0,0,0
73,1845910,Dragon Age™: The Veilguard,jan,1,1,1,2,2025-01,829,6.720220155135295,other,1.2511978097193703,20.99,0,,0,1,0,0,0,0,1,0,0,0
73,1845910,Dragon Age™: The Veilguard,jan,1,1,1,3,2025-02,829,6.720220155135295,other,1.2511978097193703,20.99,0,,0,0,1,0,0,0,0,1,0,0
73,1845910,Dragon Age™: The Veilguard,jan,1,1,1,4,2025-03,829,6.720220155135295,other,1.2511978097193703,20.99,0,,0,0,0,1,0,0,0,0,1,0
73,1845910,Dragon Age™: The Veilguard,jan,1,1,1,5,2025-04,829,6.720220155135295,other,1.2511978097193703,20.99,0,,0,0,0,0,1,0,0,0,0,1
74,359320,Elite Dangerous,jan,1,0,0,1,2024-12,4679,8.450839690866216,mmo,10.833675564681725,19.99,0,,1,0,0,0,0,1,0,0,0,0
74,359320,Elite Dangerous,jan,1,1,1,2,2025-01,4679,8.450839690866216,mmo,10.833675564681725,19.99,0,,0,1,0,0,0,0,1,0,0,0
74,359320,Elite Dangerous,jan,1,1,1,3,2025-02,4679,8.450839690866216,mmo,10.833675564681725,19.99,0,,0,0,1,0,0,0,0,1,0,0
74,359320,Elite Dangerous,jan,1,1,1,4,2025-03,4679,8.450839690866216,mmo,10.833675564681725,19.99,0,,0,0,0,1,0,0,0,0,1,0
74,359320,Elite Dangerous,jan,1,1,1,5,2025-04,4679,8.450839690866216,mmo,10.833675564681725,19.99,0,,0,0,0,0,1,0,0,0,0,1
75,1940340,Darkest Dungeon® II,jan,1,0,0,1,2024-12,1870,7.533693709848633,other,2.735112936344969,36.49,0,,1,0,0,0,0,1,0,0,0,0
75,1940340,Darkest Dungeon® II,jan,1,1,1,2,2025-01,1870,7.533693709848633,other,2.735112936344969,36.49,0,,0,1,0,0,0,0,1,0,0,0
75,1940340,Darkest Dungeon® II,jan,1,1,1,3,2025-02,1870,7.533693709848633,other,2.735112936344969,36.49,0,,0,0,1,0,0,0,0,1,0,0
75,1940340,Darkest Dungeon® II,jan,1,1,1,4,2025-03,1870,7.533693709848633,other,2.735112936344969,36.49,0,,0,0,0,1,0,0,0,0,1,0
75,1940340,Darkest Dungeon® II,jan,1,1,1,5,2025-04,1870,7.533693709848633,other,2.735112936344969,36.49,0,,0,0,0,0,1,0,0,0,0,1
76,1290000,PowerWash Simulator,jan,1,0,0,1,2024-12,1896,7.547501682814967,other,3.5509924709103355,12.49,0,,1,0,0,0,0,1,0,0,0,0
76,1290000,PowerWash Simulator,jan,1,1,1,2,2025-01,1896,7.547501682814967,other,3.5509924709103355,12.49,0,,0,1,0,0,0,0,1,0,0,0
76,1290000,PowerWash Simulator,jan,1,1,1,3,2025-02,1896,7.547501682814967,other,3.5509924709103355,12.49,0,,0,0,1,0,0,0,0,1,0,0
76,1290000,PowerWash Simulator,jan,1,1,1,4,2025-03,1896,7.547501682814967,other,3.5509924709103355,12.49,0,,0,0,0,1,0,0,0,0,1,0
76,1290000,PowerWash Simulator,jan,1,1,1,5,2025-04,1896,7.547501682814967,other,3.5509924709103355,12.49,0,,0,0,0,0,1,0,0,0,0,1
77,1435790,Escape Simulator,jan,1,0,0,1,2024-12,931,6.836259277277067,other,4.284736481861739,10.19,0,,1,0,0,0,0,1,0,0,0,0
77,1435790,Escape Simulator,jan,1,1,1,2,2025-01,931,6.836259277277067,other,4.284736481861739,10.19,0,,0,1,0,0,0,0,1,0,0,0
77,1435790,Escape Simulator,jan,1,1,1,3,2025-02,931,6.836259277277067,other,4.284736481861739,10.19,0,,0,0,1,0,0,0,0,1,0,0
77,1435790,Escape Simulator,jan,1,1,1,4,2025-03,931,6.836259277277067,other,4.284736481861739,10.19,0,,0,0,0,1,0,0,0,0,1,0
77,1435790,Escape Simulator,jan,1,1,1,5,2025-04,931,6.836259277277067,other,4.284736481861739,10.19,0,,0,0,0,0,1,0,0,0,0,1
78,2009350,Out of Ore,jan,1,0,0,1,2024-12,710,6.565264970035361,other,3.252566735112936,24.5,0,,1,0,0,0,0,1,0,0,0,0
78,2009350,Out of Ore,jan,1,1,1,2,2025-01,710,6.565264970035361,other,3.252566735112936,24.5,0,,0,1,0,0,0,0,1,0,0,0
78,2009350,Out of Ore,jan,1,1,1,3,2025-02,710,6.565264970035361,other,3.252566735112936,24.5,0,,0,0,1,0,0,0,0,1,0,0
78,2009350,Out of Ore,jan,1,1,1,4,2025-03,710,6.565264970035361,other,3.252566735112936,24.5,0,,0,0,0,1,0,0,0,0,1,0
78,2009350,Out of Ore,jan,1,1,1,5,2025-04,710,6.565264970035361,other,3.252566735112936,24.5,0,,0,0,0,0,1,0,0,0,0,1
79,1203220,NARAKA: BLADEPOINT,jan,1,0,0,1,2024-12,75570,11.232814658014766,mmo,4.473648186173854,0.0,1,,1,0,0,0,0,1,0,0,0,0
79,1203220,NARAKA: BLADEPOINT,jan,1,1,1,2,2025-01,75570,11.232814658014766,mmo,4.473648186173854,0.0,1,,0,1,0,0,0,0,1,0,0,0
79,1203220,NARAKA: BLADEPOINT,jan,1,1,1,3,2025-02,75570,11.232814658014766,mmo,4.473648186173854,0.0,1,,0,0,1,0,0,0,0,1,0,0
79,1203220,NARAKA: BLADEPOINT,jan,1,1,1,4,2025-03,75570,11.232814658014766,mmo,4.473648186173854,0.0,1,,0,0,0,1,0,0,0,0,1,0
79,1203220,NARAKA: BLADEPOINT,jan,1,1,1,5,2025-04,75570,11.232814658014766,mmo,4.473648186173854,0.0,1,,0,0,0,0,1,0,0,0,0,1
80,223750,DCS World Steam Edition,jan,1,0,0,1,2024-12,1429,7.264730177929867,other,12.498288843258042,0.0,1,,1,0,0,0,0,1,0,0,0,0
80,223750,DCS World Steam Edition,jan,1,1,1,2,2025-01,1429,7.264730177929867,other,12.498288843258042,0.0,1,,0,1,0,0,0,0,1,0,0,0
80,223750,DCS World Steam Edition,jan,1,1,1,3,2025-02,1429,7.264730177929867,other,12.498288843258042,0.0,1,,0,0,1,0,0,0,0,1,0,0
80,223750,DCS World Steam Edition,jan,1,1,1,4,2025-03,1429,7.264730177929867,other,12.498288843258042,0.0,1,,0,0,0,1,0,0,0,0,1,0
80,223750,DCS World Steam Edition,jan,1,1,1,5,2025-04,1429,7.264730177929867,other,12.498288843258042,0.0,1,,0,0,0,0,1,0,0,0,0,1
81,211500,RaceRoom Racing Experience,jan,1,0,0,1,2024-12,1127,7.027314514039777,other,12.966461327857632,0.0,1,,1,0,0,0,0,1,0,0,0,0
81,211500,RaceRoom Racing Experience,jan,1,1,1,2,2025-01,1127,7.027314514039777,other,12.966461327857632,0.0,1,,0,1,0,0,0,0,1,0,0,0
81,211500,RaceRoom Racing Experience,jan,1,1,1,3,2025-02,1127,7.027314514039777,other,12.966461327857632,0.0,1,,0,0,1,0,0,0,0,1,0,0
81,211500,RaceRoom Racing Experience,jan,1,1,1,4,2025-03,1127,7.027314514039777,other,12.966461327857632,0.0,1,,0,0,0,1,0,0,0,0,1,0
81,211500,RaceRoom Racing Experience,jan,1,1,1,5,2025-04,1127,7.027314514039777,other,12.966461327857632,0.0,1,,0,0,0,0,1,0,0,0,0,1
82,2016590,Dark and Darker,jan,1,0,0,1,2024-12,10897,9.296242800976886,other,1.6509240246406571,0.0,1,,1,0,0,0,0,1,0,0,0,0
82,2016590,Dark and Darker,jan,1,1,1,2,2025-01,10897,9.296242800976886,other,1.6509240246406571,0.0,1,,0,1,0,0,0,0,1,0,0,0
82,2016590,Dark and Darker,jan,1,1,1,3,2025-02,10897,9.296242800976886,other,1.6509240246406571,0.0,1,,0,0,1,0,0,0,0,1,0,0
82,2016590,Dark and Darker,jan,1,1,1,4,2025-03,10897,9.296242800976886,other,1.6509240246406571,0.0,1,,0,0,0,1,0,0,0,0,1,0
82,2016590,Dark and Darker,jan,1,1,1,5,2025-04,10897,9.296242800976886,other,1.6509240246406571,0.0,1,,0,0,0,0,1,0,0,0,0,1
83,1621690,Core Keeper,jan,1,0,0,1,2024-12,6497,8.77909581088053,other,1.429158110882957,19.99,0,,1,0,0,0,0,1,0,0,0,0
83,1621690,Core Keeper,jan,1,1,1,2,2025-01,6497,8.77909581088053,other,1.429158110882957,19.99,0,,0,1,0,0,0,0,1,0,0,0
83,1621690,Core Keeper,jan,1,1,1,3,2025-02,6497,8.77909581088053,other,1.429158110882957,19.99,0,,0,0,1,0,0,0,0,1,0,0
83,1621690,Core Keeper,jan,1,1,1,4,2025-03,6497,8.77909581088053,other,1.429158110882957,19.99,0,,0,0,0,1,0,0,0,0,1,0
83,1621690,Core Keeper,jan,1,1,1,5,2025-04,6497,8.77909581088053,other,1.429158110882957,19.99,0,,0,0,0,0,1,0,0,0,0,1
84,1114150,CarX Street,jan,1,0,0,1,2024-12,876,6.775366090936392,mmo,1.4236824093086926,17.59,0,,1,0,0,0,0,1,0,0,0,0
84,1114150,CarX Street,jan,1,1,1,2,2025-01,876,6.775366090936392,mmo,1.4236824093086926,17.59,0,,0,1,0,0,0,0,1,0,0,0
84,1114150,CarX Street,jan,1,1,1,3,2025-02,876,6.775366090936392,mmo,1.4236824093086926,17.59,0,,0,0,1,0,0,0,0,1,0,0
84,1114150,CarX Street,jan,1,1,1,4,2025-03,876,6.775366090936392,mmo,1.4236824093086926,17.59,0,,0,0,0,1,0,0,0,0,1,0
84,1114150,CarX Street,jan,1,1,1,5,2025-04,876,6.775366090936392,mmo,1.4236824093086926,17.59,0,,0,0,0,0,1,0,0,0,0,1
85,262060,Darkest Dungeon®,jan,1,0,0,1,2024-12,8700,9.071078304642676,other,10.03422313483915,1.83,0,,1,0,0,0,0,1,0,0,0,0
85,262060,Darkest Dungeon®,jan,1,1,1,2,2025-01,8700,9.071078304642676,other,10.03422313483915,1.83,0,,0,1,0,0,0,0,1,0,0,0
85,262060,Darkest Dungeon®,jan,1,1,1,3,2025-02,8700,9.071078304642676,other,10.03422313483915,1.83,0,,0,0,1,0,0,0,0,1,0,0
85,262060,Darkest Dungeon®,jan,1,1,1,4,2025-03,8700,9.071078304642676,other,10.03422313483915,1.83,0,,0,0,0,1,0,0,0,0,1,0
85,262060,Darkest Dungeon®,jan,1,1,1,5,2025-04,8700,9.071078304642676,other,10.03422313483915,1.83,0,,0,0,0,0,1,0,0,0,0,1
86,1079260,Fireworks Mania - An Explosive Simulator,jan,1,0,0,1,2024-12,234,5.455321115357702,other,5.122518822724161,14.99,0,,1,0,0,0,0,1,0,0,0,0
86,1079260,Fireworks Mania - An Explosive Simulator,jan,1,1,1,2,2025-01,234,5.455321115357702,other,5.122518822724161,14.99,0,,0,1,0,0,0,0,1,0,0,0
86,1079260,Fireworks Mania - An Explosive Simulator,jan,1,1,1,3,2025-02,234,5.455321115357702,other,5.122518822724161,14.99,0,,0,0,1,0,0,0,0,1,0,0
86,1079260,Fireworks Mania - An Explosive Simulator,jan,1,1,1,4,2025-03,234,5.455321115357702,other,5.122518822724161,14.99,0,,0,0,0,1,0,0,0,0,1,0
86,1079260,Fireworks Mania - An Explosive Simulator,jan,1,1,1,5,2025-04,234,5.455321115357702,other,5.122518822724161,14.99,0,,0,0,0,0,1,0,0,0,0,1
87,1114150,CarX Street,jan,1,0,0,1,2024-12,876,6.775366090936392,mmo,1.4236824093086926,17.59,0,,1,0,0,0,0,1,0,0,0,0
87,1114150,CarX Street,jan,1,1,1,2,2025-01,876,6.775366090936392,mmo,1.4236824093086926,17.59,0,,0,1,0,0,0,0,1,0,0,0
87,1114150,CarX Street,jan,1,1,1,3,2025-02,876,6.775366090936392,mmo,1.4236824093086926,17.59,0,,0,0,1,0,0,0,0,1,0,0
87,1114150,CarX Street,jan,1,1,1,4,2025-03,876,6.775366090936392,mmo,1.4236824093086926,17.59,0,,0,0,0,1,0,0,0,0,1,0
87,1114150,CarX Street,jan,1,1,1,5,2025-04,876,6.775366090936392,mmo,1.4236824093086926,17.59,0,,0,0,0,0,1,0,0,0,0,1
88,993090,Lossless Scaling,jan,1,0,0,1,2024-12,8491,9.046762057999363,other,7.093771389459275,6.89,0,,1,0,0,0,0,1,0,0,0,0
88,993090,Lossless Scaling,jan,1,1,1,2,2025-01,8491,9.046762057999363,other,7.093771389459275,6.89,0,,0,1,0,0,0,0,1,0,0,0
88,993090,Lossless Scaling,jan,1,1,1,3,2025-02,8491,9.046762057999363,other,7.093771389459275,6.89,0,,0,0,1,0,0,0,0,1,0,0
88,993090,Lossless Scaling,jan,1,1,1,4,2025-03,8491,9.046762057999363,other,7.093771389459275,6.89,0,,0,0,0,1,0,0,0,0,1,0
88,993090,Lossless Scaling,jan,1,1,1,5,2025-04,8491,9.046762057999363,other,7.093771389459275,6.89,0,,0,0,0,0,1,0,0,0,0,1
89,2071280,Ravenswatch,jan,1,0,0,1,2024-12,2474,7.813591552952433,other,1.3470225872689938,24.99,0,,1,0,0,0,0,1,0,0,0,0
89,2071280,Ravenswatch,jan,1,1,1,2,2025-01,2474,7.813591552952433,other,1.3470225872689938,24.99,0,,0,1,0,0,0,0,1,0,0,0
89,2071280,Ravenswatch,jan,1,1,1,3,2025-02,2474,7.813591552952433,other,1.3470225872689938,24.99,0,,0,0,1,0,0,0,0,1,0,0
89,2071280,Ravenswatch,jan,1,1,1,4,2025-03,2474,7.813591552952433,other,1.3470225872689938,24.99,0,,0,0,0,1,0,0,0,0,1,0
89,2071280,Ravenswatch,jan,1,1,1,5,2025-04,2474,7.813591552952433,other,1.3470225872689938,24.99,0,,0,0,0,0,1,0,0,0,0,1
90,1611600,WARNO,jan,1,0,0,1,2024-12,1384,7.232733136177615,other,1.6919917864476386,39.99,0,,1,0,0,0,0,1,0,0,0,0
90,1611600,WARNO,jan,1,1,1,2,2025-01,1384,7.232733136177615,other,1.6919917864476386,39.99,0,,0,1,0,0,0,0,1,0,0,0
90,1611600,WARNO,jan,1,1,1,3,2025-02,1384,7.232733136177615,other,1.6919917864476386,39.99,0,,0,0,1,0,0,0,0,1,0,0
90,1611600,WARNO,jan,1,1,1,4,2025-03,1384,7.232733136177615,other,1.6919917864476386,39.99,0,,0,0,0,1,0,0,0,0,1,0
90,1611600,WARNO,jan,1,1,1,5,2025-04,1384,7.232733136177615,other,1.6919917864476386,39.99,0,,0,0,0,0,1,0,0,0,0,1
91,1258080,Shop Titans,jan,1,0,0,1,2024-12,3651,8.202756381655638,other,5.7412731006160165,0.0,1,,1,0,0,0,0,1,0,0,0,0
91,1258080,Shop Titans,jan,1,1,1,2,2025-01,3651,8.202756381655638,other,5.7412731006160165,0.0,1,,0,1,0,0,0,0,1,0,0,0
91,1258080,Shop Titans,jan,1,1,1,3,2025-02,3651,8.202756381655638,other,5.7412731006160165,0.0,1,,0,0,1,0,0,0,0,1,0,0
91,1258080,Shop Titans,jan,1,1,1,4,2025-03,3651,8.202756381655638,other,5.7412731006160165,0.0,1,,0,0,0,1,0,0,0,0,1,0
91,1258080,Shop Titans,jan,1,1,1,5,2025-04,3651,8.202756381655638,other,5.7412731006160165,0.0,1,,0,0,0,0,1,0,0,0,0,1
92,1676840,For The King II,jan,1,0,0,1,2024-12,1996,7.59890045687141,other,2.2477754962354553,9.99,0,,1,0,0,0,0,1,0,0,0,0
92,1676840,For The King II,jan,1,1,1,2,2025-01,1996,7.59890045687141,other,2.2477754962354553,9.99,0,,0,1,0,0,0,0,1,0,0,0
92,1676840,For The King II,jan,1,1,1,3,2025-02,1996,7.59890045687141,other,2.2477754962354553,9.99,0,,0,0,1,0,0,0,0,1,0,0
92,1676840,For The King II,jan,1,1,1,4,2025-03,1996,7.59890045687141,other,2.2477754962354553,9.99,0,,0,0,0,1,0,0,0,0,1,0
92,1676840,For The King II,jan,1,1,1,5,2025-04,1996,7.59890045687141,other,2.2477754962354553,9.99,0,,0,0,0,0,1,0,0,0,0,1
93,427410,Abiotic Factor,jan,1,0,0,1,2024-12,3117,8.044626279767337,other,0.5284052019164955,33.99,0,,1,0,0,0,0,1,0,0,0,0
93,427410,Abiotic Factor,jan,1,1,1,2,2025-01,3117,8.044626279767337,other,0.5284052019164955,33.99,0,,0,1,0,0,0,0,1,0,0,0
93,427410,Abiotic Factor,jan,1,1,1,3,2025-02,3117,8.044626279767337,other,0.5284052019164955,33.99,0,,0,0,1,0,0,0,0,1,0,0
93,427410,Abiotic Factor,jan,1,1,1,4,2025-03,3117,8.044626279767337,other,0.5284052019164955,33.99,0,,0,0,0,1,0,0,0,0,1,0
93,427410,Abiotic Factor,jan,1,1,1,5,2025-04,3117,8.044626279767337,other,0.5284052019164955,33.99,0,,0,0,0,0,1,0,0,0,0,1
94,1601580,Frostpunk 2,jan,1,0,0,1,2024-12,1252,7.132497551660044,other,1.3634496919917864,26.99,0,,1,0,0,0,0,1,0,0,0,0
94,1601580,Frostpunk 2,jan,1,1,1,2,2025-01,1252,7.132497551660044,other,1.3634496919917864,26.99,0,,0,1,0,0,0,0,1,0,0,0
94,1601580,Frostpunk 2,jan,1,1,1,3,2025-02,1252,7.132497551660044,other,1.3634496919917864,26.99,0,,0,0,1,0,0,0,0,1,0,0
94,1601580,Frostpunk 2,jan,1,1,1,4,2025-03,1252,7.132497551660044,other,1.3634496919917864,26.99,0,,0,0,0,1,0,0,0,0,1,0
94,1601580,Frostpunk 2,jan,1,1,1,5,2025-04,1252,7.132497551660044,other,1.3634496919917864,26.99,0,,0,0,0,0,1,0,0,0,0,1
95,3070070,TCG Card Shop Simulator,jan,1,0,0,1,2024-12,2575,7.853604813097837,other,1.377138945927447,12.79,0,,1,0,0,0,0,1,0,0,0,0
95,3070070,TCG Card Shop Simulator,jan,1,1,1,2,2025-01,2575,7.853604813097837,other,1.377138945927447,12.79,0,,0,1,0,0,0,0,1,0,0,0
95,3070070,TCG Card Shop Simulator,jan,1,1,1,3,2025-02,2575,7.853604813097837,other,1.377138945927447,12.79,0,,0,0,1,0,0,0,0,1,0,0
95,3070070,TCG Card Shop Simulator,jan,1,1,1,4,2025-03,2575,7.853604813097837,other,1.377138945927447,12.79,0,,0,0,0,1,0,0,0,0,1,0
95,3070070,TCG Card Shop Simulator,jan,1,1,1,5,2025-04,2575,7.853604813097837,other,1.377138945927447,12.79,0,,0,0,0,0,1,0,0,0,0,1
96,2604480,City Transport Simulator®,jan,1,0,0,1,2024-12,87,4.465908118654584,other,1.0075290896646132,24.99,0,,1,0,0,0,0,1,0,0,0,0
96,2604480,City Transport Simulator®,jan,1,1,1,2,2025-01,87,4.465908118654584,other,1.0075290896646132,24.99,0,,0,1,0,0,0,0,1,0,0,0
96,2604480,City Transport Simulator®,jan,1,1,1,3,2025-02,87,4.465908118654584,other,1.0075290896646132,24.99,0,,0,0,1,0,0,0,0,1,0,0
96,2604480,City Transport Simulator®,jan,1,1,1,4,2025-03,87,4.465908118654584,other,1.0075290896646132,24.99,0,,0,0,0,1,0,0,0,0,1,0
96,2604480,City Transport Simulator®,jan,1,1,1,5,2025-04,87,4.465908118654584,other,1.0075290896646132,24.99,0,,0,0,0,0,1,0,0,0,0,1
97,457140,Oxygen Not Included,jan,1,0,0,1,2024-12,15401,9.642187721358466,other,6.507871321013004,22.99,0,,1,0,0,0,0,1,0,0,0,0
97,457140,Oxygen Not Included,jan,1,1,1,2,2025-01,15401,9.642187721358466,other,6.507871321013004,22.99,0,,0,1,0,0,0,0,1,0,0,0
97,457140,Oxygen Not Included,jan,1,1,1,3,2025-02,15401,9.642187721358466,other,6.507871321013004,22.99,0,,0,0,1,0,0,0,0,1,0,0
97,457140,Oxygen Not Included,jan,1,1,1,4,2025-03,15401,9.642187721358466,other,6.507871321013004,22.99,0,,0,0,0,1,0,0,0,0,1,0
97,457140,Oxygen Not Included,jan,1,1,1,5,2025-04,15401,9.642187721358466,other,6.507871321013004,22.99,0,,0,0,0,0,1,0,0,0,0,1
98,1442430,Storage Hunter Simulator,jan,1,0,0,1,2024-12,576,6.3561076606958915,other,0.17796030116358658,24.5,0,,1,0,0,0,0,1,0,0,0,0
98,1442430,Storage Hunter Simulator,jan,1,1,1,2,2025-01,576,6.3561076606958915,other,0.17796030116358658,24.5,0,,0,1,0,0,0,0,1,0,0,0
98,1442430,Storage Hunter Simulator,jan,1,1,1,3,2025-02,576,6.3561076606958915,other,0.17796030116358658,24.5,0,,0,0,1,0,0,0,0,1,0,0
98,1442430,Storage Hunter Simulator,jan,1,1,1,4,2025-03,576,6.3561076606958915,other,0.17796030116358658,24.5,0,,0,0,0,1,0,0,0,0,1,0
98,1442430,Storage Hunter Simulator,jan,1,1,1,5,2025-04,576,6.3561076606958915,other,0.17796030116358658,24.5,0,,0,0,0,0,1,0,0,0,0,1
99,1465460,Infection Free Zone,jan,1,0,0,1,2024-12,1034,6.9411900550683745,other,1.8069815195071868,18.74,0,,1,0,0,0,0,1,0,0,0,0
99,1465460,Infection Free Zone,jan,1,1,1,2,2025-01,1034,6.9411900550683745,other,1.8069815195071868,18.74,0,,0,1,0,0,0,0,1,0,0,0
99,1465460,Infection Free Zone,jan,1,1,1,3,2025-02,1034,6.9411900550683745,other,1.8069815195071868,18.74,0,,0,0,1,0,0,0,0,1,0,0
99,1465460,Infection Free Zone,jan,1,1,1,4,2025-03,1034,6.9411900550683745,other,1.8069815195071868,18.74,0,,0,0,0,1,0,0,0,0,1,0
99,1465460,Infection Free Zone,jan,1,1,1,5,2025-04,1034,6.9411900550683745,other,1.8069815195071868,18.74,0,,0,0,0,0,1,0,0,0,0,1
100,236850,Europa Universalis IV,jan,1,0,0,1,2024-12,11355,9.337413454539659,other,12.46817248459959,49.99,0,,1,0,0,0,0,1,0,0,0,0
100,236850,Europa Universalis IV,jan,1,1,1,2,2025-01,11355,9.337413454539659,other,12.46817248459959,49.99,0,,0,1,0,0,0,0,1,0,0,0
100,236850,Europa Universalis IV,jan,1,1,1,3,2025-02,11355,9.337413454539659,other,12.46817248459959,49.99,0,,0,0,1,0,0,0,0,1,0,0
100,236850,Europa Universalis IV,jan,1,1,1,4,2025-03,11355,9.337413454539659,other,12.46817248459959,49.99,0,,0,0,0,1,0,0,0,0,1,0
100,236850,Europa Universalis IV,jan,1,1,1,5,2025-04,11355,9.337413454539659,other,12.46817248459959,49.99,0,,0,0,0,0,1,0,0,0,0,1
101,582660,Black Desert,feb,1,0,0,1,2024-12,23436,10.062028580664679,mmo,8.68993839835729,9.99,0,,1,0,0,0,0,1,0,0,0,0
101,582660,Black Desert,feb,1,0,0,2,2025-01,23436,10.062028580664679,mmo,8.68993839835729,9.99,0,,0,1,0,0,0,0,1,0,0,0
101,582660,Black Desert,feb,1,1,1,3,2025-02,23436,10.062028580664679,mmo,8.68993839835729,9.99,0,,0,0,1,0,0,0,0,1,0,0
101,582660,Black Desert,feb,1,1,1,4,2025-03,23436,10.062028580664679,mmo,8.68993839835729,9.99,0,,0,0,0,1,0,0,0,0,1,0
101,582660,Black Desert,feb,1,1,1,5,2025-04,23436,10.062028580664679,mmo,8.68993839835729,9.99,0,,0,0,0,0,1,0,0,0,0,1
102,1222670,The Sims™ 4,feb,1,0,0,1,2024-12,34718,10.455013563428494,other,5.620807665982204,0.0,1,,1,0,0,0,0,1,0,0,0,0
102,1222670,The Sims™ 4,feb,1,0,0,2,2025-01,34718,10.455013563428494,other,5.620807665982204,0.0,1,,0,1,0,0,0,0,1,0,0,0
102,1222670,The Sims™ 4,feb,1,1,1,3,2025-02,34718,10.455013563428494,other,5.620807665982204,0.0,1,,0,0,1,0,0,0,0,1,0,0
102,1222670,The Sims™ 4,feb,1,1,1,4,2025-03,34718,10.455013563428494,other,5.620807665982204,0.0,1,,0,0,0,1,0,0,0,0,1,0
102,1222670,The Sims™ 4,feb,1,1,1,5,2025-04,34718,10.455013563428494,other,5.620807665982204,0.0,1,,0,0,0,0,1,0,0,0,0,1
103,359550,Tom Clancy's Rainbow Six® Siege X,feb,1,0,0,1,2024-12,50749,10.834647192276401,other,10.168377823408624,0.0,1,,1,0,0,0,0,1,0,0,0,0
103,359550,Tom Clancy's Rainbow Six® Siege X,feb,1,0,0,2,2025-01,50749,10.834647192276401,other,10.168377823408624,0.0,1,,0,1,0,0,0,0,1,0,0,0
103,359550,Tom Clancy's Rainbow Six® Siege X,feb,1,1,1,3,2025-02,50749,10.834647192276401,other,10.168377823408624,0.0,1,,0,0,1,0,0,0,0,1,0,0
103,359550,Tom Clancy's Rainbow Six® Siege X,feb,1,1,1,4,2025-03,50749,10.834647192276401,other,10.168377823408624,0.0,1,,0,0,0,1,0,0,0,0,1,0
103,359550,Tom Clancy's Rainbow Six® Siege X,feb,1,1,1,5,2025-04,50749,10.834647192276401,other,10.168377823408624,0.0,1,,0,0,0,0,1,0,0,0,0,1
104,3164500,Schedule I,feb,1,0,0,1,2024-12,13185,9.486835098787386,other,0.8569472963723477,19.5,0,,1,0,0,0,0,1,0,0,0,0
104,3164500,Schedule I,feb,1,0,0,2,2025-01,13185,9.486835098787386,other,0.8569472963723477,19.5,0,,0,1,0,0,0,0,1,0,0,0
104,3164500,Schedule I,feb,1,1,1,3,2025-02,13185,9.486835098787386,other,0.8569472963723477,19.5,0,,0,0,1,0,0,0,0,1,0,0
104,3164500,Schedule I,feb,1,1,1,4,2025-03,13185,9.486835098787386,other,0.8569472963723477,19.5,0,,0,0,0,1,0,0,0,0,1,0
104,3164500,Schedule I,feb,1,1,1,5,2025-04,13185,9.486835098787386,other,0.8569472963723477,19.5,0,,0,0,0,0,1,0,0,0,0,1
105,2426960,Summoners War,feb,1,0,0,1,2024-12,10098,9.22009266341886,other,2.0670773442847366,0.0,1,,1,0,0,0,0,1,0,0,0,0
105,2426960,Summoners War,feb,1,0,0,2,2025-01,10098,9.22009266341886,other,2.0670773442847366,0.0,1,,0,1,0,0,0,0,1,0,0,0
105,2426960,Summoners War,feb,1,1,1,3,2025-02,10098,9.22009266341886,other,2.0670773442847366,0.0,1,,0,0,1,0,0,0,0,1,0,0
105,2426960,Summoners War,feb,1,1,1,4,2025-03,10098,9.22009266341886,other,2.0670773442847366,0.0,1,,0,0,0,1,0,0,0,0,1,0
105,2426960,Summoners War,feb,1,1,1,5,2025-04,10098,9.22009266341886,other,2.0670773442847366,0.0,1,,0,0,0,0,1,0,0,0,0,1
106,1158310,Crusader Kings III,feb,1,0,0,1,2024-12,24201,10.094149233605084,other,5.415468856947296,49.99,0,,1,0,0,0,0,1,0,0,0,0
106,1158310,Crusader Kings III,feb,1,0,0,2,2025-01,24201,10.094149233605084,other,5.415468856947296,49.99,0,,0,1,0,0,0,0,1,0,0,0
106,1158310,Crusader Kings III,feb,1,1,1,3,2025-02,24201,10.094149233605084,other,5.415468856947296,49.99,0,,0,0,1,0,0,0,0,1,0,0
106,1158310,Crusader Kings III,feb,1,1,1,4,2025-03,24201,10.094149233605084,other,5.415468856947296,49.99,0,,0,0,0,1,0,0,0,0,1,0
106,1158310,Crusader Kings III,feb,1,1,1,5,2025-04,24201,10.094149233605084,other,5.415468856947296,49.99,0,,0,0,0,0,1,0,0,0,0,1
107,548430,Deep Rock Galactic,feb,1,0,0,1,2024-12,34091,10.436788698817288,other,5.71937029431896,8.99,0,,1,0,0,0,0,1,0,0,0,0
107,548430,Deep Rock Galactic,feb,1,0,0,2,2025-01,34091,10.436788698817288,other,5.71937029431896,8.99,0,,0,1,0,0,0,0,1,0,0,0
107,548430,Deep Rock Galactic,feb,1,1,1,3,2025-02,34091,10.436788698817288,other,5.71937029431896,8.99,0,,0,0,1,0,0,0,0,1,0,0
107,548430,Deep Rock Galactic,feb,1,1,1,4,2025-03,34091,10.436788698817288,other,5.71937029431896,8.99,0,,0,0,0,1,0,0,0,0,1,0
107,548430,Deep Rock Galactic,feb,1,1,1,5,2025-04,34091,10.436788698817288,other,5.71937029431896,8.99,0,,0,0,0,0,1,0,0,0,0,1
108,1771300,Kingdom Come: Deliverance II,feb,1,0,0,1,2024-12,37185,10.523660733137401,other,0.9883641341546886,59.99,0,,1,0,0,0,0,1,0,0,0,0
108,1771300,Kingdom Come: Deliverance II,feb,1,0,0,2,2025-01,37185,10.523660733137401,other,0.9883641341546886,59.99,0,,0,1,0,0,0,0,1,0,0,0
108,1771300,Kingdom Come: Deliverance II,feb,1,1,1,3,2025-02,37185,10.523660733137401,other,0.9883641341546886,59.99,0,,0,0,1,0,0,0,0,1,0,0
108,1771300,Kingdom Come: Deliverance II,feb,1,1,1,4,2025-03,37185,10.523660733137401,other,0.9883641341546886,59.99,0,,0,0,0,1,0,0,0,0,1,0
108,1771300,Kingdom Come: Deliverance II,feb,1,1,1,5,2025-04,37185,10.523660733137401,other,0.9883641341546886,59.99,0,,0,0,0,0,1,0,0,0,0,1
109,1286830,STAR WARS™: The Old Republic™,feb,1,0,0,1,2024-12,4255,8.355850041007475,mmo,5.530458590006845,0.0,1,,1,0,0,0,0,1,0,0,0,0
109,1286830,STAR WARS™: The Old Republic™,feb,1,0,0,2,2025-01,4255,8.355850041007475,mmo,5.530458590006845,0.0,1,,0,1,0,0,0,0,1,0,0,0
109,1286830,STAR WARS™: The Old Republic™,feb,1,1,1,3,2025-02,4255,8.355850041007475,mmo,5.530458590006845,0.0,1,,0,0,1,0,0,0,0,1,0,0
109,1286830,STAR WARS™: The Old Republic™,feb,1,1,1,4,2025-03,4255,8.355850041007475,mmo,5.530458590006845,0.0,1,,0,0,0,1,0,0,0,0,1,0
109,1286830,STAR WARS™: The Old Republic™,feb,1,1,1,5,2025-04,4255,8.355850041007475,mmo,5.530458590006845,0.0,1,,0,0,0,0,1,0,0,0,0,1
110,1142710,Total War: WARHAMMER III,feb,1,0,0,1,2024-12,34139,10.438195704765366,other,3.9561943874058865,59.99,0,,1,0,0,0,0,1,0,0,0,0
110,1142710,Total War: WARHAMMER III,feb,1,0,0,2,2025-01,34139,10.438195704765366,other,3.9561943874058865,59.99,0,,0,1,0,0,0,0,1,0,0,0
110,1142710,Total War: WARHAMMER III,feb,1,1,1,3,2025-02,34139,10.438195704765366,other,3.9561943874058865,59.99,0,,0,0,1,0,0,0,0,1,0,0
110,1142710,Total War: WARHAMMER III,feb,1,1,1,4,2025-03,34139,10.438195704765366,other,3.9561943874058865,59.99,0,,0,0,0,1,0,0,0,0,1,0
110,1142710,Total War: WARHAMMER III,feb,1,1,1,5,2025-04,34139,10.438195704765366,other,3.9561943874058865,59.99,0,,0,0,0,0,1,0,0,0,0,1
111,2205850,"Dwarves: Glory, Death and Loot",feb,1,0,0,1,2024-12,3751,8.229777750081887,other,0.024640657084188913,9.74,0,,1,0,0,0,0,1,0,0,0,0
111,2205850,"Dwarves: Glory, Death and Loot",feb,1,0,0,2,2025-01,3751,8.229777750081887,other,0.024640657084188913,9.74,0,,0,1,0,0,0,0,1,0,0,0
111,2205850,"Dwarves: Glory, Death and Loot",feb,1,1,1,3,2025-02,3751,8.229777750081887,other,0.024640657084188913,9.74,0,,0,0,1,0,0,0,0,1,0,0
111,2205850,"Dwarves: Glory, Death and Loot",feb,1,1,1,4,2025-03,3751,8.229777750081887,other,0.024640657084188913,9.74,0,,0,0,0,1,0,0,0,0,1,0
111,2205850,"Dwarves: Glory, Death and Loot",feb,1,1,1,5,2025-04,3751,8.229777750081887,other,0.024640657084188913,9.74,0,,0,0,0,0,1,0,0,0,0,1
112,1145350,Hades II,feb,1,0,0,1,2024-12,9956,9.205930663487482,other,0.35044490075290896,28.99,0,,1,0,0,0,0,1,0,0,0,0
112,1145350,Hades II,feb,1,0,0,2,2025-01,9956,9.205930663487482,other,0.35044490075290896,28.99,0,,0,1,0,0,0,0,1,0,0,0
112,1145350,Hades II,feb,1,1,1,3,2025-02,9956,9.205930663487482,other,0.35044490075290896,28.99,0,,0,0,1,0,0,0,0,1,0,0
112,1145350,Hades II,feb,1,1,1,4,2025-03,9956,9.205930663487482,other,0.35044490075290896,28.99,0,,0,0,0,1,0,0,0,0,1,0
112,1145350,Hades II,feb,1,1,1,5,2025-04,9956,9.205930663487482,other,0.35044490075290896,28.99,0,,0,0,0,0,1,0,0,0,0,1
113,1527950,Wartales,feb,1,0,0,1,2024-12,2862,7.959275960116396,other,2.8062970568104038,34.99,0,,1,0,0,0,0,1,0,0,0,0
113,1527950,Wartales,feb,1,0,0,2,2025-01,2862,7.959275960116396,other,2.8062970568104038,34.99,0,,0,1,0,0,0,0,1,0,0,0
113,1527950,Wartales,feb,1,1,1,3,2025-02,2862,7.959275960116396,other,2.8062970568104038,34.99,0,,0,0,1,0,0,0,0,1,0,0
113,1527950,Wartales,feb,1,1,1,4,2025-03,2862,7.959275960116396,other,2.8062970568104038,34.99,0,,0,0,0,1,0,0,0,0,1,0
113,1527950,Wartales,feb,1,1,1,5,2025-04,2862,7.959275960116396,other,2.8062970568104038,34.99,0,,0,0,0,0,1,0,0,0,0,1
114,1934680,Age of Mythology: Retold,feb,1,0,0,1,2024-12,3453,8.146998697389993,other,1.4072553045859,29.99,0,,1,0,0,0,0,1,0,0,0,0
114,1934680,Age of Mythology: Retold,feb,1,0,0,2,2025-01,3453,8.146998697389993,other,1.4072553045859,29.99,0,,0,1,0,0,0,0,1,0,0,0
114,1934680,Age of Mythology: Retold,feb,1,1,1,3,2025-02,3453,8.146998697389993,other,1.4072553045859,29.99,0,,0,0,1,0,0,0,0,1,0,0
114,1934680,Age of Mythology: Retold,feb,1,1,1,4,2025-03,3453,8.146998697389993,other,1.4072553045859,29.99,0,,0,0,0,1,0,0,0,0,1,0
114,1934680,Age of Mythology: Retold,feb,1,1,1,5,2025-04,3453,8.146998697389993,other,1.4072553045859,29.99,0,,0,0,0,0,1,0,0,0,0,1
115,2406770,Bodycam,feb,1,0,0,1,2024-12,750,6.620073206530356,mmo,1.6509240246406571,26.65,0,,1,0,0,0,0,1,0,0,0,0
115,2406770,Bodycam,feb,1,0,0,2,2025-01,750,6.620073206530356,mmo,1.6509240246406571,26.65,0,,0,1,0,0,0,0,1,0,0,0
115,2406770,Bodycam,feb,1,1,1,3,2025-02,750,6.620073206530356,mmo,1.6509240246406571,26.65,0,,0,0,1,0,0,0,0,1,0,0
115,2406770,Bodycam,feb,1,1,1,4,2025-03,750,6.620073206530356,mmo,1.6509240246406571,26.65,0,,0,0,0,1,0,0,0,0,1,0
115,2406770,Bodycam,feb,1,1,1,5,2025-04,750,6.620073206530356,mmo,1.6509240246406571,26.65,0,,0,0,0,0,1,0,0,0,0,1
116,2221490,Tom Clancy’s The Division® 2,feb,1,0,0,1,2024-12,5353,8.585412430393381,other,3.052703627652293,29.99,0,,1,0,0,0,0,1,0,0,0,0
116,2221490,Tom Clancy’s The Division® 2,feb,1,0,0,2,2025-01,5353,8.585412430393381,other,3.052703627652293,29.99,0,,0,1,0,0,0,0,1,0,0,0
116,2221490,Tom Clancy’s The Division® 2,feb,1,1,1,3,2025-02,5353,8.585412430393381,other,3.052703627652293,29.99,0,,0,0,1,0,0,0,0,1,0,0
116,2221490,Tom Clancy’s The Division® 2,feb,1,1,1,4,2025-03,5353,8.585412430393381,other,3.052703627652293,29.99,0,,0,0,0,1,0,0,0,0,1,0
116,2221490,Tom Clancy’s The Division® 2,feb,1,1,1,5,2025-04,5353,8.585412430393381,other,3.052703627652293,29.99,0,,0,0,0,0,1,0,0,0,0,1
117,699130,World War Z,feb,1,0,0,1,2024-12,4821,8.480736654405622,other,4.361396303901437,14.79,0,,1,0,0,0,0,1,0,0,0,0
117,699130,World War Z,feb,1,0,0,2,2025-01,4821,8.480736654405622,other,4.361396303901437,14.79,0,,0,1,0,0,0,0,1,0,0,0
117,699130,World War Z,feb,1,1,1,3,2025-02,4821,8.480736654405622,other,4.361396303901437,14.79,0,,0,0,1,0,0,0,0,1,0,0
117,699130,World War Z,feb,1,1,1,4,2025-03,4821,8.480736654405622,other,4.361396303901437,14.79,0,,0,0,0,1,0,0,0,0,1,0
117,699130,World War Z,feb,1,1,1,5,2025-04,4821,8.480736654405622,other,4.361396303901437,14.79,0,,0,0,0,0,1,0,0,0,0,1
118,960090,Bloons TD 6,feb,1,0,0,1,2024-12,10534,9.262363400043334,other,7.123887748117728,13.79,0,,1,0,0,0,0,1,0,0,0,0
118,960090,Bloons TD 6,feb,1,0,0,2,2025-01,10534,9.262363400043334,other,7.123887748117728,13.79,0,,0,1,0,0,0,0,1,0,0,0
118,960090,Bloons TD 6,feb,1,1,1,3,2025-02,10534,9.262363400043334,other,7.123887748117728,13.79,0,,0,0,1,0,0,0,0,1,0,0
118,960090,Bloons TD 6,feb,1,1,1,4,2025-03,10534,9.262363400043334,other,7.123887748117728,13.79,0,,0,0,0,1,0,0,0,0,1,0
118,960090,Bloons TD 6,feb,1,1,1,5,2025-04,10534,9.262363400043334,other,7.123887748117728,13.79,0,,0,0,0,0,1,0,0,0,0,1
119,1643320,S.T.A.L.K.E.R. 2: Heart of Chornobyl,feb,1,0,0,1,2024-12,7325,8.899048433885268,other,1.1964407939767283,59.99,0,,1,0,0,0,0,1,0,0,0,0
119,1643320,S.T.A.L.K.E.R. 2: Heart of Chornobyl,feb,1,0,0,2,2025-01,7325,8.899048433885268,other,1.1964407939767283,59.99,0,,0,1,0,0,0,0,1,0,0,0
119,1643320,S.T.A.L.K.E.R. 2: Heart of Chornobyl,feb,1,1,1,3,2025-02,7325,8.899048433885268,other,1.1964407939767283,59.99,0,,0,0,1,0,0,0,0,1,0,0
119,1643320,S.T.A.L.K.E.R. 2: Heart of Chornobyl,feb,1,1,1,4,2025-03,7325,8.899048433885268,other,1.1964407939767283,59.99,0,,0,0,0,1,0,0,0,0,1,0
119,1643320,S.T.A.L.K.E.R. 2: Heart of Chornobyl,feb,1,1,1,5,2025-04,7325,8.899048433885268,other,1.1964407939767283,59.99,0,,0,0,0,0,1,0,0,0,0,1
120,2456740,inZOI,feb,1,0,0,1,2024-12,1925,7.562681246721884,other,0.8487337440109514,39.99,0,,1,0,0,0,0,1,0,0,0,0
120,2456740,inZOI,feb,1,0,0,2,2025-01,1925,7.562681246721884,other,0.8487337440109514,39.99,0,,0,1,0,0,0,0,1,0,0,0
120,2456740,inZOI,feb,1,1,1,3,2025-02,1925,7.562681246721884,other,0.8487337440109514,39.99,0,,0,0,1,0,0,0,0,1,0,0
120,2456740,inZOI,feb,1,1,1,4,2025-03,1925,7.562681246721884,other,0.8487337440109514,39.99,0,,0,0,0,1,0,0,0,0,1,0
120,2456740,inZOI,feb,1,1,1,5,2025-04,1925,7.562681246721884,other,0.8487337440109514,39.99,0,,0,0,0,0,1,0,0,0,0,1
121,1190970,House Flipper 2,feb,1,0,0,1,2024-12,2486,7.818430272070656,other,2.132785763175907,37.49,0,,1,0,0,0,0,1,0,0,0,0
121,1190970,House Flipper 2,feb,1,0,0,2,2025-01,2486,7.818430272070656,other,2.132785763175907,37.49,0,,0,1,0,0,0,0,1,0,0,0
121,1190970,House Flipper 2,feb,1,1,1,3,2025-02,2486,7.818430272070656,other,2.132785763175907,37.49,0,,0,0,1,0,0,0,0,1,0,0
121,1190970,House Flipper 2,feb,1,1,1,4,2025-03,2486,7.818430272070656,other,2.132785763175907,37.49,0,,0,0,0,1,0,0,0,0,1,0
121,1190970,House Flipper 2,feb,1,1,1,5,2025-04,2486,7.818430272070656,other,2.132785763175907,37.49,0,,0,0,0,0,1,0,0,0,0,1
122,1627720,Lies of P,feb,1,0,0,1,2024-12,2587,7.8582541821860294,other,2.3709787816563996,59.99,0,,1,0,0,0,0,1,0,0,0,0
122,1627720,Lies of P,feb,1,0,0,2,2025-01,2587,7.8582541821860294,other,2.3709787816563996,59.99,0,,0,1,0,0,0,0,1,0,0,0
122,1627720,Lies of P,feb,1,1,1,3,2025-02,2587,7.8582541821860294,other,2.3709787816563996,59.99,0,,0,0,1,0,0,0,0,1,0,0
122,1627720,Lies of P,feb,1,1,1,4,2025-03,2587,7.8582541821860294,other,2.3709787816563996,59.99,0,,0,0,0,1,0,0,0,0,1,0
122,1627720,Lies of P,feb,1,1,1,5,2025-04,2587,7.8582541821860294,other,2.3709787816563996,59.99,0,,0,0,0,0,1,0,0,0,0,1
123,376210,The Isle,feb,1,0,0,1,2024-12,10490,9.258177701390343,mmo,10.168377823408624,19.99,0,,1,0,0,0,0,1,0,0,0,0
123,376210,The Isle,feb,1,0,0,2,2025-01,10490,9.258177701390343,mmo,10.168377823408624,19.99,0,,0,1,0,0,0,0,1,0,0,0
123,376210,The Isle,feb,1,1,1,3,2025-02,10490,9.258177701390343,mmo,10.168377823408624,19.99,0,,0,0,1,0,0,0,0,1,0,0
123,376210,The Isle,feb,1,1,1,4,2025-03,10490,9.258177701390343,mmo,10.168377823408624,19.99,0,,0,0,0,1,0,0,0,0,1,0
123,376210,The Isle,feb,1,1,1,5,2025-04,10490,9.258177701390343,mmo,10.168377823408624,19.99,0,,0,0,0,0,1,0,0,0,0,1
124,221100,DayZ,feb,1,0,0,1,2024-12,48827,10.796038717527543,mmo,7.134839151266256,47.99,0,,1,0,0,0,0,1,0,0,0,0
124,221100,DayZ,feb,1,0,0,2,2025-01,48827,10.796038717527543,mmo,7.134839151266256,47.99,0,,0,1,0,0,0,0,1,0,0,0
124,221100,DayZ,feb,1,1,1,3,2025-02,48827,10.796038717527543,mmo,7.134839151266256,47.99,0,,0,0,1,0,0,0,0,1,0,0
124,221100,DayZ,feb,1,1,1,4,2025-03,48827,10.796038717527543,mmo,7.134839151266256,47.99,0,,0,0,0,1,0,0,0,0,1,0
124,221100,DayZ,feb,1,1,1,5,2025-04,48827,10.796038717527543,mmo,7.134839151266256,47.99,0,,0,0,0,0,1,0,0,0,0,1
125,1562430,DREDGE,feb,1,0,0,1,2024-12,993,6.900730664045173,other,2.841889117043121,9.99,0,,1,0,0,0,0,1,0,0,0,0
125,1562430,DREDGE,feb,1,0,0,2,2025-01,993,6.900730664045173,other,2.841889117043121,9.99,0,,0,1,0,0,0,0,1,0,0,0
125,1562430,DREDGE,feb,1,1,1,3,2025-02,993,6.900730664045173,other,2.841889117043121,9.99,0,,0,0,1,0,0,0,0,1,0,0
125,1562430,DREDGE,feb,1,1,1,4,2025-03,993,6.900730664045173,other,2.841889117043121,9.99,0,,0,0,0,1,0,0,0,0,1,0
125,1562430,DREDGE,feb,1,1,1,5,2025-04,993,6.900730664045173,other,2.841889117043121,9.99,0,,0,0,0,0,1,0,0,0,0,1
126,1476970,IdleOn,feb,1,0,0,1,2024-12,10459,9.255218130754269,mmo,0.23545516769336072,0.0,1,,1,0,0,0,0,1,0,0,0,0
126,1476970,IdleOn,feb,1,0,0,2,2025-01,10459,9.255218130754269,mmo,0.23545516769336072,0.0,1,,0,1,0,0,0,0,1,0,0,0
126,1476970,IdleOn,feb,1,1,1,3,2025-02,10459,9.255218130754269,mmo,0.23545516769336072,0.0,1,,0,0,1,0,0,0,0,1,0,0
126,1476970,IdleOn,feb,1,1,1,4,2025-03,10459,9.255218130754269,mmo,0.23545516769336072,0.0,1,,0,0,0,1,0,0,0,0,1,0
126,1476970,IdleOn,feb,1,1,1,5,2025-04,10459,9.255218130754269,mmo,0.23545516769336072,0.0,1,,0,0,0,0,1,0,0,0,0,1
127,2698940,The Crew Motorfest,feb,1,0,0,1,2024-12,2326,7.75190533307861,other,1.787816563997262,69.99,0,,1,0,0,0,0,1,0,0,0,0
127,2698940,The Crew Motorfest,feb,1,0,0,2,2025-01,2326,7.75190533307861,other,1.787816563997262,69.99,0,,0,1,0,0,0,0,1,0,0,0
127,2698940,The Crew Motorfest,feb,1,1,1,3,2025-02,2326,7.75190533307861,other,1.787816563997262,69.99,0,,0,0,1,0,0,0,0,1,0,0
127,2698940,The Crew Motorfest,feb,1,1,1,4,2025-03,2326,7.75190533307861,other,1.787816563997262,69.99,0,,0,0,0,1,0,0,0,0,1,0
127,2698940,The Crew Motorfest,feb,1,1,1,5,2025-04,2326,7.75190533307861,other,1.787816563997262,69.99,0,,0,0,0,0,1,0,0,0,0,1
128,3059070,The Headliners,feb,1,0,0,1,2024-12,1297,7.167809184316444,other,1.002053388090349,4.67,0,,1,0,0,0,0,1,0,0,0,0
128,3059070,The Headliners,feb,1,0,0,2,2025-01,1297,7.167809184316444,other,1.002053388090349,4.67,0,,0,1,0,0,0,0,1,0,0,0
128,3059070,The Headliners,feb,1,1,1,3,2025-02,1297,7.167809184316444,other,1.002053388090349,4.67,0,,0,0,1,0,0,0,0,1,0,0
128,3059070,The Headliners,feb,1,1,1,4,2025-03,1297,7.167809184316444,other,1.002053388090349,4.67,0,,0,0,0,1,0,0,0,0,1,0
128,3059070,The Headliners,feb,1,1,1,5,2025-04,1297,7.167809184316444,other,1.002053388090349,4.67,0,,0,0,0,0,1,0,0,0,0,1
129,3156770,Witchfire,feb,1,0,0,1,2024-12,737,6.602587892189336,other,1.3552361396303902,39.99,0,,1,0,0,0,0,1,0,0,0,0
129,3156770,Witchfire,feb,1,0,0,2,2025-01,737,6.602587892189336,other,1.3552361396303902,39.99,0,,0,1,0,0,0,0,1,0,0,0
129,3156770,Witchfire,feb,1,1,1,3,2025-02,737,6.602587892189336,other,1.3552361396303902,39.99,0,,0,0,1,0,0,0,0,1,0,0
129,3156770,Witchfire,feb,1,1,1,4,2025-03,737,6.602587892189336,other,1.3552361396303902,39.99,0,,0,0,0,1,0,0,0,0,1,0
129,3156770,Witchfire,feb,1,1,1,5,2025-04,737,6.602587892189336,other,1.3552361396303902,39.99,0,,0,0,0,0,1,0,0,0,0,1
130,1455630,THE GAME OF LIFE 2,feb,1,0,0,1,2024-12,393,5.973809611869261,other,5.138945927446954,3.74,0,,1,0,0,0,0,1,0,0,0,0
130,1455630,THE GAME OF LIFE 2,feb,1,0,0,2,2025-01,393,5.973809611869261,other,5.138945927446954,3.74,0,,0,1,0,0,0,0,1,0,0,0
130,1455630,THE GAME OF LIFE 2,feb,1,1,1,3,2025-02,393,5.973809611869261,other,5.138945927446954,3.74,0,,0,0,1,0,0,0,0,1,0,0
130,1455630,THE GAME OF LIFE 2,feb,1,1,1,4,2025-03,393,5.973809611869261,other,5.138945927446954,3.74,0,,0,0,0,1,0,0,0,0,1,0
130,1455630,THE GAME OF LIFE 2,feb,1,1,1,5,2025-04,393,5.973809611869261,other,5.138945927446954,3.74,0,,0,0,0,0,1,0,0,0,0,1
131,3156770,Witchfire,feb,1,0,0,1,2024-12,737,6.602587892189336,other,1.3552361396303902,39.99,0,,1,0,0,0,0,1,0,0,0,0
131,3156770,Witchfire,feb,1,0,0,2,2025-01,737,6.602587892189336,other,1.3552361396303902,39.99,0,,0,1,0,0,0,0,1,0,0,0
131,3156770,Witchfire,feb,1,1,1,3,2025-02,737,6.602587892189336,other,1.3552361396303902,39.99,0,,0,0,1,0,0,0,0,1,0,0
131,3156770,Witchfire,feb,1,1,1,4,2025-03,737,6.602587892189336,other,1.3552361396303902,39.99,0,,0,0,0,1,0,0,0,0,1,0
131,3156770,Witchfire,feb,1,1,1,5,2025-04,737,6.602587892189336,other,1.3552361396303902,39.99,0,,0,0,0,0,1,0,0,0,0,1
132,1677280,Company of Heroes 3,feb,1,0,0,1,2024-12,4982,8.513586695822125,other,2.937713894592745,54.99,0,,1,0,0,0,0,1,0,0,0,0
132,1677280,Company of Heroes 3,feb,1,0,0,2,2025-01,4982,8.513586695822125,other,2.937713894592745,54.99,0,,0,1,0,0,0,0,1,0,0,0
132,1677280,Company of Heroes 3,feb,1,1,1,3,2025-02,4982,8.513586695822125,other,2.937713894592745,54.99,0,,0,0,1,0,0,0,0,1,0,0
132,1677280,Company of Heroes 3,feb,1,1,1,4,2025-03,4982,8.513586695822125,other,2.937713894592745,54.99,0,,0,0,0,1,0,0,0,0,1,0
132,1677280,Company of Heroes 3,feb,1,1,1,5,2025-04,4982,8.513586695822125,other,2.937713894592745,54.99,0,,0,0,0,0,1,0,0,0,0,1
133,2444750,Shape of Dreams,feb,1,0,0,1,2024-12,4456,8.40200678160712,other,0.3915126625598905,24.5,0,,1,0,0,0,0,1,0,0,0,0
133,2444750,Shape of Dreams,feb,1,0,0,2,2025-01,4456,8.40200678160712,other,0.3915126625598905,24.5,0,,0,1,0,0,0,0,1,0,0,0
133,2444750,Shape of Dreams,feb,1,1,1,3,2025-02,4456,8.40200678160712,other,0.3915126625598905,24.5,0,,0,0,1,0,0,0,0,1,0,0
133,2444750,Shape of Dreams,feb,1,1,1,4,2025-03,4456,8.40200678160712,other,0.3915126625598905,24.5,0,,0,0,0,1,0,0,0,0,1,0
133,2444750,Shape of Dreams,feb,1,1,1,5,2025-04,4456,8.40200678160712,other,0.3915126625598905,24.5,0,,0,0,0,0,1,0,0,0,0,1
134,2437170,SMITE 2,feb,1,0,0,1,2024-12,3365,8.121183242078828,mmo,1.429158110882957,0.0,1,,1,0,0,0,0,1,0,0,0,0
134,2437170,SMITE 2,feb,1,0,0,2,2025-01,3365,8.121183242078828,mmo,1.429158110882957,0.0,1,,0,1,0,0,0,0,1,0,0,0
134,2437170,SMITE 2,feb,1,1,1,3,2025-02,3365,8.121183242078828,mmo,1.429158110882957,0.0,1,,0,0,1,0,0,0,0,1,0,0
134,2437170,SMITE 2,feb,1,1,1,4,2025-03,3365,8.121183242078828,mmo,1.429158110882957,0.0,1,,0,0,0,1,0,0,0,0,1,0
134,2437170,SMITE 2,feb,1,1,1,5,2025-04,3365,8.121183242078828,mmo,1.429158110882957,0.0,1,,0,0,0,0,1,0,0,0,0,1
135,1133870,Space Engineers 2,feb,1,0,0,1,2024-12,285,5.652489180268651,other,1.0102669404517455,28.99,0,,1,0,0,0,0,1,0,0,0,0
135,1133870,Space Engineers 2,feb,1,0,0,2,2025-01,285,5.652489180268651,other,1.0102669404517455,28.99,0,,0,1,0,0,0,0,1,0,0,0
135,1133870,Space Engineers 2,feb,1,1,1,3,2025-02,285,5.652489180268651,other,1.0102669404517455,28.99,0,,0,0,1,0,0,0,0,1,0,0
135,1133870,Space Engineers 2,feb,1,1,1,4,2025-03,285,5.652489180268651,other,1.0102669404517455,28.99,0,,0,0,0,1,0,0,0,0,1,0
135,1133870,Space Engineers 2,feb,1,1,1,5,2025-04,285,5.652489180268651,other,1.0102669404517455,28.99,0,,0,0,0,0,1,0,0,0,0,1
136,9900,Star Trek Online,feb,1,0,0,1,2024-12,1023,6.930494765951626,mmo,14.001368925393566,0.0,1,,1,0,0,0,0,1,0,0,0,0
136,9900,Star Trek Online,feb,1,0,0,2,2025-01,1023,6.930494765951626,mmo,14.001368925393566,0.0,1,,0,1,0,0,0,0,1,0,0,0
136,9900,Star Trek Online,feb,1,1,1,3,2025-02,1023,6.930494765951626,mmo,14.001368925393566,0.0,1,,0,0,1,0,0,0,0,1,0,0
136,9900,Star Trek Online,feb,1,1,1,4,2025-03,1023,6.930494765951626,mmo,14.001368925393566,0.0,1,,0,0,0,1,0,0,0,0,1,0
136,9900,Star Trek Online,feb,1,1,1,5,2025-04,1023,6.930494765951626,mmo,14.001368925393566,0.0,1,,0,0,0,0,1,0,0,0,0,1
137,2688950,Planet Coaster 2,feb,1,0,0,1,2024-12,1479,7.2991214627108,other,1.2347707049965777,49.99,0,,1,0,0,0,0,1,0,0,0,0
137,2688950,Planet Coaster 2,feb,1,0,0,2,2025-01,1479,7.2991214627108,other,1.2347707049965777,49.99,0,,0,1,0,0,0,0,1,0,0,0
137,2688950,Planet Coaster 2,feb,1,1,1,3,2025-02,1479,7.2991214627108,other,1.2347707049965777,49.99,0,,0,0,1,0,0,0,0,1,0,0
137,2688950,Planet Coaster 2,feb,1,1,1,4,2025-03,1479,7.2991214627108,other,1.2347707049965777,49.99,0,,0,0,0,1,0,0,0,0,1,0
137,2688950,Planet Coaster 2,feb,1,1,1,5,2025-04,1479,7.2991214627108,other,1.2347707049965777,49.99,0,,0,0,0,0,1,0,0,0,0,1
138,1422130,SimRail - The Railway Simulator,feb,1,0,0,1,2024-12,912,6.815639990074331,other,1.1334702258726899,25.49,0,,1,0,0,0,0,1,0,0,0,0
138,1422130,SimRail - The Railway Simulator,feb,1,0,0,2,2025-01,912,6.815639990074331,other,1.1334702258726899,25.49,0,,0,1,0,0,0,0,1,0,0,0
138,1422130,SimRail - The Railway Simulator,feb,1,1,1,3,2025-02,912,6.815639990074331,other,1.1334702258726899,25.49,0,,0,0,1,0,0,0,0,1,0,0
138,1422130,SimRail - The Railway Simulator,feb,1,1,1,4,2025-03,912,6.815639990074331,other,1.1334702258726899,25.49,0,,0,0,0,1,0,0,0,0,1,0
138,1422130,SimRail - The Railway Simulator,feb,1,1,1,5,2025-04,912,6.815639990074331,other,1.1334702258726899,25.49,0,,0,0,0,0,1,0,0,0,0,1
139,1119730,"Ranch Simulator: Build, Hunt, Farm",feb,1,0,0,1,2024-12,2181,7.687538766201629,other,2.245037645448323,24.99,0,,1,0,0,0,0,1,0,0,0,0
139,1119730,"Ranch Simulator: Build, Hunt, Farm",feb,1,0,0,2,2025-01,2181,7.687538766201629,other,2.245037645448323,24.99,0,,0,1,0,0,0,0,1,0,0,0
139,1119730,"Ranch Simulator: Build, Hunt, Farm",feb,1,1,1,3,2025-02,2181,7.687538766201629,other,2.245037645448323,24.99,0,,0,0,1,0,0,0,0,1,0,0
139,1119730,"Ranch Simulator: Build, Hunt, Farm",feb,1,1,1,4,2025-03,2181,7.687538766201629,other,2.245037645448323,24.99,0,,0,0,0,1,0,0,0,0,1,0
139,1119730,"Ranch Simulator: Build, Hunt, Farm",feb,1,1,1,5,2025-04,2181,7.687538766201629,other,2.245037645448323,24.99,0,,0,0,0,0,1,0,0,0,0,1
140,2677660,Indiana Jones and the Great Circle,feb,1,0,0,1,2024-12,574,6.352629396319567,other,1.1471594798083504,69.99,0,,1,0,0,0,0,1,0,0,0,0
140,2677660,Indiana Jones and the Great Circle,feb,1,0,0,2,2025-01,574,6.352629396319567,other,1.1471594798083504,69.99,0,,0,1,0,0,0,0,1,0,0,0
140,2677660,Indiana Jones and the Great Circle,feb,1,1,1,3,2025-02,574,6.352629396319567,other,1.1471594798083504,69.99,0,,0,0,1,0,0,0,0,1,0,0
140,2677660,Indiana Jones and the Great Circle,feb,1,1,1,4,2025-03,574,6.352629396319567,other,1.1471594798083504,69.99,0,,0,0,0,1,0,0,0,0,1,0
140,2677660,Indiana Jones and the Great Circle,feb,1,1,1,5,2025-04,574,6.352629396319567,other,1.1471594798083504,69.99,0,,0,0,0,0,1,0,0,0,0,1
141,1929610,Demonologist,feb,1,0,0,1,2024-12,328,5.793013608384144,other,2.351813826146475,19.5,0,,1,0,0,0,0,1,0,0,0,0
141,1929610,Demonologist,feb,1,0,0,2,2025-01,328,5.793013608384144,other,2.351813826146475,19.5,0,,0,1,0,0,0,0,1,0,0,0
141,1929610,Demonologist,feb,1,1,1,3,2025-02,328,5.793013608384144,other,2.351813826146475,19.5,0,,0,0,1,0,0,0,0,1,0,0
141,1929610,Demonologist,feb,1,1,1,4,2025-03,328,5.793013608384144,other,2.351813826146475,19.5,0,,0,0,0,1,0,0,0,0,1,0
141,1929610,Demonologist,feb,1,1,1,5,2025-04,328,5.793013608384144,other,2.351813826146475,19.5,0,,0,0,0,0,1,0,0,0,0,1
142,361420,ASTRONEER,feb,1,0,0,1,2024-12,2986,8.001689978099135,other,6.9869952087611225,29.99,0,,1,0,0,0,0,1,0,0,0,0
142,361420,ASTRONEER,feb,1,0,0,2,2025-01,2986,8.001689978099135,other,6.9869952087611225,29.99,0,,0,1,0,0,0,0,1,0,0,0
142,361420,ASTRONEER,feb,1,1,1,3,2025-02,2986,8.001689978099135,other,6.9869952087611225,29.99,0,,0,0,1,0,0,0,0,1,0,0
142,361420,ASTRONEER,feb,1,1,1,4,2025-03,2986,8.001689978099135,other,6.9869952087611225,29.99,0,,0,0,0,1,0,0,0,0,1,0
142,361420,ASTRONEER,feb,1,1,1,5,2025-04,2986,8.001689978099135,other,6.9869952087611225,29.99,0,,0,0,0,0,1,0,0,0,0,1
143,2795540,The Midnight Walkers,feb,1,0,0,1,2024-12,2146,7.671360923190644,other,0.008213552361396304,14.39,0,,1,0,0,0,0,1,0,0,0,0
143,2795540,The Midnight Walkers,feb,1,0,0,2,2025-01,2146,7.671360923190644,other,0.008213552361396304,14.39,0,,0,1,0,0,0,0,1,0,0,0
143,2795540,The Midnight Walkers,feb,1,1,1,3,2025-02,2146,7.671360923190644,other,0.008213552361396304,14.39,0,,0,0,1,0,0,0,0,1,0,0
143,2795540,The Midnight Walkers,feb,1,1,1,4,2025-03,2146,7.671360923190644,other,0.008213552361396304,14.39,0,,0,0,0,1,0,0,0,0,1,0
143,2795540,The Midnight Walkers,feb,1,1,1,5,2025-04,2146,7.671360923190644,other,0.008213552361396304,14.39,0,,0,0,0,0,1,0,0,0,0,1
144,293760,Automation - The Car Company Tycoon Game,feb,1,0,0,1,2024-12,724,6.584791392385716,other,10.8911704312115,26.99,0,,1,0,0,0,0,1,0,0,0,0
144,293760,Automation - The Car Company Tycoon Game,feb,1,0,0,2,2025-01,724,6.584791392385716,other,10.8911704312115,26.99,0,,0,1,0,0,0,0,1,0,0,0
144,293760,Automation - The Car Company Tycoon Game,feb,1,1,1,3,2025-02,724,6.584791392385716,other,10.8911704312115,26.99,0,,0,0,1,0,0,0,0,1,0,0
144,293760,Automation - The Car Company Tycoon Game,feb,1,1,1,4,2025-03,724,6.584791392385716,other,10.8911704312115,26.99,0,,0,0,0,1,0,0,0,0,1,0
144,293760,Automation - The Car Company Tycoon Game,feb,1,1,1,5,2025-04,724,6.584791392385716,other,10.8911704312115,26.99,0,,0,0,0,0,1,0,0,0,0,1
145,585420,Trailmakers,feb,1,0,0,1,2024-12,1490,7.306531398939505,other,6.3709787816564,7.49,0,,1,0,0,0,0,1,0,0,0,0
145,585420,Trailmakers,feb,1,0,0,2,2025-01,1490,7.306531398939505,other,6.3709787816564,7.49,0,,0,1,0,0,0,0,1,0,0,0
145,585420,Trailmakers,feb,1,1,1,3,2025-02,1490,7.306531398939505,other,6.3709787816564,7.49,0,,0,0,1,0,0,0,0,1,0,0
145,585420,Trailmakers,feb,1,1,1,4,2025-03,1490,7.306531398939505,other,6.3709787816564,7.49,0,,0,0,0,1,0,0,0,0,1,0
145,585420,Trailmakers,feb,1,1,1,5,2025-04,1490,7.306531398939505,other,6.3709787816564,7.49,0,,0,0,0,0,1,0,0,0,0,1
146,466560,Northgard: Definitive Edition,feb,1,0,0,1,2024-12,2074,7.637234388789473,other,7.904175222450377,13.99,0,,1,0,0,0,0,1,0,0,0,0
146,466560,Northgard: Definitive Edition,feb,1,0,0,2,2025-01,2074,7.637234388789473,other,7.904175222450377,13.99,0,,0,1,0,0,0,0,1,0,0,0
146,466560,Northgard: Definitive Edition,feb,1,1,1,3,2025-02,2074,7.637234388789473,other,7.904175222450377,13.99,0,,0,0,1,0,0,0,0,1,0,0
146,466560,Northgard: Definitive Edition,feb,1,1,1,4,2025-03,2074,7.637234388789473,other,7.904175222450377,13.99,0,,0,0,0,1,0,0,0,0,1,0
146,466560,Northgard: Definitive Edition,feb,1,1,1,5,2025-04,2074,7.637234388789473,other,7.904175222450377,13.99,0,,0,0,0,0,1,0,0,0,0,1
147,2457220,Avowed,feb,1,0,0,1,2024-12,436,6.077642243349034,other,0.9500342231348392,49.99,0,,1,0,0,0,0,1,0,0,0,0
147,2457220,Avowed,feb,1,0,0,2,2025-01,436,6.077642243349034,other,0.9500342231348392,49.99,0,,0,1,0,0,0,0,1,0,0,0
147,2457220,Avowed,feb,1,1,1,3,2025-02,436,6.077642243349034,other,0.9500342231348392,49.99,0,,0,0,1,0,0,0,0,1,0,0
147,2457220,Avowed,feb,1,1,1,4,2025-03,436,6.077642243349034,other,0.9500342231348392,49.99,0,,0,0,0,1,0,0,0,0,1,0
147,2457220,Avowed,feb,1,1,1,5,2025-04,436,6.077642243349034,other,0.9500342231348392,49.99,0,,0,0,0,0,1,0,0,0,0,1
148,1289670,EA Play,feb,1,0,0,1,2024-12,1000,6.907755278982137,other,5.418206707734429,5.99,0,,1,0,0,0,0,1,0,0,0,0
148,1289670,EA Play,feb,1,0,0,2,2025-01,1000,6.907755278982137,other,5.418206707734429,5.99,0,,0,1,0,0,0,0,1,0,0,0
148,1289670,EA Play,feb,1,1,1,3,2025-02,1000,6.907755278982137,other,5.418206707734429,5.99,0,,0,0,1,0,0,0,0,1,0,0
148,1289670,EA Play,feb,1,1,1,4,2025-03,1000,6.907755278982137,other,5.418206707734429,5.99,0,,0,0,0,1,0,0,0,0,1,0
148,1289670,EA Play,feb,1,1,1,5,2025-04,1000,6.907755278982137,other,5.418206707734429,5.99,0,,0,0,0,0,1,0,0,0,0,1
149,1721470,Poppy Playtime,feb,1,0,0,1,2024-12,1640,7.402451520818244,other,4.303901437371663,0.0,1,,1,0,0,0,0,1,0,0,0,0
149,1721470,Poppy Playtime,feb,1,0,0,2,2025-01,1640,7.402451520818244,other,4.303901437371663,0.0,1,,0,1,0,0,0,0,1,0,0,0
149,1721470,Poppy Playtime,feb,1,1,1,3,2025-02,1640,7.402451520818244,other,4.303901437371663,0.0,1,,0,0,1,0,0,0,0,1,0,0
149,1721470,Poppy Playtime,feb,1,1,1,4,2025-03,1640,7.402451520818244,other,4.303901437371663,0.0,1,,0,0,0,1,0,0,0,0,1,0
149,1721470,Poppy Playtime,feb,1,1,1,5,2025-04,1640,7.402451520818244,other,4.303901437371663,0.0,1,,0,0,0,0,1,0,0,0,0,1
150,1422130,SimRail - The Railway Simulator,feb,1,0,0,1,2024-12,912,6.815639990074331,other,1.1334702258726899,25.49,0,,1,0,0,0,0,1,0,0,0,0
150,1422130,SimRail - The Railway Simulator,feb,1,0,0,2,2025-01,912,6.815639990074331,other,1.1334702258726899,25.49,0,,0,1,0,0,0,0,1,0,0,0
150,1422130,SimRail - The Railway Simulator,feb,1,1,1,3,2025-02,912,6.815639990074331,other,1.1334702258726899,25.49,0,,0,0,1,0,0,0,0,1,0,0
150,1422130,SimRail - The Railway Simulator,feb,1,1,1,4,2025-03,912,6.815639990074331,other,1.1334702258726899,25.49,0,,0,0,0,1,0,0,0,0,1,0
150,1422130,SimRail - The Railway Simulator,feb,1,1,1,5,2025-04,912,6.815639990074331,other,1.1334702258726899,25.49,0,,0,0,0,0,1,0,0,0,0,1
151,2677660,Indiana Jones and the Great Circle,feb,1,0,0,1,2024-12,574,6.352629396319567,other,1.1471594798083504,69.99,0,,1,0,0,0,0,1,0,0,0,0
151,2677660,Indiana Jones and the Great Circle,feb,1,0,0,2,2025-01,574,6.352629396319567,other,1.1471594798083504,69.99,0,,0,1,0,0,0,0,1,0,0,0
151,2677660,Indiana Jones and the Great Circle,feb,1,1,1,3,2025-02,574,6.352629396319567,other,1.1471594798083504,69.99,0,,0,0,1,0,0,0,0,1,0,0
151,2677660,Indiana Jones and the Great Circle,feb,1,1,1,4,2025-03,574,6.352629396319567,other,1.1471594798083504,69.99,0,,0,0,0,1,0,0,0,0,1,0
151,2677660,Indiana Jones and the Great Circle,feb,1,1,1,5,2025-04,574,6.352629396319567,other,1.1471594798083504,69.99,0,,0,0,0,0,1,0,0,0,0,1
152,427410,Abiotic Factor,feb,1,0,0,1,2024-12,3117,8.044626279767337,other,0.5284052019164955,33.99,0,,1,0,0,0,0,1,0,0,0,0
152,427410,Abiotic Factor,feb,1,0,0,2,2025-01,3117,8.044626279767337,other,0.5284052019164955,33.99,0,,0,1,0,0,0,0,1,0,0,0
152,427410,Abiotic Factor,feb,1,1,1,3,2025-02,3117,8.044626279767337,other,0.5284052019164955,33.99,0,,0,0,1,0,0,0,0,1,0,0
152,427410,Abiotic Factor,feb,1,1,1,4,2025-03,3117,8.044626279767337,other,0.5284052019164955,33.99,0,,0,0,0,1,0,0,0,0,1,0
152,427410,Abiotic Factor,feb,1,1,1,5,2025-04,3117,8.044626279767337,other,0.5284052019164955,33.99,0,,0,0,0,0,1,0,0,0,0,1
153,1611600,WARNO,feb,1,0,0,1,2024-12,1384,7.232733136177615,other,1.6919917864476386,39.99,0,,1,0,0,0,0,1,0,0,0,0
153,1611600,WARNO,feb,1,0,0,2,2025-01,1384,7.232733136177615,other,1.6919917864476386,39.99,0,,0,1,0,0,0,0,1,0,0,0
153,1611600,WARNO,feb,1,1,1,3,2025-02,1384,7.232733136177615,other,1.6919917864476386,39.99,0,,0,0,1,0,0,0,0,1,0,0
153,1611600,WARNO,feb,1,1,1,4,2025-03,1384,7.232733136177615,other,1.6919917864476386,39.99,0,,0,0,0,1,0,0,0,0,1,0
153,1611600,WARNO,feb,1,1,1,5,2025-04,1384,7.232733136177615,other,1.6919917864476386,39.99,0,,0,0,0,0,1,0,0,0,0,1
154,585420,Trailmakers,feb,1,0,0,1,2024-12,1490,7.306531398939505,other,6.3709787816564,7.49,0,,1,0,0,0,0,1,0,0,0,0
154,585420,Trailmakers,feb,1,0,0,2,2025-01,1490,7.306531398939505,other,6.3709787816564,7.49,0,,0,1,0,0,0,0,1,0,0,0
154,585420,Trailmakers,feb,1,1,1,3,2025-02,1490,7.306531398939505,other,6.3709787816564,7.49,0,,0,0,1,0,0,0,0,1,0,0
154,585420,Trailmakers,feb,1,1,1,4,2025-03,1490,7.306531398939505,other,6.3709787816564,7.49,0,,0,0,0,1,0,0,0,0,1,0
154,585420,Trailmakers,feb,1,1,1,5,2025-04,1490,7.306531398939505,other,6.3709787816564,7.49,0,,0,0,0,0,1,0,0,0,0,1
155,1676840,For The King II,feb,1,0,0,1,2024-12,2012,7.60688453121963,other,2.2477754962354553,9.99,0,,1,0,0,0,0,1,0,0,0,0
155,1676840,For The King II,feb,1,0,0,2,2025-01,2012,7.60688453121963,other,2.2477754962354553,9.99,0,,0,1,0,0,0,0,1,0,0,0
155,1676840,For The King II,feb,1,1,1,3,2025-02,2012,7.60688453121963,other,2.2477754962354553,9.99,0,,0,0,1,0,0,0,0,1,0,0
155,1676840,For The King II,feb,1,1,1,4,2025-03,2012,7.60688453121963,other,2.2477754962354553,9.99,0,,0,0,0,1,0,0,0,0,1,0
155,1676840,For The King II,feb,1,1,1,5,2025-04,2012,7.60688453121963,other,2.2477754962354553,9.99,0,,0,0,0,0,1,0,0,0,0,1
156,1601580,Frostpunk 2,feb,1,0,0,1,2024-12,1296,7.16703787691222,other,1.3634496919917864,26.99,0,,1,0,0,0,0,1,0,0,0,0
156,1601580,Frostpunk 2,feb,1,0,0,2,2025-01,1296,7.16703787691222,other,1.3634496919917864,26.99,0,,0,1,0,0,0,0,1,0,0,0
156,1601580,Frostpunk 2,feb,1,1,1,3,2025-02,1296,7.16703787691222,other,1.3634496919917864,26.99,0,,0,0,1,0,0,0,0,1,0,0
156,1601580,Frostpunk 2,feb,1,1,1,4,2025-03,1296,7.16703787691222,other,1.3634496919917864,26.99,0,,0,0,0,1,0,0,0,0,1,0
156,1601580,Frostpunk 2,feb,1,1,1,5,2025-04,1296,7.16703787691222,other,1.3634496919917864,26.99,0,,0,0,0,0,1,0,0,0,0,1
157,1929610,Demonologist,feb,1,0,0,1,2024-12,328,5.793013608384144,other,2.351813826146475,19.5,0,,1,0,0,0,0,1,0,0,0,0
157,1929610,Demonologist,feb,1,0,0,2,2025-01,328,5.793013608384144,other,2.351813826146475,19.5,0,,0,1,0,0,0,0,1,0,0,0
157,1929610,Demonologist,feb,1,1,1,3,2025-02,328,5.793013608384144,other,2.351813826146475,19.5,0,,0,0,1,0,0,0,0,1,0,0
157,1929610,Demonologist,feb,1,1,1,4,2025-03,328,5.793013608384144,other,2.351813826146475,19.5,0,,0,0,0,1,0,0,0,0,1,0
157,1929610,Demonologist,feb,1,1,1,5,2025-04,328,5.793013608384144,other,2.351813826146475,19.5,0,,0,0,0,0,1,0,0,0,0,1
158,1114150,CarX Street,feb,1,0,0,1,2024-12,877,6.776506992372183,mmo,1.4236824093086926,17.59,0,,1,0,0,0,0,1,0,0,0,0
158,1114150,CarX Street,feb,1,0,0,2,2025-01,877,6.776506992372183,mmo,1.4236824093086926,17.59,0,,0,1,0,0,0,0,1,0,0,0
158,1114150,CarX Street,feb,1,1,1,3,2025-02,877,6.776506992372183,mmo,1.4236824093086926,17.59,0,,0,0,1,0,0,0,0,1,0,0
158,1114150,CarX Street,feb,1,1,1,4,2025-03,877,6.776506992372183,mmo,1.4236824093086926,17.59,0,,0,0,0,1,0,0,0,0,1,0
158,1114150,CarX Street,feb,1,1,1,5,2025-04,877,6.776506992372183,mmo,1.4236824093086926,17.59,0,,0,0,0,0,1,0,0,0,0,1
159,361420,ASTRONEER,feb,1,0,0,1,2024-12,2986,8.001689978099135,other,6.9869952087611225,29.99,0,,1,0,0,0,0,1,0,0,0,0
159,361420,ASTRONEER,feb,1,0,0,2,2025-01,2986,8.001689978099135,other,6.9869952087611225,29.99,0,,0,1,0,0,0,0,1,0,0,0
159,361420,ASTRONEER,feb,1,1,1,3,2025-02,2986,8.001689978099135,other,6.9869952087611225,29.99,0,,0,0,1,0,0,0,0,1,0,0
159,361420,ASTRONEER,feb,1,1,1,4,2025-03,2986,8.001689978099135,other,6.9869952087611225,29.99,0,,0,0,0,1,0,0,0,0,1,0
159,361420,ASTRONEER,feb,1,1,1,5,2025-04,2986,8.001689978099135,other,6.9869952087611225,29.99,0,,0,0,0,0,1,0,0,0,0,1
160,289070,Sid Meier’s Civilization® VI,feb,1,0,0,1,2024-12,48350,10.78622150088144,other,9.281314168377824,59.99,0,,1,0,0,0,0,1,0,0,0,0
160,289070,Sid Meier’s Civilization® VI,feb,1,0,0,2,2025-01,48350,10.78622150088144,other,9.281314168377824,59.99,0,,0,1,0,0,0,0,1,0,0,0
160,289070,Sid Meier’s Civilization® VI,feb,1,1,1,3,2025-02,48350,10.78622150088144,other,9.281314168377824,59.99,0,,0,0,1,0,0,0,0,1,0,0
160,289070,Sid Meier’s Civilization® VI,feb,1,1,1,4,2025-03,48350,10.78622150088144,other,9.281314168377824,59.99,0,,0,0,0,1,0,0,0,0,1,0
160,289070,Sid Meier’s Civilization® VI,feb,1,1,1,5,2025-04,48350,10.78622150088144,other,9.281314168377824,59.99,0,,0,0,0,0,1,0,0,0,0,1
161,457140,Oxygen Not Included,feb,1,0,0,1,2024-12,15401,9.642187721358466,other,6.507871321013004,22.99,0,,1,0,0,0,0,1,0,0,0,0
161,457140,Oxygen Not Included,feb,1,0,0,2,2025-01,15401,9.642187721358466,other,6.507871321013004,22.99,0,,0,1,0,0,0,0,1,0,0,0
161,457140,Oxygen Not Included,feb,1,1,1,3,2025-02,15401,9.642187721358466,other,6.507871321013004,22.99,0,,0,0,1,0,0,0,0,1,0,0
161,457140,Oxygen Not Included,feb,1,1,1,4,2025-03,15401,9.642187721358466,other,6.507871321013004,22.99,0,,0,0,0,1,0,0,0,0,1,0
161,457140,Oxygen Not Included,feb,1,1,1,5,2025-04,15401,9.642187721358466,other,6.507871321013004,22.99,0,,0,0,0,0,1,0,0,0,0,1
162,2795540,The Midnight Walkers,feb,1,0,0,1,2024-12,2146,7.671360923190644,other,0.008213552361396304,14.39,0,,1,0,0,0,0,1,0,0,0,0
162,2795540,The Midnight Walkers,feb,1,0,0,2,2025-01,2146,7.671360923190644,other,0.008213552361396304,14.39,0,,0,1,0,0,0,0,1,0,0,0
162,2795540,The Midnight Walkers,feb,1,1,1,3,2025-02,2146,7.671360923190644,other,0.008213552361396304,14.39,0,,0,0,1,0,0,0,0,1,0,0
162,2795540,The Midnight Walkers,feb,1,1,1,4,2025-03,2146,7.671360923190644,other,0.008213552361396304,14.39,0,,0,0,0,1,0,0,0,0,1,0
162,2795540,The Midnight Walkers,feb,1,1,1,5,2025-04,2146,7.671360923190644,other,0.008213552361396304,14.39,0,,0,0,0,0,1,0,0,0,0,1
163,1575940,Sins of a Solar Empire II,feb,1,0,0,1,2024-12,770,6.646390514847729,other,1.462012320328542,298.0,0,,1,0,0,0,0,1,0,0,0,0
163,1575940,Sins of a Solar Empire II,feb,1,0,0,2,2025-01,770,6.646390514847729,other,1.462012320328542,298.0,0,,0,1,0,0,0,0,1,0,0,0
163,1575940,Sins of a Solar Empire II,feb,1,1,1,3,2025-02,770,6.646390514847729,other,1.462012320328542,298.0,0,,0,0,1,0,0,0,0,1,0,0
163,1575940,Sins of a Solar Empire II,feb,1,1,1,4,2025-03,770,6.646390514847729,other,1.462012320328542,298.0,0,,0,0,0,1,0,0,0,0,1,0
163,1575940,Sins of a Solar Empire II,feb,1,1,1,5,2025-04,770,6.646390514847729,other,1.462012320328542,298.0,0,,0,0,0,0,1,0,0,0,0,1
164,1721470,Poppy Playtime,feb,1,0,0,1,2024-12,1644,7.404887575616125,other,4.303901437371663,0.0,1,,1,0,0,0,0,1,0,0,0,0
164,1721470,Poppy Playtime,feb,1,0,0,2,2025-01,1644,7.404887575616125,other,4.303901437371663,0.0,1,,0,1,0,0,0,0,1,0,0,0
164,1721470,Poppy Playtime,feb,1,1,1,3,2025-02,1644,7.404887575616125,other,4.303901437371663,0.0,1,,0,0,1,0,0,0,0,1,0,0
164,1721470,Poppy Playtime,feb,1,1,1,4,2025-03,1644,7.404887575616125,other,4.303901437371663,0.0,1,,0,0,0,1,0,0,0,0,1,0
164,1721470,Poppy Playtime,feb,1,1,1,5,2025-04,1644,7.404887575616125,other,4.303901437371663,0.0,1,,0,0,0,0,1,0,0,0,0,1
165,2457220,Avowed,feb,1,0,0,1,2024-12,436,6.077642243349034,other,0.9500342231348392,49.99,0,,1,0,0,0,0,1,0,0,0,0
165,2457220,Avowed,feb,1,0,0,2,2025-01,436,6.077642243349034,other,0.9500342231348392,49.99,0,,0,1,0,0,0,0,1,0,0,0
165,2457220,Avowed,feb,1,1,1,3,2025-02,436,6.077642243349034,other,0.9500342231348392,49.99,0,,0,0,1,0,0,0,0,1,0,0
165,2457220,Avowed,feb,1,1,1,4,2025-03,436,6.077642243349034,other,0.9500342231348392,49.99,0,,0,0,0,1,0,0,0,0,1,0
165,2457220,Avowed,feb,1,1,1,5,2025-04,436,6.077642243349034,other,0.9500342231348392,49.99,0,,0,0,0,0,1,0,0,0,0,1
166,293760,Automation - The Car Company Tycoon Game,feb,1,0,0,1,2024-12,724,6.584791392385716,other,10.8911704312115,26.99,0,,1,0,0,0,0,1,0,0,0,0
166,293760,Automation - The Car Company Tycoon Game,feb,1,0,0,2,2025-01,724,6.584791392385716,other,10.8911704312115,26.99,0,,0,1,0,0,0,0,1,0,0,0
166,293760,Automation - The Car Company Tycoon Game,feb,1,1,1,3,2025-02,724,6.584791392385716,other,10.8911704312115,26.99,0,,0,0,1,0,0,0,0,1,0,0
166,293760,Automation - The Car Company Tycoon Game,feb,1,1,1,4,2025-03,724,6.584791392385716,other,10.8911704312115,26.99,0,,0,0,0,1,0,0,0,0,1,0
166,293760,Automation - The Car Company Tycoon Game,feb,1,1,1,5,2025-04,724,6.584791392385716,other,10.8911704312115,26.99,0,,0,0,0,0,1,0,0,0,0,1
167,466560,Northgard: Definitive Edition,feb,1,0,0,1,2024-12,2074,7.637234388789473,other,7.904175222450377,13.99,0,,1,0,0,0,0,1,0,0,0,0
167,466560,Northgard: Definitive Edition,feb,1,0,0,2,2025-01,2074,7.637234388789473,other,7.904175222450377,13.99,0,,0,1,0,0,0,0,1,0,0,0
167,466560,Northgard: Definitive Edition,feb,1,1,1,3,2025-02,2074,7.637234388789473,other,7.904175222450377,13.99,0,,0,0,1,0,0,0,0,1,0,0
167,466560,Northgard: Definitive Edition,feb,1,1,1,4,2025-03,2074,7.637234388789473,other,7.904175222450377,13.99,0,,0,0,0,1,0,0,0,0,1,0
167,466560,Northgard: Definitive Edition,feb,1,1,1,5,2025-04,2074,7.637234388789473,other,7.904175222450377,13.99,0,,0,0,0,0,1,0,0,0,0,1
168,2864560,Rune Factory: Guardians of Azuma,feb,1,0,0,1,2024-12,616,6.423246963533519,other,0.6570841889117043,4606.0,0,,1,0,0,0,0,1,0,0,0,0
168,2864560,Rune Factory: Guardians of Azuma,feb,1,0,0,2,2025-01,616,6.423246963533519,other,0.6570841889117043,4606.0,0,,0,1,0,0,0,0,1,0,0,0
168,2864560,Rune Factory: Guardians of Azuma,feb,1,1,1,3,2025-02,616,6.423246963533519,other,0.6570841889117043,4606.0,0,,0,0,1,0,0,0,0,1,0,0
168,2864560,Rune Factory: Guardians of Azuma,feb,1,1,1,4,2025-03,616,6.423246963533519,other,0.6570841889117043,4606.0,0,,0,0,0,1,0,0,0,0,1,0
168,2864560,Rune Factory: Guardians of Azuma,feb,1,1,1,5,2025-04,616,6.423246963533519,other,0.6570841889117043,4606.0,0,,0,0,0,0,1,0,0,0,0,1
169,293760,Automation - The Car Company Tycoon Game,feb,1,0,0,1,2024-12,724,6.584791392385716,other,10.8911704312115,26.99,0,,1,0,0,0,0,1,0,0,0,0
169,293760,Automation - The Car Company Tycoon Game,feb,1,0,0,2,2025-01,724,6.584791392385716,other,10.8911704312115,26.99,0,,0,1,0,0,0,0,1,0,0,0
169,293760,Automation - The Car Company Tycoon Game,feb,1,1,1,3,2025-02,724,6.584791392385716,other,10.8911704312115,26.99,0,,0,0,1,0,0,0,0,1,0,0
169,293760,Automation - The Car Company Tycoon Game,feb,1,1,1,4,2025-03,724,6.584791392385716,other,10.8911704312115,26.99,0,,0,0,0,1,0,0,0,0,1,0
169,293760,Automation - The Car Company Tycoon Game,feb,1,1,1,5,2025-04,724,6.584791392385716,other,10.8911704312115,26.99,0,,0,0,0,0,1,0,0,0,0,1
170,457140,Oxygen Not Included,feb,1,0,0,1,2024-12,15401,9.642187721358466,other,6.507871321013004,22.99,0,,1,0,0,0,0,1,0,0,0,0
170,457140,Oxygen Not Included,feb,1,0,0,2,2025-01,15401,9.642187721358466,other,6.507871321013004,22.99,0,,0,1,0,0,0,0,1,0,0,0
170,457140,Oxygen Not Included,feb,1,1,1,3,2025-02,15401,9.642187721358466,other,6.507871321013004,22.99,0,,0,0,1,0,0,0,0,1,0,0
170,457140,Oxygen Not Included,feb,1,1,1,4,2025-03,15401,9.642187721358466,other,6.507871321013004,22.99,0,,0,0,0,1,0,0,0,0,1,0
170,457140,Oxygen Not Included,feb,1,1,1,5,2025-04,15401,9.642187721358466,other,6.507871321013004,22.99,0,,0,0,0,0,1,0,0,0,0,1
171,1105420,Game of Thrones Winter is Coming,feb,1,0,0,1,2024-12,588,6.376726947898627,mmo,6.2149212867898695,0.0,1,,1,0,0,0,0,1,0,0,0,0
171,1105420,Game of Thrones Winter is Coming,feb,1,0,0,2,2025-01,588,6.376726947898627,mmo,6.2149212867898695,0.0,1,,0,1,0,0,0,0,1,0,0,0
171,1105420,Game of Thrones Winter is Coming,feb,1,1,1,3,2025-02,588,6.376726947898627,mmo,6.2149212867898695,0.0,1,,0,0,1,0,0,0,0,1,0,0
171,1105420,Game of Thrones Winter is Coming,feb,1,1,1,4,2025-03,588,6.376726947898627,mmo,6.2149212867898695,0.0,1,,0,0,0,1,0,0,0,0,1,0
171,1105420,Game of Thrones Winter is Coming,feb,1,1,1,5,2025-04,588,6.376726947898627,mmo,6.2149212867898695,0.0,1,,0,0,0,0,1,0,0,0,0,1
172,1868140,DAVE THE DIVER,feb,1,0,0,1,2024-12,7445,8.915297945118109,other,2.595482546201232,19.99,0,,1,0,0,0,0,1,0,0,0,0
172,1868140,DAVE THE DIVER,feb,1,0,0,2,2025-01,7445,8.915297945118109,other,2.595482546201232,19.99,0,,0,1,0,0,0,0,1,0,0,0
172,1868140,DAVE THE DIVER,feb,1,1,1,3,2025-02,7445,8.915297945118109,other,2.595482546201232,19.99,0,,0,0,1,0,0,0,0,1,0,0
172,1868140,DAVE THE DIVER,feb,1,1,1,4,2025-03,7445,8.915297945118109,other,2.595482546201232,19.99,0,,0,0,0,1,0,0,0,0,1,0
172,1868140,DAVE THE DIVER,feb,1,1,1,5,2025-04,7445,8.915297945118109,other,2.595482546201232,19.99,0,,0,0,0,0,1,0,0,0,0,1
173,492720,Tropico 6,feb,1,0,0,1,2024-12,1352,7.20934025660291,other,6.844626967830253,39.99,0,,1,0,0,0,0,1,0,0,0,0
173,492720,Tropico 6,feb,1,0,0,2,2025-01,1352,7.20934025660291,other,6.844626967830253,39.99,0,,0,1,0,0,0,0,1,0,0,0
173,492720,Tropico 6,feb,1,1,1,3,2025-02,1352,7.20934025660291,other,6.844626967830253,39.99,0,,0,0,1,0,0,0,0,1,0,0
173,492720,Tropico 6,feb,1,1,1,4,2025-03,1352,7.20934025660291,other,6.844626967830253,39.99,0,,0,0,0,1,0,0,0,0,1,0
173,492720,Tropico 6,feb,1,1,1,5,2025-04,1352,7.20934025660291,other,6.844626967830253,39.99,0,,0,0,0,0,1,0,0,0,0,1
174,975370,Dwarf Fortress,feb,1,0,0,1,2024-12,899,6.80128303447162,other,3.154004106776181,28.99,0,,1,0,0,0,0,1,0,0,0,0
174,975370,Dwarf Fortress,feb,1,0,0,2,2025-01,899,6.80128303447162,other,3.154004106776181,28.99,0,,0,1,0,0,0,0,1,0,0,0
174,975370,Dwarf Fortress,feb,1,1,1,3,2025-02,899,6.80128303447162,other,3.154004106776181,28.99,0,,0,0,1,0,0,0,0,1,0,0
174,975370,Dwarf Fortress,feb,1,1,1,4,2025-03,899,6.80128303447162,other,3.154004106776181,28.99,0,,0,0,0,1,0,0,0,0,1,0
174,975370,Dwarf Fortress,feb,1,1,1,5,2025-04,899,6.80128303447162,other,3.154004106776181,28.99,0,,0,0,0,0,1,0,0,0,0,1
175,2495100,Hello Kitty Island Adventure,feb,1,0,0,1,2024-12,1023,6.930494765951626,other,1.002053388090349,39.99,0,,1,0,0,0,0,1,0,0,0,0
175,2495100,Hello Kitty Island Adventure,feb,1,0,0,2,2025-01,1023,6.930494765951626,other,1.002053388090349,39.99,0,,0,1,0,0,0,0,1,0,0,0
175,2495100,Hello Kitty Island Adventure,feb,1,1,1,3,2025-02,1023,6.930494765951626,other,1.002053388090349,39.99,0,,0,0,1,0,0,0,0,1,0,0
175,2495100,Hello Kitty Island Adventure,feb,1,1,1,4,2025-03,1023,6.930494765951626,other,1.002053388090349,39.99,0,,0,0,0,1,0,0,0,0,1,0
175,2495100,Hello Kitty Island Adventure,feb,1,1,1,5,2025-04,1023,6.930494765951626,other,1.002053388090349,39.99,0,,0,0,0,0,1,0,0,0,0,1
176,1575940,Sins of a Solar Empire II,feb,1,0,0,1,2024-12,770,6.646390514847729,other,1.462012320328542,298.0,0,,1,0,0,0,0,1,0,0,0,0
176,1575940,Sins of a Solar Empire II,feb,1,0,0,2,2025-01,770,6.646390514847729,other,1.462012320328542,298.0,0,,0,1,0,0,0,0,1,0,0,0
176,1575940,Sins of a Solar Empire II,feb,1,1,1,3,2025-02,770,6.646390514847729,other,1.462012320328542,298.0,0,,0,0,1,0,0,0,0,1,0,0
176,1575940,Sins of a Solar Empire II,feb,1,1,1,4,2025-03,770,6.646390514847729,other,1.462012320328542,298.0,0,,0,0,0,1,0,0,0,0,1,0
176,1575940,Sins of a Solar Empire II,feb,1,1,1,5,2025-04,770,6.646390514847729,other,1.462012320328542,298.0,0,,0,0,0,0,1,0,0,0,0,1
177,2795540,The Midnight Walkers,feb,1,0,0,1,2024-12,2146,7.671360923190644,other,0.008213552361396304,14.39,0,,1,0,0,0,0,1,0,0,0,0
177,2795540,The Midnight Walkers,feb,1,0,0,2,2025-01,2146,7.671360923190644,other,0.008213552361396304,14.39,0,,0,1,0,0,0,0,1,0,0,0
177,2795540,The Midnight Walkers,feb,1,1,1,3,2025-02,2146,7.671360923190644,other,0.008213552361396304,14.39,0,,0,0,1,0,0,0,0,1,0,0
177,2795540,The Midnight Walkers,feb,1,1,1,4,2025-03,2146,7.671360923190644,other,0.008213552361396304,14.39,0,,0,0,0,1,0,0,0,0,1,0
177,2795540,The Midnight Walkers,feb,1,1,1,5,2025-04,2146,7.671360923190644,other,0.008213552361396304,14.39,0,,0,0,0,0,1,0,0,0,0,1
178,2333480,RAID: Shadow Legends,feb,1,0,0,1,2024-12,1404,7.247080584585756,mmo,2.0616016427104724,0.0,1,,1,0,0,0,0,1,0,0,0,0
178,2333480,RAID: Shadow Legends,feb,1,0,0,2,2025-01,1404,7.247080584585756,mmo,2.0616016427104724,0.0,1,,0,1,0,0,0,0,1,0,0,0
178,2333480,RAID: Shadow Legends,feb,1,1,1,3,2025-02,1404,7.247080584585756,mmo,2.0616016427104724,0.0,1,,0,0,1,0,0,0,0,1,0,0
178,2333480,RAID: Shadow Legends,feb,1,1,1,4,2025-03,1404,7.247080584585756,mmo,2.0616016427104724,0.0,1,,0,0,0,1,0,0,0,0,1,0
178,2333480,RAID: Shadow Legends,feb,1,1,1,5,2025-04,1404,7.247080584585756,mmo,2.0616016427104724,0.0,1,,0,0,0,0,1,0,0,0,0,1
179,2198150,Tiny Glade,feb,1,0,0,1,2024-12,258,5.552959584921617,other,1.3552361396303902,14.79,0,,1,0,0,0,0,1,0,0,0,0
179,2198150,Tiny Glade,feb,1,0,0,2,2025-01,258,5.552959584921617,other,1.3552361396303902,14.79,0,,0,1,0,0,0,0,1,0,0,0
179,2198150,Tiny Glade,feb,1,1,1,3,2025-02,258,5.552959584921617,other,1.3552361396303902,14.79,0,,0,0,1,0,0,0,0,1,0,0
179,2198150,Tiny Glade,feb,1,1,1,4,2025-03,258,5.552959584921617,other,1.3552361396303902,14.79,0,,0,0,0,1,0,0,0,0,1,0
179,2198150,Tiny Glade,feb,1,1,1,5,2025-04,258,5.552959584921617,other,1.3552361396303902,14.79,0,,0,0,0,0,1,0,0,0,0,1
180,3092660,Reverse: 1999,feb,1,0,0,1,2024-12,1616,7.38770923908104,other,1.3141683778234086,0.0,1,,1,0,0,0,0,1,0,0,0,0
180,3092660,Reverse: 1999,feb,1,0,0,2,2025-01,1616,7.38770923908104,other,1.3141683778234086,0.0,1,,0,1,0,0,0,0,1,0,0,0
180,3092660,Reverse: 1999,feb,1,1,1,3,2025-02,1616,7.38770923908104,other,1.3141683778234086,0.0,1,,0,0,1,0,0,0,0,1,0,0
180,3092660,Reverse: 1999,feb,1,1,1,4,2025-03,1616,7.38770923908104,other,1.3141683778234086,0.0,1,,0,0,0,1,0,0,0,0,1,0
180,3092660,Reverse: 1999,feb,1,1,1,5,2025-04,1616,7.38770923908104,other,1.3141683778234086,0.0,1,,0,0,0,0,1,0,0,0,0,1
181,342940,Project: Gorgon,feb,1,0,0,1,2024-12,400,5.991464547107982,mmo,0.008213552361396304,18.37,0,,1,0,0,0,0,1,0,0,0,0
181,342940,Project: Gorgon,feb,1,0,0,2,2025-01,400,5.991464547107982,mmo,0.008213552361396304,18.37,0,,0,1,0,0,0,0,1,0,0,0
181,342940,Project: Gorgon,feb,1,1,1,3,2025-02,400,5.991464547107982,mmo,0.008213552361396304,18.37,0,,0,0,1,0,0,0,0,1,0,0
181,342940,Project: Gorgon,feb,1,1,1,4,2025-03,400,5.991464547107982,mmo,0.008213552361396304,18.37,0,,0,0,0,1,0,0,0,0,1,0
181,342940,Project: Gorgon,feb,1,1,1,5,2025-04,400,5.991464547107982,mmo,0.008213552361396304,18.37,0,,0,0,0,0,1,0,0,0,0,1
182,613100,House Flipper,feb,1,0,0,1,2024-12,2252,7.719573989259581,other,7.709787816563997,24.5,0,,1,0,0,0,0,1,0,0,0,0
182,613100,House Flipper,feb,1,0,0,2,2025-01,2252,7.719573989259581,other,7.709787816563997,24.5,0,,0,1,0,0,0,0,1,0,0,0
182,613100,House Flipper,feb,1,1,1,3,2025-02,2252,7.719573989259581,other,7.709787816563997,24.5,0,,0,0,1,0,0,0,0,1,0,0
182,613100,House Flipper,feb,1,1,1,4,2025-03,2252,7.719573989259581,other,7.709787816563997,24.5,0,,0,0,0,1,0,0,0,0,1,0
182,613100,House Flipper,feb,1,1,1,5,2025-04,2252,7.719573989259581,other,7.709787816563997,24.5,0,,0,0,0,0,1,0,0,0,0,1
183,322330,Don't Starve Together,feb,1,0,0,1,2024-12,50029,10.820358116275292,other,9.779603011635865,14.99,0,,1,0,0,0,0,1,0,0,0,0
183,322330,Don't Starve Together,feb,1,0,0,2,2025-01,50029,10.820358116275292,other,9.779603011635865,14.99,0,,0,1,0,0,0,0,1,0,0,0
183,322330,Don't Starve Together,feb,1,1,1,3,2025-02,50029,10.820358116275292,other,9.779603011635865,14.99,0,,0,0,1,0,0,0,0,1,0,0
183,322330,Don't Starve Together,feb,1,1,1,4,2025-03,50029,10.820358116275292,other,9.779603011635865,14.99,0,,0,0,0,1,0,0,0,0,1,0
183,322330,Don't Starve Together,feb,1,1,1,5,2025-04,50029,10.820358116275292,other,9.779603011635865,14.99,0,,0,0,0,0,1,0,0,0,0,1
184,1184370,Pathfinder: Wrath of the Righteous - Enhanced Edition,feb,1,0,0,1,2024-12,3381,8.125926802707886,other,4.413415468856948,19.99,0,,1,0,0,0,0,1,0,0,0,0
184,1184370,Pathfinder: Wrath of the Righteous - Enhanced Edition,feb,1,0,0,2,2025-01,3381,8.125926802707886,other,4.413415468856948,19.99,0,,0,1,0,0,0,0,1,0,0,0
184,1184370,Pathfinder: Wrath of the Righteous - Enhanced Edition,feb,1,1,1,3,2025-02,3381,8.125926802707886,other,4.413415468856948,19.99,0,,0,0,1,0,0,0,0,1,0,0
184,1184370,Pathfinder: Wrath of the Righteous - Enhanced Edition,feb,1,1,1,4,2025-03,3381,8.125926802707886,other,4.413415468856948,19.99,0,,0,0,0,1,0,0,0,0,1,0
184,1184370,Pathfinder: Wrath of the Righteous - Enhanced Edition,feb,1,1,1,5,2025-04,3381,8.125926802707886,other,4.413415468856948,19.99,0,,0,0,0,0,1,0,0,0,0,1
185,2417610,METAL GEAR SOLID Δ: SNAKE EATER,feb,1,0,0,1,2024-12,286,5.655991810819852,other,0.4271047227926078,79.99,0,,1,0,0,0,0,1,0,0,0,0
185,2417610,METAL GEAR SOLID Δ: SNAKE EATER,feb,1,0,0,2,2025-01,286,5.655991810819852,other,0.4271047227926078,79.99,0,,0,1,0,0,0,0,1,0,0,0
185,2417610,METAL GEAR SOLID Δ: SNAKE EATER,feb,1,1,1,3,2025-02,286,5.655991810819852,other,0.4271047227926078,79.99,0,,0,0,1,0,0,0,0,1,0,0
185,2417610,METAL GEAR SOLID Δ: SNAKE EATER,feb,1,1,1,4,2025-03,286,5.655991810819852,other,0.4271047227926078,79.99,0,,0,0,0,1,0,0,0,0,1,0
185,2417610,METAL GEAR SOLID Δ: SNAKE EATER,feb,1,1,1,5,2025-04,286,5.655991810819852,other,0.4271047227926078,79.99,0,,0,0,0,0,1,0,0,0,0,1
186,1139980,Travellers Rest,feb,1,0,0,1,2024-12,1400,7.24422751560335,other,5.51129363449692,13.49,0,,1,0,0,0,0,1,0,0,0,0
186,1139980,Travellers Rest,feb,1,0,0,2,2025-01,1400,7.24422751560335,other,5.51129363449692,13.49,0,,0,1,0,0,0,0,1,0,0,0
186,1139980,Travellers Rest,feb,1,1,1,3,2025-02,1400,7.24422751560335,other,5.51129363449692,13.49,0,,0,0,1,0,0,0,0,1,0,0
186,1139980,Travellers Rest,feb,1,1,1,4,2025-03,1400,7.24422751560335,other,5.51129363449692,13.49,0,,0,0,0,1,0,0,0,0,1,0
186,1139980,Travellers Rest,feb,1,1,1,5,2025-04,1400,7.24422751560335,other,5.51129363449692,13.49,0,,0,0,0,0,1,0,0,0,0,1
187,1054490,Wingspan,feb,1,0,0,1,2024-12,839,6.732210706467206,other,5.371663244353183,9.99,0,,1,0,0,0,0,1,0,0,0,0
187,1054490,Wingspan,feb,1,0,0,2,2025-01,839,6.732210706467206,other,5.371663244353183,9.99,0,,0,1,0,0,0,0,1,0,0,0
187,1054490,Wingspan,feb,1,1,1,3,2025-02,839,6.732210706467206,other,5.371663244353183,9.99,0,,0,0,1,0,0,0,0,1,0,0
187,1054490,Wingspan,feb,1,1,1,4,2025-03,839,6.732210706467206,other,5.371663244353183,9.99,0,,0,0,0,1,0,0,0,0,1,0
187,1054490,Wingspan,feb,1,1,1,5,2025-04,839,6.732210706467206,other,5.371663244353183,9.99,0,,0,0,0,0,1,0,0,0,0,1
188,2996040,Teenage Mutant Ninja Turtles: Splintered Fate,feb,1,0,0,1,2024-12,347,5.849324779946859,other,1.2347707049965777,7.12,0,,1,0,0,0,0,1,0,0,0,0
188,2996040,Teenage Mutant Ninja Turtles: Splintered Fate,feb,1,0,0,2,2025-01,347,5.849324779946859,other,1.2347707049965777,7.12,0,,0,1,0,0,0,0,1,0,0,0
188,2996040,Teenage Mutant Ninja Turtles: Splintered Fate,feb,1,1,1,3,2025-02,347,5.849324779946859,other,1.2347707049965777,7.12,0,,0,0,1,0,0,0,0,1,0,0
188,2996040,Teenage Mutant Ninja Turtles: Splintered Fate,feb,1,1,1,4,2025-03,347,5.849324779946859,other,1.2347707049965777,7.12,0,,0,0,0,1,0,0,0,0,1,0
188,2996040,Teenage Mutant Ninja Turtles: Splintered Fate,feb,1,1,1,5,2025-04,347,5.849324779946859,other,1.2347707049965777,7.12,0,,0,0,0,0,1,0,0,0,0,1
189,1259420,Days Gone,feb,1,0,0,1,2024-12,2305,7.742835955430749,other,4.7091033538672145,39.99,0,,1,0,0,0,0,1,0,0,0,0
189,1259420,Days Gone,feb,1,0,0,2,2025-01,2305,7.742835955430749,other,4.7091033538672145,39.99,0,,0,1,0,0,0,0,1,0,0,0
189,1259420,Days Gone,feb,1,1,1,3,2025-02,2305,7.742835955430749,other,4.7091033538672145,39.99,0,,0,0,1,0,0,0,0,1,0,0
189,1259420,Days Gone,feb,1,1,1,4,2025-03,2305,7.742835955430749,other,4.7091033538672145,39.99,0,,0,0,0,1,0,0,0,0,1,0
189,1259420,Days Gone,feb,1,1,1,5,2025-04,2305,7.742835955430749,other,4.7091033538672145,39.99,0,,0,0,0,0,1,0,0,0,0,1
190,2784470,9 Kings,feb,1,0,0,1,2024-12,1112,7.013915474810528,other,0.6926762491444216,19.99,0,,1,0,0,0,0,1,0,0,0,0
190,2784470,9 Kings,feb,1,0,0,2,2025-01,1112,7.013915474810528,other,0.6926762491444216,19.99,0,,0,1,0,0,0,0,1,0,0,0
190,2784470,9 Kings,feb,1,1,1,3,2025-02,1112,7.013915474810528,other,0.6926762491444216,19.99,0,,0,0,1,0,0,0,0,1,0,0
190,2784470,9 Kings,feb,1,1,1,4,2025-03,1112,7.013915474810528,other,0.6926762491444216,19.99,0,,0,0,0,1,0,0,0,0,1,0
190,2784470,9 Kings,feb,1,1,1,5,2025-04,1112,7.013915474810528,other,0.6926762491444216,19.99,0,,0,0,0,0,1,0,0,0,0,1
191,2325290,Sky: Children of the Light,feb,1,0,0,1,2024-12,4207,8.344505083590521,mmo,1.809719370294319,0.0,1,,1,0,0,0,0,1,0,0,0,0
191,2325290,Sky: Children of the Light,feb,1,0,0,2,2025-01,4207,8.344505083590521,mmo,1.809719370294319,0.0,1,,0,1,0,0,0,0,1,0,0,0
191,2325290,Sky: Children of the Light,feb,1,1,1,3,2025-02,4207,8.344505083590521,mmo,1.809719370294319,0.0,1,,0,0,1,0,0,0,0,1,0,0
191,2325290,Sky: Children of the Light,feb,1,1,1,4,2025-03,4207,8.344505083590521,mmo,1.809719370294319,0.0,1,,0,0,0,1,0,0,0,0,1,0
191,2325290,Sky: Children of the Light,feb,1,1,1,5,2025-04,4207,8.344505083590521,mmo,1.809719370294319,0.0,1,,0,0,0,0,1,0,0,0,0,1
192,2201940,Ship Graveyard Simulator 2,feb,1,0,0,1,2024-12,577,6.3578422665081,other,2.461327857631759,12.0,0,,1,0,0,0,0,1,0,0,0,0
192,2201940,Ship Graveyard Simulator 2,feb,1,0,0,2,2025-01,577,6.3578422665081,other,2.461327857631759,12.0,0,,0,1,0,0,0,0,1,0,0,0
192,2201940,Ship Graveyard Simulator 2,feb,1,1,1,3,2025-02,577,6.3578422665081,other,2.461327857631759,12.0,0,,0,0,1,0,0,0,0,1,0,0
192,2201940,Ship Graveyard Simulator 2,feb,1,1,1,4,2025-03,577,6.3578422665081,other,2.461327857631759,12.0,0,,0,0,0,1,0,0,0,0,1,0
192,2201940,Ship Graveyard Simulator 2,feb,1,1,1,5,2025-04,577,6.3578422665081,other,2.461327857631759,12.0,0,,0,0,0,0,1,0,0,0,0,1
193,2967990,Train Sim World® 5,feb,1,0,0,1,2024-12,272,5.605802066295998,other,1.3716632443531827,44.99,0,,1,0,0,0,0,1,0,0,0,0
193,2967990,Train Sim World® 5,feb,1,0,0,2,2025-01,272,5.605802066295998,other,1.3716632443531827,44.99,0,,0,1,0,0,0,0,1,0,0,0
193,2967990,Train Sim World® 5,feb,1,1,1,3,2025-02,272,5.605802066295998,other,1.3716632443531827,44.99,0,,0,0,1,0,0,0,0,1,0,0
193,2967990,Train Sim World® 5,feb,1,1,1,4,2025-03,272,5.605802066295998,other,1.3716632443531827,44.99,0,,0,0,0,1,0,0,0,0,1,0
193,2967990,Train Sim World® 5,feb,1,1,1,5,2025-04,272,5.605802066295998,other,1.3716632443531827,44.99,0,,0,0,0,0,1,0,0,0,0,1
194,2967990,Train Sim World® 5,feb,1,0,0,1,2024-12,272,5.605802066295998,other,1.3716632443531827,44.99,0,,1,0,0,0,0,1,0,0,0,0
194,2967990,Train Sim World® 5,feb,1,0,0,2,2025-01,272,5.605802066295998,other,1.3716632443531827,44.99,0,,0,1,0,0,0,0,1,0,0,0
194,2967990,Train Sim World® 5,feb,1,1,1,3,2025-02,272,5.605802066295998,other,1.3716632443531827,44.99,0,,0,0,1,0,0,0,0,1,0,0
194,2967990,Train Sim World® 5,feb,1,1,1,4,2025-03,272,5.605802066295998,other,1.3716632443531827,44.99,0,,0,0,0,1,0,0,0,0,1,0
194,2967990,Train Sim World® 5,feb,1,1,1,5,2025-04,272,5.605802066295998,other,1.3716632443531827,44.99,0,,0,0,0,0,1,0,0,0,0,1
195,1062520,Dinkum,feb,1,0,0,1,2024-12,2524,7.8336002236611035,other,0.7775496235455168,19.5,0,,1,0,0,0,0,1,0,0,0,0
195,1062520,Dinkum,feb,1,0,0,2,2025-01,2524,7.8336002236611035,other,0.7775496235455168,19.5,0,,0,1,0,0,0,0,1,0,0,0
195,1062520,Dinkum,feb,1,1,1,3,2025-02,2524,7.8336002236611035,other,0.7775496235455168,19.5,0,,0,0,1,0,0,0,0,1,0,0
195,1062520,Dinkum,feb,1,1,1,4,2025-03,2524,7.8336002236611035,other,0.7775496235455168,19.5,0,,0,0,0,1,0,0,0,0,1,0
195,1062520,Dinkum,feb,1,1,1,5,2025-04,2524,7.8336002236611035,other,0.7775496235455168,19.5,0,,0,0,0,0,1,0,0,0,0,1
196,960170,DJMAX RESPECT V,feb,1,0,0,1,2024-12,1820,7.506591780070841,other,5.891854893908282,8.39,0,,1,0,0,0,0,1,0,0,0,0
196,960170,DJMAX RESPECT V,feb,1,0,0,2,2025-01,1820,7.506591780070841,other,5.891854893908282,8.39,0,,0,1,0,0,0,0,1,0,0,0
196,960170,DJMAX RESPECT V,feb,1,1,1,3,2025-02,1820,7.506591780070841,other,5.891854893908282,8.39,0,,0,0,1,0,0,0,0,1,0,0
196,960170,DJMAX RESPECT V,feb,1,1,1,4,2025-03,1820,7.506591780070841,other,5.891854893908282,8.39,0,,0,0,0,1,0,0,0,0,1,0
196,960170,DJMAX RESPECT V,feb,1,1,1,5,2025-04,1820,7.506591780070841,other,5.891854893908282,8.39,0,,0,0,0,0,1,0,0,0,0,1
197,1149620,Gas Station Simulator,feb,1,0,0,1,2024-12,354,5.869296913133774,other,4.37782340862423,19.5,0,,1,0,0,0,0,1,0,0,0,0
197,1149620,Gas Station Simulator,feb,1,0,0,2,2025-01,354,5.869296913133774,other,4.37782340862423,19.5,0,,0,1,0,0,0,0,1,0,0,0
197,1149620,Gas Station Simulator,feb,1,1,1,3,2025-02,354,5.869296913133774,other,4.37782340862423,19.5,0,,0,0,1,0,0,0,0,1,0,0
197,1149620,Gas Station Simulator,feb,1,1,1,4,2025-03,354,5.869296913133774,other,4.37782340862423,19.5,0,,0,0,0,1,0,0,0,0,1,0
197,1149620,Gas Station Simulator,feb,1,1,1,5,2025-04,354,5.869296913133774,other,4.37782340862423,19.5,0,,0,0,0,0,1,0,0,0,0,1
198,2325290,Sky: Children of the Light,feb,1,0,0,1,2024-12,4207,8.344505083590521,mmo,1.809719370294319,0.0,1,,1,0,0,0,0,1,0,0,0,0
198,2325290,Sky: Children of the Light,feb,1,0,0,2,2025-01,4207,8.344505083590521,mmo,1.809719370294319,0.0,1,,0,1,0,0,0,0,1,0,0,0
198,2325290,Sky: Children of the Light,feb,1,1,1,3,2025-02,4207,8.344505083590521,mmo,1.809719370294319,0.0,1,,0,0,1,0,0,0,0,1,0,0
198,2325290,Sky: Children of the Light,feb,1,1,1,4,2025-03,4207,8.344505083590521,mmo,1.809719370294319,0.0,1,,0,0,0,1,0,0,0,0,1,0
198,2325290,Sky: Children of the Light,feb,1,1,1,5,2025-04,4207,8.344505083590521,mmo,1.809719370294319,0.0,1,,0,0,0,0,1,0,0,0,0,1
199,1128920,EVERSPACE™ 2,feb,1,0,0,1,2024-12,347,5.849324779946859,other,2.8227241615331966,49.99,0,,1,0,0,0,0,1,0,0,0,0
199,1128920,EVERSPACE™ 2,feb,1,0,0,2,2025-01,347,5.849324779946859,other,2.8227241615331966,49.99,0,,0,1,0,0,0,0,1,0,0,0
199,1128920,EVERSPACE™ 2,feb,1,1,1,3,2025-02,347,5.849324779946859,other,2.8227241615331966,49.99,0,,0,0,1,0,0,0,0,1,0,0
199,1128920,EVERSPACE™ 2,feb,1,1,1,4,2025-03,347,5.849324779946859,other,2.8227241615331966,49.99,0,,0,0,0,1,0,0,0,0,1,0
199,1128920,EVERSPACE™ 2,feb,1,1,1,5,2025-04,347,5.849324779946859,other,2.8227241615331966,49.99,0,,0,0,0,0,1,0,0,0,0,1
200,451340,Gold Mining Simulator,feb,1,0,0,1,2024-12,535,6.282266746896006,other,8.301163586584531,19.99,0,,1,0,0,0,0,1,0,0,0,0
200,451340,Gold Mining Simulator,feb,1,0,0,2,2025-01,535,6.282266746896006,other,8.301163586584531,19.99,0,,0,1,0,0,0,0,1,0,0,0
200,451340,Gold Mining Simulator,feb,1,1,1,3,2025-02,535,6.282266746896006,other,8.301163586584531,19.99,0,,0,0,1,0,0,0,0,1,0,0
200,451340,Gold Mining Simulator,feb,1,1,1,4,2025-03,535,6.282266746896006,other,8.301163586584531,19.99,0,,0,0,0,1,0,0,0,0,1,0
200,451340,Gold Mining Simulator,feb,1,1,1,5,2025-04,535,6.282266746896006,other,8.301163586584531,19.99,0,,0,0,0,0,1,0,0,0,0,1
201,3240220,Grand Theft Auto V Enhanced,mar,1,0,0,1,2024-12,102649,11.53907068055842,other,0.9117043121149897,14.99,0,,1,0,0,0,0,1,0,0,0,0
201,3240220,Grand Theft Auto V Enhanced,mar,1,0,0,2,2025-01,102649,11.53907068055842,other,0.9117043121149897,14.99,0,,0,1,0,0,0,0,1,0,0,0
201,3240220,Grand Theft Auto V Enhanced,mar,1,0,0,3,2025-02,102649,11.53907068055842,other,0.9117043121149897,14.99,0,,0,0,1,0,0,0,0,1,0,0
201,3240220,Grand Theft Auto V Enhanced,mar,1,1,1,4,2025-03,102649,11.53907068055842,other,0.9117043121149897,14.99,0,,0,0,0,1,0,0,0,0,1,0
201,3240220,Grand Theft Auto V Enhanced,mar,1,1,1,5,2025-04,102649,11.53907068055842,other,0.9117043121149897,14.99,0,,0,0,0,0,1,0,0,0,0,1
202,1151340,Fallout 76,mar,1,0,0,1,2024-12,18310,9.815202637668557,other,5.798767967145791,39.99,0,,1,0,0,0,0,1,0,0,0,0
202,1151340,Fallout 76,mar,1,0,0,2,2025-01,18310,9.815202637668557,other,5.798767967145791,39.99,0,,0,1,0,0,0,0,1,0,0,0
202,1151340,Fallout 76,mar,1,0,0,3,2025-02,18310,9.815202637668557,other,5.798767967145791,39.99,0,,0,0,1,0,0,0,0,1,0,0
202,1151340,Fallout 76,mar,1,1,1,4,2025-03,18310,9.815202637668557,other,5.798767967145791,39.99,0,,0,0,0,1,0,0,0,0,1,0
202,1151340,Fallout 76,mar,1,1,1,5,2025-04,18310,9.815202637668557,other,5.798767967145791,39.99,0,,0,0,0,0,1,0,0,0,0,1
203,1361210,"Warhammer 40,000: Darktide",mar,1,0,0,1,2024-12,10206,9.230731061623917,other,3.1704312114989732,9.99,0,,1,0,0,0,0,1,0,0,0,0
203,1361210,"Warhammer 40,000: Darktide",mar,1,0,0,2,2025-01,10206,9.230731061623917,other,3.1704312114989732,9.99,0,,0,1,0,0,0,0,1,0,0,0
203,1361210,"Warhammer 40,000: Darktide",mar,1,0,0,3,2025-02,10206,9.230731061623917,other,3.1704312114989732,9.99,0,,0,0,1,0,0,0,0,1,0,0
203,1361210,"Warhammer 40,000: Darktide",mar,1,1,1,4,2025-03,10206,9.230731061623917,other,3.1704312114989732,9.99,0,,0,0,0,1,0,0,0,0,1,0
203,1361210,"Warhammer 40,000: Darktide",mar,1,1,1,5,2025-04,10206,9.230731061623917,other,3.1704312114989732,9.99,0,,0,0,0,0,1,0,0,0,0,1
204,306130,The Elder Scrolls® Online,mar,1,0,0,1,2024-12,11098,9.314520190885846,mmo,8.695414099931554,19.99,0,,1,0,0,0,0,1,0,0,0,0
204,306130,The Elder Scrolls® Online,mar,1,0,0,2,2025-01,11098,9.314520190885846,mmo,8.695414099931554,19.99,0,,0,1,0,0,0,0,1,0,0,0
204,306130,The Elder Scrolls® Online,mar,1,0,0,3,2025-02,11098,9.314520190885846,mmo,8.695414099931554,19.99,0,,0,0,1,0,0,0,0,1,0,0
204,306130,The Elder Scrolls® Online,mar,1,1,1,4,2025-03,11098,9.314520190885846,mmo,8.695414099931554,19.99,0,,0,0,0,1,0,0,0,0,1,0
204,306130,The Elder Scrolls® Online,mar,1,1,1,5,2025-04,11098,9.314520190885846,mmo,8.695414099931554,19.99,0,,0,0,0,0,1,0,0,0,0,1
205,251570,7 Days to Die,mar,1,0,0,1,2024-12,41470,10.632725553240427,other,1.5195071868583163,43.99,0,,1,0,0,0,0,1,0,0,0,0
205,251570,7 Days to Die,mar,1,0,0,2,2025-01,41470,10.632725553240427,other,1.5195071868583163,43.99,0,,0,1,0,0,0,0,1,0,0,0
205,251570,7 Days to Die,mar,1,0,0,3,2025-02,41470,10.632725553240427,other,1.5195071868583163,43.99,0,,0,0,1,0,0,0,0,1,0,0
205,251570,7 Days to Die,mar,1,1,1,4,2025-03,41470,10.632725553240427,other,1.5195071868583163,43.99,0,,0,0,0,1,0,0,0,0,1,0
205,251570,7 Days to Die,mar,1,1,1,5,2025-04,41470,10.632725553240427,other,1.5195071868583163,43.99,0,,0,0,0,0,1,0,0,0,0,1
206,518790,theHunter: Call of the Wild™,mar,1,0,0,1,2024-12,7280,8.892886141190731,other,8.955509924709103,19.5,0,,1,0,0,0,0,1,0,0,0,0
206,518790,theHunter: Call of the Wild™,mar,1,0,0,2,2025-01,7280,8.892886141190731,other,8.955509924709103,19.5,0,,0,1,0,0,0,0,1,0,0,0
206,518790,theHunter: Call of the Wild™,mar,1,0,0,3,2025-02,7280,8.892886141190731,other,8.955509924709103,19.5,0,,0,0,1,0,0,0,0,1,0,0
206,518790,theHunter: Call of the Wild™,mar,1,1,1,4,2025-03,7280,8.892886141190731,other,8.955509924709103,19.5,0,,0,0,0,1,0,0,0,0,1,0
206,518790,theHunter: Call of the Wild™,mar,1,1,1,5,2025-04,7280,8.892886141190731,other,8.955509924709103,19.5,0,,0,0,0,0,1,0,0,0,0,1
207,526870,Satisfactory,mar,1,0,0,1,2024-12,23984,10.085142220342378,other,1.3908281998631074,248.0,0,,1,0,0,0,0,1,0,0,0,0
207,526870,Satisfactory,mar,1,0,0,2,2025-01,23984,10.085142220342378,other,1.3908281998631074,248.0,0,,0,1,0,0,0,0,1,0,0,0
207,526870,Satisfactory,mar,1,0,0,3,2025-02,23984,10.085142220342378,other,1.3908281998631074,248.0,0,,0,0,1,0,0,0,0,1,0,0
207,526870,Satisfactory,mar,1,1,1,4,2025-03,23984,10.085142220342378,other,1.3908281998631074,248.0,0,,0,0,0,1,0,0,0,0,1,0
207,526870,Satisfactory,mar,1,1,1,5,2025-04,23984,10.085142220342378,other,1.3908281998631074,248.0,0,,0,0,0,0,1,0,0,0,0,1
208,1154030,Titan Quest II,mar,1,0,0,1,2024-12,969,6.876264611890766,other,0.5010266940451745,27.99,0,,1,0,0,0,0,1,0,0,0,0
208,1154030,Titan Quest II,mar,1,0,0,2,2025-01,969,6.876264611890766,other,0.5010266940451745,27.99,0,,0,1,0,0,0,0,1,0,0,0
208,1154030,Titan Quest II,mar,1,0,0,3,2025-02,969,6.876264611890766,other,0.5010266940451745,27.99,0,,0,0,1,0,0,0,0,1,0,0
208,1154030,Titan Quest II,mar,1,1,1,4,2025-03,969,6.876264611890766,other,0.5010266940451745,27.99,0,,0,0,0,1,0,0,0,0,1,0
208,1154030,Titan Quest II,mar,1,1,1,5,2025-04,969,6.876264611890766,other,0.5010266940451745,27.99,0,,0,0,0,0,1,0,0,0,0,1
209,346110,ARK: Survival Evolved,mar,1,0,0,1,2024-12,32681,10.394549148260978,mmo,8.429842573579739,14.79,0,,1,0,0,0,0,1,0,0,0,0
209,346110,ARK: Survival Evolved,mar,1,0,0,2,2025-01,32681,10.394549148260978,mmo,8.429842573579739,14.79,0,,0,1,0,0,0,0,1,0,0,0
209,346110,ARK: Survival Evolved,mar,1,0,0,3,2025-02,32681,10.394549148260978,mmo,8.429842573579739,14.79,0,,0,0,1,0,0,0,0,1,0,0
209,346110,ARK: Survival Evolved,mar,1,1,1,4,2025-03,32681,10.394549148260978,mmo,8.429842573579739,14.79,0,,0,0,0,1,0,0,0,0,1,0
209,346110,ARK: Survival Evolved,mar,1,1,1,5,2025-04,32681,10.394549148260978,mmo,8.429842573579739,14.79,0,,0,0,0,0,1,0,0,0,0,1
210,413150,Stardew Valley,mar,1,0,0,1,2024-12,112017,11.62640592447323,other,9.930184804928132,13.99,0,,1,0,0,0,0,1,0,0,0,0
210,413150,Stardew Valley,mar,1,0,0,2,2025-01,112017,11.62640592447323,other,9.930184804928132,13.99,0,,0,1,0,0,0,0,1,0,0,0
210,413150,Stardew Valley,mar,1,0,0,3,2025-02,112017,11.62640592447323,other,9.930184804928132,13.99,0,,0,0,1,0,0,0,0,1,0,0
210,413150,Stardew Valley,mar,1,1,1,4,2025-03,112017,11.62640592447323,other,9.930184804928132,13.99,0,,0,0,0,1,0,0,0,0,1,0
210,413150,Stardew Valley,mar,1,1,1,5,2025-04,112017,11.62640592447323,other,9.930184804928132,13.99,0,,0,0,0,0,1,0,0,0,0,1
211,261550,Mount & Blade II: Bannerlord,mar,1,0,0,1,2024-12,35162,10.467721233002734,other,3.268993839835729,359.0,0,,1,0,0,0,0,1,0,0,0,0
211,261550,Mount & Blade II: Bannerlord,mar,1,0,0,2,2025-01,35162,10.467721233002734,other,3.268993839835729,359.0,0,,0,1,0,0,0,0,1,0,0,0
211,261550,Mount & Blade II: Bannerlord,mar,1,0,0,3,2025-02,35162,10.467721233002734,other,3.268993839835729,359.0,0,,0,0,1,0,0,0,0,1,0,0
211,261550,Mount & Blade II: Bannerlord,mar,1,1,1,4,2025-03,35162,10.467721233002734,other,3.268993839835729,359.0,0,,0,0,0,1,0,0,0,0,1,0
211,261550,Mount & Blade II: Bannerlord,mar,1,1,1,5,2025-04,35162,10.467721233002734,other,3.268993839835729,359.0,0,,0,0,0,0,1,0,0,0,0,1
212,105600,Terraria,mar,1,0,0,1,2024-12,217832,12.291479402472042,other,14.713210130047912,9.75,0,,1,0,0,0,0,1,0,0,0,0
212,105600,Terraria,mar,1,0,0,2,2025-01,217832,12.291479402472042,other,14.713210130047912,9.75,0,,0,1,0,0,0,0,1,0,0,0
212,105600,Terraria,mar,1,0,0,3,2025-02,217832,12.291479402472042,other,14.713210130047912,9.75,0,,0,0,1,0,0,0,0,1,0,0
212,105600,Terraria,mar,1,1,1,4,2025-03,217832,12.291479402472042,other,14.713210130047912,9.75,0,,0,0,0,1,0,0,0,0,1,0
212,105600,Terraria,mar,1,1,1,5,2025-04,217832,12.291479402472042,other,14.713210130047912,9.75,0,,0,0,0,0,1,0,0,0,0,1
213,1874880,Arma Reforger,mar,1,0,0,1,2024-12,11014,9.306922469822426,other,2.209445585215606,39.99,0,,1,0,0,0,0,1,0,0,0,0
213,1874880,Arma Reforger,mar,1,0,0,2,2025-01,11014,9.306922469822426,other,2.209445585215606,39.99,0,,0,1,0,0,0,0,1,0,0,0
213,1874880,Arma Reforger,mar,1,0,0,3,2025-02,11014,9.306922469822426,other,2.209445585215606,39.99,0,,0,0,1,0,0,0,0,1,0,0
213,1874880,Arma Reforger,mar,1,1,1,4,2025-03,11014,9.306922469822426,other,2.209445585215606,39.99,0,,0,0,0,1,0,0,0,0,1,0
213,1874880,Arma Reforger,mar,1,1,1,5,2025-04,11014,9.306922469822426,other,2.209445585215606,39.99,0,,0,0,0,0,1,0,0,0,0,1
214,945360,Among Us,mar,1,0,0,1,2024-12,7228,8.885717651712119,other,7.208761122518823,4.49,0,,1,0,0,0,0,1,0,0,0,0
214,945360,Among Us,mar,1,0,0,2,2025-01,7228,8.885717651712119,other,7.208761122518823,4.49,0,,0,1,0,0,0,0,1,0,0,0
214,945360,Among Us,mar,1,0,0,3,2025-02,7228,8.885717651712119,other,7.208761122518823,4.49,0,,0,0,1,0,0,0,0,1,0,0
214,945360,Among Us,mar,1,1,1,4,2025-03,7228,8.885717651712119,other,7.208761122518823,4.49,0,,0,0,0,1,0,0,0,0,1,0
214,945360,Among Us,mar,1,1,1,5,2025-04,7228,8.885717651712119,other,7.208761122518823,4.49,0,,0,0,0,0,1,0,0,0,0,1
215,1282100,REMNANT II®,mar,1,0,0,1,2024-12,3284,8.096817470572319,other,2.521560574948665,12.49,0,,1,0,0,0,0,1,0,0,0,0
215,1282100,REMNANT II®,mar,1,0,0,2,2025-01,3284,8.096817470572319,other,2.521560574948665,12.49,0,,0,1,0,0,0,0,1,0,0,0
215,1282100,REMNANT II®,mar,1,0,0,3,2025-02,3284,8.096817470572319,other,2.521560574948665,12.49,0,,0,0,1,0,0,0,0,1,0,0
215,1282100,REMNANT II®,mar,1,1,1,4,2025-03,3284,8.096817470572319,other,2.521560574948665,12.49,0,,0,0,0,1,0,0,0,0,1,0
215,1282100,REMNANT II®,mar,1,1,1,5,2025-04,3284,8.096817470572319,other,2.521560574948665,12.49,0,,0,0,0,0,1,0,0,0,0,1
216,1304930,The Outlast Trials,mar,1,0,0,1,2024-12,6156,8.72518249495877,other,1.9082819986310746,38.99,0,,1,0,0,0,0,1,0,0,0,0
216,1304930,The Outlast Trials,mar,1,0,0,2,2025-01,6156,8.72518249495877,other,1.9082819986310746,38.99,0,,0,1,0,0,0,0,1,0,0,0
216,1304930,The Outlast Trials,mar,1,0,0,3,2025-02,6156,8.72518249495877,other,1.9082819986310746,38.99,0,,0,0,1,0,0,0,0,1,0,0
216,1304930,The Outlast Trials,mar,1,1,1,4,2025-03,6156,8.72518249495877,other,1.9082819986310746,38.99,0,,0,0,0,1,0,0,0,0,1,0
216,1304930,The Outlast Trials,mar,1,1,1,5,2025-04,6156,8.72518249495877,other,1.9082819986310746,38.99,0,,0,0,0,0,1,0,0,0,0,1
217,2778580,ELDEN RING Shadow of the Erdtree,mar,1,0,0,1,2024-12,1000,6.907755278982137,other,1.6153319644079398,39.99,0,,1,0,0,0,0,1,0,0,0,0
217,2778580,ELDEN RING Shadow of the Erdtree,mar,1,0,0,2,2025-01,1000,6.907755278982137,other,1.6153319644079398,39.99,0,,0,1,0,0,0,0,1,0,0,0
217,2778580,ELDEN RING Shadow of the Erdtree,mar,1,0,0,3,2025-02,1000,6.907755278982137,other,1.6153319644079398,39.99,0,,0,0,1,0,0,0,0,1,0,0
217,2778580,ELDEN RING Shadow of the Erdtree,mar,1,1,1,4,2025-03,1000,6.907755278982137,other,1.6153319644079398,39.99,0,,0,0,0,1,0,0,0,0,1,0
217,2778580,ELDEN RING Shadow of the Erdtree,mar,1,1,1,5,2025-04,1000,6.907755278982137,other,1.6153319644079398,39.99,0,,0,0,0,0,1,0,0,0,0,1
218,632360,Risk of Rain 2,mar,1,0,0,1,2024-12,6557,8.788288460263619,other,5.47296372347707,24.99,0,,1,0,0,0,0,1,0,0,0,0
218,632360,Risk of Rain 2,mar,1,0,0,2,2025-01,6557,8.788288460263619,other,5.47296372347707,24.99,0,,0,1,0,0,0,0,1,0,0,0
218,632360,Risk of Rain 2,mar,1,0,0,3,2025-02,6557,8.788288460263619,other,5.47296372347707,24.99,0,,0,0,1,0,0,0,0,1,0,0
218,632360,Risk of Rain 2,mar,1,1,1,4,2025-03,6557,8.788288460263619,other,5.47296372347707,24.99,0,,0,0,0,1,0,0,0,0,1,0
218,632360,Risk of Rain 2,mar,1,1,1,5,2025-04,6557,8.788288460263619,other,5.47296372347707,24.99,0,,0,0,0,0,1,0,0,0,0,1
219,444200,World of Tanks Blitz,mar,1,0,0,1,2024-12,8975,9.10219821335648,mmo,9.22655715263518,0.0,1,,1,0,0,0,0,1,0,0,0,0
219,444200,World of Tanks Blitz,mar,1,0,0,2,2025-01,8975,9.10219821335648,mmo,9.22655715263518,0.0,1,,0,1,0,0,0,0,1,0,0,0
219,444200,World of Tanks Blitz,mar,1,0,0,3,2025-02,8975,9.10219821335648,mmo,9.22655715263518,0.0,1,,0,0,1,0,0,0,0,1,0,0
219,444200,World of Tanks Blitz,mar,1,1,1,4,2025-03,8975,9.10219821335648,mmo,9.22655715263518,0.0,1,,0,0,0,1,0,0,0,0,1,0
219,444200,World of Tanks Blitz,mar,1,1,1,5,2025-04,8975,9.10219821335648,mmo,9.22655715263518,0.0,1,,0,0,0,0,1,0,0,0,0,1
220,2778580,ELDEN RING Shadow of the Erdtree,mar,1,0,0,1,2024-12,1000,6.907755278982137,other,1.6153319644079398,39.99,0,,1,0,0,0,0,1,0,0,0,0
220,2778580,ELDEN RING Shadow of the Erdtree,mar,1,0,0,2,2025-01,1000,6.907755278982137,other,1.6153319644079398,39.99,0,,0,1,0,0,0,0,1,0,0,0
220,2778580,ELDEN RING Shadow of the Erdtree,mar,1,0,0,3,2025-02,1000,6.907755278982137,other,1.6153319644079398,39.99,0,,0,0,1,0,0,0,0,1,0,0
220,2778580,ELDEN RING Shadow of the Erdtree,mar,1,1,1,4,2025-03,1000,6.907755278982137,other,1.6153319644079398,39.99,0,,0,0,0,1,0,0,0,0,1,0
220,2778580,ELDEN RING Shadow of the Erdtree,mar,1,1,1,5,2025-04,1000,6.907755278982137,other,1.6153319644079398,39.99,0,,0,0,0,0,1,0,0,0,0,1
221,1335830,Len's Island,mar,1,0,0,1,2024-12,1310,7.177782416195197,other,0.6187542778918549,16.24,0,,1,0,0,0,0,1,0,0,0,0
221,1335830,Len's Island,mar,1,0,0,2,2025-01,1310,7.177782416195197,other,0.6187542778918549,16.24,0,,0,1,0,0,0,0,1,0,0,0
221,1335830,Len's Island,mar,1,0,0,3,2025-02,1310,7.177782416195197,other,0.6187542778918549,16.24,0,,0,0,1,0,0,0,0,1,0,0
221,1335830,Len's Island,mar,1,1,1,4,2025-03,1310,7.177782416195197,other,0.6187542778918549,16.24,0,,0,0,0,1,0,0,0,0,1,0
221,1335830,Len's Island,mar,1,1,1,5,2025-04,1310,7.177782416195197,other,0.6187542778918549,16.24,0,,0,0,0,0,1,0,0,0,0,1
222,1857950,VEIN,mar,1,0,0,1,2024-12,1161,7.057036981697891,other,0.27104722792607805,16.99,0,,1,0,0,0,0,1,0,0,0,0
222,1857950,VEIN,mar,1,0,0,2,2025-01,1161,7.057036981697891,other,0.27104722792607805,16.99,0,,0,1,0,0,0,0,1,0,0,0
222,1857950,VEIN,mar,1,0,0,3,2025-02,1161,7.057036981697891,other,0.27104722792607805,16.99,0,,0,0,1,0,0,0,0,1,0,0
222,1857950,VEIN,mar,1,1,1,4,2025-03,1161,7.057036981697891,other,0.27104722792607805,16.99,0,,0,0,0,1,0,0,0,0,1,0
222,1857950,VEIN,mar,1,1,1,5,2025-04,1161,7.057036981697891,other,0.27104722792607805,16.99,0,,0,0,0,0,1,0,0,0,0,1
223,2933130,The Lord of the Rings: Return to Moria™,mar,1,0,0,1,2024-12,1058,6.964135612418245,other,1.429158110882957,14.49,0,,1,0,0,0,0,1,0,0,0,0
223,2933130,The Lord of the Rings: Return to Moria™,mar,1,0,0,2,2025-01,1058,6.964135612418245,other,1.429158110882957,14.49,0,,0,1,0,0,0,0,1,0,0,0
223,2933130,The Lord of the Rings: Return to Moria™,mar,1,0,0,3,2025-02,1058,6.964135612418245,other,1.429158110882957,14.49,0,,0,0,1,0,0,0,0,1,0,0
223,2933130,The Lord of the Rings: Return to Moria™,mar,1,1,1,4,2025-03,1058,6.964135612418245,other,1.429158110882957,14.49,0,,0,0,0,1,0,0,0,0,1,0
223,2933130,The Lord of the Rings: Return to Moria™,mar,1,1,1,5,2025-04,1058,6.964135612418245,other,1.429158110882957,14.49,0,,0,0,0,0,1,0,0,0,0,1
224,1295660,Sid Meier's Civilization VII,mar,1,0,0,1,2024-12,8147,9.005405040310642,other,0.971937029431896,69.99,0,,1,0,0,0,0,1,0,0,0,0
224,1295660,Sid Meier's Civilization VII,mar,1,0,0,2,2025-01,8147,9.005405040310642,other,0.971937029431896,69.99,0,,0,1,0,0,0,0,1,0,0,0
224,1295660,Sid Meier's Civilization VII,mar,1,0,0,3,2025-02,8147,9.005405040310642,other,0.971937029431896,69.99,0,,0,0,1,0,0,0,0,1,0,0
224,1295660,Sid Meier's Civilization VII,mar,1,1,1,4,2025-03,8147,9.005405040310642,other,0.971937029431896,69.99,0,,0,0,0,1,0,0,0,0,1,0
224,1295660,Sid Meier's Civilization VII,mar,1,1,1,5,2025-04,8147,9.005405040310642,other,0.971937029431896,69.99,0,,0,0,0,0,1,0,0,0,0,1
225,255710,Cities: Skylines,mar,1,0,0,1,2024-12,12647,9.445175311879977,other,10.896646132785763,27.99,0,,1,0,0,0,0,1,0,0,0,0
225,255710,Cities: Skylines,mar,1,0,0,2,2025-01,12647,9.445175311879977,other,10.896646132785763,27.99,0,,0,1,0,0,0,0,1,0,0,0
225,255710,Cities: Skylines,mar,1,0,0,3,2025-02,12647,9.445175311879977,other,10.896646132785763,27.99,0,,0,0,1,0,0,0,0,1,0,0
225,255710,Cities: Skylines,mar,1,1,1,4,2025-03,12647,9.445175311879977,other,10.896646132785763,27.99,0,,0,0,0,1,0,0,0,0,1,0
225,255710,Cities: Skylines,mar,1,1,1,5,2025-04,12647,9.445175311879977,other,10.896646132785763,27.99,0,,0,0,0,0,1,0,0,0,0,1
226,1066890,Automobilista 2,mar,1,0,0,1,2024-12,1120,7.02108396428914,other,5.587953456536619,36.99,0,,1,0,0,0,0,1,0,0,0,0
226,1066890,Automobilista 2,mar,1,0,0,2,2025-01,1120,7.02108396428914,other,5.587953456536619,36.99,0,,0,1,0,0,0,0,1,0,0,0
226,1066890,Automobilista 2,mar,1,0,0,3,2025-02,1120,7.02108396428914,other,5.587953456536619,36.99,0,,0,0,1,0,0,0,0,1,0,0
226,1066890,Automobilista 2,mar,1,1,1,4,2025-03,1120,7.02108396428914,other,5.587953456536619,36.99,0,,0,0,0,1,0,0,0,0,1,0
226,1066890,Automobilista 2,mar,1,1,1,5,2025-04,1120,7.02108396428914,other,5.587953456536619,36.99,0,,0,0,0,0,1,0,0,0,0,1
227,1716740,Starfield,mar,1,0,0,1,2024-12,3575,8.181720455128108,other,2.406570841889117,69.99,0,,1,0,0,0,0,1,0,0,0,0
227,1716740,Starfield,mar,1,0,0,2,2025-01,3575,8.181720455128108,other,2.406570841889117,69.99,0,,0,1,0,0,0,0,1,0,0,0
227,1716740,Starfield,mar,1,0,0,3,2025-02,3575,8.181720455128108,other,2.406570841889117,69.99,0,,0,0,1,0,0,0,0,1,0,0
227,1716740,Starfield,mar,1,1,1,4,2025-03,3575,8.181720455128108,other,2.406570841889117,69.99,0,,0,0,0,1,0,0,0,0,1,0
227,1716740,Starfield,mar,1,1,1,5,2025-04,3575,8.181720455128108,other,2.406570841889117,69.99,0,,0,0,0,0,1,0,0,0,0,1
228,2943650,FragPunk,mar,1,0,0,1,2024-12,1608,7.382746449738912,other,0.9062286105407256,0.0,1,,1,0,0,0,0,1,0,0,0,0
228,2943650,FragPunk,mar,1,0,0,2,2025-01,1608,7.382746449738912,other,0.9062286105407256,0.0,1,,0,1,0,0,0,0,1,0,0,0
228,2943650,FragPunk,mar,1,0,0,3,2025-02,1608,7.382746449738912,other,0.9062286105407256,0.0,1,,0,0,1,0,0,0,0,1,0,0
228,2943650,FragPunk,mar,1,1,1,4,2025-03,1608,7.382746449738912,other,0.9062286105407256,0.0,1,,0,0,0,1,0,0,0,0,1,0
228,2943650,FragPunk,mar,1,1,1,5,2025-04,1608,7.382746449738912,other,0.9062286105407256,0.0,1,,0,0,0,0,1,0,0,0,0,1
229,588650,Dead Cells,mar,1,0,0,1,2024-12,3914,8.272315147956022,other,7.488021902806297,12.49,0,,1,0,0,0,0,1,0,0,0,0
229,588650,Dead Cells,mar,1,0,0,2,2025-01,3914,8.272315147956022,other,7.488021902806297,12.49,0,,0,1,0,0,0,0,1,0,0,0
229,588650,Dead Cells,mar,1,0,0,3,2025-02,3914,8.272315147956022,other,7.488021902806297,12.49,0,,0,0,1,0,0,0,0,1,0,0
229,588650,Dead Cells,mar,1,1,1,4,2025-03,3914,8.272315147956022,other,7.488021902806297,12.49,0,,0,0,0,1,0,0,0,0,1,0
229,588650,Dead Cells,mar,1,1,1,5,2025-04,3914,8.272315147956022,other,7.488021902806297,12.49,0,,0,0,0,0,1,0,0,0,0,1
230,3314070,The Sims™ 2 Legacy Collection,mar,1,0,0,1,2024-12,905,6.807934943699926,other,0.999315537303217,17.99,0,,1,0,0,0,0,1,0,0,0,0
230,3314070,The Sims™ 2 Legacy Collection,mar,1,0,0,2,2025-01,905,6.807934943699926,other,0.999315537303217,17.99,0,,0,1,0,0,0,0,1,0,0,0
230,3314070,The Sims™ 2 Legacy Collection,mar,1,0,0,3,2025-02,905,6.807934943699926,other,0.999315537303217,17.99,0,,0,0,1,0,0,0,0,1,0,0
230,3314070,The Sims™ 2 Legacy Collection,mar,1,1,1,4,2025-03,905,6.807934943699926,other,0.999315537303217,17.99,0,,0,0,0,1,0,0,0,0,1,0
230,3314070,The Sims™ 2 Legacy Collection,mar,1,1,1,5,2025-04,905,6.807934943699926,other,0.999315537303217,17.99,0,,0,0,0,0,1,0,0,0,0,1
231,2141730,Backrooms: Escape Together,mar,1,0,0,1,2024-12,834,6.726233402358747,other,3.2881587953456535,9.75,0,,1,0,0,0,0,1,0,0,0,0
231,2141730,Backrooms: Escape Together,mar,1,0,0,2,2025-01,834,6.726233402358747,other,3.2881587953456535,9.75,0,,0,1,0,0,0,0,1,0,0,0
231,2141730,Backrooms: Escape Together,mar,1,0,0,3,2025-02,834,6.726233402358747,other,3.2881587953456535,9.75,0,,0,0,1,0,0,0,0,1,0,0
231,2141730,Backrooms: Escape Together,mar,1,1,1,4,2025-03,834,6.726233402358747,other,3.2881587953456535,9.75,0,,0,0,0,1,0,0,0,0,1,0
231,2141730,Backrooms: Escape Together,mar,1,1,1,5,2025-04,834,6.726233402358747,other,3.2881587953456535,9.75,0,,0,0,0,0,1,0,0,0,0,1
232,686810,Hell Let Loose,mar,1,0,0,1,2024-12,4331,8.373553741214627,mmo,4.514715947980835,49.99,0,,1,0,0,0,0,1,0,0,0,0
232,686810,Hell Let Loose,mar,1,0,0,2,2025-01,4331,8.373553741214627,mmo,4.514715947980835,49.99,0,,0,1,0,0,0,0,1,0,0,0
232,686810,Hell Let Loose,mar,1,0,0,3,2025-02,4331,8.373553741214627,mmo,4.514715947980835,49.99,0,,0,0,1,0,0,0,0,1,0,0
232,686810,Hell Let Loose,mar,1,1,1,4,2025-03,4331,8.373553741214627,mmo,4.514715947980835,49.99,0,,0,0,0,1,0,0,0,0,1,0
232,686810,Hell Let Loose,mar,1,1,1,5,2025-04,4331,8.373553741214627,mmo,4.514715947980835,49.99,0,,0,0,0,0,1,0,0,0,0,1
233,997010,Police Simulator: Patrol Officers,mar,1,0,0,1,2024-12,293,5.680172609017068,other,3.2251882272416155,29.99,0,,1,0,0,0,0,1,0,0,0,0
233,997010,Police Simulator: Patrol Officers,mar,1,0,0,2,2025-01,293,5.680172609017068,other,3.2251882272416155,29.99,0,,0,1,0,0,0,0,1,0,0,0
233,997010,Police Simulator: Patrol Officers,mar,1,0,0,3,2025-02,293,5.680172609017068,other,3.2251882272416155,29.99,0,,0,0,1,0,0,0,0,1,0,0
233,997010,Police Simulator: Patrol Officers,mar,1,1,1,4,2025-03,293,5.680172609017068,other,3.2251882272416155,29.99,0,,0,0,0,1,0,0,0,0,1,0
233,997010,Police Simulator: Patrol Officers,mar,1,1,1,5,2025-04,293,5.680172609017068,other,3.2251882272416155,29.99,0,,0,0,0,0,1,0,0,0,0,1
234,1672810,MIO: Memories in Orbit,mar,1,0,0,1,2024-12,1495,7.3098814858247865,other,0.030116358658453114,19.99,0,,1,0,0,0,0,1,0,0,0,0
234,1672810,MIO: Memories in Orbit,mar,1,0,0,2,2025-01,1495,7.3098814858247865,other,0.030116358658453114,19.99,0,,0,1,0,0,0,0,1,0,0,0
234,1672810,MIO: Memories in Orbit,mar,1,0,0,3,2025-02,1495,7.3098814858247865,other,0.030116358658453114,19.99,0,,0,0,1,0,0,0,0,1,0,0
234,1672810,MIO: Memories in Orbit,mar,1,1,1,4,2025-03,1495,7.3098814858247865,other,0.030116358658453114,19.99,0,,0,0,0,1,0,0,0,0,1,0
234,1672810,MIO: Memories in Orbit,mar,1,1,1,5,2025-04,1495,7.3098814858247865,other,0.030116358658453114,19.99,0,,0,0,0,0,1,0,0,0,0,1
235,2225070,Trackmania,mar,1,0,0,1,2024-12,2313,7.746300662231439,other,2.9952087611225187,0.0,1,,1,0,0,0,0,1,0,0,0,0
235,2225070,Trackmania,mar,1,0,0,2,2025-01,2313,7.746300662231439,other,2.9952087611225187,0.0,1,,0,1,0,0,0,0,1,0,0,0
235,2225070,Trackmania,mar,1,0,0,3,2025-02,2313,7.746300662231439,other,2.9952087611225187,0.0,1,,0,0,1,0,0,0,0,1,0,0
235,2225070,Trackmania,mar,1,1,1,4,2025-03,2313,7.746300662231439,other,2.9952087611225187,0.0,1,,0,0,0,1,0,0,0,0,1,0
235,2225070,Trackmania,mar,1,1,1,5,2025-04,2313,7.746300662231439,other,2.9952087611225187,0.0,1,,0,0,0,0,1,0,0,0,0,1
236,1796470,Haste,mar,1,0,0,1,2024-12,352,5.863631175598097,other,0.8350444900752909,82.6,0,,1,0,0,0,0,1,0,0,0,0
236,1796470,Haste,mar,1,0,0,2,2025-01,352,5.863631175598097,other,0.8350444900752909,82.6,0,,0,1,0,0,0,0,1,0,0,0
236,1796470,Haste,mar,1,0,0,3,2025-02,352,5.863631175598097,other,0.8350444900752909,82.6,0,,0,0,1,0,0,0,0,1,0,0
236,1796470,Haste,mar,1,1,1,4,2025-03,352,5.863631175598097,other,0.8350444900752909,82.6,0,,0,0,0,1,0,0,0,0,1,0
236,1796470,Haste,mar,1,1,1,5,2025-04,352,5.863631175598097,other,0.8350444900752909,82.6,0,,0,0,0,0,1,0,0,0,0,1
237,1594320,Captain of Industry,mar,1,0,0,1,2024-12,3134,8.050065422915965,other,3.671457905544148,23.79,0,,1,0,0,0,0,1,0,0,0,0
237,1594320,Captain of Industry,mar,1,0,0,2,2025-01,3134,8.050065422915965,other,3.671457905544148,23.79,0,,0,1,0,0,0,0,1,0,0,0
237,1594320,Captain of Industry,mar,1,0,0,3,2025-02,3134,8.050065422915965,other,3.671457905544148,23.79,0,,0,0,1,0,0,0,0,1,0,0
237,1594320,Captain of Industry,mar,1,1,1,4,2025-03,3134,8.050065422915965,other,3.671457905544148,23.79,0,,0,0,0,1,0,0,0,0,1,0
237,1594320,Captain of Industry,mar,1,1,1,5,2025-04,3134,8.050065422915965,other,3.671457905544148,23.79,0,,0,0,0,0,1,0,0,0,0,1
238,219990,Grim Dawn,mar,1,0,0,1,2024-12,4093,8.317033476492403,other,9.932922655715263,24.99,0,,1,0,0,0,0,1,0,0,0,0
238,219990,Grim Dawn,mar,1,0,0,2,2025-01,4093,8.317033476492403,other,9.932922655715263,24.99,0,,0,1,0,0,0,0,1,0,0,0
238,219990,Grim Dawn,mar,1,0,0,3,2025-02,4093,8.317033476492403,other,9.932922655715263,24.99,0,,0,0,1,0,0,0,0,1,0,0
238,219990,Grim Dawn,mar,1,1,1,4,2025-03,4093,8.317033476492403,other,9.932922655715263,24.99,0,,0,0,0,1,0,0,0,0,1,0
238,219990,Grim Dawn,mar,1,1,1,5,2025-04,4093,8.317033476492403,other,9.932922655715263,24.99,0,,0,0,0,0,1,0,0,0,0,1
239,2141730,Backrooms: Escape Together,mar,1,0,0,1,2024-12,834,6.726233402358747,other,3.2881587953456535,9.75,0,,1,0,0,0,0,1,0,0,0,0
239,2141730,Backrooms: Escape Together,mar,1,0,0,2,2025-01,834,6.726233402358747,other,3.2881587953456535,9.75,0,,0,1,0,0,0,0,1,0,0,0
239,2141730,Backrooms: Escape Together,mar,1,0,0,3,2025-02,834,6.726233402358747,other,3.2881587953456535,9.75,0,,0,0,1,0,0,0,0,1,0,0
239,2141730,Backrooms: Escape Together,mar,1,1,1,4,2025-03,834,6.726233402358747,other,3.2881587953456535,9.75,0,,0,0,0,1,0,0,0,0,1,0
239,2141730,Backrooms: Escape Together,mar,1,1,1,5,2025-04,834,6.726233402358747,other,3.2881587953456535,9.75,0,,0,0,0,0,1,0,0,0,0,1
240,993090,Lossless Scaling,mar,1,0,0,1,2024-12,8491,9.046762057999363,other,7.093771389459275,6.89,0,,1,0,0,0,0,1,0,0,0,0
240,993090,Lossless Scaling,mar,1,0,0,2,2025-01,8491,9.046762057999363,other,7.093771389459275,6.89,0,,0,1,0,0,0,0,1,0,0,0
240,993090,Lossless Scaling,mar,1,0,0,3,2025-02,8491,9.046762057999363,other,7.093771389459275,6.89,0,,0,0,1,0,0,0,0,1,0,0
240,993090,Lossless Scaling,mar,1,1,1,4,2025-03,8491,9.046762057999363,other,7.093771389459275,6.89,0,,0,0,0,1,0,0,0,0,1,0
240,993090,Lossless Scaling,mar,1,1,1,5,2025-04,8491,9.046762057999363,other,7.093771389459275,6.89,0,,0,0,0,0,1,0,0,0,0,1
241,2071280,Ravenswatch,mar,1,0,0,1,2024-12,2474,7.813591552952433,other,1.3470225872689938,24.99,0,,1,0,0,0,0,1,0,0,0,0
241,2071280,Ravenswatch,mar,1,0,0,2,2025-01,2474,7.813591552952433,other,1.3470225872689938,24.99,0,,0,1,0,0,0,0,1,0,0,0
241,2071280,Ravenswatch,mar,1,0,0,3,2025-02,2474,7.813591552952433,other,1.3470225872689938,24.99,0,,0,0,1,0,0,0,0,1,0,0
241,2071280,Ravenswatch,mar,1,1,1,4,2025-03,2474,7.813591552952433,other,1.3470225872689938,24.99,0,,0,0,0,1,0,0,0,0,1,0
241,2071280,Ravenswatch,mar,1,1,1,5,2025-04,2474,7.813591552952433,other,1.3470225872689938,24.99,0,,0,0,0,0,1,0,0,0,0,1
242,1621690,Core Keeper,mar,1,0,0,1,2024-12,6634,8.799963219506997,other,1.429158110882957,19.99,0,,1,0,0,0,0,1,0,0,0,0
242,1621690,Core Keeper,mar,1,0,0,2,2025-01,6634,8.799963219506997,other,1.429158110882957,19.99,0,,0,1,0,0,0,0,1,0,0,0
242,1621690,Core Keeper,mar,1,0,0,3,2025-02,6634,8.799963219506997,other,1.429158110882957,19.99,0,,0,0,1,0,0,0,0,1,0,0
242,1621690,Core Keeper,mar,1,1,1,4,2025-03,6634,8.799963219506997,other,1.429158110882957,19.99,0,,0,0,0,1,0,0,0,0,1,0
242,1621690,Core Keeper,mar,1,1,1,5,2025-04,6634,8.799963219506997,other,1.429158110882957,19.99,0,,0,0,0,0,1,0,0,0,0,1
243,686810,Hell Let Loose,mar,1,0,0,1,2024-12,4331,8.373553741214627,mmo,4.514715947980835,49.99,0,,1,0,0,0,0,1,0,0,0,0
243,686810,Hell Let Loose,mar,1,0,0,2,2025-01,4331,8.373553741214627,mmo,4.514715947980835,49.99,0,,0,1,0,0,0,0,1,0,0,0
243,686810,Hell Let Loose,mar,1,0,0,3,2025-02,4331,8.373553741214627,mmo,4.514715947980835,49.99,0,,0,0,1,0,0,0,0,1,0,0
243,686810,Hell Let Loose,mar,1,1,1,4,2025-03,4331,8.373553741214627,mmo,4.514715947980835,49.99,0,,0,0,0,1,0,0,0,0,1,0
243,686810,Hell Let Loose,mar,1,1,1,5,2025-04,4331,8.373553741214627,mmo,4.514715947980835,49.99,0,,0,0,0,0,1,0,0,0,0,1
244,1672810,MIO: Memories in Orbit,mar,1,0,0,1,2024-12,1495,7.3098814858247865,other,0.030116358658453114,19.99,0,,1,0,0,0,0,1,0,0,0,0
244,1672810,MIO: Memories in Orbit,mar,1,0,0,2,2025-01,1495,7.3098814858247865,other,0.030116358658453114,19.99,0,,0,1,0,0,0,0,1,0,0,0
244,1672810,MIO: Memories in Orbit,mar,1,0,0,3,2025-02,1495,7.3098814858247865,other,0.030116358658453114,19.99,0,,0,0,1,0,0,0,0,1,0,0
244,1672810,MIO: Memories in Orbit,mar,1,1,1,4,2025-03,1495,7.3098814858247865,other,0.030116358658453114,19.99,0,,0,0,0,1,0,0,0,0,1,0
244,1672810,MIO: Memories in Orbit,mar,1,1,1,5,2025-04,1495,7.3098814858247865,other,0.030116358658453114,19.99,0,,0,0,0,0,1,0,0,0,0,1
245,1796470,Haste,mar,1,0,0,1,2024-12,352,5.863631175598097,other,0.8350444900752909,82.6,0,,1,0,0,0,0,1,0,0,0,0
245,1796470,Haste,mar,1,0,0,2,2025-01,352,5.863631175598097,other,0.8350444900752909,82.6,0,,0,1,0,0,0,0,1,0,0,0
245,1796470,Haste,mar,1,0,0,3,2025-02,352,5.863631175598097,other,0.8350444900752909,82.6,0,,0,0,1,0,0,0,0,1,0,0
245,1796470,Haste,mar,1,1,1,4,2025-03,352,5.863631175598097,other,0.8350444900752909,82.6,0,,0,0,0,1,0,0,0,0,1,0
245,1796470,Haste,mar,1,1,1,5,2025-04,352,5.863631175598097,other,0.8350444900752909,82.6,0,,0,0,0,0,1,0,0,0,0,1
246,2225070,Trackmania,mar,1,0,0,1,2024-12,2313,7.746300662231439,other,2.9952087611225187,0.0,1,,1,0,0,0,0,1,0,0,0,0
246,2225070,Trackmania,mar,1,0,0,2,2025-01,2313,7.746300662231439,other,2.9952087611225187,0.0,1,,0,1,0,0,0,0,1,0,0,0
246,2225070,Trackmania,mar,1,0,0,3,2025-02,2313,7.746300662231439,other,2.9952087611225187,0.0,1,,0,0,1,0,0,0,0,1,0,0
246,2225070,Trackmania,mar,1,1,1,4,2025-03,2313,7.746300662231439,other,2.9952087611225187,0.0,1,,0,0,0,1,0,0,0,0,1,0
246,2225070,Trackmania,mar,1,1,1,5,2025-04,2313,7.746300662231439,other,2.9952087611225187,0.0,1,,0,0,0,0,1,0,0,0,0,1
247,997010,Police Simulator: Patrol Officers,mar,1,0,0,1,2024-12,293,5.680172609017068,other,3.2251882272416155,29.99,0,,1,0,0,0,0,1,0,0,0,0
247,997010,Police Simulator: Patrol Officers,mar,1,0,0,2,2025-01,293,5.680172609017068,other,3.2251882272416155,29.99,0,,0,1,0,0,0,0,1,0,0,0
247,997010,Police Simulator: Patrol Officers,mar,1,0,0,3,2025-02,293,5.680172609017068,other,3.2251882272416155,29.99,0,,0,0,1,0,0,0,0,1,0,0
247,997010,Police Simulator: Patrol Officers,mar,1,1,1,4,2025-03,293,5.680172609017068,other,3.2251882272416155,29.99,0,,0,0,0,1,0,0,0,0,1,0
247,997010,Police Simulator: Patrol Officers,mar,1,1,1,5,2025-04,293,5.680172609017068,other,3.2251882272416155,29.99,0,,0,0,0,0,1,0,0,0,0,1
248,236850,Europa Universalis IV,mar,1,0,0,1,2024-12,11355,9.337413454539659,other,12.46817248459959,49.99,0,,1,0,0,0,0,1,0,0,0,0
248,236850,Europa Universalis IV,mar,1,0,0,2,2025-01,11355,9.337413454539659,other,12.46817248459959,49.99,0,,0,1,0,0,0,0,1,0,0,0
248,236850,Europa Universalis IV,mar,1,0,0,3,2025-02,11355,9.337413454539659,other,12.46817248459959,49.99,0,,0,0,1,0,0,0,0,1,0,0
248,236850,Europa Universalis IV,mar,1,1,1,4,2025-03,11355,9.337413454539659,other,12.46817248459959,49.99,0,,0,0,0,1,0,0,0,0,1,0
248,236850,Europa Universalis IV,mar,1,1,1,5,2025-04,11355,9.337413454539659,other,12.46817248459959,49.99,0,,0,0,0,0,1,0,0,0,0,1
249,1594320,Captain of Industry,mar,1,0,0,1,2024-12,3134,8.050065422915965,other,3.671457905544148,23.79,0,,1,0,0,0,0,1,0,0,0,0
249,1594320,Captain of Industry,mar,1,0,0,2,2025-01,3134,8.050065422915965,other,3.671457905544148,23.79,0,,0,1,0,0,0,0,1,0,0,0
249,1594320,Captain of Industry,mar,1,0,0,3,2025-02,3134,8.050065422915965,other,3.671457905544148,23.79,0,,0,0,1,0,0,0,0,1,0,0
249,1594320,Captain of Industry,mar,1,1,1,4,2025-03,3134,8.050065422915965,other,3.671457905544148,23.79,0,,0,0,0,1,0,0,0,0,1,0
249,1594320,Captain of Industry,mar,1,1,1,5,2025-04,3134,8.050065422915965,other,3.671457905544148,23.79,0,,0,0,0,0,1,0,0,0,0,1
250,1442430,Storage Hunter Simulator,mar,1,0,0,1,2024-12,576,6.3561076606958915,other,0.17796030116358658,24.5,0,,1,0,0,0,0,1,0,0,0,0
250,1442430,Storage Hunter Simulator,mar,1,0,0,2,2025-01,576,6.3561076606958915,other,0.17796030116358658,24.5,0,,0,1,0,0,0,0,1,0,0,0
250,1442430,Storage Hunter Simulator,mar,1,0,0,3,2025-02,576,6.3561076606958915,other,0.17796030116358658,24.5,0,,0,0,1,0,0,0,0,1,0,0
250,1442430,Storage Hunter Simulator,mar,1,1,1,4,2025-03,576,6.3561076606958915,other,0.17796030116358658,24.5,0,,0,0,0,1,0,0,0,0,1,0
250,1442430,Storage Hunter Simulator,mar,1,1,1,5,2025-04,576,6.3561076606958915,other,0.17796030116358658,24.5,0,,0,0,0,0,1,0,0,0,0,1
251,1796470,Haste,mar,1,0,0,1,2024-12,352,5.863631175598097,other,0.8350444900752909,82.6,0,,1,0,0,0,0,1,0,0,0,0
251,1796470,Haste,mar,1,0,0,2,2025-01,352,5.863631175598097,other,0.8350444900752909,82.6,0,,0,1,0,0,0,0,1,0,0,0
251,1796470,Haste,mar,1,0,0,3,2025-02,352,5.863631175598097,other,0.8350444900752909,82.6,0,,0,0,1,0,0,0,0,1,0,0
251,1796470,Haste,mar,1,1,1,4,2025-03,352,5.863631175598097,other,0.8350444900752909,82.6,0,,0,0,0,1,0,0,0,0,1,0
251,1796470,Haste,mar,1,1,1,5,2025-04,352,5.863631175598097,other,0.8350444900752909,82.6,0,,0,0,0,0,1,0,0,0,0,1
252,2225070,Trackmania,mar,1,0,0,1,2024-12,2313,7.746300662231439,other,2.9952087611225187,0.0,1,,1,0,0,0,0,1,0,0,0,0
252,2225070,Trackmania,mar,1,0,0,2,2025-01,2313,7.746300662231439,other,2.9952087611225187,0.0,1,,0,1,0,0,0,0,1,0,0,0
252,2225070,Trackmania,mar,1,0,0,3,2025-02,2313,7.746300662231439,other,2.9952087611225187,0.0,1,,0,0,1,0,0,0,0,1,0,0
252,2225070,Trackmania,mar,1,1,1,4,2025-03,2313,7.746300662231439,other,2.9952087611225187,0.0,1,,0,0,0,1,0,0,0,0,1,0
252,2225070,Trackmania,mar,1,1,1,5,2025-04,2313,7.746300662231439,other,2.9952087611225187,0.0,1,,0,0,0,0,1,0,0,0,0,1
253,570940,DARK SOULS™: REMASTERED,mar,1,0,0,1,2024-12,3099,8.038834757787749,other,7.693360711841205,39.99,0,,1,0,0,0,0,1,0,0,0,0
253,570940,DARK SOULS™: REMASTERED,mar,1,0,0,2,2025-01,3099,8.038834757787749,other,7.693360711841205,39.99,0,,0,1,0,0,0,0,1,0,0,0
253,570940,DARK SOULS™: REMASTERED,mar,1,0,0,3,2025-02,3099,8.038834757787749,other,7.693360711841205,39.99,0,,0,0,1,0,0,0,0,1,0,0
253,570940,DARK SOULS™: REMASTERED,mar,1,1,1,4,2025-03,3099,8.038834757787749,other,7.693360711841205,39.99,0,,0,0,0,1,0,0,0,0,1,0
253,570940,DARK SOULS™: REMASTERED,mar,1,1,1,5,2025-04,3099,8.038834757787749,other,7.693360711841205,39.99,0,,0,0,0,0,1,0,0,0,0,1
254,219990,Grim Dawn,mar,1,0,0,1,2024-12,4093,8.317033476492403,other,9.932922655715263,24.99,0,,1,0,0,0,0,1,0,0,0,0
254,219990,Grim Dawn,mar,1,0,0,2,2025-01,4093,8.317033476492403,other,9.932922655715263,24.99,0,,0,1,0,0,0,0,1,0,0,0
254,219990,Grim Dawn,mar,1,0,0,3,2025-02,4093,8.317033476492403,other,9.932922655715263,24.99,0,,0,0,1,0,0,0,0,1,0,0
254,219990,Grim Dawn,mar,1,1,1,4,2025-03,4093,8.317033476492403,other,9.932922655715263,24.99,0,,0,0,0,1,0,0,0,0,1,0
254,219990,Grim Dawn,mar,1,1,1,5,2025-04,4093,8.317033476492403,other,9.932922655715263,24.99,0,,0,0,0,0,1,0,0,0,0,1
255,1794680,Vampire Survivors,mar,1,0,0,1,2024-12,3759,8.231908243564177,other,3.2826830937713893,4.99,0,,1,0,0,0,0,1,0,0,0,0
255,1794680,Vampire Survivors,mar,1,0,0,2,2025-01,3759,8.231908243564177,other,3.2826830937713893,4.99,0,,0,1,0,0,0,0,1,0,0,0
255,1794680,Vampire Survivors,mar,1,0,0,3,2025-02,3759,8.231908243564177,other,3.2826830937713893,4.99,0,,0,0,1,0,0,0,0,1,0,0
255,1794680,Vampire Survivors,mar,1,1,1,4,2025-03,3759,8.231908243564177,other,3.2826830937713893,4.99,0,,0,0,0,1,0,0,0,0,1,0
255,1794680,Vampire Survivors,mar,1,1,1,5,2025-04,3759,8.231908243564177,other,3.2826830937713893,4.99,0,,0,0,0,0,1,0,0,0,0,1
256,3407390,ENDLESS™ Legend 2,mar,1,0,0,1,2024-12,353,5.8664680569332965,other,0.3586584531143053,49.99,0,,1,0,0,0,0,1,0,0,0,0
256,3407390,ENDLESS™ Legend 2,mar,1,0,0,2,2025-01,353,5.8664680569332965,other,0.3586584531143053,49.99,0,,0,1,0,0,0,0,1,0,0,0
256,3407390,ENDLESS™ Legend 2,mar,1,0,0,3,2025-02,353,5.8664680569332965,other,0.3586584531143053,49.99,0,,0,0,1,0,0,0,0,1,0,0
256,3407390,ENDLESS™ Legend 2,mar,1,1,1,4,2025-03,353,5.8664680569332965,other,0.3586584531143053,49.99,0,,0,0,0,1,0,0,0,0,1,0
256,3407390,ENDLESS™ Legend 2,mar,1,1,1,5,2025-04,353,5.8664680569332965,other,0.3586584531143053,49.99,0,,0,0,0,0,1,0,0,0,0,1
257,1272080,PAYDAY 3,mar,1,0,0,1,2024-12,486,6.186208623900494,other,2.3627652292950034,29.99,0,,1,0,0,0,0,1,0,0,0,0
257,1272080,PAYDAY 3,mar,1,0,0,2,2025-01,486,6.186208623900494,other,2.3627652292950034,29.99,0,,0,1,0,0,0,0,1,0,0,0
257,1272080,PAYDAY 3,mar,1,0,0,3,2025-02,486,6.186208623900494,other,2.3627652292950034,29.99,0,,0,0,1,0,0,0,0,1,0,0
257,1272080,PAYDAY 3,mar,1,1,1,4,2025-03,486,6.186208623900494,other,2.3627652292950034,29.99,0,,0,0,0,1,0,0,0,0,1,0
257,1272080,PAYDAY 3,mar,1,1,1,5,2025-04,486,6.186208623900494,other,2.3627652292950034,29.99,0,,0,0,0,0,1,0,0,0,0,1
258,323190,Frostpunk,mar,1,0,0,1,2024-12,5071,8.531293315795018,other,7.772758384668036,4.49,0,,1,0,0,0,0,1,0,0,0,0
258,323190,Frostpunk,mar,1,0,0,2,2025-01,5071,8.531293315795018,other,7.772758384668036,4.49,0,,0,1,0,0,0,0,1,0,0,0
258,323190,Frostpunk,mar,1,0,0,3,2025-02,5071,8.531293315795018,other,7.772758384668036,4.49,0,,0,0,1,0,0,0,0,1,0,0
258,323190,Frostpunk,mar,1,1,1,4,2025-03,5071,8.531293315795018,other,7.772758384668036,4.49,0,,0,0,0,1,0,0,0,0,1,0
258,323190,Frostpunk,mar,1,1,1,5,2025-04,5071,8.531293315795018,other,7.772758384668036,4.49,0,,0,0,0,0,1,0,0,0,0,1
259,1272080,PAYDAY 3,mar,1,0,0,1,2024-12,486,6.186208623900494,other,2.3627652292950034,29.99,0,,1,0,0,0,0,1,0,0,0,0
259,1272080,PAYDAY 3,mar,1,0,0,2,2025-01,486,6.186208623900494,other,2.3627652292950034,29.99,0,,0,1,0,0,0,0,1,0,0,0
259,1272080,PAYDAY 3,mar,1,0,0,3,2025-02,486,6.186208623900494,other,2.3627652292950034,29.99,0,,0,0,1,0,0,0,0,1,0,0
259,1272080,PAYDAY 3,mar,1,1,1,4,2025-03,486,6.186208623900494,other,2.3627652292950034,29.99,0,,0,0,0,1,0,0,0,0,1,0
259,1272080,PAYDAY 3,mar,1,1,1,5,2025-04,486,6.186208623900494,other,2.3627652292950034,29.99,0,,0,0,0,0,1,0,0,0,0,1
260,534380,Dying Light 2 Stay Human: Reloaded Edition,mar,1,0,0,1,2024-12,4099,8.318498320504338,other,3.991786447638604,849000.0,0,,1,0,0,0,0,1,0,0,0,0
260,534380,Dying Light 2 Stay Human: Reloaded Edition,mar,1,0,0,2,2025-01,4099,8.318498320504338,other,3.991786447638604,849000.0,0,,0,1,0,0,0,0,1,0,0,0
260,534380,Dying Light 2 Stay Human: Reloaded Edition,mar,1,0,0,3,2025-02,4099,8.318498320504338,other,3.991786447638604,849000.0,0,,0,0,1,0,0,0,0,1,0,0
260,534380,Dying Light 2 Stay Human: Reloaded Edition,mar,1,1,1,4,2025-03,4099,8.318498320504338,other,3.991786447638604,849000.0,0,,0,0,0,1,0,0,0,0,1,0
260,534380,Dying Light 2 Stay Human: Reloaded Edition,mar,1,1,1,5,2025-04,4099,8.318498320504338,other,3.991786447638604,849000.0,0,,0,0,0,0,1,0,0,0,0,1
261,961200,Predecessor,mar,1,0,0,1,2024-12,918,6.822197390620491,other,1.4483230663928817,0.0,1,,1,0,0,0,0,1,0,0,0,0
261,961200,Predecessor,mar,1,0,0,2,2025-01,918,6.822197390620491,other,1.4483230663928817,0.0,1,,0,1,0,0,0,0,1,0,0,0
261,961200,Predecessor,mar,1,0,0,3,2025-02,918,6.822197390620491,other,1.4483230663928817,0.0,1,,0,0,1,0,0,0,0,1,0,0
261,961200,Predecessor,mar,1,1,1,4,2025-03,918,6.822197390620491,other,1.4483230663928817,0.0,1,,0,0,0,1,0,0,0,0,1,0
261,961200,Predecessor,mar,1,1,1,5,2025-04,918,6.822197390620491,other,1.4483230663928817,0.0,1,,0,0,0,0,1,0,0,0,0,1
262,1153410,JDM: Japanese Drift Master,mar,1,0,0,1,2024-12,204,5.318119993844216,other,0.6981519507186859,33.99,0,,1,0,0,0,0,1,0,0,0,0
262,1153410,JDM: Japanese Drift Master,mar,1,0,0,2,2025-01,204,5.318119993844216,other,0.6981519507186859,33.99,0,,0,1,0,0,0,0,1,0,0,0
262,1153410,JDM: Japanese Drift Master,mar,1,0,0,3,2025-02,204,5.318119993844216,other,0.6981519507186859,33.99,0,,0,0,1,0,0,0,0,1,0,0
262,1153410,JDM: Japanese Drift Master,mar,1,1,1,4,2025-03,204,5.318119993844216,other,0.6981519507186859,33.99,0,,0,0,0,1,0,0,0,0,1,0
262,1153410,JDM: Japanese Drift Master,mar,1,1,1,5,2025-04,204,5.318119993844216,other,0.6981519507186859,33.99,0,,0,0,0,0,1,0,0,0,0,1
263,2124120,SULFUR,mar,1,0,0,1,2024-12,689,6.535241271013659,other,1.2594113620807665,14.7,0,,1,0,0,0,0,1,0,0,0,0
263,2124120,SULFUR,mar,1,0,0,2,2025-01,689,6.535241271013659,other,1.2594113620807665,14.7,0,,0,1,0,0,0,0,1,0,0,0
263,2124120,SULFUR,mar,1,0,0,3,2025-02,689,6.535241271013659,other,1.2594113620807665,14.7,0,,0,0,1,0,0,0,0,1,0,0
263,2124120,SULFUR,mar,1,1,1,4,2025-03,689,6.535241271013659,other,1.2594113620807665,14.7,0,,0,0,0,1,0,0,0,0,1,0
263,2124120,SULFUR,mar,1,1,1,5,2025-04,689,6.535241271013659,other,1.2594113620807665,14.7,0,,0,0,0,0,1,0,0,0,0,1
264,356190,Middle-earth™: Shadow of War™,mar,1,0,0,1,2024-12,3017,8.012018239159062,other,8.31211498973306,389999.0,0,,1,0,0,0,0,1,0,0,0,0
264,356190,Middle-earth™: Shadow of War™,mar,1,0,0,2,2025-01,3017,8.012018239159062,other,8.31211498973306,389999.0,0,,0,1,0,0,0,0,1,0,0,0
264,356190,Middle-earth™: Shadow of War™,mar,1,0,0,3,2025-02,3017,8.012018239159062,other,8.31211498973306,389999.0,0,,0,0,1,0,0,0,0,1,0,0
264,356190,Middle-earth™: Shadow of War™,mar,1,1,1,4,2025-03,3017,8.012018239159062,other,8.31211498973306,389999.0,0,,0,0,0,1,0,0,0,0,1,0
264,356190,Middle-earth™: Shadow of War™,mar,1,1,1,5,2025-04,3017,8.012018239159062,other,8.31211498973306,389999.0,0,,0,0,0,0,1,0,0,0,0,1
265,768200,Smalland: Survive the Wilds,mar,1,0,0,1,2024-12,456,6.1224928095143865,other,1.9603011635865846,10.49,0,,1,0,0,0,0,1,0,0,0,0
265,768200,Smalland: Survive the Wilds,mar,1,0,0,2,2025-01,456,6.1224928095143865,other,1.9603011635865846,10.49,0,,0,1,0,0,0,0,1,0,0,0
265,768200,Smalland: Survive the Wilds,mar,1,0,0,3,2025-02,456,6.1224928095143865,other,1.9603011635865846,10.49,0,,0,0,1,0,0,0,0,1,0,0
265,768200,Smalland: Survive the Wilds,mar,1,1,1,4,2025-03,456,6.1224928095143865,other,1.9603011635865846,10.49,0,,0,0,0,1,0,0,0,0,1,0
265,768200,Smalland: Survive the Wilds,mar,1,1,1,5,2025-04,456,6.1224928095143865,other,1.9603011635865846,10.49,0,,0,0,0,0,1,0,0,0,0,1
266,1169040,Necesse,mar,1,0,0,1,2024-12,2288,7.7354333524996886,other,0.2929500342231348,9.74,0,,1,0,0,0,0,1,0,0,0,0
266,1169040,Necesse,mar,1,0,0,2,2025-01,2288,7.7354333524996886,other,0.2929500342231348,9.74,0,,0,1,0,0,0,0,1,0,0,0
266,1169040,Necesse,mar,1,0,0,3,2025-02,2288,7.7354333524996886,other,0.2929500342231348,9.74,0,,0,0,1,0,0,0,0,1,0,0
266,1169040,Necesse,mar,1,1,1,4,2025-03,2288,7.7354333524996886,other,0.2929500342231348,9.74,0,,0,0,0,1,0,0,0,0,1,0
266,1169040,Necesse,mar,1,1,1,5,2025-04,2288,7.7354333524996886,other,0.2929500342231348,9.74,0,,0,0,0,0,1,0,0,0,0,1
267,1336490,Against the Storm,mar,1,0,0,1,2024-12,2538,7.839131648274333,other,2.1492128678986995,29.99,0,,1,0,0,0,0,1,0,0,0,0
267,1336490,Against the Storm,mar,1,0,0,2,2025-01,2538,7.839131648274333,other,2.1492128678986995,29.99,0,,0,1,0,0,0,0,1,0,0,0
267,1336490,Against the Storm,mar,1,0,0,3,2025-02,2538,7.839131648274333,other,2.1492128678986995,29.99,0,,0,0,1,0,0,0,0,1,0,0
267,1336490,Against the Storm,mar,1,1,1,4,2025-03,2538,7.839131648274333,other,2.1492128678986995,29.99,0,,0,0,0,1,0,0,0,0,1,0
267,1336490,Against the Storm,mar,1,1,1,5,2025-04,2538,7.839131648274333,other,2.1492128678986995,29.99,0,,0,0,0,0,1,0,0,0,0,1
268,1702010,Sengoku Dynasty,mar,1,0,0,1,2024-12,608,6.410174881966167,other,1.2320328542094456,16.19,0,,1,0,0,0,0,1,0,0,0,0
268,1702010,Sengoku Dynasty,mar,1,0,0,2,2025-01,608,6.410174881966167,other,1.2320328542094456,16.19,0,,0,1,0,0,0,0,1,0,0,0
268,1702010,Sengoku Dynasty,mar,1,0,0,3,2025-02,608,6.410174881966167,other,1.2320328542094456,16.19,0,,0,0,1,0,0,0,0,1,0,0
268,1702010,Sengoku Dynasty,mar,1,1,1,4,2025-03,608,6.410174881966167,other,1.2320328542094456,16.19,0,,0,0,0,1,0,0,0,0,1,0
268,1702010,Sengoku Dynasty,mar,1,1,1,5,2025-04,608,6.410174881966167,other,1.2320328542094456,16.19,0,,0,0,0,0,1,0,0,0,0,1
269,3105890,PIONER,mar,1,0,0,1,2024-12,1200,7.090076835776092,mmo,0.12594113620807665,29.99,0,,1,0,0,0,0,1,0,0,0,0
269,3105890,PIONER,mar,1,0,0,2,2025-01,1200,7.090076835776092,mmo,0.12594113620807665,29.99,0,,0,1,0,0,0,0,1,0,0,0
269,3105890,PIONER,mar,1,0,0,3,2025-02,1200,7.090076835776092,mmo,0.12594113620807665,29.99,0,,0,0,1,0,0,0,0,1,0,0
269,3105890,PIONER,mar,1,1,1,4,2025-03,1200,7.090076835776092,mmo,0.12594113620807665,29.99,0,,0,0,0,1,0,0,0,0,1,0
269,3105890,PIONER,mar,1,1,1,5,2025-04,1200,7.090076835776092,mmo,0.12594113620807665,29.99,0,,0,0,0,0,1,0,0,0,0,1
270,412020,Metro Exodus,mar,1,0,0,1,2024-12,1877,7.537430036586509,other,5.963039014373717,29.99,0,,1,0,0,0,0,1,0,0,0,0
270,412020,Metro Exodus,mar,1,0,0,2,2025-01,1877,7.537430036586509,other,5.963039014373717,29.99,0,,0,1,0,0,0,0,1,0,0,0
270,412020,Metro Exodus,mar,1,0,0,3,2025-02,1877,7.537430036586509,other,5.963039014373717,29.99,0,,0,0,1,0,0,0,0,1,0,0
270,412020,Metro Exodus,mar,1,1,1,4,2025-03,1877,7.537430036586509,other,5.963039014373717,29.99,0,,0,0,0,1,0,0,0,0,1,0
270,412020,Metro Exodus,mar,1,1,1,5,2025-04,1877,7.537430036586509,other,5.963039014373717,29.99,0,,0,0,0,0,1,0,0,0,0,1
271,1169040,Necesse,mar,1,0,0,1,2024-12,2288,7.7354333524996886,other,0.2929500342231348,9.74,0,,1,0,0,0,0,1,0,0,0,0
271,1169040,Necesse,mar,1,0,0,2,2025-01,2288,7.7354333524996886,other,0.2929500342231348,9.74,0,,0,1,0,0,0,0,1,0,0,0
271,1169040,Necesse,mar,1,0,0,3,2025-02,2288,7.7354333524996886,other,0.2929500342231348,9.74,0,,0,0,1,0,0,0,0,1,0,0
271,1169040,Necesse,mar,1,1,1,4,2025-03,2288,7.7354333524996886,other,0.2929500342231348,9.74,0,,0,0,0,1,0,0,0,0,1,0
271,1169040,Necesse,mar,1,1,1,5,2025-04,2288,7.7354333524996886,other,0.2929500342231348,9.74,0,,0,0,0,0,1,0,0,0,0,1
272,412020,Metro Exodus,mar,1,0,0,1,2024-12,1877,7.537430036586509,other,5.963039014373717,29.99,0,,1,0,0,0,0,1,0,0,0,0
272,412020,Metro Exodus,mar,1,0,0,2,2025-01,1877,7.537430036586509,other,5.963039014373717,29.99,0,,0,1,0,0,0,0,1,0,0,0
272,412020,Metro Exodus,mar,1,0,0,3,2025-02,1877,7.537430036586509,other,5.963039014373717,29.99,0,,0,0,1,0,0,0,0,1,0,0
272,412020,Metro Exodus,mar,1,1,1,4,2025-03,1877,7.537430036586509,other,5.963039014373717,29.99,0,,0,0,0,1,0,0,0,0,1,0
272,412020,Metro Exodus,mar,1,1,1,5,2025-04,1877,7.537430036586509,other,5.963039014373717,29.99,0,,0,0,0,0,1,0,0,0,0,1
273,933110,Age of Empires III: Definitive Edition,mar,1,0,0,1,2024-12,5496,8.611775833902186,other,5.295003422313484,0.0,1,,1,0,0,0,0,1,0,0,0,0
273,933110,Age of Empires III: Definitive Edition,mar,1,0,0,2,2025-01,5496,8.611775833902186,other,5.295003422313484,0.0,1,,0,1,0,0,0,0,1,0,0,0
273,933110,Age of Empires III: Definitive Edition,mar,1,0,0,3,2025-02,5496,8.611775833902186,other,5.295003422313484,0.0,1,,0,0,1,0,0,0,0,1,0,0
273,933110,Age of Empires III: Definitive Edition,mar,1,1,1,4,2025-03,5496,8.611775833902186,other,5.295003422313484,0.0,1,,0,0,0,1,0,0,0,0,1,0
273,933110,Age of Empires III: Definitive Edition,mar,1,1,1,5,2025-04,5496,8.611775833902186,other,5.295003422313484,0.0,1,,0,0,0,0,1,0,0,0,0,1
274,1629520,A Little to the Left,mar,1,0,0,1,2024-12,502,6.218600119691729,other,3.2306639288158796,14.99,0,,1,0,0,0,0,1,0,0,0,0
274,1629520,A Little to the Left,mar,1,0,0,2,2025-01,502,6.218600119691729,other,3.2306639288158796,14.99,0,,0,1,0,0,0,0,1,0,0,0
274,1629520,A Little to the Left,mar,1,0,0,3,2025-02,502,6.218600119691729,other,3.2306639288158796,14.99,0,,0,0,1,0,0,0,0,1,0,0
274,1629520,A Little to the Left,mar,1,1,1,4,2025-03,502,6.218600119691729,other,3.2306639288158796,14.99,0,,0,0,0,1,0,0,0,0,1,0
274,1629520,A Little to the Left,mar,1,1,1,5,2025-04,502,6.218600119691729,other,3.2306639288158796,14.99,0,,0,0,0,0,1,0,0,0,0,1
275,459820,Crush Crush,mar,1,0,0,1,2024-12,2476,7.814399633804487,other,9.286789869952088,0.0,1,,1,0,0,0,0,1,0,0,0,0
275,459820,Crush Crush,mar,1,0,0,2,2025-01,2476,7.814399633804487,other,9.286789869952088,0.0,1,,0,1,0,0,0,0,1,0,0,0
275,459820,Crush Crush,mar,1,0,0,3,2025-02,2476,7.814399633804487,other,9.286789869952088,0.0,1,,0,0,1,0,0,0,0,1,0,0
275,459820,Crush Crush,mar,1,1,1,4,2025-03,2476,7.814399633804487,other,9.286789869952088,0.0,1,,0,0,0,1,0,0,0,0,1,0
275,459820,Crush Crush,mar,1,1,1,5,2025-04,2476,7.814399633804487,other,9.286789869952088,0.0,1,,0,0,0,0,1,0,0,0,0,1
276,2142790,Fields of Mistria,mar,1,0,0,1,2024-12,1215,7.102499355774649,other,1.4893908281998631,13.79,0,,1,0,0,0,0,1,0,0,0,0
276,2142790,Fields of Mistria,mar,1,0,0,2,2025-01,1215,7.102499355774649,other,1.4893908281998631,13.79,0,,0,1,0,0,0,0,1,0,0,0
276,2142790,Fields of Mistria,mar,1,0,0,3,2025-02,1215,7.102499355774649,other,1.4893908281998631,13.79,0,,0,0,1,0,0,0,0,1,0,0
276,2142790,Fields of Mistria,mar,1,1,1,4,2025-03,1215,7.102499355774649,other,1.4893908281998631,13.79,0,,0,0,0,1,0,0,0,0,1,0
276,2142790,Fields of Mistria,mar,1,1,1,5,2025-04,1215,7.102499355774649,other,1.4893908281998631,13.79,0,,0,0,0,0,1,0,0,0,0,1
277,1971870,Mortal Kombat 1,mar,1,0,0,1,2024-12,1399,7.243512974665482,other,2.3682409308692676,49.99,0,,1,0,0,0,0,1,0,0,0,0
277,1971870,Mortal Kombat 1,mar,1,0,0,2,2025-01,1399,7.243512974665482,other,2.3682409308692676,49.99,0,,0,1,0,0,0,0,1,0,0,0
277,1971870,Mortal Kombat 1,mar,1,0,0,3,2025-02,1399,7.243512974665482,other,2.3682409308692676,49.99,0,,0,0,1,0,0,0,0,1,0,0
277,1971870,Mortal Kombat 1,mar,1,1,1,4,2025-03,1399,7.243512974665482,other,2.3682409308692676,49.99,0,,0,0,0,1,0,0,0,0,1,0
277,1971870,Mortal Kombat 1,mar,1,1,1,5,2025-04,1399,7.243512974665482,other,2.3682409308692676,49.99,0,,0,0,0,0,1,0,0,0,0,1
278,312520,Rain World,mar,1,0,0,1,2024-12,1251,7.1316985104669115,other,8.845995893223819,11.02,0,,1,0,0,0,0,1,0,0,0,0
278,312520,Rain World,mar,1,0,0,2,2025-01,1251,7.1316985104669115,other,8.845995893223819,11.02,0,,0,1,0,0,0,0,1,0,0,0
278,312520,Rain World,mar,1,0,0,3,2025-02,1251,7.1316985104669115,other,8.845995893223819,11.02,0,,0,0,1,0,0,0,0,1,0,0
278,312520,Rain World,mar,1,1,1,4,2025-03,1251,7.1316985104669115,other,8.845995893223819,11.02,0,,0,0,0,1,0,0,0,0,1,0
278,312520,Rain World,mar,1,1,1,5,2025-04,1251,7.1316985104669115,other,8.845995893223819,11.02,0,,0,0,0,0,1,0,0,0,0,1
279,2508780,STORY OF SEASONS: Grand Bazaar,mar,1,0,0,1,2024-12,1124,7.024649030453636,other,0.42984257357973993,49.99,0,,1,0,0,0,0,1,0,0,0,0
279,2508780,STORY OF SEASONS: Grand Bazaar,mar,1,0,0,2,2025-01,1124,7.024649030453636,other,0.42984257357973993,49.99,0,,0,1,0,0,0,0,1,0,0,0
279,2508780,STORY OF SEASONS: Grand Bazaar,mar,1,0,0,3,2025-02,1124,7.024649030453636,other,0.42984257357973993,49.99,0,,0,0,1,0,0,0,0,1,0,0
279,2508780,STORY OF SEASONS: Grand Bazaar,mar,1,1,1,4,2025-03,1124,7.024649030453636,other,0.42984257357973993,49.99,0,,0,0,0,1,0,0,0,0,1,0
279,2508780,STORY OF SEASONS: Grand Bazaar,mar,1,1,1,5,2025-04,1124,7.024649030453636,other,0.42984257357973993,49.99,0,,0,0,0,0,1,0,0,0,0,1
280,2686630,Voyagers of Nera,mar,1,0,0,1,2024-12,138,4.927253685157205,other,0.3750855578370979,29.99,0,,1,0,0,0,0,1,0,0,0,0
280,2686630,Voyagers of Nera,mar,1,0,0,2,2025-01,138,4.927253685157205,other,0.3750855578370979,29.99,0,,0,1,0,0,0,0,1,0,0,0
280,2686630,Voyagers of Nera,mar,1,0,0,3,2025-02,138,4.927253685157205,other,0.3750855578370979,29.99,0,,0,0,1,0,0,0,0,1,0,0
280,2686630,Voyagers of Nera,mar,1,1,1,4,2025-03,138,4.927253685157205,other,0.3750855578370979,29.99,0,,0,0,0,1,0,0,0,0,1,0
280,2686630,Voyagers of Nera,mar,1,1,1,5,2025-04,138,4.927253685157205,other,0.3750855578370979,29.99,0,,0,0,0,0,1,0,0,0,0,1
281,2162800,shapez 2,mar,1,0,0,1,2024-12,698,6.548219102762372,other,1.462012320328542,28.99,0,,1,0,0,0,0,1,0,0,0,0
281,2162800,shapez 2,mar,1,0,0,2,2025-01,698,6.548219102762372,other,1.462012320328542,28.99,0,,0,1,0,0,0,0,1,0,0,0
281,2162800,shapez 2,mar,1,0,0,3,2025-02,698,6.548219102762372,other,1.462012320328542,28.99,0,,0,0,1,0,0,0,0,1,0,0
281,2162800,shapez 2,mar,1,1,1,4,2025-03,698,6.548219102762372,other,1.462012320328542,28.99,0,,0,0,0,1,0,0,0,0,1,0
281,2162800,shapez 2,mar,1,1,1,5,2025-04,698,6.548219102762372,other,1.462012320328542,28.99,0,,0,0,0,0,1,0,0,0,0,1
282,1217060,Gunfire Reborn,mar,1,0,0,1,2024-12,1832,7.513163545234075,other,4.205338809034908,16.79,0,,1,0,0,0,0,1,0,0,0,0
282,1217060,Gunfire Reborn,mar,1,0,0,2,2025-01,1832,7.513163545234075,other,4.205338809034908,16.79,0,,0,1,0,0,0,0,1,0,0,0
282,1217060,Gunfire Reborn,mar,1,0,0,3,2025-02,1832,7.513163545234075,other,4.205338809034908,16.79,0,,0,0,1,0,0,0,0,1,0,0
282,1217060,Gunfire Reborn,mar,1,1,1,4,2025-03,1832,7.513163545234075,other,4.205338809034908,16.79,0,,0,0,0,1,0,0,0,0,1,0
282,1217060,Gunfire Reborn,mar,1,1,1,5,2025-04,1832,7.513163545234075,other,4.205338809034908,16.79,0,,0,0,0,0,1,0,0,0,0,1
283,573090,Stormworks: Build and Rescue,mar,1,0,0,1,2024-12,1862,7.529406457837013,other,5.371663244353183,24.5,0,,1,0,0,0,0,1,0,0,0,0
283,573090,Stormworks: Build and Rescue,mar,1,0,0,2,2025-01,1862,7.529406457837013,other,5.371663244353183,24.5,0,,0,1,0,0,0,0,1,0,0,0
283,573090,Stormworks: Build and Rescue,mar,1,0,0,3,2025-02,1862,7.529406457837013,other,5.371663244353183,24.5,0,,0,0,1,0,0,0,0,1,0,0
283,573090,Stormworks: Build and Rescue,mar,1,1,1,4,2025-03,1862,7.529406457837013,other,5.371663244353183,24.5,0,,0,0,0,1,0,0,0,0,1,0
283,573090,Stormworks: Build and Rescue,mar,1,1,1,5,2025-04,1862,7.529406457837013,other,5.371663244353183,24.5,0,,0,0,0,0,1,0,0,0,0,1
284,544550,Stationeers,mar,1,0,0,1,2024-12,691,6.53813982376767,other,8.136892539356605,33.99,0,,1,0,0,0,0,1,0,0,0,0
284,544550,Stationeers,mar,1,0,0,2,2025-01,691,6.53813982376767,other,8.136892539356605,33.99,0,,0,1,0,0,0,0,1,0,0,0
284,544550,Stationeers,mar,1,0,0,3,2025-02,691,6.53813982376767,other,8.136892539356605,33.99,0,,0,0,1,0,0,0,0,1,0,0
284,544550,Stationeers,mar,1,1,1,4,2025-03,691,6.53813982376767,other,8.136892539356605,33.99,0,,0,0,0,1,0,0,0,0,1,0
284,544550,Stationeers,mar,1,1,1,5,2025-04,691,6.53813982376767,other,8.136892539356605,33.99,0,,0,0,0,0,1,0,0,0,0,1
285,3533100,Wrap House Simulator🌯,mar,1,0,0,1,2024-12,165,5.10594547390058,other,0.676249144421629,13.99,0,,1,0,0,0,0,1,0,0,0,0
285,3533100,Wrap House Simulator🌯,mar,1,0,0,2,2025-01,165,5.10594547390058,other,0.676249144421629,13.99,0,,0,1,0,0,0,0,1,0,0,0
285,3533100,Wrap House Simulator🌯,mar,1,0,0,3,2025-02,165,5.10594547390058,other,0.676249144421629,13.99,0,,0,0,1,0,0,0,0,1,0,0
285,3533100,Wrap House Simulator🌯,mar,1,1,1,4,2025-03,165,5.10594547390058,other,0.676249144421629,13.99,0,,0,0,0,1,0,0,0,0,1,0
285,3533100,Wrap House Simulator🌯,mar,1,1,1,5,2025-04,165,5.10594547390058,other,0.676249144421629,13.99,0,,0,0,0,0,1,0,0,0,0,1
286,231430,Company of Heroes 2,mar,1,0,0,1,2024-12,4108,8.32069157104845,other,12.602327173169062,18.49,0,,1,0,0,0,0,1,0,0,0,0
286,231430,Company of Heroes 2,mar,1,0,0,2,2025-01,4108,8.32069157104845,other,12.602327173169062,18.49,0,,0,1,0,0,0,0,1,0,0,0
286,231430,Company of Heroes 2,mar,1,0,0,3,2025-02,4108,8.32069157104845,other,12.602327173169062,18.49,0,,0,0,1,0,0,0,0,1,0,0
286,231430,Company of Heroes 2,mar,1,1,1,4,2025-03,4108,8.32069157104845,other,12.602327173169062,18.49,0,,0,0,0,1,0,0,0,0,1,0
286,231430,Company of Heroes 2,mar,1,1,1,5,2025-04,4108,8.32069157104845,other,12.602327173169062,18.49,0,,0,0,0,0,1,0,0,0,0,1
287,899770,Last Epoch,mar,1,0,0,1,2024-12,1559,7.351799869057777,other,1.943874058863792,33.99,0,,1,0,0,0,0,1,0,0,0,0
287,899770,Last Epoch,mar,1,0,0,2,2025-01,1559,7.351799869057777,other,1.943874058863792,33.99,0,,0,1,0,0,0,0,1,0,0,0
287,899770,Last Epoch,mar,1,0,0,3,2025-02,1559,7.351799869057777,other,1.943874058863792,33.99,0,,0,0,1,0,0,0,0,1,0,0
287,899770,Last Epoch,mar,1,1,1,4,2025-03,1559,7.351799869057777,other,1.943874058863792,33.99,0,,0,0,0,1,0,0,0,0,1,0
287,899770,Last Epoch,mar,1,1,1,5,2025-04,1559,7.351799869057777,other,1.943874058863792,33.99,0,,0,0,0,0,1,0,0,0,0,1
288,228380,Wreckfest,mar,1,0,0,1,2024-12,393,5.973809611869261,other,7.6331279945242985,14.99,0,,1,0,0,0,0,1,0,0,0,0
288,228380,Wreckfest,mar,1,0,0,2,2025-01,393,5.973809611869261,other,7.6331279945242985,14.99,0,,0,1,0,0,0,0,1,0,0,0
288,228380,Wreckfest,mar,1,0,0,3,2025-02,393,5.973809611869261,other,7.6331279945242985,14.99,0,,0,0,1,0,0,0,0,1,0,0
288,228380,Wreckfest,mar,1,1,1,4,2025-03,393,5.973809611869261,other,7.6331279945242985,14.99,0,,0,0,0,1,0,0,0,0,1,0
288,228380,Wreckfest,mar,1,1,1,5,2025-04,393,5.973809611869261,other,7.6331279945242985,14.99,0,,0,0,0,0,1,0,0,0,0,1
289,3533100,Wrap House Simulator🌯,mar,1,0,0,1,2024-12,165,5.10594547390058,other,0.676249144421629,13.99,0,,1,0,0,0,0,1,0,0,0,0
289,3533100,Wrap House Simulator🌯,mar,1,0,0,2,2025-01,165,5.10594547390058,other,0.676249144421629,13.99,0,,0,1,0,0,0,0,1,0,0,0
289,3533100,Wrap House Simulator🌯,mar,1,0,0,3,2025-02,165,5.10594547390058,other,0.676249144421629,13.99,0,,0,0,1,0,0,0,0,1,0,0
289,3533100,Wrap House Simulator🌯,mar,1,1,1,4,2025-03,165,5.10594547390058,other,0.676249144421629,13.99,0,,0,0,0,1,0,0,0,0,1,0
289,3533100,Wrap House Simulator🌯,mar,1,1,1,5,2025-04,165,5.10594547390058,other,0.676249144421629,13.99,0,,0,0,0,0,1,0,0,0,0,1
290,2753900,The King is Watching,mar,1,0,0,1,2024-12,1199,7.089243155027514,other,0.5311430527036276,95.0,0,,1,0,0,0,0,1,0,0,0,0
290,2753900,The King is Watching,mar,1,0,0,2,2025-01,1199,7.089243155027514,other,0.5311430527036276,95.0,0,,0,1,0,0,0,0,1,0,0,0
290,2753900,The King is Watching,mar,1,0,0,3,2025-02,1199,7.089243155027514,other,0.5311430527036276,95.0,0,,0,0,1,0,0,0,0,1,0,0
290,2753900,The King is Watching,mar,1,1,1,4,2025-03,1199,7.089243155027514,other,0.5311430527036276,95.0,0,,0,0,0,1,0,0,0,0,1,0
290,2753900,The King is Watching,mar,1,1,1,5,2025-04,1199,7.089243155027514,other,0.5311430527036276,95.0,0,,0,0,0,0,1,0,0,0,0,1
291,632470,Disco Elysium - The Final Cut,mar,1,0,0,1,2024-12,2108,7.653494909661253,other,6.297056810403833,39.99,0,,1,0,0,0,0,1,0,0,0,0
291,632470,Disco Elysium - The Final Cut,mar,1,0,0,2,2025-01,2108,7.653494909661253,other,6.297056810403833,39.99,0,,0,1,0,0,0,0,1,0,0,0
291,632470,Disco Elysium - The Final Cut,mar,1,0,0,3,2025-02,2108,7.653494909661253,other,6.297056810403833,39.99,0,,0,0,1,0,0,0,0,1,0,0
291,632470,Disco Elysium - The Final Cut,mar,1,1,1,4,2025-03,2108,7.653494909661253,other,6.297056810403833,39.99,0,,0,0,0,1,0,0,0,0,1,0
291,632470,Disco Elysium - The Final Cut,mar,1,1,1,5,2025-04,2108,7.653494909661253,other,6.297056810403833,39.99,0,,0,0,0,0,1,0,0,0,0,1
292,1750770,Starcom: Unknown Space,mar,1,0,0,1,2024-12,378,5.934894195619588,other,1.4127310061601643,17.15,0,,1,0,0,0,0,1,0,0,0,0
292,1750770,Starcom: Unknown Space,mar,1,0,0,2,2025-01,378,5.934894195619588,other,1.4127310061601643,17.15,0,,0,1,0,0,0,0,1,0,0,0
292,1750770,Starcom: Unknown Space,mar,1,0,0,3,2025-02,378,5.934894195619588,other,1.4127310061601643,17.15,0,,0,0,1,0,0,0,0,1,0,0
292,1750770,Starcom: Unknown Space,mar,1,1,1,4,2025-03,378,5.934894195619588,other,1.4127310061601643,17.15,0,,0,0,0,1,0,0,0,0,1,0
292,1750770,Starcom: Unknown Space,mar,1,1,1,5,2025-04,378,5.934894195619588,other,1.4127310061601643,17.15,0,,0,0,0,0,1,0,0,0,0,1
293,494840,UBOAT,mar,1,0,0,1,2024-12,1102,7.004881989712859,other,1.4976043805612593,8.69,0,,1,0,0,0,0,1,0,0,0,0
293,494840,UBOAT,mar,1,0,0,2,2025-01,1102,7.004881989712859,other,1.4976043805612593,8.69,0,,0,1,0,0,0,0,1,0,0,0
293,494840,UBOAT,mar,1,0,0,3,2025-02,1102,7.004881989712859,other,1.4976043805612593,8.69,0,,0,0,1,0,0,0,0,1,0,0
293,494840,UBOAT,mar,1,1,1,4,2025-03,1102,7.004881989712859,other,1.4976043805612593,8.69,0,,0,0,0,1,0,0,0,0,1,0
293,494840,UBOAT,mar,1,1,1,5,2025-04,1102,7.004881989712859,other,1.4976043805612593,8.69,0,,0,0,0,0,1,0,0,0,0,1
294,597180,Old World,mar,1,0,0,1,2024-12,786,6.666956792429207,other,3.707049965776865,39.99,0,,1,0,0,0,0,1,0,0,0,0
294,597180,Old World,mar,1,0,0,2,2025-01,786,6.666956792429207,other,3.707049965776865,39.99,0,,0,1,0,0,0,0,1,0,0,0
294,597180,Old World,mar,1,0,0,3,2025-02,786,6.666956792429207,other,3.707049965776865,39.99,0,,0,0,1,0,0,0,0,1,0,0
294,597180,Old World,mar,1,1,1,4,2025-03,786,6.666956792429207,other,3.707049965776865,39.99,0,,0,0,0,1,0,0,0,0,1,0
294,597180,Old World,mar,1,1,1,5,2025-04,786,6.666956792429207,other,3.707049965776865,39.99,0,,0,0,0,0,1,0,0,0,0,1
295,611790,House Party,mar,1,0,0,1,2024-12,560,6.327936783729195,other,3.5482546201232035,11.24,0,,1,0,0,0,0,1,0,0,0,0
295,611790,House Party,mar,1,0,0,2,2025-01,560,6.327936783729195,other,3.5482546201232035,11.24,0,,0,1,0,0,0,0,1,0,0,0
295,611790,House Party,mar,1,0,0,3,2025-02,560,6.327936783729195,other,3.5482546201232035,11.24,0,,0,0,1,0,0,0,0,1,0,0
295,611790,House Party,mar,1,1,1,4,2025-03,560,6.327936783729195,other,3.5482546201232035,11.24,0,,0,0,0,1,0,0,0,0,1,0
295,611790,House Party,mar,1,1,1,5,2025-04,560,6.327936783729195,other,3.5482546201232035,11.24,0,,0,0,0,0,1,0,0,0,0,1
296,2290180,Riders Republic,mar,1,0,0,1,2024-12,708,6.56244409369372,mmo,2.650239561943874,39.99,0,,1,0,0,0,0,1,0,0,0,0
296,2290180,Riders Republic,mar,1,0,0,2,2025-01,708,6.56244409369372,mmo,2.650239561943874,39.99,0,,0,1,0,0,0,0,1,0,0,0
296,2290180,Riders Republic,mar,1,0,0,3,2025-02,708,6.56244409369372,mmo,2.650239561943874,39.99,0,,0,0,1,0,0,0,0,1,0,0
296,2290180,Riders Republic,mar,1,1,1,4,2025-03,708,6.56244409369372,mmo,2.650239561943874,39.99,0,,0,0,0,1,0,0,0,0,1,0
296,2290180,Riders Republic,mar,1,1,1,5,2025-04,708,6.56244409369372,mmo,2.650239561943874,39.99,0,,0,0,0,0,1,0,0,0,0,1
297,669330,Mechabellum,mar,1,0,0,1,2024-12,1597,7.3758821482150125,mmo,1.3470225872689938,14.79,0,,1,0,0,0,0,1,0,0,0,0
297,669330,Mechabellum,mar,1,0,0,2,2025-01,1597,7.3758821482150125,mmo,1.3470225872689938,14.79,0,,0,1,0,0,0,0,1,0,0,0
297,669330,Mechabellum,mar,1,0,0,3,2025-02,1597,7.3758821482150125,mmo,1.3470225872689938,14.79,0,,0,0,1,0,0,0,0,1,0,0
297,669330,Mechabellum,mar,1,1,1,4,2025-03,1597,7.3758821482150125,mmo,1.3470225872689938,14.79,0,,0,0,0,1,0,0,0,0,1,0
297,669330,Mechabellum,mar,1,1,1,5,2025-04,1597,7.3758821482150125,mmo,1.3470225872689938,14.79,0,,0,0,0,0,1,0,0,0,0,1
298,2239710,Into the Dead: Our Darkest Days,mar,1,0,0,1,2024-12,1020,6.927557906278317,other,0.813141683778234,24.99,0,,1,0,0,0,0,1,0,0,0,0
298,2239710,Into the Dead: Our Darkest Days,mar,1,0,0,2,2025-01,1020,6.927557906278317,other,0.813141683778234,24.99,0,,0,1,0,0,0,0,1,0,0,0
298,2239710,Into the Dead: Our Darkest Days,mar,1,0,0,3,2025-02,1020,6.927557906278317,other,0.813141683778234,24.99,0,,0,0,1,0,0,0,0,1,0,0
298,2239710,Into the Dead: Our Darkest Days,mar,1,1,1,4,2025-03,1020,6.927557906278317,other,0.813141683778234,24.99,0,,0,0,0,1,0,0,0,0,1,0
298,2239710,Into the Dead: Our Darkest Days,mar,1,1,1,5,2025-04,1020,6.927557906278317,other,0.813141683778234,24.99,0,,0,0,0,0,1,0,0,0,0,1
299,397540,Borderlands 3,mar,1,0,0,1,2024-12,2599,7.8628820346414905,other,5.886379192334018,59.99,0,,1,0,0,0,0,1,0,0,0,0
299,397540,Borderlands 3,mar,1,0,0,2,2025-01,2599,7.8628820346414905,other,5.886379192334018,59.99,0,,0,1,0,0,0,0,1,0,0,0
299,397540,Borderlands 3,mar,1,0,0,3,2025-02,2599,7.8628820346414905,other,5.886379192334018,59.99,0,,0,0,1,0,0,0,0,1,0,0
299,397540,Borderlands 3,mar,1,1,1,4,2025-03,2599,7.8628820346414905,other,5.886379192334018,59.99,0,,0,0,0,1,0,0,0,0,1,0
299,397540,Borderlands 3,mar,1,1,1,5,2025-04,2599,7.8628820346414905,other,5.886379192334018,59.99,0,,0,0,0,0,1,0,0,0,0,1
300,314650,SpaceEngine,mar,1,0,0,1,2024-12,274,5.6131281063880705,other,6.6420260095824775,28.99,0,,1,0,0,0,0,1,0,0,0,0
300,314650,SpaceEngine,mar,1,0,0,2,2025-01,274,5.6131281063880705,other,6.6420260095824775,28.99,0,,0,1,0,0,0,0,1,0,0,0
300,314650,SpaceEngine,mar,1,0,0,3,2025-02,274,5.6131281063880705,other,6.6420260095824775,28.99,0,,0,0,1,0,0,0,0,1,0,0
300,314650,SpaceEngine,mar,1,1,1,4,2025-03,274,5.6131281063880705,other,6.6420260095824775,28.99,0,,0,0,0,1,0,0,0,0,1,0
300,314650,SpaceEngine,mar,1,1,1,5,2025-04,274,5.6131281063880705,other,6.6420260095824775,28.99,0,,0,0,0,0,1,0,0,0,0,1
301,1371980,No Rest for the Wicked,apr,1,0,0,1,2024-12,44317,10.69912362959944,other,1.787816563997262,23.99,0,,1,0,0,0,0,1,0,0,0,0
301,1371980,No Rest for the Wicked,apr,1,0,0,2,2025-01,44317,10.69912362959944,other,1.787816563997262,23.99,0,,0,1,0,0,0,0,1,0,0,0
301,1371980,No Rest for the Wicked,apr,1,0,0,3,2025-02,44317,10.69912362959944,other,1.787816563997262,23.99,0,,0,0,1,0,0,0,0,1,0,0
301,1371980,No Rest for the Wicked,apr,1,0,0,4,2025-03,44317,10.69912362959944,other,1.787816563997262,23.99,0,,0,0,0,1,0,0,0,0,1,0
301,1371980,No Rest for the Wicked,apr,1,1,1,5,2025-04,44317,10.69912362959944,other,1.787816563997262,23.99,0,,0,0,0,0,1,0,0,0,0,1
302,1086940,Baldur's Gate 3,apr,1,0,0,1,2024-12,65764,11.093827855130767,other,2.4969199178644765,59.99,0,,1,0,0,0,0,1,0,0,0,0
302,1086940,Baldur's Gate 3,apr,1,0,0,2,2025-01,65764,11.093827855130767,other,2.4969199178644765,59.99,0,,0,1,0,0,0,0,1,0,0,0
302,1086940,Baldur's Gate 3,apr,1,0,0,3,2025-02,65764,11.093827855130767,other,2.4969199178644765,59.99,0,,0,0,1,0,0,0,0,1,0,0
302,1086940,Baldur's Gate 3,apr,1,0,0,4,2025-03,65764,11.093827855130767,other,2.4969199178644765,59.99,0,,0,0,0,1,0,0,0,0,1,0
302,1086940,Baldur's Gate 3,apr,1,1,1,5,2025-04,65764,11.093827855130767,other,2.4969199178644765,59.99,0,,0,0,0,0,1,0,0,0,0,1
303,1774580,STAR WARS Jedi: Survivor™,apr,1,0,0,1,2024-12,3341,8.114025442356757,other,2.7652292950034223,8.39,0,,1,0,0,0,0,1,0,0,0,0
303,1774580,STAR WARS Jedi: Survivor™,apr,1,0,0,2,2025-01,3341,8.114025442356757,other,2.7652292950034223,8.39,0,,0,1,0,0,0,0,1,0,0,0
303,1774580,STAR WARS Jedi: Survivor™,apr,1,0,0,3,2025-02,3341,8.114025442356757,other,2.7652292950034223,8.39,0,,0,0,1,0,0,0,0,1,0,0
303,1774580,STAR WARS Jedi: Survivor™,apr,1,0,0,4,2025-03,3341,8.114025442356757,other,2.7652292950034223,8.39,0,,0,0,0,1,0,0,0,0,1,0
303,1774580,STAR WARS Jedi: Survivor™,apr,1,1,1,5,2025-04,3341,8.114025442356757,other,2.7652292950034223,8.39,0,,0,0,0,0,1,0,0,0,0,1
304,284160,BeamNG.drive,apr,1,0,0,1,2024-12,28876,10.270766079259051,other,10.677618069815194,22.5,0,,1,0,0,0,0,1,0,0,0,0
304,284160,BeamNG.drive,apr,1,0,0,2,2025-01,28876,10.270766079259051,other,10.677618069815194,22.5,0,,0,1,0,0,0,0,1,0,0,0
304,284160,BeamNG.drive,apr,1,0,0,3,2025-02,28876,10.270766079259051,other,10.677618069815194,22.5,0,,0,0,1,0,0,0,0,1,0,0
304,284160,BeamNG.drive,apr,1,0,0,4,2025-03,28876,10.270766079259051,other,10.677618069815194,22.5,0,,0,0,0,1,0,0,0,0,1,0
304,284160,BeamNG.drive,apr,1,1,1,5,2025-04,28876,10.270766079259051,other,10.677618069815194,22.5,0,,0,0,0,0,1,0,0,0,0,1
305,1812450,Bellwright,apr,1,0,0,1,2024-12,5911,8.684570300824369,other,1.7741273100616017,28.99,0,,1,0,0,0,0,1,0,0,0,0
305,1812450,Bellwright,apr,1,0,0,2,2025-01,5911,8.684570300824369,other,1.7741273100616017,28.99,0,,0,1,0,0,0,0,1,0,0,0
305,1812450,Bellwright,apr,1,0,0,3,2025-02,5911,8.684570300824369,other,1.7741273100616017,28.99,0,,0,0,1,0,0,0,0,1,0,0
305,1812450,Bellwright,apr,1,0,0,4,2025-03,5911,8.684570300824369,other,1.7741273100616017,28.99,0,,0,0,0,1,0,0,0,0,1,0
305,1812450,Bellwright,apr,1,1,1,5,2025-04,5911,8.684570300824369,other,1.7741273100616017,28.99,0,,0,0,0,0,1,0,0,0,0,1
306,3059520,F1® 25,apr,1,0,0,1,2024-12,7846,8.967759126769497,other,0.6735112936344969,59.99,0,,1,0,0,0,0,1,0,0,0,0
306,3059520,F1® 25,apr,1,0,0,2,2025-01,7846,8.967759126769497,other,0.6735112936344969,59.99,0,,0,1,0,0,0,0,1,0,0,0
306,3059520,F1® 25,apr,1,0,0,3,2025-02,7846,8.967759126769497,other,0.6735112936344969,59.99,0,,0,0,1,0,0,0,0,1,0,0
306,3059520,F1® 25,apr,1,0,0,4,2025-03,7846,8.967759126769497,other,0.6735112936344969,59.99,0,,0,0,0,1,0,0,0,0,1,0
306,3059520,F1® 25,apr,1,1,1,5,2025-04,7846,8.967759126769497,other,0.6735112936344969,59.99,0,,0,0,0,0,1,0,0,0,0,1
307,962130,Grounded,apr,1,0,0,1,2024-12,6250,8.740336742730447,other,3.345653661875428,19.99,0,,1,0,0,0,0,1,0,0,0,0
307,962130,Grounded,apr,1,0,0,2,2025-01,6250,8.740336742730447,other,3.345653661875428,19.99,0,,0,1,0,0,0,0,1,0,0,0
307,962130,Grounded,apr,1,0,0,3,2025-02,6250,8.740336742730447,other,3.345653661875428,19.99,0,,0,0,1,0,0,0,0,1,0,0
307,962130,Grounded,apr,1,0,0,4,2025-03,6250,8.740336742730447,other,3.345653661875428,19.99,0,,0,0,0,1,0,0,0,0,1,0
307,962130,Grounded,apr,1,1,1,5,2025-04,6250,8.740336742730447,other,3.345653661875428,19.99,0,,0,0,0,0,1,0,0,0,0,1
308,294100,RimWorld,apr,1,0,0,1,2024-12,34680,10.453918430894479,other,7.2908966461327855,218.0,0,,1,0,0,0,0,1,0,0,0,0
308,294100,RimWorld,apr,1,0,0,2,2025-01,34680,10.453918430894479,other,7.2908966461327855,218.0,0,,0,1,0,0,0,0,1,0,0,0
308,294100,RimWorld,apr,1,0,0,3,2025-02,34680,10.453918430894479,other,7.2908966461327855,218.0,0,,0,0,1,0,0,0,0,1,0,0
308,294100,RimWorld,apr,1,0,0,4,2025-03,34680,10.453918430894479,other,7.2908966461327855,218.0,0,,0,0,0,1,0,0,0,0,1,0
308,294100,RimWorld,apr,1,1,1,5,2025-04,34680,10.453918430894479,other,7.2908966461327855,218.0,0,,0,0,0,0,1,0,0,0,0,1
309,892970,Valheim,apr,1,0,0,1,2024-12,28902,10.271666075858276,other,4.993839835728953,9.99,0,,1,0,0,0,0,1,0,0,0,0
309,892970,Valheim,apr,1,0,0,2,2025-01,28902,10.271666075858276,other,4.993839835728953,9.99,0,,0,1,0,0,0,0,1,0,0,0
309,892970,Valheim,apr,1,0,0,3,2025-02,28902,10.271666075858276,other,4.993839835728953,9.99,0,,0,0,1,0,0,0,0,1,0,0
309,892970,Valheim,apr,1,0,0,4,2025-03,28902,10.271666075858276,other,4.993839835728953,9.99,0,,0,0,0,1,0,0,0,0,1,0
309,892970,Valheim,apr,1,1,1,5,2025-04,28902,10.271666075858276,other,4.993839835728953,9.99,0,,0,0,0,0,1,0,0,0,0,1
310,2507950,Delta Force,apr,1,0,0,1,2024-12,162820,12.00040057512797,mmo,1.158110882956879,0.0,1,,1,0,0,0,0,1,0,0,0,0
310,2507950,Delta Force,apr,1,0,0,2,2025-01,162820,12.00040057512797,mmo,1.158110882956879,0.0,1,,0,1,0,0,0,0,1,0,0,0
310,2507950,Delta Force,apr,1,0,0,3,2025-02,162820,12.00040057512797,mmo,1.158110882956879,0.0,1,,0,0,1,0,0,0,0,1,0,0
310,2507950,Delta Force,apr,1,0,0,4,2025-03,162820,12.00040057512797,mmo,1.158110882956879,0.0,1,,0,0,0,1,0,0,0,0,1,0
310,2507950,Delta Force,apr,1,1,1,5,2025-04,162820,12.00040057512797,mmo,1.158110882956879,0.0,1,,0,0,0,0,1,0,0,0,0,1
311,2879840,Escape Simulator 2,apr,1,0,0,1,2024-12,2053,7.627057417018934,other,0.26283367556468173,13.59,0,,1,0,0,0,0,1,0,0,0,0
311,2879840,Escape Simulator 2,apr,1,0,0,2,2025-01,2053,7.627057417018934,other,0.26283367556468173,13.59,0,,0,1,0,0,0,0,1,0,0,0
311,2879840,Escape Simulator 2,apr,1,0,0,3,2025-02,2053,7.627057417018934,other,0.26283367556468173,13.59,0,,0,0,1,0,0,0,0,1,0,0
311,2879840,Escape Simulator 2,apr,1,0,0,4,2025-03,2053,7.627057417018934,other,0.26283367556468173,13.59,0,,0,0,0,1,0,0,0,0,1,0
311,2879840,Escape Simulator 2,apr,1,1,1,5,2025-04,2053,7.627057417018934,other,0.26283367556468173,13.59,0,,0,0,0,0,1,0,0,0,0,1
312,2707930,Palia,apr,1,0,0,1,2024-12,6162,8.726156679156613,other,1.8535249828884326,0.0,1,,1,0,0,0,0,1,0,0,0,0
312,2707930,Palia,apr,1,0,0,2,2025-01,6162,8.726156679156613,other,1.8535249828884326,0.0,1,,0,1,0,0,0,0,1,0,0,0
312,2707930,Palia,apr,1,0,0,3,2025-02,6162,8.726156679156613,other,1.8535249828884326,0.0,1,,0,0,1,0,0,0,0,1,0,0
312,2707930,Palia,apr,1,0,0,4,2025-03,6162,8.726156679156613,other,1.8535249828884326,0.0,1,,0,0,0,1,0,0,0,0,1,0
312,2707930,Palia,apr,1,1,1,5,2025-04,6162,8.726156679156613,other,1.8535249828884326,0.0,1,,0,0,0,0,1,0,0,0,0,1
313,380600,Fishing Planet,apr,1,0,0,1,2024-12,4363,8.38091517312361,mmo,8.427104722792608,0.0,1,,1,0,0,0,0,1,0,0,0,0
313,380600,Fishing Planet,apr,1,0,0,2,2025-01,4363,8.38091517312361,mmo,8.427104722792608,0.0,1,,0,1,0,0,0,0,1,0,0,0
313,380600,Fishing Planet,apr,1,0,0,3,2025-02,4363,8.38091517312361,mmo,8.427104722792608,0.0,1,,0,0,1,0,0,0,0,1,0,0
313,380600,Fishing Planet,apr,1,0,0,4,2025-03,4363,8.38091517312361,mmo,8.427104722792608,0.0,1,,0,0,0,1,0,0,0,0,1,0
313,380600,Fishing Planet,apr,1,1,1,5,2025-04,4363,8.38091517312361,mmo,8.427104722792608,0.0,1,,0,0,0,0,1,0,0,0,0,1
314,1486920,Tempest Rising,apr,1,0,0,1,2024-12,503,6.220590170099739,other,0.7720739219712526,29.99,0,,1,0,0,0,0,1,0,0,0,0
314,1486920,Tempest Rising,apr,1,0,0,2,2025-01,503,6.220590170099739,other,0.7720739219712526,29.99,0,,0,1,0,0,0,0,1,0,0,0
314,1486920,Tempest Rising,apr,1,0,0,3,2025-02,503,6.220590170099739,other,0.7720739219712526,29.99,0,,0,0,1,0,0,0,0,1,0,0
314,1486920,Tempest Rising,apr,1,0,0,4,2025-03,503,6.220590170099739,other,0.7720739219712526,29.99,0,,0,0,0,1,0,0,0,0,1,0
314,1486920,Tempest Rising,apr,1,1,1,5,2025-04,503,6.220590170099739,other,0.7720739219712526,29.99,0,,0,0,0,0,1,0,0,0,0,1
315,3024040,Stronghold Crusader: Definitive Edition,apr,1,0,0,1,2024-12,2812,7.941651252930556,other,0.5475701574264202,19.99,0,,1,0,0,0,0,1,0,0,0,0
315,3024040,Stronghold Crusader: Definitive Edition,apr,1,0,0,2,2025-01,2812,7.941651252930556,other,0.5475701574264202,19.99,0,,0,1,0,0,0,0,1,0,0,0
315,3024040,Stronghold Crusader: Definitive Edition,apr,1,0,0,3,2025-02,2812,7.941651252930556,other,0.5475701574264202,19.99,0,,0,0,1,0,0,0,0,1,0,0
315,3024040,Stronghold Crusader: Definitive Edition,apr,1,0,0,4,2025-03,2812,7.941651252930556,other,0.5475701574264202,19.99,0,,0,0,0,1,0,0,0,0,1,0
315,3024040,Stronghold Crusader: Definitive Edition,apr,1,1,1,5,2025-04,2812,7.941651252930556,other,0.5475701574264202,19.99,0,,0,0,0,0,1,0,0,0,0,1
316,703080,Planet Zoo,apr,1,0,0,1,2024-12,4663,8.44741429680832,other,6.239561943874059,200.0,0,,1,0,0,0,0,1,0,0,0,0
316,703080,Planet Zoo,apr,1,0,0,2,2025-01,4663,8.44741429680832,other,6.239561943874059,200.0,0,,0,1,0,0,0,0,1,0,0,0
316,703080,Planet Zoo,apr,1,0,0,3,2025-02,4663,8.44741429680832,other,6.239561943874059,200.0,0,,0,0,1,0,0,0,0,1,0,0
316,703080,Planet Zoo,apr,1,0,0,4,2025-03,4663,8.44741429680832,other,6.239561943874059,200.0,0,,0,0,0,1,0,0,0,0,1,0
316,703080,Planet Zoo,apr,1,1,1,5,2025-04,4663,8.44741429680832,other,6.239561943874059,200.0,0,,0,0,0,0,1,0,0,0,0,1
317,2358720,Black Myth: Wukong,apr,1,0,0,1,2024-12,18040,9.800346793616615,other,1.4510609171800137,59.99,0,,1,0,0,0,0,1,0,0,0,0
317,2358720,Black Myth: Wukong,apr,1,0,0,2,2025-01,18040,9.800346793616615,other,1.4510609171800137,59.99,0,,0,1,0,0,0,0,1,0,0,0
317,2358720,Black Myth: Wukong,apr,1,0,0,3,2025-02,18040,9.800346793616615,other,1.4510609171800137,59.99,0,,0,0,1,0,0,0,0,1,0,0
317,2358720,Black Myth: Wukong,apr,1,0,0,4,2025-03,18040,9.800346793616615,other,1.4510609171800137,59.99,0,,0,0,0,1,0,0,0,0,1,0
317,2358720,Black Myth: Wukong,apr,1,1,1,5,2025-04,18040,9.800346793616615,other,1.4510609171800137,59.99,0,,0,0,0,0,1,0,0,0,0,1
318,1250410,Microsoft Flight Simulator (2020) 40th Anniversary Edition,apr,1,0,0,1,2024-12,5077,8.532475814947395,other,5.456536618754278,69.99,0,,1,0,0,0,0,1,0,0,0,0
318,1250410,Microsoft Flight Simulator (2020) 40th Anniversary Edition,apr,1,0,0,2,2025-01,5077,8.532475814947395,other,5.456536618754278,69.99,0,,0,1,0,0,0,0,1,0,0,0
318,1250410,Microsoft Flight Simulator (2020) 40th Anniversary Edition,apr,1,0,0,3,2025-02,5077,8.532475814947395,other,5.456536618754278,69.99,0,,0,0,1,0,0,0,0,1,0,0
318,1250410,Microsoft Flight Simulator (2020) 40th Anniversary Edition,apr,1,0,0,4,2025-03,5077,8.532475814947395,other,5.456536618754278,69.99,0,,0,0,0,1,0,0,0,0,1,0
318,1250410,Microsoft Flight Simulator (2020) 40th Anniversary Edition,apr,1,1,1,5,2025-04,5077,8.532475814947395,other,5.456536618754278,69.99,0,,0,0,0,0,1,0,0,0,0,1
319,2531310,The Last of Us™ Part II Remastered,apr,1,0,0,1,2024-12,2970,7.996317231796746,other,0.8295687885010267,49.99,0,,1,0,0,0,0,1,0,0,0,0
319,2531310,The Last of Us™ Part II Remastered,apr,1,0,0,2,2025-01,2970,7.996317231796746,other,0.8295687885010267,49.99,0,,0,1,0,0,0,0,1,0,0,0
319,2531310,The Last of Us™ Part II Remastered,apr,1,0,0,3,2025-02,2970,7.996317231796746,other,0.8295687885010267,49.99,0,,0,0,1,0,0,0,0,1,0,0
319,2531310,The Last of Us™ Part II Remastered,apr,1,0,0,4,2025-03,2970,7.996317231796746,other,0.8295687885010267,49.99,0,,0,0,0,1,0,0,0,0,1,0
319,2531310,The Last of Us™ Part II Remastered,apr,1,1,1,5,2025-04,2970,7.996317231796746,other,0.8295687885010267,49.99,0,,0,0,0,0,1,0,0,0,0,1
320,2623190,The Elder Scrolls IV: Oblivion Remastered,apr,1,0,0,1,2024-12,2303,7.741967899820685,other,0.7775496235455168,54.99,0,,1,0,0,0,0,1,0,0,0,0
320,2623190,The Elder Scrolls IV: Oblivion Remastered,apr,1,0,0,2,2025-01,2303,7.741967899820685,other,0.7775496235455168,54.99,0,,0,1,0,0,0,0,1,0,0,0
320,2623190,The Elder Scrolls IV: Oblivion Remastered,apr,1,0,0,3,2025-02,2303,7.741967899820685,other,0.7775496235455168,54.99,0,,0,0,1,0,0,0,0,1,0,0
320,2623190,The Elder Scrolls IV: Oblivion Remastered,apr,1,0,0,4,2025-03,2303,7.741967899820685,other,0.7775496235455168,54.99,0,,0,0,0,1,0,0,0,0,1,0
320,2623190,The Elder Scrolls IV: Oblivion Remastered,apr,1,1,1,5,2025-04,2303,7.741967899820685,other,0.7775496235455168,54.99,0,,0,0,0,0,1,0,0,0,0,1
321,1757300,Jump Space,apr,1,0,0,1,2024-12,359,5.883322388488279,other,0.3668720054757016,19.5,0,,1,0,0,0,0,1,0,0,0,0
321,1757300,Jump Space,apr,1,0,0,2,2025-01,359,5.883322388488279,other,0.3668720054757016,19.5,0,,0,1,0,0,0,0,1,0,0,0
321,1757300,Jump Space,apr,1,0,0,3,2025-02,359,5.883322388488279,other,0.3668720054757016,19.5,0,,0,0,1,0,0,0,0,1,0,0
321,1757300,Jump Space,apr,1,0,0,4,2025-03,359,5.883322388488279,other,0.3668720054757016,19.5,0,,0,0,0,1,0,0,0,0,1,0
321,1757300,Jump Space,apr,1,1,1,5,2025-04,359,5.883322388488279,other,0.3668720054757016,19.5,0,,0,0,0,0,1,0,0,0,0,1
322,244850,Space Engineers,apr,1,0,0,1,2024-12,3932,8.276903481267057,other,6.924024640657084,16.99,0,,1,0,0,0,0,1,0,0,0,0
322,244850,Space Engineers,apr,1,0,0,2,2025-01,3932,8.276903481267057,other,6.924024640657084,16.99,0,,0,1,0,0,0,0,1,0,0,0
322,244850,Space Engineers,apr,1,0,0,3,2025-02,3932,8.276903481267057,other,6.924024640657084,16.99,0,,0,0,1,0,0,0,0,1,0,0
322,244850,Space Engineers,apr,1,0,0,4,2025-03,3932,8.276903481267057,other,6.924024640657084,16.99,0,,0,0,0,1,0,0,0,0,1,0
322,244850,Space Engineers,apr,1,1,1,5,2025-04,3932,8.276903481267057,other,6.924024640657084,16.99,0,,0,0,0,0,1,0,0,0,0,1
323,1281220,Task Force Admiral - Vol.1: American Carrier Battles,apr,1,0,0,1,2024-12,229,5.43372200355424,other,0.010951403148528405,30.59,0,,1,0,0,0,0,1,0,0,0,0
323,1281220,Task Force Admiral - Vol.1: American Carrier Battles,apr,1,0,0,2,2025-01,229,5.43372200355424,other,0.010951403148528405,30.59,0,,0,1,0,0,0,0,1,0,0,0
323,1281220,Task Force Admiral - Vol.1: American Carrier Battles,apr,1,0,0,3,2025-02,229,5.43372200355424,other,0.010951403148528405,30.59,0,,0,0,1,0,0,0,0,1,0,0
323,1281220,Task Force Admiral - Vol.1: American Carrier Battles,apr,1,0,0,4,2025-03,229,5.43372200355424,other,0.010951403148528405,30.59,0,,0,0,0,1,0,0,0,0,1,0
323,1281220,Task Force Admiral - Vol.1: American Carrier Battles,apr,1,1,1,5,2025-04,229,5.43372200355424,other,0.010951403148528405,30.59,0,,0,0,0,0,1,0,0,0,0,1
324,2670630,Supermarket Simulator,apr,1,0,0,1,2024-12,3694,8.214465160759186,other,0.6187542778918549,19.99,0,,1,0,0,0,0,1,0,0,0,0
324,2670630,Supermarket Simulator,apr,1,0,0,2,2025-01,3694,8.214465160759186,other,0.6187542778918549,19.99,0,,0,1,0,0,0,0,1,0,0,0
324,2670630,Supermarket Simulator,apr,1,0,0,3,2025-02,3694,8.214465160759186,other,0.6187542778918549,19.99,0,,0,0,1,0,0,0,0,1,0,0
324,2670630,Supermarket Simulator,apr,1,0,0,4,2025-03,3694,8.214465160759186,other,0.6187542778918549,19.99,0,,0,0,0,1,0,0,0,0,1,0
324,2670630,Supermarket Simulator,apr,1,1,1,5,2025-04,3694,8.214465160759186,other,0.6187542778918549,19.99,0,,0,0,0,0,1,0,0,0,0,1
325,1167630,Teardown,apr,1,0,0,1,2024-12,3964,8.285008895449879,other,3.780971937029432,29.99,0,,1,0,0,0,0,1,0,0,0,0
325,1167630,Teardown,apr,1,0,0,2,2025-01,3964,8.285008895449879,other,3.780971937029432,29.99,0,,0,1,0,0,0,0,1,0,0,0
325,1167630,Teardown,apr,1,0,0,3,2025-02,3964,8.285008895449879,other,3.780971937029432,29.99,0,,0,0,1,0,0,0,0,1,0,0
325,1167630,Teardown,apr,1,0,0,4,2025-03,3964,8.285008895449879,other,3.780971937029432,29.99,0,,0,0,0,1,0,0,0,0,1,0
325,1167630,Teardown,apr,1,1,1,5,2025-04,3964,8.285008895449879,other,3.780971937029432,29.99,0,,0,0,0,0,1,0,0,0,0,1
326,1044720,Farthest Frontier,apr,1,0,0,1,2024-12,2751,7.919719760924575,other,0.2737850787132101,33.99,0,,1,0,0,0,0,1,0,0,0,0
326,1044720,Farthest Frontier,apr,1,0,0,2,2025-01,2751,7.919719760924575,other,0.2737850787132101,33.99,0,,0,1,0,0,0,0,1,0,0,0
326,1044720,Farthest Frontier,apr,1,0,0,3,2025-02,2751,7.919719760924575,other,0.2737850787132101,33.99,0,,0,0,1,0,0,0,0,1,0,0
326,1044720,Farthest Frontier,apr,1,0,0,4,2025-03,2751,7.919719760924575,other,0.2737850787132101,33.99,0,,0,0,0,1,0,0,0,0,1,0
326,1044720,Farthest Frontier,apr,1,1,1,5,2025-04,2751,7.919719760924575,other,0.2737850787132101,33.99,0,,0,0,0,0,1,0,0,0,0,1
327,436780,Tavern Keeper 🍻,apr,1,0,0,1,2024-12,169,5.1298987149230735,other,0.243668720054757,27.99,0,,1,0,0,0,0,1,0,0,0,0
327,436780,Tavern Keeper 🍻,apr,1,0,0,2,2025-01,169,5.1298987149230735,other,0.243668720054757,27.99,0,,0,1,0,0,0,0,1,0,0,0
327,436780,Tavern Keeper 🍻,apr,1,0,0,3,2025-02,169,5.1298987149230735,other,0.243668720054757,27.99,0,,0,0,1,0,0,0,0,1,0,0
327,436780,Tavern Keeper 🍻,apr,1,0,0,4,2025-03,169,5.1298987149230735,other,0.243668720054757,27.99,0,,0,0,0,1,0,0,0,0,1,0
327,436780,Tavern Keeper 🍻,apr,1,1,1,5,2025-04,169,5.1298987149230735,other,0.243668720054757,27.99,0,,0,0,0,0,1,0,0,0,0,1
328,1942280,Brotato,apr,1,0,0,1,2024-12,9144,9.120853205474647,other,2.6091718001368926,4.99,0,,1,0,0,0,0,1,0,0,0,0
328,1942280,Brotato,apr,1,0,0,2,2025-01,9144,9.120853205474647,other,2.6091718001368926,4.99,0,,0,1,0,0,0,0,1,0,0,0
328,1942280,Brotato,apr,1,0,0,3,2025-02,9144,9.120853205474647,other,2.6091718001368926,4.99,0,,0,0,1,0,0,0,0,1,0,0
328,1942280,Brotato,apr,1,0,0,4,2025-03,9144,9.120853205474647,other,2.6091718001368926,4.99,0,,0,0,0,1,0,0,0,0,1,0
328,1942280,Brotato,apr,1,1,1,5,2025-04,9144,9.120853205474647,other,2.6091718001368926,4.99,0,,0,0,0,0,1,0,0,0,0,1
329,1040200,Crime Scene Cleaner,apr,1,0,0,1,2024-12,1396,7.241366283322318,other,1.4647501711156743,18.37,0,,1,0,0,0,0,1,0,0,0,0
329,1040200,Crime Scene Cleaner,apr,1,0,0,2,2025-01,1396,7.241366283322318,other,1.4647501711156743,18.37,0,,0,1,0,0,0,0,1,0,0,0
329,1040200,Crime Scene Cleaner,apr,1,0,0,3,2025-02,1396,7.241366283322318,other,1.4647501711156743,18.37,0,,0,0,1,0,0,0,0,1,0,0
329,1040200,Crime Scene Cleaner,apr,1,0,0,4,2025-03,1396,7.241366283322318,other,1.4647501711156743,18.37,0,,0,0,0,1,0,0,0,0,1,0
329,1040200,Crime Scene Cleaner,apr,1,1,1,5,2025-04,1396,7.241366283322318,other,1.4647501711156743,18.37,0,,0,0,0,0,1,0,0,0,0,1
330,2440510,Forza Motorsport,apr,1,0,0,1,2024-12,1008,6.915723448631314,other,2.3134839151266258,34.99,0,,1,0,0,0,0,1,0,0,0,0
330,2440510,Forza Motorsport,apr,1,0,0,2,2025-01,1008,6.915723448631314,other,2.3134839151266258,34.99,0,,0,1,0,0,0,0,1,0,0,0
330,2440510,Forza Motorsport,apr,1,0,0,3,2025-02,1008,6.915723448631314,other,2.3134839151266258,34.99,0,,0,0,1,0,0,0,0,1,0,0
330,2440510,Forza Motorsport,apr,1,0,0,4,2025-03,1008,6.915723448631314,other,2.3134839151266258,34.99,0,,0,0,0,1,0,0,0,0,1,0
330,2440510,Forza Motorsport,apr,1,1,1,5,2025-04,1008,6.915723448631314,other,2.3134839151266258,34.99,0,,0,0,0,0,1,0,0,0,0,1
331,1167630,Teardown,apr,1,0,0,1,2024-12,3964,8.285008895449879,other,3.780971937029432,29.99,0,,1,0,0,0,0,1,0,0,0,0
331,1167630,Teardown,apr,1,0,0,2,2025-01,3964,8.285008895449879,other,3.780971937029432,29.99,0,,0,1,0,0,0,0,1,0,0,0
331,1167630,Teardown,apr,1,0,0,3,2025-02,3964,8.285008895449879,other,3.780971937029432,29.99,0,,0,0,1,0,0,0,0,1,0,0
331,1167630,Teardown,apr,1,0,0,4,2025-03,3964,8.285008895449879,other,3.780971937029432,29.99,0,,0,0,0,1,0,0,0,0,1,0
331,1167630,Teardown,apr,1,1,1,5,2025-04,3964,8.285008895449879,other,3.780971937029432,29.99,0,,0,0,0,0,1,0,0,0,0,1
332,1044720,Farthest Frontier,apr,1,0,0,1,2024-12,2751,7.919719760924575,other,0.2737850787132101,33.99,0,,1,0,0,0,0,1,0,0,0,0
332,1044720,Farthest Frontier,apr,1,0,0,2,2025-01,2751,7.919719760924575,other,0.2737850787132101,33.99,0,,0,1,0,0,0,0,1,0,0,0
332,1044720,Farthest Frontier,apr,1,0,0,3,2025-02,2751,7.919719760924575,other,0.2737850787132101,33.99,0,,0,0,1,0,0,0,0,1,0,0
332,1044720,Farthest Frontier,apr,1,0,0,4,2025-03,2751,7.919719760924575,other,0.2737850787132101,33.99,0,,0,0,0,1,0,0,0,0,1,0
332,1044720,Farthest Frontier,apr,1,1,1,5,2025-04,2751,7.919719760924575,other,0.2737850787132101,33.99,0,,0,0,0,0,1,0,0,0,0,1
333,2440510,Forza Motorsport,apr,1,0,0,1,2024-12,1008,6.915723448631314,other,2.3134839151266258,34.99,0,,1,0,0,0,0,1,0,0,0,0
333,2440510,Forza Motorsport,apr,1,0,0,2,2025-01,1008,6.915723448631314,other,2.3134839151266258,34.99,0,,0,1,0,0,0,0,1,0,0,0
333,2440510,Forza Motorsport,apr,1,0,0,3,2025-02,1008,6.915723448631314,other,2.3134839151266258,34.99,0,,0,0,1,0,0,0,0,1,0,0
333,2440510,Forza Motorsport,apr,1,0,0,4,2025-03,1008,6.915723448631314,other,2.3134839151266258,34.99,0,,0,0,0,1,0,0,0,0,1,0
333,2440510,Forza Motorsport,apr,1,1,1,5,2025-04,1008,6.915723448631314,other,2.3134839151266258,34.99,0,,0,0,0,0,1,0,0,0,0,1
334,436780,Tavern Keeper 🍻,apr,1,0,0,1,2024-12,169,5.1298987149230735,other,0.243668720054757,27.99,0,,1,0,0,0,0,1,0,0,0,0
334,436780,Tavern Keeper 🍻,apr,1,0,0,2,2025-01,169,5.1298987149230735,other,0.243668720054757,27.99,0,,0,1,0,0,0,0,1,0,0,0
334,436780,Tavern Keeper 🍻,apr,1,0,0,3,2025-02,169,5.1298987149230735,other,0.243668720054757,27.99,0,,0,0,1,0,0,0,0,1,0,0
334,436780,Tavern Keeper 🍻,apr,1,0,0,4,2025-03,169,5.1298987149230735,other,0.243668720054757,27.99,0,,0,0,0,1,0,0,0,0,1,0
334,436780,Tavern Keeper 🍻,apr,1,1,1,5,2025-04,169,5.1298987149230735,other,0.243668720054757,27.99,0,,0,0,0,0,1,0,0,0,0,1
335,1176470,Terra Invicta,apr,1,0,0,1,2024-12,2765,7.9247959139564355,other,0.07118412046543464,39.99,0,,1,0,0,0,0,1,0,0,0,0
335,1176470,Terra Invicta,apr,1,0,0,2,2025-01,2765,7.9247959139564355,other,0.07118412046543464,39.99,0,,0,1,0,0,0,0,1,0,0,0
335,1176470,Terra Invicta,apr,1,0,0,3,2025-02,2765,7.9247959139564355,other,0.07118412046543464,39.99,0,,0,0,1,0,0,0,0,1,0,0
335,1176470,Terra Invicta,apr,1,0,0,4,2025-03,2765,7.9247959139564355,other,0.07118412046543464,39.99,0,,0,0,0,1,0,0,0,0,1,0
335,1176470,Terra Invicta,apr,1,1,1,5,2025-04,2765,7.9247959139564355,other,0.07118412046543464,39.99,0,,0,0,0,0,1,0,0,0,0,1
336,1040200,Crime Scene Cleaner,apr,1,0,0,1,2024-12,1396,7.241366283322318,other,1.4647501711156743,18.37,0,,1,0,0,0,0,1,0,0,0,0
336,1040200,Crime Scene Cleaner,apr,1,0,0,2,2025-01,1396,7.241366283322318,other,1.4647501711156743,18.37,0,,0,1,0,0,0,0,1,0,0,0
336,1040200,Crime Scene Cleaner,apr,1,0,0,3,2025-02,1396,7.241366283322318,other,1.4647501711156743,18.37,0,,0,0,1,0,0,0,0,1,0,0
336,1040200,Crime Scene Cleaner,apr,1,0,0,4,2025-03,1396,7.241366283322318,other,1.4647501711156743,18.37,0,,0,0,0,1,0,0,0,0,1,0
336,1040200,Crime Scene Cleaner,apr,1,1,1,5,2025-04,1396,7.241366283322318,other,1.4647501711156743,18.37,0,,0,0,0,0,1,0,0,0,0,1
337,1942280,Brotato,apr,1,0,0,1,2024-12,9144,9.120853205474647,other,2.6091718001368926,4.99,0,,1,0,0,0,0,1,0,0,0,0
337,1942280,Brotato,apr,1,0,0,2,2025-01,9144,9.120853205474647,other,2.6091718001368926,4.99,0,,0,1,0,0,0,0,1,0,0,0
337,1942280,Brotato,apr,1,0,0,3,2025-02,9144,9.120853205474647,other,2.6091718001368926,4.99,0,,0,0,1,0,0,0,0,1,0,0
337,1942280,Brotato,apr,1,0,0,4,2025-03,9144,9.120853205474647,other,2.6091718001368926,4.99,0,,0,0,0,1,0,0,0,0,1,0
337,1942280,Brotato,apr,1,1,1,5,2025-04,9144,9.120853205474647,other,2.6091718001368926,4.99,0,,0,0,0,0,1,0,0,0,0,1
338,436780,Tavern Keeper 🍻,apr,1,0,0,1,2024-12,179,5.187385805840755,other,0.243668720054757,27.99,0,,1,0,0,0,0,1,0,0,0,0
338,436780,Tavern Keeper 🍻,apr,1,0,0,2,2025-01,179,5.187385805840755,other,0.243668720054757,27.99,0,,0,1,0,0,0,0,1,0,0,0
338,436780,Tavern Keeper 🍻,apr,1,0,0,3,2025-02,179,5.187385805840755,other,0.243668720054757,27.99,0,,0,0,1,0,0,0,0,1,0,0
338,436780,Tavern Keeper 🍻,apr,1,0,0,4,2025-03,179,5.187385805840755,other,0.243668720054757,27.99,0,,0,0,0,1,0,0,0,0,1,0
338,436780,Tavern Keeper 🍻,apr,1,1,1,5,2025-04,179,5.187385805840755,other,0.243668720054757,27.99,0,,0,0,0,0,1,0,0,0,0,1
339,1942280,Brotato,apr,1,0,0,1,2024-12,9144,9.120853205474647,other,2.6091718001368926,4.99,0,,1,0,0,0,0,1,0,0,0,0
339,1942280,Brotato,apr,1,0,0,2,2025-01,9144,9.120853205474647,other,2.6091718001368926,4.99,0,,0,1,0,0,0,0,1,0,0,0
339,1942280,Brotato,apr,1,0,0,3,2025-02,9144,9.120853205474647,other,2.6091718001368926,4.99,0,,0,0,1,0,0,0,0,1,0,0
339,1942280,Brotato,apr,1,0,0,4,2025-03,9144,9.120853205474647,other,2.6091718001368926,4.99,0,,0,0,0,1,0,0,0,0,1,0
339,1942280,Brotato,apr,1,1,1,5,2025-04,9144,9.120853205474647,other,2.6091718001368926,4.99,0,,0,0,0,0,1,0,0,0,0,1
340,1778820,TEKKEN 8,apr,1,0,0,1,2024-12,6475,8.775703886567738,other,2.0177960301163584,59.99,0,,1,0,0,0,0,1,0,0,0,0
340,1778820,TEKKEN 8,apr,1,0,0,2,2025-01,6475,8.775703886567738,other,2.0177960301163584,59.99,0,,0,1,0,0,0,0,1,0,0,0
340,1778820,TEKKEN 8,apr,1,0,0,3,2025-02,6475,8.775703886567738,other,2.0177960301163584,59.99,0,,0,0,1,0,0,0,0,1,0,0
340,1778820,TEKKEN 8,apr,1,0,0,4,2025-03,6475,8.775703886567738,other,2.0177960301163584,59.99,0,,0,0,0,1,0,0,0,0,1,0
340,1778820,TEKKEN 8,apr,1,1,1,5,2025-04,6475,8.775703886567738,other,2.0177960301163584,59.99,0,,0,0,0,0,1,0,0,0,0,1
341,965580,Root,apr,1,0,0,1,2024-12,387,5.958424693029782,other,5.352498288843258,4.99,0,,1,0,0,0,0,1,0,0,0,0
341,965580,Root,apr,1,0,0,2,2025-01,387,5.958424693029782,other,5.352498288843258,4.99,0,,0,1,0,0,0,0,1,0,0,0
341,965580,Root,apr,1,0,0,3,2025-02,387,5.958424693029782,other,5.352498288843258,4.99,0,,0,0,1,0,0,0,0,1,0,0
341,965580,Root,apr,1,0,0,4,2025-03,387,5.958424693029782,other,5.352498288843258,4.99,0,,0,0,0,1,0,0,0,0,1,0
341,965580,Root,apr,1,1,1,5,2025-04,387,5.958424693029782,other,5.352498288843258,4.99,0,,0,0,0,0,1,0,0,0,0,1
342,1205970,MX vs ATV Legends,apr,1,0,0,1,2024-12,341,5.831882477283517,other,3.594798083504449,9.99,0,,1,0,0,0,0,1,0,0,0,0
342,1205970,MX vs ATV Legends,apr,1,0,0,2,2025-01,341,5.831882477283517,other,3.594798083504449,9.99,0,,0,1,0,0,0,0,1,0,0,0
342,1205970,MX vs ATV Legends,apr,1,0,0,3,2025-02,341,5.831882477283517,other,3.594798083504449,9.99,0,,0,0,1,0,0,0,0,1,0,0
342,1205970,MX vs ATV Legends,apr,1,0,0,4,2025-03,341,5.831882477283517,other,3.594798083504449,9.99,0,,0,0,0,1,0,0,0,0,1,0
342,1205970,MX vs ATV Legends,apr,1,1,1,5,2025-04,341,5.831882477283517,other,3.594798083504449,9.99,0,,0,0,0,0,1,0,0,0,0,1
343,1062090,Timberborn,apr,1,0,0,1,2024-12,4422,8.394347361417392,other,4.37782340862423,33.99,0,,1,0,0,0,0,1,0,0,0,0
343,1062090,Timberborn,apr,1,0,0,2,2025-01,4422,8.394347361417392,other,4.37782340862423,33.99,0,,0,1,0,0,0,0,1,0,0,0
343,1062090,Timberborn,apr,1,0,0,3,2025-02,4422,8.394347361417392,other,4.37782340862423,33.99,0,,0,0,1,0,0,0,0,1,0,0
343,1062090,Timberborn,apr,1,0,0,4,2025-03,4422,8.394347361417392,other,4.37782340862423,33.99,0,,0,0,0,1,0,0,0,0,1,0
343,1062090,Timberborn,apr,1,1,1,5,2025-04,4422,8.394347361417392,other,4.37782340862423,33.99,0,,0,0,0,0,1,0,0,0,0,1
344,1205970,MX vs ATV Legends,apr,1,0,0,1,2024-12,341,5.831882477283517,other,3.594798083504449,9.99,0,,1,0,0,0,0,1,0,0,0,0
344,1205970,MX vs ATV Legends,apr,1,0,0,2,2025-01,341,5.831882477283517,other,3.594798083504449,9.99,0,,0,1,0,0,0,0,1,0,0,0
344,1205970,MX vs ATV Legends,apr,1,0,0,3,2025-02,341,5.831882477283517,other,3.594798083504449,9.99,0,,0,0,1,0,0,0,0,1,0,0
344,1205970,MX vs ATV Legends,apr,1,0,0,4,2025-03,341,5.831882477283517,other,3.594798083504449,9.99,0,,0,0,0,1,0,0,0,0,1,0
344,1205970,MX vs ATV Legends,apr,1,1,1,5,2025-04,341,5.831882477283517,other,3.594798083504449,9.99,0,,0,0,0,0,1,0,0,0,0,1
345,2878450,Master of Command,apr,1,0,0,1,2024-12,565,6.336825731146441,other,0.26283367556468173,29.99,0,,1,0,0,0,0,1,0,0,0,0
345,2878450,Master of Command,apr,1,0,0,2,2025-01,565,6.336825731146441,other,0.26283367556468173,29.99,0,,0,1,0,0,0,0,1,0,0,0
345,2878450,Master of Command,apr,1,0,0,3,2025-02,565,6.336825731146441,other,0.26283367556468173,29.99,0,,0,0,1,0,0,0,0,1,0,0
345,2878450,Master of Command,apr,1,0,0,4,2025-03,565,6.336825731146441,other,0.26283367556468173,29.99,0,,0,0,0,1,0,0,0,0,1,0
345,2878450,Master of Command,apr,1,1,1,5,2025-04,565,6.336825731146441,other,0.26283367556468173,29.99,0,,0,0,0,0,1,0,0,0,0,1
346,2763740,Revolution Idle,apr,1,0,0,1,2024-12,9017,9.106866963499908,other,0.7529089664613279,0.0,1,,1,0,0,0,0,1,0,0,0,0
346,2763740,Revolution Idle,apr,1,0,0,2,2025-01,9017,9.106866963499908,other,0.7529089664613279,0.0,1,,0,1,0,0,0,0,1,0,0,0
346,2763740,Revolution Idle,apr,1,0,0,3,2025-02,9017,9.106866963499908,other,0.7529089664613279,0.0,1,,0,0,1,0,0,0,0,1,0,0
346,2763740,Revolution Idle,apr,1,0,0,4,2025-03,9017,9.106866963499908,other,0.7529089664613279,0.0,1,,0,0,0,1,0,0,0,0,1,0
346,2763740,Revolution Idle,apr,1,1,1,5,2025-04,9017,9.106866963499908,other,0.7529089664613279,0.0,1,,0,0,0,0,1,0,0,0,0,1
347,305620,The Long Dark,apr,1,0,0,1,2024-12,4514,8.414938957377482,other,8.501026694045175,16.99,0,,1,0,0,0,0,1,0,0,0,0
347,305620,The Long Dark,apr,1,0,0,2,2025-01,4514,8.414938957377482,other,8.501026694045175,16.99,0,,0,1,0,0,0,0,1,0,0,0
347,305620,The Long Dark,apr,1,0,0,3,2025-02,4514,8.414938957377482,other,8.501026694045175,16.99,0,,0,0,1,0,0,0,0,1,0,0
347,305620,The Long Dark,apr,1,0,0,4,2025-03,4514,8.414938957377482,other,8.501026694045175,16.99,0,,0,0,0,1,0,0,0,0,1,0
347,305620,The Long Dark,apr,1,1,1,5,2025-04,4514,8.414938957377482,other,8.501026694045175,16.99,0,,0,0,0,0,1,0,0,0,0,1
348,2582140,Seafarer: The Ship Sim,apr,1,0,0,1,2024-12,125,4.8283137373023015,other,0.31759069130732376,24.99,0,,1,0,0,0,0,1,0,0,0,0
348,2582140,Seafarer: The Ship Sim,apr,1,0,0,2,2025-01,125,4.8283137373023015,other,0.31759069130732376,24.99,0,,0,1,0,0,0,0,1,0,0,0
348,2582140,Seafarer: The Ship Sim,apr,1,0,0,3,2025-02,125,4.8283137373023015,other,0.31759069130732376,24.99,0,,0,0,1,0,0,0,0,1,0,0
348,2582140,Seafarer: The Ship Sim,apr,1,0,0,4,2025-03,125,4.8283137373023015,other,0.31759069130732376,24.99,0,,0,0,0,1,0,0,0,0,1,0
348,2582140,Seafarer: The Ship Sim,apr,1,1,1,5,2025-04,125,4.8283137373023015,other,0.31759069130732376,24.99,0,,0,0,0,0,1,0,0,0,0,1
349,2350790,Moonlighter 2: The Endless Vault,apr,1,0,0,1,2024-12,218,5.384495062789089,other,0.1998631074606434,29.99,0,,1,0,0,0,0,1,0,0,0,0
349,2350790,Moonlighter 2: The Endless Vault,apr,1,0,0,2,2025-01,218,5.384495062789089,other,0.1998631074606434,29.99,0,,0,1,0,0,0,0,1,0,0,0
349,2350790,Moonlighter 2: The Endless Vault,apr,1,0,0,3,2025-02,218,5.384495062789089,other,0.1998631074606434,29.99,0,,0,0,1,0,0,0,0,1,0,0
349,2350790,Moonlighter 2: The Endless Vault,apr,1,0,0,4,2025-03,218,5.384495062789089,other,0.1998631074606434,29.99,0,,0,0,0,1,0,0,0,0,1,0
349,2350790,Moonlighter 2: The Endless Vault,apr,1,1,1,5,2025-04,218,5.384495062789089,other,0.1998631074606434,29.99,0,,0,0,0,0,1,0,0,0,0,1
350,850190,Goat Simulator 3,apr,1,0,0,1,2024-12,624,6.436150368369428,other,1.9603011635865846,29.99,0,,1,0,0,0,0,1,0,0,0,0
350,850190,Goat Simulator 3,apr,1,0,0,2,2025-01,624,6.436150368369428,other,1.9603011635865846,29.99,0,,0,1,0,0,0,0,1,0,0,0
350,850190,Goat Simulator 3,apr,1,0,0,3,2025-02,624,6.436150368369428,other,1.9603011635865846,29.99,0,,0,0,1,0,0,0,0,1,0,0
350,850190,Goat Simulator 3,apr,1,0,0,4,2025-03,624,6.436150368369428,other,1.9603011635865846,29.99,0,,0,0,0,1,0,0,0,0,1,0
350,850190,Goat Simulator 3,apr,1,1,1,5,2025-04,624,6.436150368369428,other,1.9603011635865846,29.99,0,,0,0,0,0,1,0,0,0,0,1
351,1604270,Broken Arrow,apr,1,0,0,1,2024-12,4054,8.307459327011946,other,0.6187542778918549,48.99,0,,1,0,0,0,0,1,0,0,0,0
351,1604270,Broken Arrow,apr,1,0,0,2,2025-01,4054,8.307459327011946,other,0.6187542778918549,48.99,0,,0,1,0,0,0,0,1,0,0,0
351,1604270,Broken Arrow,apr,1,0,0,3,2025-02,4054,8.307459327011946,other,0.6187542778918549,48.99,0,,0,0,1,0,0,0,0,1,0,0
351,1604270,Broken Arrow,apr,1,0,0,4,2025-03,4054,8.307459327011946,other,0.6187542778918549,48.99,0,,0,0,0,1,0,0,0,0,1,0
351,1604270,Broken Arrow,apr,1,1,1,5,2025-04,4054,8.307459327011946,other,0.6187542778918549,48.99,0,,0,0,0,0,1,0,0,0,0,1
352,1874170,Shredders,apr,1,0,0,1,2024-12,205,5.3230099791384085,other,3.8795345653661877,17.99,0,,1,0,0,0,0,1,0,0,0,0
352,1874170,Shredders,apr,1,0,0,2,2025-01,205,5.3230099791384085,other,3.8795345653661877,17.99,0,,0,1,0,0,0,0,1,0,0,0
352,1874170,Shredders,apr,1,0,0,3,2025-02,205,5.3230099791384085,other,3.8795345653661877,17.99,0,,0,0,1,0,0,0,0,1,0,0
352,1874170,Shredders,apr,1,0,0,4,2025-03,205,5.3230099791384085,other,3.8795345653661877,17.99,0,,0,0,0,1,0,0,0,0,1,0
352,1874170,Shredders,apr,1,1,1,5,2025-04,205,5.3230099791384085,other,3.8795345653661877,17.99,0,,0,0,0,0,1,0,0,0,0,1
353,1641960,Forever Skies,apr,1,0,0,1,2024-12,360,5.886104031450156,other,0.7994524298425736,15.94,0,,1,0,0,0,0,1,0,0,0,0
353,1641960,Forever Skies,apr,1,0,0,2,2025-01,360,5.886104031450156,other,0.7994524298425736,15.94,0,,0,1,0,0,0,0,1,0,0,0
353,1641960,Forever Skies,apr,1,0,0,3,2025-02,360,5.886104031450156,other,0.7994524298425736,15.94,0,,0,0,1,0,0,0,0,1,0,0
353,1641960,Forever Skies,apr,1,0,0,4,2025-03,360,5.886104031450156,other,0.7994524298425736,15.94,0,,0,0,0,1,0,0,0,0,1,0
353,1641960,Forever Skies,apr,1,1,1,5,2025-04,360,5.886104031450156,other,0.7994524298425736,15.94,0,,0,0,0,0,1,0,0,0,0,1
354,410340,Liftoff®: FPV Drone Racing,apr,1,0,0,1,2024-12,730,6.593044534142437,other,7.383983572895278,19.99,0,,1,0,0,0,0,1,0,0,0,0
354,410340,Liftoff®: FPV Drone Racing,apr,1,0,0,2,2025-01,730,6.593044534142437,other,7.383983572895278,19.99,0,,0,1,0,0,0,0,1,0,0,0
354,410340,Liftoff®: FPV Drone Racing,apr,1,0,0,3,2025-02,730,6.593044534142437,other,7.383983572895278,19.99,0,,0,0,1,0,0,0,0,1,0,0
354,410340,Liftoff®: FPV Drone Racing,apr,1,0,0,4,2025-03,730,6.593044534142437,other,7.383983572895278,19.99,0,,0,0,0,1,0,0,0,0,1,0
354,410340,Liftoff®: FPV Drone Racing,apr,1,1,1,5,2025-04,730,6.593044534142437,other,7.383983572895278,19.99,0,,0,0,0,0,1,0,0,0,0,1
355,1096530,Solasta: Crown of the Magister,apr,1,0,0,1,2024-12,768,6.643789733147672,other,4.681724845995893,29.99,0,,1,0,0,0,0,1,0,0,0,0
355,1096530,Solasta: Crown of the Magister,apr,1,0,0,2,2025-01,768,6.643789733147672,other,4.681724845995893,29.99,0,,0,1,0,0,0,0,1,0,0,0
355,1096530,Solasta: Crown of the Magister,apr,1,0,0,3,2025-02,768,6.643789733147672,other,4.681724845995893,29.99,0,,0,0,1,0,0,0,0,1,0,0
355,1096530,Solasta: Crown of the Magister,apr,1,0,0,4,2025-03,768,6.643789733147672,other,4.681724845995893,29.99,0,,0,0,0,1,0,0,0,0,1,0
355,1096530,Solasta: Crown of the Magister,apr,1,1,1,5,2025-04,768,6.643789733147672,other,4.681724845995893,29.99,0,,0,0,0,0,1,0,0,0,0,1
356,926990,WolfQuest: Anniversary Edition,apr,1,0,0,1,2024-12,582,6.366470447731438,other,0.5284052019164955,28.99,0,,1,0,0,0,0,1,0,0,0,0
356,926990,WolfQuest: Anniversary Edition,apr,1,0,0,2,2025-01,582,6.366470447731438,other,0.5284052019164955,28.99,0,,0,1,0,0,0,0,1,0,0,0
356,926990,WolfQuest: Anniversary Edition,apr,1,0,0,3,2025-02,582,6.366470447731438,other,0.5284052019164955,28.99,0,,0,0,1,0,0,0,0,1,0,0
356,926990,WolfQuest: Anniversary Edition,apr,1,0,0,4,2025-03,582,6.366470447731438,other,0.5284052019164955,28.99,0,,0,0,0,1,0,0,0,0,1,0
356,926990,WolfQuest: Anniversary Edition,apr,1,1,1,5,2025-04,582,6.366470447731438,other,0.5284052019164955,28.99,0,,0,0,0,0,1,0,0,0,0,1
357,2195410,Songs of Silence,apr,1,0,0,1,2024-12,112,4.718498871295094,other,1.215605749486653,14.99,0,,1,0,0,0,0,1,0,0,0,0
357,2195410,Songs of Silence,apr,1,0,0,2,2025-01,112,4.718498871295094,other,1.215605749486653,14.99,0,,0,1,0,0,0,0,1,0,0,0
357,2195410,Songs of Silence,apr,1,0,0,3,2025-02,112,4.718498871295094,other,1.215605749486653,14.99,0,,0,0,1,0,0,0,0,1,0,0
357,2195410,Songs of Silence,apr,1,0,0,4,2025-03,112,4.718498871295094,other,1.215605749486653,14.99,0,,0,0,0,1,0,0,0,0,1,0
357,2195410,Songs of Silence,apr,1,1,1,5,2025-04,112,4.718498871295094,other,1.215605749486653,14.99,0,,0,0,0,0,1,0,0,0,0,1
358,1815780,Asphalt Legends,apr,1,0,0,1,2024-12,1634,7.3987862754199485,other,3.4989733059548254,0.0,1,,1,0,0,0,0,1,0,0,0,0
358,1815780,Asphalt Legends,apr,1,0,0,2,2025-01,1634,7.3987862754199485,other,3.4989733059548254,0.0,1,,0,1,0,0,0,0,1,0,0,0
358,1815780,Asphalt Legends,apr,1,0,0,3,2025-02,1634,7.3987862754199485,other,3.4989733059548254,0.0,1,,0,0,1,0,0,0,0,1,0,0
358,1815780,Asphalt Legends,apr,1,0,0,4,2025-03,1634,7.3987862754199485,other,3.4989733059548254,0.0,1,,0,0,0,1,0,0,0,0,1,0
358,1815780,Asphalt Legends,apr,1,1,1,5,2025-04,1634,7.3987862754199485,other,3.4989733059548254,0.0,1,,0,0,0,0,1,0,0,0,0,1
359,2820820,Jotunnslayer: Hordes of Hel,apr,1,0,0,1,2024-12,287,5.659482215759621,other,0.4106776180698152,14.99,0,,1,0,0,0,0,1,0,0,0,0
359,2820820,Jotunnslayer: Hordes of Hel,apr,1,0,0,2,2025-01,287,5.659482215759621,other,0.4106776180698152,14.99,0,,0,1,0,0,0,0,1,0,0,0
359,2820820,Jotunnslayer: Hordes of Hel,apr,1,0,0,3,2025-02,287,5.659482215759621,other,0.4106776180698152,14.99,0,,0,0,1,0,0,0,0,1,0,0
359,2820820,Jotunnslayer: Hordes of Hel,apr,1,0,0,4,2025-03,287,5.659482215759621,other,0.4106776180698152,14.99,0,,0,0,0,1,0,0,0,0,1,0
359,2820820,Jotunnslayer: Hordes of Hel,apr,1,1,1,5,2025-04,287,5.659482215759621,other,0.4106776180698152,14.99,0,,0,0,0,0,1,0,0,0,0,1
360,1643310,Dungeons 4,apr,1,0,0,1,2024-12,171,5.14166355650266,other,2.2286105407255303,49.99,0,,1,0,0,0,0,1,0,0,0,0
360,1643310,Dungeons 4,apr,1,0,0,2,2025-01,171,5.14166355650266,other,2.2286105407255303,49.99,0,,0,1,0,0,0,0,1,0,0,0
360,1643310,Dungeons 4,apr,1,0,0,3,2025-02,171,5.14166355650266,other,2.2286105407255303,49.99,0,,0,0,1,0,0,0,0,1,0,0
360,1643310,Dungeons 4,apr,1,0,0,4,2025-03,171,5.14166355650266,other,2.2286105407255303,49.99,0,,0,0,0,1,0,0,0,0,1,0
360,1643310,Dungeons 4,apr,1,1,1,5,2025-04,171,5.14166355650266,other,2.2286105407255303,49.99,0,,0,0,0,0,1,0,0,0,0,1
361,784950,SUPREMACY: WORLD WAR 3,apr,1,0,0,1,2024-12,638,6.45833828334479,mmo,7.882272416153319,0.0,1,,1,0,0,0,0,1,0,0,0,0
361,784950,SUPREMACY: WORLD WAR 3,apr,1,0,0,2,2025-01,638,6.45833828334479,mmo,7.882272416153319,0.0,1,,0,1,0,0,0,0,1,0,0,0
361,784950,SUPREMACY: WORLD WAR 3,apr,1,0,0,3,2025-02,638,6.45833828334479,mmo,7.882272416153319,0.0,1,,0,0,1,0,0,0,0,1,0,0
361,784950,SUPREMACY: WORLD WAR 3,apr,1,0,0,4,2025-03,638,6.45833828334479,mmo,7.882272416153319,0.0,1,,0,0,0,1,0,0,0,0,1,0
361,784950,SUPREMACY: WORLD WAR 3,apr,1,1,1,5,2025-04,638,6.45833828334479,mmo,7.882272416153319,0.0,1,,0,0,0,0,1,0,0,0,0,1
362,2646460,Soulmask,apr,1,0,0,1,2024-12,2481,7.816416983691801,mmo,1.672826830937714,29.99,0,,1,0,0,0,0,1,0,0,0,0
362,2646460,Soulmask,apr,1,0,0,2,2025-01,2481,7.816416983691801,mmo,1.672826830937714,29.99,0,,0,1,0,0,0,0,1,0,0,0
362,2646460,Soulmask,apr,1,0,0,3,2025-02,2481,7.816416983691801,mmo,1.672826830937714,29.99,0,,0,0,1,0,0,0,0,1,0,0
362,2646460,Soulmask,apr,1,0,0,4,2025-03,2481,7.816416983691801,mmo,1.672826830937714,29.99,0,,0,0,0,1,0,0,0,0,1,0
362,2646460,Soulmask,apr,1,1,1,5,2025-04,2481,7.816416983691801,mmo,1.672826830937714,29.99,0,,0,0,0,0,1,0,0,0,0,1
363,2698780,ContractVille,apr,1,0,0,1,2024-12,540,6.29156913955832,other,0.6844626967830253,9.75,0,,1,0,0,0,0,1,0,0,0,0
363,2698780,ContractVille,apr,1,0,0,2,2025-01,540,6.29156913955832,other,0.6844626967830253,9.75,0,,0,1,0,0,0,0,1,0,0,0
363,2698780,ContractVille,apr,1,0,0,3,2025-02,540,6.29156913955832,other,0.6844626967830253,9.75,0,,0,0,1,0,0,0,0,1,0,0
363,2698780,ContractVille,apr,1,0,0,4,2025-03,540,6.29156913955832,other,0.6844626967830253,9.75,0,,0,0,0,1,0,0,0,0,1,0
363,2698780,ContractVille,apr,1,1,1,5,2025-04,540,6.29156913955832,other,0.6844626967830253,9.75,0,,0,0,0,0,1,0,0,0,0,1
364,1458140,Pacific Drive,apr,1,0,0,1,2024-12,448,6.104793232414985,other,1.943874058863792,29.99,0,,1,0,0,0,0,1,0,0,0,0
364,1458140,Pacific Drive,apr,1,0,0,2,2025-01,448,6.104793232414985,other,1.943874058863792,29.99,0,,0,1,0,0,0,0,1,0,0,0
364,1458140,Pacific Drive,apr,1,0,0,3,2025-02,448,6.104793232414985,other,1.943874058863792,29.99,0,,0,0,1,0,0,0,0,1,0,0
364,1458140,Pacific Drive,apr,1,0,0,4,2025-03,448,6.104793232414985,other,1.943874058863792,29.99,0,,0,0,0,1,0,0,0,0,1,0
364,1458140,Pacific Drive,apr,1,1,1,5,2025-04,448,6.104793232414985,other,1.943874058863792,29.99,0,,0,0,0,0,1,0,0,0,0,1
365,1324780,Easy Red 2,apr,1,0,0,1,2024-12,1314,7.1808311990445555,other,4.068446269678303,8.99,0,,1,0,0,0,0,1,0,0,0,0
365,1324780,Easy Red 2,apr,1,0,0,2,2025-01,1314,7.1808311990445555,other,4.068446269678303,8.99,0,,0,1,0,0,0,0,1,0,0,0
365,1324780,Easy Red 2,apr,1,0,0,3,2025-02,1314,7.1808311990445555,other,4.068446269678303,8.99,0,,0,0,1,0,0,0,0,1,0,0
365,1324780,Easy Red 2,apr,1,0,0,4,2025-03,1314,7.1808311990445555,other,4.068446269678303,8.99,0,,0,0,0,1,0,0,0,0,1,0
365,1324780,Easy Red 2,apr,1,1,1,5,2025-04,1314,7.1808311990445555,other,4.068446269678303,8.99,0,,0,0,0,0,1,0,0,0,0,1
366,1705180,"Gunner, HEAT, PC!",apr,1,0,0,1,2024-12,114,4.736198448394496,other,3.403148528405202,24.99,0,,1,0,0,0,0,1,0,0,0,0
366,1705180,"Gunner, HEAT, PC!",apr,1,0,0,2,2025-01,114,4.736198448394496,other,3.403148528405202,24.99,0,,0,1,0,0,0,0,1,0,0,0
366,1705180,"Gunner, HEAT, PC!",apr,1,0,0,3,2025-02,114,4.736198448394496,other,3.403148528405202,24.99,0,,0,0,1,0,0,0,0,1,0,0
366,1705180,"Gunner, HEAT, PC!",apr,1,0,0,4,2025-03,114,4.736198448394496,other,3.403148528405202,24.99,0,,0,0,0,1,0,0,0,0,1,0
366,1705180,"Gunner, HEAT, PC!",apr,1,1,1,5,2025-04,114,4.736198448394496,other,3.403148528405202,24.99,0,,0,0,0,0,1,0,0,0,0,1
367,2208570,Dark Hours,apr,1,0,0,1,2024-12,166,5.111987788356544,other,0.2737850787132101,14.99,0,,1,0,0,0,0,1,0,0,0,0
367,2208570,Dark Hours,apr,1,0,0,2,2025-01,166,5.111987788356544,other,0.2737850787132101,14.99,0,,0,1,0,0,0,0,1,0,0,0
367,2208570,Dark Hours,apr,1,0,0,3,2025-02,166,5.111987788356544,other,0.2737850787132101,14.99,0,,0,0,1,0,0,0,0,1,0,0
367,2208570,Dark Hours,apr,1,0,0,4,2025-03,166,5.111987788356544,other,0.2737850787132101,14.99,0,,0,0,0,1,0,0,0,0,1,0
367,2208570,Dark Hours,apr,1,1,1,5,2025-04,166,5.111987788356544,other,0.2737850787132101,14.99,0,,0,0,0,0,1,0,0,0,0,1
368,1357210,Galactic Civilizations IV,apr,1,0,0,1,2024-12,332,5.805134968916488,other,2.2861054072553046,18.24,0,,1,0,0,0,0,1,0,0,0,0
368,1357210,Galactic Civilizations IV,apr,1,0,0,2,2025-01,332,5.805134968916488,other,2.2861054072553046,18.24,0,,0,1,0,0,0,0,1,0,0,0
368,1357210,Galactic Civilizations IV,apr,1,0,0,3,2025-02,332,5.805134968916488,other,2.2861054072553046,18.24,0,,0,0,1,0,0,0,0,1,0,0
368,1357210,Galactic Civilizations IV,apr,1,0,0,4,2025-03,332,5.805134968916488,other,2.2861054072553046,18.24,0,,0,0,0,1,0,0,0,0,1,0
368,1357210,Galactic Civilizations IV,apr,1,1,1,5,2025-04,332,5.805134968916488,other,2.2861054072553046,18.24,0,,0,0,0,0,1,0,0,0,0,1
369,2487150,Deconstruction Simulator,apr,1,0,0,1,2024-12,206,5.327876168789581,other,0.35592060232717315,11.09,0,,1,0,0,0,0,1,0,0,0,0
369,2487150,Deconstruction Simulator,apr,1,0,0,2,2025-01,206,5.327876168789581,other,0.35592060232717315,11.09,0,,0,1,0,0,0,0,1,0,0,0
369,2487150,Deconstruction Simulator,apr,1,0,0,3,2025-02,206,5.327876168789581,other,0.35592060232717315,11.09,0,,0,0,1,0,0,0,0,1,0,0
369,2487150,Deconstruction Simulator,apr,1,0,0,4,2025-03,206,5.327876168789581,other,0.35592060232717315,11.09,0,,0,0,0,1,0,0,0,0,1,0
369,2487150,Deconstruction Simulator,apr,1,1,1,5,2025-04,206,5.327876168789581,other,0.35592060232717315,11.09,0,,0,0,0,0,1,0,0,0,0,1
370,2680010,The First Berserker: Khazan,apr,1,0,0,1,2024-12,1296,7.16703787691222,other,0.8487337440109514,59.99,0,,1,0,0,0,0,1,0,0,0,0
370,2680010,The First Berserker: Khazan,apr,1,0,0,2,2025-01,1296,7.16703787691222,other,0.8487337440109514,59.99,0,,0,1,0,0,0,0,1,0,0,0
370,2680010,The First Berserker: Khazan,apr,1,0,0,3,2025-02,1296,7.16703787691222,other,0.8487337440109514,59.99,0,,0,0,1,0,0,0,0,1,0,0
370,2680010,The First Berserker: Khazan,apr,1,0,0,4,2025-03,1296,7.16703787691222,other,0.8487337440109514,59.99,0,,0,0,0,1,0,0,0,0,1,0
370,2680010,The First Berserker: Khazan,apr,1,1,1,5,2025-04,1296,7.16703787691222,other,0.8487337440109514,59.99,0,,0,0,0,0,1,0,0,0,0,1
371,1533390,Gorilla Tag,apr,1,0,0,1,2024-12,1002,6.90975328164481,other,3.082819986310746,19.5,0,,1,0,0,0,0,1,0,0,0,0
371,1533390,Gorilla Tag,apr,1,0,0,2,2025-01,1002,6.90975328164481,other,3.082819986310746,19.5,0,,0,1,0,0,0,0,1,0,0,0
371,1533390,Gorilla Tag,apr,1,0,0,3,2025-02,1002,6.90975328164481,other,3.082819986310746,19.5,0,,0,0,1,0,0,0,0,1,0,0
371,1533390,Gorilla Tag,apr,1,0,0,4,2025-03,1002,6.90975328164481,other,3.082819986310746,19.5,0,,0,0,0,1,0,0,0,0,1,0
371,1533390,Gorilla Tag,apr,1,1,1,5,2025-04,1002,6.90975328164481,other,3.082819986310746,19.5,0,,0,0,0,0,1,0,0,0,0,1
372,2789460,Ale Abbey - Monastery Brewery Tycoon,apr,1,0,0,1,2024-12,86,4.454347296253507,other,0.3723477070499658,9.74,0,,1,0,0,0,0,1,0,0,0,0
372,2789460,Ale Abbey - Monastery Brewery Tycoon,apr,1,0,0,2,2025-01,86,4.454347296253507,other,0.3723477070499658,9.74,0,,0,1,0,0,0,0,1,0,0,0
372,2789460,Ale Abbey - Monastery Brewery Tycoon,apr,1,0,0,3,2025-02,86,4.454347296253507,other,0.3723477070499658,9.74,0,,0,0,1,0,0,0,0,1,0,0
372,2789460,Ale Abbey - Monastery Brewery Tycoon,apr,1,0,0,4,2025-03,86,4.454347296253507,other,0.3723477070499658,9.74,0,,0,0,0,1,0,0,0,0,1,0
372,2789460,Ale Abbey - Monastery Brewery Tycoon,apr,1,1,1,5,2025-04,86,4.454347296253507,other,0.3723477070499658,9.74,0,,0,0,0,0,1,0,0,0,0,1
373,2208570,Dark Hours,apr,1,0,0,1,2024-12,166,5.111987788356544,other,0.2737850787132101,14.99,0,,1,0,0,0,0,1,0,0,0,0
373,2208570,Dark Hours,apr,1,0,0,2,2025-01,166,5.111987788356544,other,0.2737850787132101,14.99,0,,0,1,0,0,0,0,1,0,0,0
373,2208570,Dark Hours,apr,1,0,0,3,2025-02,166,5.111987788356544,other,0.2737850787132101,14.99,0,,0,0,1,0,0,0,0,1,0,0
373,2208570,Dark Hours,apr,1,0,0,4,2025-03,166,5.111987788356544,other,0.2737850787132101,14.99,0,,0,0,0,1,0,0,0,0,1,0
373,2208570,Dark Hours,apr,1,1,1,5,2025-04,166,5.111987788356544,other,0.2737850787132101,14.99,0,,0,0,0,0,1,0,0,0,0,1
374,314650,SpaceEngine,apr,1,0,0,1,2024-12,301,5.707110264748875,other,6.6420260095824775,28.99,0,,1,0,0,0,0,1,0,0,0,0
374,314650,SpaceEngine,apr,1,0,0,2,2025-01,301,5.707110264748875,other,6.6420260095824775,28.99,0,,0,1,0,0,0,0,1,0,0,0
374,314650,SpaceEngine,apr,1,0,0,3,2025-02,301,5.707110264748875,other,6.6420260095824775,28.99,0,,0,0,1,0,0,0,0,1,0,0
374,314650,SpaceEngine,apr,1,0,0,4,2025-03,301,5.707110264748875,other,6.6420260095824775,28.99,0,,0,0,0,1,0,0,0,0,1,0
374,314650,SpaceEngine,apr,1,1,1,5,2025-04,301,5.707110264748875,other,6.6420260095824775,28.99,0,,0,0,0,0,1,0,0,0,0,1
375,702320,March of Empires,apr,1,0,0,1,2024-12,961,6.8679744089702925,mmo,8.139630390143736,0.0,1,,1,0,0,0,0,1,0,0,0,0
375,702320,March of Empires,apr,1,0,0,2,2025-01,961,6.8679744089702925,mmo,8.139630390143736,0.0,1,,0,1,0,0,0,0,1,0,0,0
375,702320,March of Empires,apr,1,0,0,3,2025-02,961,6.8679744089702925,mmo,8.139630390143736,0.0,1,,0,0,1,0,0,0,0,1,0,0
375,702320,March of Empires,apr,1,0,0,4,2025-03,961,6.8679744089702925,mmo,8.139630390143736,0.0,1,,0,0,0,1,0,0,0,0,1,0
375,702320,March of Empires,apr,1,1,1,5,2025-04,961,6.8679744089702925,mmo,8.139630390143736,0.0,1,,0,0,0,0,1,0,0,0,0,1
376,2163330,Yet Another Zombie Survivors,apr,1,0,0,1,2024-12,578,6.359573868672378,other,2.5544147843942504,7.39,0,,1,0,0,0,0,1,0,0,0,0
376,2163330,Yet Another Zombie Survivors,apr,1,0,0,2,2025-01,578,6.359573868672378,other,2.5544147843942504,7.39,0,,0,1,0,0,0,0,1,0,0,0
376,2163330,Yet Another Zombie Survivors,apr,1,0,0,3,2025-02,578,6.359573868672378,other,2.5544147843942504,7.39,0,,0,0,1,0,0,0,0,1,0,0
376,2163330,Yet Another Zombie Survivors,apr,1,0,0,4,2025-03,578,6.359573868672378,other,2.5544147843942504,7.39,0,,0,0,0,1,0,0,0,0,1,0
376,2163330,Yet Another Zombie Survivors,apr,1,1,1,5,2025-04,578,6.359573868672378,other,2.5544147843942504,7.39,0,,0,0,0,0,1,0,0,0,0,1
377,1857090,Norland,apr,1,0,0,1,2024-12,495,6.20455776256869,other,1.538672142368241,29.99,0,,1,0,0,0,0,1,0,0,0,0
377,1857090,Norland,apr,1,0,0,2,2025-01,495,6.20455776256869,other,1.538672142368241,29.99,0,,0,1,0,0,0,0,1,0,0,0
377,1857090,Norland,apr,1,0,0,3,2025-02,495,6.20455776256869,other,1.538672142368241,29.99,0,,0,0,1,0,0,0,0,1,0,0
377,1857090,Norland,apr,1,0,0,4,2025-03,495,6.20455776256869,other,1.538672142368241,29.99,0,,0,0,0,1,0,0,0,0,1,0
377,1857090,Norland,apr,1,1,1,5,2025-04,495,6.20455776256869,other,1.538672142368241,29.99,0,,0,0,0,0,1,0,0,0,0,1
378,1357210,Galactic Civilizations IV,apr,1,0,0,1,2024-12,332,5.805134968916488,other,2.2861054072553046,18.24,0,,1,0,0,0,0,1,0,0,0,0
378,1357210,Galactic Civilizations IV,apr,1,0,0,2,2025-01,332,5.805134968916488,other,2.2861054072553046,18.24,0,,0,1,0,0,0,0,1,0,0,0
378,1357210,Galactic Civilizations IV,apr,1,0,0,3,2025-02,332,5.805134968916488,other,2.2861054072553046,18.24,0,,0,0,1,0,0,0,0,1,0,0
378,1357210,Galactic Civilizations IV,apr,1,0,0,4,2025-03,332,5.805134968916488,other,2.2861054072553046,18.24,0,,0,0,0,1,0,0,0,0,1,0
378,1357210,Galactic Civilizations IV,apr,1,1,1,5,2025-04,332,5.805134968916488,other,2.2861054072553046,18.24,0,,0,0,0,0,1,0,0,0,0,1
379,1864880,Roman Triumph: Survival City Builder,apr,1,0,0,1,2024-12,81,4.394449154672439,other,0.3750855578370979,14.99,0,,1,0,0,0,0,1,0,0,0,0
379,1864880,Roman Triumph: Survival City Builder,apr,1,0,0,2,2025-01,81,4.394449154672439,other,0.3750855578370979,14.99,0,,0,1,0,0,0,0,1,0,0,0
379,1864880,Roman Triumph: Survival City Builder,apr,1,0,0,3,2025-02,81,4.394449154672439,other,0.3750855578370979,14.99,0,,0,0,1,0,0,0,0,1,0,0
379,1864880,Roman Triumph: Survival City Builder,apr,1,0,0,4,2025-03,81,4.394449154672439,other,0.3750855578370979,14.99,0,,0,0,0,1,0,0,0,0,1,0
379,1864880,Roman Triumph: Survival City Builder,apr,1,1,1,5,2025-04,81,4.394449154672439,other,0.3750855578370979,14.99,0,,0,0,0,0,1,0,0,0,0,1
380,1272320,Diplomacy is Not an Option,apr,1,0,0,1,2024-12,1084,6.988413181999592,other,1.325119780971937,28.99,0,,1,0,0,0,0,1,0,0,0,0
380,1272320,Diplomacy is Not an Option,apr,1,0,0,2,2025-01,1084,6.988413181999592,other,1.325119780971937,28.99,0,,0,1,0,0,0,0,1,0,0,0
380,1272320,Diplomacy is Not an Option,apr,1,0,0,3,2025-02,1084,6.988413181999592,other,1.325119780971937,28.99,0,,0,0,1,0,0,0,0,1,0,0
380,1272320,Diplomacy is Not an Option,apr,1,0,0,4,2025-03,1084,6.988413181999592,other,1.325119780971937,28.99,0,,0,0,0,1,0,0,0,0,1,0
380,1272320,Diplomacy is Not an Option,apr,1,1,1,5,2025-04,1084,6.988413181999592,other,1.325119780971937,28.99,0,,0,0,0,0,1,0,0,0,0,1
381,2111630,JR EAST Train Simulator,apr,1,0,0,1,2024-12,181,5.198497031265826,other,3.2142368240930868,18.39,0,,1,0,0,0,0,1,0,0,0,0
381,2111630,JR EAST Train Simulator,apr,1,0,0,2,2025-01,181,5.198497031265826,other,3.2142368240930868,18.39,0,,0,1,0,0,0,0,1,0,0,0
381,2111630,JR EAST Train Simulator,apr,1,0,0,3,2025-02,181,5.198497031265826,other,3.2142368240930868,18.39,0,,0,0,1,0,0,0,0,1,0,0
381,2111630,JR EAST Train Simulator,apr,1,0,0,4,2025-03,181,5.198497031265826,other,3.2142368240930868,18.39,0,,0,0,0,1,0,0,0,0,1,0
381,2111630,JR EAST Train Simulator,apr,1,1,1,5,2025-04,181,5.198497031265826,other,3.2142368240930868,18.39,0,,0,0,0,0,1,0,0,0,0,1
382,3026450,Deadly Days: Roadtrip,apr,1,0,0,1,2024-12,246,5.5053315359323625,other,0.3586584531143053,14.99,0,,1,0,0,0,0,1,0,0,0,0
382,3026450,Deadly Days: Roadtrip,apr,1,0,0,2,2025-01,246,5.5053315359323625,other,0.3586584531143053,14.99,0,,0,1,0,0,0,0,1,0,0,0
382,3026450,Deadly Days: Roadtrip,apr,1,0,0,3,2025-02,246,5.5053315359323625,other,0.3586584531143053,14.99,0,,0,0,1,0,0,0,0,1,0,0
382,3026450,Deadly Days: Roadtrip,apr,1,0,0,4,2025-03,246,5.5053315359323625,other,0.3586584531143053,14.99,0,,0,0,0,1,0,0,0,0,1,0
382,3026450,Deadly Days: Roadtrip,apr,1,1,1,5,2025-04,246,5.5053315359323625,other,0.3586584531143053,14.99,0,,0,0,0,0,1,0,0,0,0,1
383,919640,Steel Division 2,apr,1,0,0,1,2024-12,389,5.963579343618446,other,6.617385352498289,39.99,0,,1,0,0,0,0,1,0,0,0,0
383,919640,Steel Division 2,apr,1,0,0,2,2025-01,389,5.963579343618446,other,6.617385352498289,39.99,0,,0,1,0,0,0,0,1,0,0,0
383,919640,Steel Division 2,apr,1,0,0,3,2025-02,389,5.963579343618446,other,6.617385352498289,39.99,0,,0,0,1,0,0,0,0,1,0,0
383,919640,Steel Division 2,apr,1,0,0,4,2025-03,389,5.963579343618446,other,6.617385352498289,39.99,0,,0,0,0,1,0,0,0,0,1,0
383,919640,Steel Division 2,apr,1,1,1,5,2025-04,389,5.963579343618446,other,6.617385352498289,39.99,0,,0,0,0,0,1,0,0,0,0,1
384,919640,Steel Division 2,apr,1,0,0,1,2024-12,389,5.963579343618446,other,6.617385352498289,39.99,0,,1,0,0,0,0,1,0,0,0,0
384,919640,Steel Division 2,apr,1,0,0,2,2025-01,389,5.963579343618446,other,6.617385352498289,39.99,0,,0,1,0,0,0,0,1,0,0,0
384,919640,Steel Division 2,apr,1,0,0,3,2025-02,389,5.963579343618446,other,6.617385352498289,39.99,0,,0,0,1,0,0,0,0,1,0,0
384,919640,Steel Division 2,apr,1,0,0,4,2025-03,389,5.963579343618446,other,6.617385352498289,39.99,0,,0,0,0,1,0,0,0,0,1,0
384,919640,Steel Division 2,apr,1,1,1,5,2025-04,389,5.963579343618446,other,6.617385352498289,39.99,0,,0,0,0,0,1,0,0,0,0,1
385,2389040,ShapeHero Factory,apr,1,0,0,1,2024-12,369,5.910796644040527,other,0.3723477070499658,112.32,0,,1,0,0,0,0,1,0,0,0,0
385,2389040,ShapeHero Factory,apr,1,0,0,2,2025-01,369,5.910796644040527,other,0.3723477070499658,112.32,0,,0,1,0,0,0,0,1,0,0,0
385,2389040,ShapeHero Factory,apr,1,0,0,3,2025-02,369,5.910796644040527,other,0.3723477070499658,112.32,0,,0,0,1,0,0,0,0,1,0,0
385,2389040,ShapeHero Factory,apr,1,0,0,4,2025-03,369,5.910796644040527,other,0.3723477070499658,112.32,0,,0,0,0,1,0,0,0,0,1,0
385,2389040,ShapeHero Factory,apr,1,1,1,5,2025-04,369,5.910796644040527,other,0.3723477070499658,112.32,0,,0,0,0,0,1,0,0,0,0,1
386,1902960,Lost Records: Bloom & Rage,apr,1,0,0,1,2024-12,53,3.970291913552122,other,0.9500342231348392,39.99,0,,1,0,0,0,0,1,0,0,0,0
386,1902960,Lost Records: Bloom & Rage,apr,1,0,0,2,2025-01,53,3.970291913552122,other,0.9500342231348392,39.99,0,,0,1,0,0,0,0,1,0,0,0
386,1902960,Lost Records: Bloom & Rage,apr,1,0,0,3,2025-02,53,3.970291913552122,other,0.9500342231348392,39.99,0,,0,0,1,0,0,0,0,1,0,0
386,1902960,Lost Records: Bloom & Rage,apr,1,0,0,4,2025-03,53,3.970291913552122,other,0.9500342231348392,39.99,0,,0,0,0,1,0,0,0,0,1,0
386,1902960,Lost Records: Bloom & Rage,apr,1,1,1,5,2025-04,53,3.970291913552122,other,0.9500342231348392,39.99,0,,0,0,0,0,1,0,0,0,0,1
387,3026450,Deadly Days: Roadtrip,apr,1,0,0,1,2024-12,246,5.5053315359323625,other,0.3586584531143053,14.99,0,,1,0,0,0,0,1,0,0,0,0
387,3026450,Deadly Days: Roadtrip,apr,1,0,0,2,2025-01,246,5.5053315359323625,other,0.3586584531143053,14.99,0,,0,1,0,0,0,0,1,0,0,0
387,3026450,Deadly Days: Roadtrip,apr,1,0,0,3,2025-02,246,5.5053315359323625,other,0.3586584531143053,14.99,0,,0,0,1,0,0,0,0,1,0,0
387,3026450,Deadly Days: Roadtrip,apr,1,0,0,4,2025-03,246,5.5053315359323625,other,0.3586584531143053,14.99,0,,0,0,0,1,0,0,0,0,1,0
387,3026450,Deadly Days: Roadtrip,apr,1,1,1,5,2025-04,246,5.5053315359323625,other,0.3586584531143053,14.99,0,,0,0,0,0,1,0,0,0,0,1
388,291480,Warface: Clutch,apr,1,0,0,1,2024-12,316,5.755742213586912,mmo,11.586584531143053,0.0,1,,1,0,0,0,0,1,0,0,0,0
388,291480,Warface: Clutch,apr,1,0,0,2,2025-01,316,5.755742213586912,mmo,11.586584531143053,0.0,1,,0,1,0,0,0,0,1,0,0,0
388,291480,Warface: Clutch,apr,1,0,0,3,2025-02,316,5.755742213586912,mmo,11.586584531143053,0.0,1,,0,0,1,0,0,0,0,1,0,0
388,291480,Warface: Clutch,apr,1,0,0,4,2025-03,316,5.755742213586912,mmo,11.586584531143053,0.0,1,,0,0,0,1,0,0,0,0,1,0
388,291480,Warface: Clutch,apr,1,1,1,5,2025-04,316,5.755742213586912,mmo,11.586584531143053,0.0,1,,0,0,0,0,1,0,0,0,0,1
389,1548850,Six Days in Fallujah,apr,1,0,0,1,2024-12,50,3.912023005428146,other,2.6119096509240247,38.99,0,,1,0,0,0,0,1,0,0,0,0
389,1548850,Six Days in Fallujah,apr,1,0,0,2,2025-01,50,3.912023005428146,other,2.6119096509240247,38.99,0,,0,1,0,0,0,0,1,0,0,0
389,1548850,Six Days in Fallujah,apr,1,0,0,3,2025-02,50,3.912023005428146,other,2.6119096509240247,38.99,0,,0,0,1,0,0,0,0,1,0,0
389,1548850,Six Days in Fallujah,apr,1,0,0,4,2025-03,50,3.912023005428146,other,2.6119096509240247,38.99,0,,0,0,0,1,0,0,0,0,1,0
389,1548850,Six Days in Fallujah,apr,1,1,1,5,2025-04,50,3.912023005428146,other,2.6119096509240247,38.99,0,,0,0,0,0,1,0,0,0,0,1
390,1479730,Commandos: Origins,apr,1,0,0,1,2024-12,269,5.594711379601839,other,0.813141683778234,49.99,0,,1,0,0,0,0,1,0,0,0,0
390,1479730,Commandos: Origins,apr,1,0,0,2,2025-01,269,5.594711379601839,other,0.813141683778234,49.99,0,,0,1,0,0,0,0,1,0,0,0
390,1479730,Commandos: Origins,apr,1,0,0,3,2025-02,269,5.594711379601839,other,0.813141683778234,49.99,0,,0,0,1,0,0,0,0,1,0,0
390,1479730,Commandos: Origins,apr,1,0,0,4,2025-03,269,5.594711379601839,other,0.813141683778234,49.99,0,,0,0,0,1,0,0,0,0,1,0
390,1479730,Commandos: Origins,apr,1,1,1,5,2025-04,269,5.594711379601839,other,0.813141683778234,49.99,0,,0,0,0,0,1,0,0,0,0,1
391,2378900,The Coffin of Andy and Leyley,apr,1,0,0,1,2024-12,226,5.420534999272286,other,2.302532511978097,11.79,0,,1,0,0,0,0,1,0,0,0,0
391,2378900,The Coffin of Andy and Leyley,apr,1,0,0,2,2025-01,226,5.420534999272286,other,2.302532511978097,11.79,0,,0,1,0,0,0,0,1,0,0,0
391,2378900,The Coffin of Andy and Leyley,apr,1,0,0,3,2025-02,226,5.420534999272286,other,2.302532511978097,11.79,0,,0,0,1,0,0,0,0,1,0,0
391,2378900,The Coffin of Andy and Leyley,apr,1,0,0,4,2025-03,226,5.420534999272286,other,2.302532511978097,11.79,0,,0,0,0,1,0,0,0,0,1,0
391,2378900,The Coffin of Andy and Leyley,apr,1,1,1,5,2025-04,226,5.420534999272286,other,2.302532511978097,11.79,0,,0,0,0,0,1,0,0,0,0,1
392,469600,Legion TD 2 - Multiplayer Tower Defense,apr,1,0,0,1,2024-12,1134,7.033506484287697,other,4.334017796030117,6.89,0,,1,0,0,0,0,1,0,0,0,0
392,469600,Legion TD 2 - Multiplayer Tower Defense,apr,1,0,0,2,2025-01,1134,7.033506484287697,other,4.334017796030117,6.89,0,,0,1,0,0,0,0,1,0,0,0
392,469600,Legion TD 2 - Multiplayer Tower Defense,apr,1,0,0,3,2025-02,1134,7.033506484287697,other,4.334017796030117,6.89,0,,0,0,1,0,0,0,0,1,0,0
392,469600,Legion TD 2 - Multiplayer Tower Defense,apr,1,0,0,4,2025-03,1134,7.033506484287697,other,4.334017796030117,6.89,0,,0,0,0,1,0,0,0,0,1,0
392,469600,Legion TD 2 - Multiplayer Tower Defense,apr,1,1,1,5,2025-04,1134,7.033506484287697,other,4.334017796030117,6.89,0,,0,0,0,0,1,0,0,0,0,1
393,304050,Trove,apr,1,0,0,1,2024-12,809,6.695798917058491,mmo,10.565366187542779,0.0,1,,1,0,0,0,0,1,0,0,0,0
393,304050,Trove,apr,1,0,0,2,2025-01,809,6.695798917058491,mmo,10.565366187542779,0.0,1,,0,1,0,0,0,0,1,0,0,0
393,304050,Trove,apr,1,0,0,3,2025-02,809,6.695798917058491,mmo,10.565366187542779,0.0,1,,0,0,1,0,0,0,0,1,0,0
393,304050,Trove,apr,1,0,0,4,2025-03,809,6.695798917058491,mmo,10.565366187542779,0.0,1,,0,0,0,1,0,0,0,0,1,0
393,304050,Trove,apr,1,1,1,5,2025-04,809,6.695798917058491,mmo,10.565366187542779,0.0,1,,0,0,0,0,1,0,0,0,0,1
394,1272320,Diplomacy is Not an Option,apr,1,0,0,1,2024-12,1084,6.988413181999592,other,1.325119780971937,28.99,0,,1,0,0,0,0,1,0,0,0,0
394,1272320,Diplomacy is Not an Option,apr,1,0,0,2,2025-01,1084,6.988413181999592,other,1.325119780971937,28.99,0,,0,1,0,0,0,0,1,0,0,0
394,1272320,Diplomacy is Not an Option,apr,1,0,0,3,2025-02,1084,6.988413181999592,other,1.325119780971937,28.99,0,,0,0,1,0,0,0,0,1,0,0
394,1272320,Diplomacy is Not an Option,apr,1,0,0,4,2025-03,1084,6.988413181999592,other,1.325119780971937,28.99,0,,0,0,0,1,0,0,0,0,1,0
394,1272320,Diplomacy is Not an Option,apr,1,1,1,5,2025-04,1084,6.988413181999592,other,1.325119780971937,28.99,0,,0,0,0,0,1,0,0,0,0,1
395,463530,Empires of the Undergrowth,apr,1,0,0,1,2024-12,828,6.71901315438526,other,1.6509240246406571,29.99,0,,1,0,0,0,0,1,0,0,0,0
395,463530,Empires of the Undergrowth,apr,1,0,0,2,2025-01,828,6.71901315438526,other,1.6509240246406571,29.99,0,,0,1,0,0,0,0,1,0,0,0
395,463530,Empires of the Undergrowth,apr,1,0,0,3,2025-02,828,6.71901315438526,other,1.6509240246406571,29.99,0,,0,0,1,0,0,0,0,1,0,0
395,463530,Empires of the Undergrowth,apr,1,0,0,4,2025-03,828,6.71901315438526,other,1.6509240246406571,29.99,0,,0,0,0,1,0,0,0,0,1,0
395,463530,Empires of the Undergrowth,apr,1,1,1,5,2025-04,828,6.71901315438526,other,1.6509240246406571,29.99,0,,0,0,0,0,1,0,0,0,0,1
396,2700340,X4: Timelines,apr,1,0,0,1,2024-12,1000,6.907755278982137,other,1.6153319644079398,14.99,0,,1,0,0,0,0,1,0,0,0,0
396,2700340,X4: Timelines,apr,1,0,0,2,2025-01,1000,6.907755278982137,other,1.6153319644079398,14.99,0,,0,1,0,0,0,0,1,0,0,0
396,2700340,X4: Timelines,apr,1,0,0,3,2025-02,1000,6.907755278982137,other,1.6153319644079398,14.99,0,,0,0,1,0,0,0,0,1,0,0
396,2700340,X4: Timelines,apr,1,0,0,4,2025-03,1000,6.907755278982137,other,1.6153319644079398,14.99,0,,0,0,0,1,0,0,0,0,1,0
396,2700340,X4: Timelines,apr,1,1,1,5,2025-04,1000,6.907755278982137,other,1.6153319644079398,14.99,0,,0,0,0,0,1,0,0,0,0,1
397,2111630,JR EAST Train Simulator,apr,1,0,0,1,2024-12,181,5.198497031265826,other,3.2142368240930868,18.39,0,,1,0,0,0,0,1,0,0,0,0
397,2111630,JR EAST Train Simulator,apr,1,0,0,2,2025-01,181,5.198497031265826,other,3.2142368240930868,18.39,0,,0,1,0,0,0,0,1,0,0,0
397,2111630,JR EAST Train Simulator,apr,1,0,0,3,2025-02,181,5.198497031265826,other,3.2142368240930868,18.39,0,,0,0,1,0,0,0,0,1,0,0
397,2111630,JR EAST Train Simulator,apr,1,0,0,4,2025-03,181,5.198497031265826,other,3.2142368240930868,18.39,0,,0,0,0,1,0,0,0,0,1,0
397,2111630,JR EAST Train Simulator,apr,1,1,1,5,2025-04,181,5.198497031265826,other,3.2142368240930868,18.39,0,,0,0,0,0,1,0,0,0,0,1
398,204360,Castle Crashers®,apr,1,0,0,1,2024-12,680,6.522092798170152,other,13.347022587268993,11.99,0,,1,0,0,0,0,1,0,0,0,0
398,204360,Castle Crashers®,apr,1,0,0,2,2025-01,680,6.522092798170152,other,13.347022587268993,11.99,0,,0,1,0,0,0,0,1,0,0,0
398,204360,Castle Crashers®,apr,1,0,0,3,2025-02,680,6.522092798170152,other,13.347022587268993,11.99,0,,0,0,1,0,0,0,0,1,0,0
398,204360,Castle Crashers®,apr,1,0,0,4,2025-03,680,6.522092798170152,other,13.347022587268993,11.99,0,,0,0,0,1,0,0,0,0,1,0
398,204360,Castle Crashers®,apr,1,1,1,5,2025-04,680,6.522092798170152,other,13.347022587268993,11.99,0,,0,0,0,0,1,0,0,0,0,1
399,2393160,Nice Day for Fishing,apr,1,0,0,1,2024-12,190,5.247024072160486,other,0.676249144421629,41.5,0,,1,0,0,0,0,1,0,0,0,0
399,2393160,Nice Day for Fishing,apr,1,0,0,2,2025-01,190,5.247024072160486,other,0.676249144421629,41.5,0,,0,1,0,0,0,0,1,0,0,0
399,2393160,Nice Day for Fishing,apr,1,0,0,3,2025-02,190,5.247024072160486,other,0.676249144421629,41.5,0,,0,0,1,0,0,0,0,1,0,0
399,2393160,Nice Day for Fishing,apr,1,0,0,4,2025-03,190,5.247024072160486,other,0.676249144421629,41.5,0,,0,0,0,1,0,0,0,0,1,0
399,2393160,Nice Day for Fishing,apr,1,1,1,5,2025-04,190,5.247024072160486,other,0.676249144421629,41.5,0,,0,0,0,0,1,0,0,0,0,1
400,247000,Talisman: Digital Classic Edition,apr,1,0,0,1,2024-12,170,5.135798437050262,other,11.931553730321697,3.44,0,,1,0,0,0,0,1,0,0,0,0
400,247000,Talisman: Digital Classic Edition,apr,1,0,0,2,2025-01,170,5.135798437050262,other,11.931553730321697,3.44,0,,0,1,0,0,0,0,1,0,0,0
400,247000,Talisman: Digital Classic Edition,apr,1,0,0,3,2025-02,170,5.135798437050262,other,11.931553730321697,3.44,0,,0,0,1,0,0,0,0,1,0,0
400,247000,Talisman: Digital Classic Edition,apr,1,0,0,4,2025-03,170,5.135798437050262,other,11.931553730321697,3.44,0,,0,0,0,1,0,0,0,0,1,0
400,247000,Talisman: Digital Classic Edition,apr,1,1,1,5,2025-04,170,5.135798437050262,other,11.931553730321697,3.44,0,,0,0,0,0,1,0,0,0,0,1
401,1808500,ARC Raiders,control,0,0,0,1,2024-12,190587,12.157864062209809,other,0.2546201232032854,39.99,0,,1,0,0,0,0,0,0,0,0,0
401,1808500,ARC Raiders,control,0,0,0,2,2025-01,190587,12.157864062209809,other,0.2546201232032854,39.99,0,,0,1,0,0,0,0,0,0,0,0
401,1808500,ARC Raiders,control,0,0,0,3,2025-02,190587,12.157864062209809,other,0.2546201232032854,39.99,0,,0,0,1,0,0,0,0,0,0,0
401,1808500,ARC Raiders,control,0,0,0,4,2025-03,190587,12.157864062209809,other,0.2546201232032854,39.99,0,,0,0,0,1,0,0,0,0,0,0
401,1808500,ARC Raiders,control,0,0,0,5,2025-04,190587,12.157864062209809,other,0.2546201232032854,39.99,0,,0,0,0,0,1,0,0,0,0,0
402,381210,Dead by Daylight,control,0,0,0,1,2024-12,74898,11.223882466879106,other,9.631759069130732,19.99,0,,1,0,0,0,0,0,0,0,0,0
402,381210,Dead by Daylight,control,0,0,0,2,2025-01,74898,11.223882466879106,other,9.631759069130732,19.99,0,,0,1,0,0,0,0,0,0,0,0
402,381210,Dead by Daylight,control,0,0,0,3,2025-02,74898,11.223882466879106,other,9.631759069130732,19.99,0,,0,0,1,0,0,0,0,0,0,0
402,381210,Dead by Daylight,control,0,0,0,4,2025-03,74898,11.223882466879106,other,9.631759069130732,19.99,0,,0,0,0,1,0,0,0,0,0,0
402,381210,Dead by Daylight,control,0,0,0,5,2025-04,74898,11.223882466879106,other,9.631759069130732,19.99,0,,0,0,0,0,1,0,0,0,0,0
403,3405690,EA SPORTS FC™ 26,control,0,0,0,1,2024-12,72809,11.195594852917294,other,0.35044490075290896,27.0,0,,1,0,0,0,0,0,0,0,0,0
403,3405690,EA SPORTS FC™ 26,control,0,0,0,2,2025-01,72809,11.195594852917294,other,0.35044490075290896,27.0,0,,0,1,0,0,0,0,0,0,0,0
403,3405690,EA SPORTS FC™ 26,control,0,0,0,3,2025-02,72809,11.195594852917294,other,0.35044490075290896,27.0,0,,0,0,1,0,0,0,0,0,0,0
403,3405690,EA SPORTS FC™ 26,control,0,0,0,4,2025-03,72809,11.195594852917294,other,0.35044490075290896,27.0,0,,0,0,0,1,0,0,0,0,0,0
403,3405690,EA SPORTS FC™ 26,control,0,0,0,5,2025-04,72809,11.195594852917294,other,0.35044490075290896,27.0,0,,0,0,0,0,1,0,0,0,0,0
404,3564740,Where Winds Meet,control,0,0,0,1,2024-12,62196,11.038045967977707,other,0.2135523613963039,0.0,1,,1,0,0,0,0,0,0,0,0,0
404,3564740,Where Winds Meet,control,0,0,0,2,2025-01,62196,11.038045967977707,other,0.2135523613963039,0.0,1,,0,1,0,0,0,0,0,0,0,0
404,3564740,Where Winds Meet,control,0,0,0,3,2025-02,62196,11.038045967977707,other,0.2135523613963039,0.0,1,,0,0,1,0,0,0,0,0,0,0
404,3564740,Where Winds Meet,control,0,0,0,4,2025-03,62196,11.038045967977707,other,0.2135523613963039,0.0,1,,0,0,0,1,0,0,0,0,0,0
404,3564740,Where Winds Meet,control,0,0,0,5,2025-04,62196,11.038045967977707,other,0.2135523613963039,0.0,1,,0,0,0,0,1,0,0,0,0,0
405,230410,Warframe,control,0,0,0,1,2024-12,79722,11.286300861819363,other,12.854209445585216,0.0,1,,1,0,0,0,0,0,0,0,0,0
405,230410,Warframe,control,0,0,0,2,2025-01,79722,11.286300861819363,other,12.854209445585216,0.0,1,,0,1,0,0,0,0,0,0,0,0
405,230410,Warframe,control,0,0,0,3,2025-02,79722,11.286300861819363,other,12.854209445585216,0.0,1,,0,0,1,0,0,0,0,0,0,0
405,230410,Warframe,control,0,0,0,4,2025-03,79722,11.286300861819363,other,12.854209445585216,0.0,1,,0,0,0,1,0,0,0,0,0,0
405,230410,Warframe,control,0,0,0,5,2025-04,79722,11.286300861819363,other,12.854209445585216,0.0,1,,0,0,0,0,1,0,0,0,0,0
406,236390,War Thunder,control,0,0,0,1,2024-12,100584,11.518748478273016,mmo,12.462696783025326,0.0,1,,1,0,0,0,0,0,0,0,0,0
406,236390,War Thunder,control,0,0,0,2,2025-01,100584,11.518748478273016,mmo,12.462696783025326,0.0,1,,0,1,0,0,0,0,0,0,0,0
406,236390,War Thunder,control,0,0,0,3,2025-02,100584,11.518748478273016,mmo,12.462696783025326,0.0,1,,0,0,1,0,0,0,0,0,0,0
406,236390,War Thunder,control,0,0,0,4,2025-03,100584,11.518748478273016,mmo,12.462696783025326,0.0,1,,0,0,0,1,0,0,0,0,0,0
406,236390,War Thunder,control,0,0,0,5,2025-04,100584,11.518748478273016,mmo,12.462696783025326,0.0,1,,0,0,0,0,1,0,0,0,0,0
407,1174180,Red Dead Redemption 2,control,0,0,0,1,2024-12,63285,11.055403613226549,other,6.157426420260096,14.99,0,,1,0,0,0,0,0,0,0,0,0
407,1174180,Red Dead Redemption 2,control,0,0,0,2,2025-01,63285,11.055403613226549,other,6.157426420260096,14.99,0,,0,1,0,0,0,0,0,0,0,0
407,1174180,Red Dead Redemption 2,control,0,0,0,3,2025-02,63285,11.055403613226549,other,6.157426420260096,14.99,0,,0,0,1,0,0,0,0,0,0,0
407,1174180,Red Dead Redemption 2,control,0,0,0,4,2025-03,63285,11.055403613226549,other,6.157426420260096,14.99,0,,0,0,0,1,0,0,0,0,0,0
407,1174180,Red Dead Redemption 2,control,0,0,0,5,2025-04,63285,11.055403613226549,other,6.157426420260096,14.99,0,,0,0,0,0,1,0,0,0,0,0
408,2767030,Marvel Rivals,control,0,0,0,1,2024-12,71299,11.17463758105859,other,1.1553730321697468,0.0,1,,1,0,0,0,0,0,0,0,0,0
408,2767030,Marvel Rivals,control,0,0,0,2,2025-01,71299,11.17463758105859,other,1.1553730321697468,0.0,1,,0,1,0,0,0,0,0,0,0,0
408,2767030,Marvel Rivals,control,0,0,0,3,2025-02,71299,11.17463758105859,other,1.1553730321697468,0.0,1,,0,0,1,0,0,0,0,0,0,0
408,2767030,Marvel Rivals,control,0,0,0,4,2025-03,71299,11.17463758105859,other,1.1553730321697468,0.0,1,,0,0,0,1,0,0,0,0,0,0
408,2767030,Marvel Rivals,control,0,0,0,5,2025-04,71299,11.17463758105859,other,1.1553730321697468,0.0,1,,0,0,0,0,1,0,0,0,0,0
409,227300,Euro Truck Simulator 2,control,0,0,0,1,2024-12,49969,10.819158092130804,other,13.30321697467488,19.99,0,,1,0,0,0,0,0,0,0,0,0
409,227300,Euro Truck Simulator 2,control,0,0,0,2,2025-01,49969,10.819158092130804,other,13.30321697467488,19.99,0,,0,1,0,0,0,0,0,0,0,0
409,227300,Euro Truck Simulator 2,control,0,0,0,3,2025-02,49969,10.819158092130804,other,13.30321697467488,19.99,0,,0,0,1,0,0,0,0,0,0,0
409,227300,Euro Truck Simulator 2,control,0,0,0,4,2025-03,49969,10.819158092130804,other,13.30321697467488,19.99,0,,0,0,0,1,0,0,0,0,0,0
409,227300,Euro Truck Simulator 2,control,0,0,0,5,2025-04,49969,10.819158092130804,other,13.30321697467488,19.99,0,,0,0,0,0,1,0,0,0,0,0
410,1551360,Forza Horizon 5,control,0,0,0,1,2024-12,29673,10.29799282040795,other,4.229979466119096,29.99,0,,1,0,0,0,0,0,0,0,0,0
410,1551360,Forza Horizon 5,control,0,0,0,2,2025-01,29673,10.29799282040795,other,4.229979466119096,29.99,0,,0,1,0,0,0,0,0,0,0,0
410,1551360,Forza Horizon 5,control,0,0,0,3,2025-02,29673,10.29799282040795,other,4.229979466119096,29.99,0,,0,0,1,0,0,0,0,0,0,0
410,1551360,Forza Horizon 5,control,0,0,0,4,2025-03,29673,10.29799282040795,other,4.229979466119096,29.99,0,,0,0,0,1,0,0,0,0,0,0
410,1551360,Forza Horizon 5,control,0,0,0,5,2025-04,29673,10.29799282040795,other,4.229979466119096,29.99,0,,0,0,0,0,1,0,0,0,0,0
411,3419520,Quarantine Zone: The Last Check,control,0,0,0,1,2024-12,7318,8.898092345579153,other,0.05201916495550993,17.99,0,,1,0,0,0,0,0,0,0,0,0
411,3419520,Quarantine Zone: The Last Check,control,0,0,0,2,2025-01,7318,8.898092345579153,other,0.05201916495550993,17.99,0,,0,1,0,0,0,0,0,0,0,0
411,3419520,Quarantine Zone: The Last Check,control,0,0,0,3,2025-02,7318,8.898092345579153,other,0.05201916495550993,17.99,0,,0,0,1,0,0,0,0,0,0,0
411,3419520,Quarantine Zone: The Last Check,control,0,0,0,4,2025-03,7318,8.898092345579153,other,0.05201916495550993,17.99,0,,0,0,0,1,0,0,0,0,0,0
411,3419520,Quarantine Zone: The Last Check,control,0,0,0,5,2025-04,7318,8.898092345579153,other,0.05201916495550993,17.99,0,,0,0,0,0,1,0,0,0,0,0
412,1172470,Apex Legends™,control,0,0,0,1,2024-12,177532,12.086906153338957,other,5.240246406570842,0.0,1,,1,0,0,0,0,0,0,0,0,0
412,1172470,Apex Legends™,control,0,0,0,2,2025-01,177532,12.086906153338957,other,5.240246406570842,0.0,1,,0,1,0,0,0,0,0,0,0,0
412,1172470,Apex Legends™,control,0,0,0,3,2025-02,177532,12.086906153338957,other,5.240246406570842,0.0,1,,0,0,1,0,0,0,0,0,0,0
412,1172470,Apex Legends™,control,0,0,0,4,2025-03,177532,12.086906153338957,other,5.240246406570842,0.0,1,,0,0,0,1,0,0,0,0,0,0
412,1172470,Apex Legends™,control,0,0,0,5,2025-04,177532,12.086906153338957,other,5.240246406570842,0.0,1,,0,0,0,0,1,0,0,0,0,0
413,553850,HELLDIVERS™ 2,control,0,0,0,1,2024-12,46631,10.750020834993819,other,1.9794661190965093,39.99,0,,1,0,0,0,0,0,0,0,0,0
413,553850,HELLDIVERS™ 2,control,0,0,0,2,2025-01,46631,10.750020834993819,other,1.9794661190965093,39.99,0,,0,1,0,0,0,0,0,0,0,0
413,553850,HELLDIVERS™ 2,control,0,0,0,3,2025-02,46631,10.750020834993819,other,1.9794661190965093,39.99,0,,0,0,1,0,0,0,0,0,0,0
413,553850,HELLDIVERS™ 2,control,0,0,0,4,2025-03,46631,10.750020834993819,other,1.9794661190965093,39.99,0,,0,0,0,1,0,0,0,0,0,0
413,553850,HELLDIVERS™ 2,control,0,0,0,5,2025-04,46631,10.750020834993819,other,1.9794661190965093,39.99,0,,0,0,0,0,1,0,0,0,0,0
414,3949040,RV There Yet?,control,0,0,0,1,2024-12,6306,8.749256840105007,other,0.2792607802874743,7.79,0,,1,0,0,0,0,0,0,0,0,0
414,3949040,RV There Yet?,control,0,0,0,2,2025-01,6306,8.749256840105007,other,0.2792607802874743,7.79,0,,0,1,0,0,0,0,0,0,0,0
414,3949040,RV There Yet?,control,0,0,0,3,2025-02,6306,8.749256840105007,other,0.2792607802874743,7.79,0,,0,0,1,0,0,0,0,0,0,0
414,3949040,RV There Yet?,control,0,0,0,4,2025-03,6306,8.749256840105007,other,0.2792607802874743,7.79,0,,0,0,0,1,0,0,0,0,0,0
414,3949040,RV There Yet?,control,0,0,0,5,2025-04,6306,8.749256840105007,other,0.2792607802874743,7.79,0,,0,0,0,0,1,0,0,0,0,0
415,552990,World of Warships,control,0,0,0,1,2024-12,31109,10.34525244536991,mmo,8.210814510609172,0.0,1,,1,0,0,0,0,0,0,0,0,0
415,552990,World of Warships,control,0,0,0,2,2025-01,31109,10.34525244536991,mmo,8.210814510609172,0.0,1,,0,1,0,0,0,0,0,0,0,0
415,552990,World of Warships,control,0,0,0,3,2025-02,31109,10.34525244536991,mmo,8.210814510609172,0.0,1,,0,0,1,0,0,0,0,0,0,0
415,552990,World of Warships,control,0,0,0,4,2025-03,31109,10.34525244536991,mmo,8.210814510609172,0.0,1,,0,0,0,1,0,0,0,0,0,0
415,552990,World of Warships,control,0,0,0,5,2025-04,31109,10.34525244536991,mmo,8.210814510609172,0.0,1,,0,0,0,0,1,0,0,0,0,0
416,3513350,Wuthering Waves,control,0,0,0,1,2024-12,12828,9.459385560813045,other,0.7611225188227242,0.0,1,,1,0,0,0,0,0,0,0,0,0
416,3513350,Wuthering Waves,control,0,0,0,2,2025-01,12828,9.459385560813045,other,0.7611225188227242,0.0,1,,0,1,0,0,0,0,0,0,0,0
416,3513350,Wuthering Waves,control,0,0,0,3,2025-02,12828,9.459385560813045,other,0.7611225188227242,0.0,1,,0,0,1,0,0,0,0,0,0,0
416,3513350,Wuthering Waves,control,0,0,0,4,2025-03,12828,9.459385560813045,other,0.7611225188227242,0.0,1,,0,0,0,1,0,0,0,0,0,0
416,3513350,Wuthering Waves,control,0,0,0,5,2025-04,12828,9.459385560813045,other,0.7611225188227242,0.0,1,,0,0,0,0,1,0,0,0,0,0
417,2362060,CODE VEIN II,control,0,0,0,1,2024-12,11127,9.3171298661577,other,0.0054757015742642025,69.99,0,,1,0,0,0,0,0,0,0,0,0
417,2362060,CODE VEIN II,control,0,0,0,2,2025-01,11127,9.3171298661577,other,0.0054757015742642025,69.99,0,,0,1,0,0,0,0,0,0,0,0
417,2362060,CODE VEIN II,control,0,0,0,3,2025-02,11127,9.3171298661577,other,0.0054757015742642025,69.99,0,,0,0,1,0,0,0,0,0,0,0
417,2362060,CODE VEIN II,control,0,0,0,4,2025-03,11127,9.3171298661577,other,0.0054757015742642025,69.99,0,,0,0,0,1,0,0,0,0,0,0
417,2362060,CODE VEIN II,control,0,0,0,5,2025-04,11127,9.3171298661577,other,0.0054757015742642025,69.99,0,,0,0,0,0,1,0,0,0,0,0
418,578080,PUBG: BATTLEGROUNDS,control,0,0,0,1,2024-12,652516,13.388590938951145,mmo,8.112251882272416,0.0,1,,1,0,0,0,0,0,0,0,0,0
418,578080,PUBG: BATTLEGROUNDS,control,0,0,0,2,2025-01,652516,13.388590938951145,mmo,8.112251882272416,0.0,1,,0,1,0,0,0,0,0,0,0,0
418,578080,PUBG: BATTLEGROUNDS,control,0,0,0,3,2025-02,652516,13.388590938951145,mmo,8.112251882272416,0.0,1,,0,0,1,0,0,0,0,0,0,0
418,578080,PUBG: BATTLEGROUNDS,control,0,0,0,4,2025-03,652516,13.388590938951145,mmo,8.112251882272416,0.0,1,,0,0,0,1,0,0,0,0,0,0
418,578080,PUBG: BATTLEGROUNDS,control,0,0,0,5,2025-04,652516,13.388590938951145,mmo,8.112251882272416,0.0,1,,0,0,0,0,1,0,0,0,0,0
419,2694490,Path of Exile 2,control,0,0,0,1,2024-12,37936,10.543655808305187,mmo,1.1526351813826146,27.75,0,,1,0,0,0,0,0,0,0,0,0
419,2694490,Path of Exile 2,control,0,0,0,2,2025-01,37936,10.543655808305187,mmo,1.1526351813826146,27.75,0,,0,1,0,0,0,0,0,0,0,0
419,2694490,Path of Exile 2,control,0,0,0,3,2025-02,37936,10.543655808305187,mmo,1.1526351813826146,27.75,0,,0,0,1,0,0,0,0,0,0,0
419,2694490,Path of Exile 2,control,0,0,0,4,2025-03,37936,10.543655808305187,mmo,1.1526351813826146,27.75,0,,0,0,0,1,0,0,0,0,0,0
419,2694490,Path of Exile 2,control,0,0,0,5,2025-04,37936,10.543655808305187,mmo,1.1526351813826146,27.75,0,,0,0,0,0,1,0,0,0,0,0
420,1631270,StarRupture,control,0,0,0,1,2024-12,10706,9.278559610953327,other,0.06844626967830253,19.99,0,,1,0,0,0,0,0,0,0,0,0
420,1631270,StarRupture,control,0,0,0,2,2025-01,10706,9.278559610953327,other,0.06844626967830253,19.99,0,,0,1,0,0,0,0,0,0,0,0
420,1631270,StarRupture,control,0,0,0,3,2025-02,10706,9.278559610953327,other,0.06844626967830253,19.99,0,,0,0,1,0,0,0,0,0,0,0
420,1631270,StarRupture,control,0,0,0,4,2025-03,10706,9.278559610953327,other,0.06844626967830253,19.99,0,,0,0,0,1,0,0,0,0,0,0
420,1631270,StarRupture,control,0,0,0,5,2025-04,10706,9.278559610953327,other,0.06844626967830253,19.99,0,,0,0,0,0,1,0,0,0,0,0
421,2073620,Arena Breakout: Infinite,control,0,0,0,1,2024-12,31305,10.35153310817941,mmo,0.37782340862423,0.0,1,,1,0,0,0,0,0,0,0,0,0
421,2073620,Arena Breakout: Infinite,control,0,0,0,2,2025-01,31305,10.35153310817941,mmo,0.37782340862423,0.0,1,,0,1,0,0,0,0,0,0,0,0
421,2073620,Arena Breakout: Infinite,control,0,0,0,3,2025-02,31305,10.35153310817941,mmo,0.37782340862423,0.0,1,,0,0,1,0,0,0,0,0,0,0
421,2073620,Arena Breakout: Infinite,control,0,0,0,4,2025-03,31305,10.35153310817941,mmo,0.37782340862423,0.0,1,,0,0,0,1,0,0,0,0,0,0
421,2073620,Arena Breakout: Infinite,control,0,0,0,5,2025-04,31305,10.35153310817941,mmo,0.37782340862423,0.0,1,,0,0,0,0,1,0,0,0,0,0
422,2807960,Battlefield™ 6,control,0,0,0,1,2024-12,52076,10.860459469017288,other,0.30937713894592744,69.99,0,,1,0,0,0,0,0,0,0,0,0
422,2807960,Battlefield™ 6,control,0,0,0,2,2025-01,52076,10.860459469017288,other,0.30937713894592744,69.99,0,,0,1,0,0,0,0,0,0,0,0
422,2807960,Battlefield™ 6,control,0,0,0,3,2025-02,52076,10.860459469017288,other,0.30937713894592744,69.99,0,,0,0,1,0,0,0,0,0,0,0
422,2807960,Battlefield™ 6,control,0,0,0,4,2025-03,52076,10.860459469017288,other,0.30937713894592744,69.99,0,,0,0,0,1,0,0,0,0,0,0
422,2807960,Battlefield™ 6,control,0,0,0,5,2025-04,52076,10.860459469017288,other,0.30937713894592744,69.99,0,,0,0,0,0,1,0,0,0,0,0
423,2592160,Dispatch,control,0,0,0,1,2024-12,3117,8.044626279767337,other,0.27652292950034224,28.99,0,,1,0,0,0,0,0,0,0,0,0
423,2592160,Dispatch,control,0,0,0,2,2025-01,3117,8.044626279767337,other,0.27652292950034224,28.99,0,,0,1,0,0,0,0,0,0,0,0
423,2592160,Dispatch,control,0,0,0,3,2025-02,3117,8.044626279767337,other,0.27652292950034224,28.99,0,,0,0,1,0,0,0,0,0,0,0
423,2592160,Dispatch,control,0,0,0,4,2025-03,3117,8.044626279767337,other,0.27652292950034224,28.99,0,,0,0,0,1,0,0,0,0,0,0
423,2592160,Dispatch,control,0,0,0,5,2025-04,3117,8.044626279767337,other,0.27652292950034224,28.99,0,,0,0,0,0,1,0,0,0,0,0
424,4318580,Dead by Daylight: Stranger Things Chapter 2,control,0,0,0,1,2024-12,1000,6.907755278982137,other,0.010951403148528405,11.99,0,,1,0,0,0,0,0,0,0,0,0
424,4318580,Dead by Daylight: Stranger Things Chapter 2,control,0,0,0,2,2025-01,1000,6.907755278982137,other,0.010951403148528405,11.99,0,,0,1,0,0,0,0,0,0,0,0
424,4318580,Dead by Daylight: Stranger Things Chapter 2,control,0,0,0,3,2025-02,1000,6.907755278982137,other,0.010951403148528405,11.99,0,,0,0,1,0,0,0,0,0,0,0
424,4318580,Dead by Daylight: Stranger Things Chapter 2,control,0,0,0,4,2025-03,1000,6.907755278982137,other,0.010951403148528405,11.99,0,,0,0,0,1,0,0,0,0,0,0
424,4318580,Dead by Daylight: Stranger Things Chapter 2,control,0,0,0,5,2025-04,1000,6.907755278982137,other,0.010951403148528405,11.99,0,,0,0,0,0,1,0,0,0,0,0
425,3274580,Anno 117: Pax Romana,control,0,0,0,1,2024-12,3662,8.205764725234456,other,0.2190280629705681,59.99,0,,1,0,0,0,0,0,0,0,0,0
425,3274580,Anno 117: Pax Romana,control,0,0,0,2,2025-01,3662,8.205764725234456,other,0.2190280629705681,59.99,0,,0,1,0,0,0,0,0,0,0,0
425,3274580,Anno 117: Pax Romana,control,0,0,0,3,2025-02,3662,8.205764725234456,other,0.2190280629705681,59.99,0,,0,0,1,0,0,0,0,0,0,0
425,3274580,Anno 117: Pax Romana,control,0,0,0,4,2025-03,3662,8.205764725234456,other,0.2190280629705681,59.99,0,,0,0,0,1,0,0,0,0,0,0
425,3274580,Anno 117: Pax Romana,control,0,0,0,5,2025-04,3662,8.205764725234456,other,0.2190280629705681,59.99,0,,0,0,0,0,1,0,0,0,0,0
426,1675200,Steam Deck,control,0,0,0,1,2024-12,1000,6.907755278982137,other,1.0376454483230664,419.0,0,,1,0,0,0,0,0,0,0,0,0
426,1675200,Steam Deck,control,0,0,0,2,2025-01,1000,6.907755278982137,other,1.0376454483230664,419.0,0,,0,1,0,0,0,0,0,0,0,0
426,1675200,Steam Deck,control,0,0,0,3,2025-02,1000,6.907755278982137,other,1.0376454483230664,419.0,0,,0,0,1,0,0,0,0,0,0,0
426,1675200,Steam Deck,control,0,0,0,4,2025-03,1000,6.907755278982137,other,1.0376454483230664,419.0,0,,0,0,0,1,0,0,0,0,0,0
426,1675200,Steam Deck,control,0,0,0,5,2025-04,1000,6.907755278982137,other,1.0376454483230664,419.0,0,,0,0,0,0,1,0,0,0,0,0
427,1085660,Destiny 2,control,0,0,0,1,2024-12,15291,9.63501969900815,other,6.335386721423682,0.0,1,,1,0,0,0,0,0,0,0,0,0
427,1085660,Destiny 2,control,0,0,0,2,2025-01,15291,9.63501969900815,other,6.335386721423682,0.0,1,,0,1,0,0,0,0,0,0,0,0
427,1085660,Destiny 2,control,0,0,0,3,2025-02,15291,9.63501969900815,other,6.335386721423682,0.0,1,,0,0,1,0,0,0,0,0,0,0
427,1085660,Destiny 2,control,0,0,0,4,2025-03,15291,9.63501969900815,other,6.335386721423682,0.0,1,,0,0,0,1,0,0,0,0,0,0
427,1085660,Destiny 2,control,0,0,0,5,2025-04,15291,9.63501969900815,other,6.335386721423682,0.0,1,,0,0,0,0,1,0,0,0,0,0
428,2139460,Once Human,control,0,0,0,1,2024-12,20036,9.905285934477508,other,1.5633127994524298,0.0,1,,1,0,0,0,0,0,0,0,0,0
428,2139460,Once Human,control,0,0,0,2,2025-01,20036,9.905285934477508,other,1.5633127994524298,0.0,1,,0,1,0,0,0,0,0,0,0,0
428,2139460,Once Human,control,0,0,0,3,2025-02,20036,9.905285934477508,other,1.5633127994524298,0.0,1,,0,0,1,0,0,0,0,0,0,0
428,2139460,Once Human,control,0,0,0,4,2025-03,20036,9.905285934477508,other,1.5633127994524298,0.0,1,,0,0,0,1,0,0,0,0,0,0
428,2139460,Once Human,control,0,0,0,5,2025-04,20036,9.905285934477508,other,1.5633127994524298,0.0,1,,0,0,0,0,1,0,0,0,0,0
429,3472040,NBA 2K26,control,0,0,0,1,2024-12,27488,10.221504824783981,other,0.4079397672826831,31.99,0,,1,0,0,0,0,0,0,0,0,0
429,3472040,NBA 2K26,control,0,0,0,2,2025-01,27488,10.221504824783981,other,0.4079397672826831,31.99,0,,0,1,0,0,0,0,0,0,0,0
429,3472040,NBA 2K26,control,0,0,0,3,2025-02,27488,10.221504824783981,other,0.4079397672826831,31.99,0,,0,0,1,0,0,0,0,0,0,0
429,3472040,NBA 2K26,control,0,0,0,4,2025-03,27488,10.221504824783981,other,0.4079397672826831,31.99,0,,0,0,0,1,0,0,0,0,0,0
429,3472040,NBA 2K26,control,0,0,0,5,2025-04,27488,10.221504824783981,other,0.4079397672826831,31.99,0,,0,0,0,0,1,0,0,0,0,0
430,2840770,Avatar: Frontiers of Pandora™,control,0,0,0,1,2024-12,4689,8.452974619089586,other,1.623545516769336,29.99,0,,1,0,0,0,0,0,0,0,0,0
430,2840770,Avatar: Frontiers of Pandora™,control,0,0,0,2,2025-01,4689,8.452974619089586,other,1.623545516769336,29.99,0,,0,1,0,0,0,0,0,0,0,0
430,2840770,Avatar: Frontiers of Pandora™,control,0,0,0,3,2025-02,4689,8.452974619089586,other,1.623545516769336,29.99,0,,0,0,1,0,0,0,0,0,0,0
430,2840770,Avatar: Frontiers of Pandora™,control,0,0,0,4,2025-03,4689,8.452974619089586,other,1.623545516769336,29.99,0,,0,0,0,1,0,0,0,0,0,0
430,2840770,Avatar: Frontiers of Pandora™,control,0,0,0,5,2025-04,4689,8.452974619089586,other,1.623545516769336,29.99,0,,0,0,0,0,1,0,0,0,0,0
431,1326470,Sons Of The Forest,control,0,0,0,1,2024-12,15371,9.640237896224932,other,1.9411362080766599,28.99,0,,1,0,0,0,0,0,0,0,0,0
431,1326470,Sons Of The Forest,control,0,0,0,2,2025-01,15371,9.640237896224932,other,1.9411362080766599,28.99,0,,0,1,0,0,0,0,0,0,0,0
431,1326470,Sons Of The Forest,control,0,0,0,3,2025-02,15371,9.640237896224932,other,1.9411362080766599,28.99,0,,0,0,1,0,0,0,0,0,0,0
431,1326470,Sons Of The Forest,control,0,0,0,4,2025-03,15371,9.640237896224932,other,1.9411362080766599,28.99,0,,0,0,0,1,0,0,0,0,0,0
431,1326470,Sons Of The Forest,control,0,0,0,5,2025-04,15371,9.640237896224932,other,1.9411362080766599,28.99,0,,0,0,0,0,1,0,0,0,0,0
432,1903340,Clair Obscur: Expedition 33,control,0,0,0,1,2024-12,18002,9.79823814181703,other,0.7720739219712526,49.99,0,,1,0,0,0,0,0,0,0,0,0
432,1903340,Clair Obscur: Expedition 33,control,0,0,0,2,2025-01,18002,9.79823814181703,other,0.7720739219712526,49.99,0,,0,1,0,0,0,0,0,0,0,0
432,1903340,Clair Obscur: Expedition 33,control,0,0,0,3,2025-02,18002,9.79823814181703,other,0.7720739219712526,49.99,0,,0,0,1,0,0,0,0,0,0,0
432,1903340,Clair Obscur: Expedition 33,control,0,0,0,4,2025-03,18002,9.79823814181703,other,0.7720739219712526,49.99,0,,0,0,0,1,0,0,0,0,0,0
432,1903340,Clair Obscur: Expedition 33,control,0,0,0,5,2025-04,18002,9.79823814181703,other,0.7720739219712526,49.99,0,,0,0,0,0,1,0,0,0,0,0
433,2483190,Forza Horizon 6,control,0,0,0,1,2024-12,1000,6.907755278982137,other,-0.2929500342231348,498.0,0,,1,0,0,0,0,0,0,0,0,0
433,2483190,Forza Horizon 6,control,0,0,0,2,2025-01,1000,6.907755278982137,other,-0.2929500342231348,498.0,0,,0,1,0,0,0,0,0,0,0,0
433,2483190,Forza Horizon 6,control,0,0,0,3,2025-02,1000,6.907755278982137,other,-0.2929500342231348,498.0,0,,0,0,1,0,0,0,0,0,0,0
433,2483190,Forza Horizon 6,control,0,0,0,4,2025-03,1000,6.907755278982137,other,-0.2929500342231348,498.0,0,,0,0,0,1,0,0,0,0,0,0
433,2483190,Forza Horizon 6,control,0,0,0,5,2025-04,1000,6.907755278982137,other,-0.2929500342231348,498.0,0,,0,0,0,0,1,0,0,0,0,0
434,1449850,Yu-Gi-Oh! Master Duel,control,0,0,0,1,2024-12,20547,9.930470223866015,other,4.035592060232717,0.0,1,,1,0,0,0,0,0,0,0,0,0
434,1449850,Yu-Gi-Oh! Master Duel,control,0,0,0,2,2025-01,20547,9.930470223866015,other,4.035592060232717,0.0,1,,0,1,0,0,0,0,0,0,0,0
434,1449850,Yu-Gi-Oh! Master Duel,control,0,0,0,3,2025-02,20547,9.930470223866015,other,4.035592060232717,0.0,1,,0,0,1,0,0,0,0,0,0,0
434,1449850,Yu-Gi-Oh! Master Duel,control,0,0,0,4,2025-03,20547,9.930470223866015,other,4.035592060232717,0.0,1,,0,0,0,1,0,0,0,0,0,0
434,1449850,Yu-Gi-Oh! Master Duel,control,0,0,0,5,2025-04,20547,9.930470223866015,other,4.035592060232717,0.0,1,,0,0,0,0,1,0,0,0,0,0
435,3241660,R.E.P.O.,control,0,0,0,1,2024-12,53466,10.886801216840775,other,0.9281314168377823,9.75,0,,1,0,0,0,0,0,0,0,0,0
435,3241660,R.E.P.O.,control,0,0,0,2,2025-01,53466,10.886801216840775,other,0.9281314168377823,9.75,0,,0,1,0,0,0,0,0,0,0,0
435,3241660,R.E.P.O.,control,0,0,0,3,2025-02,53466,10.886801216840775,other,0.9281314168377823,9.75,0,,0,0,1,0,0,0,0,0,0,0
435,3241660,R.E.P.O.,control,0,0,0,4,2025-03,53466,10.886801216840775,other,0.9281314168377823,9.75,0,,0,0,0,1,0,0,0,0,0,0
435,3241660,R.E.P.O.,control,0,0,0,5,2025-04,53466,10.886801216840775,other,0.9281314168377823,9.75,0,,0,0,0,0,1,0,0,0,0,0
436,3840050,Cult of the Lamb: Woolhaven,control,0,0,0,1,2024-12,1000,6.907755278982137,other,0.024640657084188913,16.99,0,,1,0,0,0,0,0,0,0,0,0
436,3840050,Cult of the Lamb: Woolhaven,control,0,0,0,2,2025-01,1000,6.907755278982137,other,0.024640657084188913,16.99,0,,0,1,0,0,0,0,0,0,0,0
436,3840050,Cult of the Lamb: Woolhaven,control,0,0,0,3,2025-02,1000,6.907755278982137,other,0.024640657084188913,16.99,0,,0,0,1,0,0,0,0,0,0,0
436,3840050,Cult of the Lamb: Woolhaven,control,0,0,0,4,2025-03,1000,6.907755278982137,other,0.024640657084188913,16.99,0,,0,0,0,1,0,0,0,0,0,0
436,3840050,Cult of the Lamb: Woolhaven,control,0,0,0,5,2025-04,1000,6.907755278982137,other,0.024640657084188913,16.99,0,,0,0,0,0,1,0,0,0,0,0
437,4210150,ARC Raiders - The Bonecrown Set,control,0,0,0,1,2024-12,1000,6.907755278982137,other,0.12594113620807665,19.99,0,,1,0,0,0,0,0,0,0,0,0
437,4210150,ARC Raiders - The Bonecrown Set,control,0,0,0,2,2025-01,1000,6.907755278982137,other,0.12594113620807665,19.99,0,,0,1,0,0,0,0,0,0,0,0
437,4210150,ARC Raiders - The Bonecrown Set,control,0,0,0,3,2025-02,1000,6.907755278982137,other,0.12594113620807665,19.99,0,,0,0,1,0,0,0,0,0,0,0
437,4210150,ARC Raiders - The Bonecrown Set,control,0,0,0,4,2025-03,1000,6.907755278982137,other,0.12594113620807665,19.99,0,,0,0,0,1,0,0,0,0,0,0
437,4210150,ARC Raiders - The Bonecrown Set,control,0,0,0,5,2025-04,1000,6.907755278982137,other,0.12594113620807665,19.99,0,,0,0,0,0,1,0,0,0,0,0
438,3527290,PEAK,control,0,0,0,1,2024-12,28506,10.257869870414977,other,0.6269678302532512,7.49,0,,1,0,0,0,0,0,0,0,0,0
438,3527290,PEAK,control,0,0,0,2,2025-01,28506,10.257869870414977,other,0.6269678302532512,7.49,0,,0,1,0,0,0,0,0,0,0,0
438,3527290,PEAK,control,0,0,0,3,2025-02,28506,10.257869870414977,other,0.6269678302532512,7.49,0,,0,0,1,0,0,0,0,0,0,0
438,3527290,PEAK,control,0,0,0,4,2025-03,28506,10.257869870414977,other,0.6269678302532512,7.49,0,,0,0,0,1,0,0,0,0,0,0
438,3527290,PEAK,control,0,0,0,5,2025-04,28506,10.257869870414977,other,0.6269678302532512,7.49,0,,0,0,0,0,1,0,0,0,0,0
439,2780810,Euro Truck Simulator 2 - Nordic Horizons,control,0,0,0,1,2024-12,1000,6.907755278982137,other,0.17796030116358658,17.99,0,,1,0,0,0,0,0,0,0,0,0
439,2780810,Euro Truck Simulator 2 - Nordic Horizons,control,0,0,0,2,2025-01,1000,6.907755278982137,other,0.17796030116358658,17.99,0,,0,1,0,0,0,0,0,0,0,0
439,2780810,Euro Truck Simulator 2 - Nordic Horizons,control,0,0,0,3,2025-02,1000,6.907755278982137,other,0.17796030116358658,17.99,0,,0,0,1,0,0,0,0,0,0,0
439,2780810,Euro Truck Simulator 2 - Nordic Horizons,control,0,0,0,4,2025-03,1000,6.907755278982137,other,0.17796030116358658,17.99,0,,0,0,0,1,0,0,0,0,0,0
439,2780810,Euro Truck Simulator 2 - Nordic Horizons,control,0,0,0,5,2025-04,1000,6.907755278982137,other,0.17796030116358658,17.99,0,,0,0,0,0,1,0,0,0,0,0
440,427520,Factorio,control,0,0,0,1,2024-12,23692,10.072892717396856,other,5.464750171115674,32.0,0,,1,0,0,0,0,0,0,0,0,0
440,427520,Factorio,control,0,0,0,2,2025-01,23692,10.072892717396856,other,5.464750171115674,32.0,0,,0,1,0,0,0,0,0,0,0,0
440,427520,Factorio,control,0,0,0,3,2025-02,23692,10.072892717396856,other,5.464750171115674,32.0,0,,0,0,1,0,0,0,0,0,0,0
440,427520,Factorio,control,0,0,0,4,2025-03,23692,10.072892717396856,other,5.464750171115674,32.0,0,,0,0,0,1,0,0,0,0,0,0
440,427520,Factorio,control,0,0,0,5,2025-04,23692,10.072892717396856,other,5.464750171115674,32.0,0,,0,0,0,0,1,0,0,0,0,0
441,2947440,SILENT HILL f,control,0,0,0,1,2024-12,1326,7.189922170745808,other,0.3531827515400411,395.4,0,,1,0,0,0,0,0,0,0,0,0
441,2947440,SILENT HILL f,control,0,0,0,2,2025-01,1326,7.189922170745808,other,0.3531827515400411,395.4,0,,0,1,0,0,0,0,0,0,0,0
441,2947440,SILENT HILL f,control,0,0,0,3,2025-02,1326,7.189922170745808,other,0.3531827515400411,395.4,0,,0,0,1,0,0,0,0,0,0,0
441,2947440,SILENT HILL f,control,0,0,0,4,2025-03,1326,7.189922170745808,other,0.3531827515400411,395.4,0,,0,0,0,1,0,0,0,0,0,0
441,2947440,SILENT HILL f,control,0,0,0,5,2025-04,1326,7.189922170745808,other,0.3531827515400411,395.4,0,,0,0,0,0,1,0,0,0,0,0
442,2668510,Red Dead Redemption,control,0,0,0,1,2024-12,1936,7.568379267836522,other,1.2566735112936345,24.99,0,,1,0,0,0,0,0,0,0,0,0
442,2668510,Red Dead Redemption,control,0,0,0,2,2025-01,1936,7.568379267836522,other,1.2566735112936345,24.99,0,,0,1,0,0,0,0,0,0,0,0
442,2668510,Red Dead Redemption,control,0,0,0,3,2025-02,1936,7.568379267836522,other,1.2566735112936345,24.99,0,,0,0,1,0,0,0,0,0,0,0
442,2668510,Red Dead Redemption,control,0,0,0,4,2025-03,1936,7.568379267836522,other,1.2566735112936345,24.99,0,,0,0,0,1,0,0,0,0,0,0
442,2668510,Red Dead Redemption,control,0,0,0,5,2025-04,1936,7.568379267836522,other,1.2566735112936345,24.99,0,,0,0,0,0,1,0,0,0,0,0
443,2141910,Magic: The Gathering Arena,control,0,0,0,1,2024-12,8198,9.011645501064283,other,2.6940451745379876,0.0,1,,1,0,0,0,0,0,0,0,0,0
443,2141910,Magic: The Gathering Arena,control,0,0,0,2,2025-01,8198,9.011645501064283,other,2.6940451745379876,0.0,1,,0,1,0,0,0,0,0,0,0,0
443,2141910,Magic: The Gathering Arena,control,0,0,0,3,2025-02,8198,9.011645501064283,other,2.6940451745379876,0.0,1,,0,0,1,0,0,0,0,0,0,0
443,2141910,Magic: The Gathering Arena,control,0,0,0,4,2025-03,8198,9.011645501064283,other,2.6940451745379876,0.0,1,,0,0,0,1,0,0,0,0,0,0
443,2141910,Magic: The Gathering Arena,control,0,0,0,5,2025-04,8198,9.011645501064283,other,2.6940451745379876,0.0,1,,0,0,0,0,1,0,0,0,0,0
444,3764200,Resident Evil Requiem,control,0,0,0,1,2024-12,1000,6.907755278982137,other,-0.07118412046543464,69.99,0,,1,0,0,0,0,0,0,0,0,0
444,3764200,Resident Evil Requiem,control,0,0,0,2,2025-01,1000,6.907755278982137,other,-0.07118412046543464,69.99,0,,0,1,0,0,0,0,0,0,0,0
444,3764200,Resident Evil Requiem,control,0,0,0,3,2025-02,1000,6.907755278982137,other,-0.07118412046543464,69.99,0,,0,0,1,0,0,0,0,0,0,0
444,3764200,Resident Evil Requiem,control,0,0,0,4,2025-03,1000,6.907755278982137,other,-0.07118412046543464,69.99,0,,0,0,0,1,0,0,0,0,0,0
444,3764200,Resident Evil Requiem,control,0,0,0,5,2025-04,1000,6.907755278982137,other,-0.07118412046543464,69.99,0,,0,0,0,0,1,0,0,0,0,0
445,270880,American Truck Simulator,control,0,0,0,1,2024-12,7454,8.916506080039204,other,9.995893223819301,19.99,0,,1,0,0,0,0,0,0,0,0,0
445,270880,American Truck Simulator,control,0,0,0,2,2025-01,7454,8.916506080039204,other,9.995893223819301,19.99,0,,0,1,0,0,0,0,0,0,0,0
445,270880,American Truck Simulator,control,0,0,0,3,2025-02,7454,8.916506080039204,other,9.995893223819301,19.99,0,,0,0,1,0,0,0,0,0,0,0
445,270880,American Truck Simulator,control,0,0,0,4,2025-03,7454,8.916506080039204,other,9.995893223819301,19.99,0,,0,0,0,1,0,0,0,0,0,0
445,270880,American Truck Simulator,control,0,0,0,5,2025-04,7454,8.916506080039204,other,9.995893223819301,19.99,0,,0,0,0,0,1,0,0,0,0,0
446,2622380,ELDEN RING NIGHTREIGN,control,0,0,0,1,2024-12,66877,11.110610390293171,other,0.676249144421629,39.99,0,,1,0,0,0,0,0,0,0,0,0
446,2622380,ELDEN RING NIGHTREIGN,control,0,0,0,2,2025-01,66877,11.110610390293171,other,0.676249144421629,39.99,0,,0,1,0,0,0,0,0,0,0,0
446,2622380,ELDEN RING NIGHTREIGN,control,0,0,0,3,2025-02,66877,11.110610390293171,other,0.676249144421629,39.99,0,,0,0,1,0,0,0,0,0,0,0
446,2622380,ELDEN RING NIGHTREIGN,control,0,0,0,4,2025-03,66877,11.110610390293171,other,0.676249144421629,39.99,0,,0,0,0,1,0,0,0,0,0,0
446,2622380,ELDEN RING NIGHTREIGN,control,0,0,0,5,2025-04,66877,11.110610390293171,other,0.676249144421629,39.99,0,,0,0,0,0,1,0,0,0,0,0
447,2001120,Split Fiction,control,0,0,0,1,2024-12,12305,9.417760962825156,other,0.9062286105407256,49.99,0,,1,0,0,0,0,0,0,0,0,0
447,2001120,Split Fiction,control,0,0,0,2,2025-01,12305,9.417760962825156,other,0.9062286105407256,49.99,0,,0,1,0,0,0,0,0,0,0,0
447,2001120,Split Fiction,control,0,0,0,3,2025-02,12305,9.417760962825156,other,0.9062286105407256,49.99,0,,0,0,1,0,0,0,0,0,0,0
447,2001120,Split Fiction,control,0,0,0,4,2025-03,12305,9.417760962825156,other,0.9062286105407256,49.99,0,,0,0,0,1,0,0,0,0,0,0
447,2001120,Split Fiction,control,0,0,0,5,2025-04,12305,9.417760962825156,other,0.9062286105407256,49.99,0,,0,0,0,0,1,0,0,0,0,0
448,648800,Raft,control,0,0,0,1,2024-12,12068,9.398312600278953,other,3.6167008898015056,19.99,0,,1,0,0,0,0,0,0,0,0,0
448,648800,Raft,control,0,0,0,2,2025-01,12068,9.398312600278953,other,3.6167008898015056,19.99,0,,0,1,0,0,0,0,0,0,0,0
448,648800,Raft,control,0,0,0,3,2025-02,12068,9.398312600278953,other,3.6167008898015056,19.99,0,,0,0,1,0,0,0,0,0,0,0
448,648800,Raft,control,0,0,0,4,2025-03,12068,9.398312600278953,other,3.6167008898015056,19.99,0,,0,0,0,1,0,0,0,0,0,0
448,648800,Raft,control,0,0,0,5,2025-04,12068,9.398312600278953,other,3.6167008898015056,19.99,0,,0,0,0,0,1,0,0,0,0,0
449,440,Team Fortress 2,control,0,0,0,1,2024-12,55319,10.920871708970335,other,18.310746064339494,0.0,1,,1,0,0,0,0,0,0,0,0,0
449,440,Team Fortress 2,control,0,0,0,2,2025-01,55319,10.920871708970335,other,18.310746064339494,0.0,1,,0,1,0,0,0,0,0,0,0,0
449,440,Team Fortress 2,control,0,0,0,3,2025-02,55319,10.920871708970335,other,18.310746064339494,0.0,1,,0,0,1,0,0,0,0,0,0,0
449,440,Team Fortress 2,control,0,0,0,4,2025-03,55319,10.920871708970335,other,18.310746064339494,0.0,1,,0,0,0,1,0,0,0,0,0,0
449,440,Team Fortress 2,control,0,0,0,5,2025-04,55319,10.920871708970335,other,18.310746064339494,0.0,1,,0,0,0,0,1,0,0,0,0,0
450,2827200,MIMESIS,control,0,0,0,1,2024-12,2350,7.762170607138205,other,0.26283367556468173,9.75,0,,1,0,0,0,0,0,0,0,0,0
450,2827200,MIMESIS,control,0,0,0,2,2025-01,2350,7.762170607138205,other,0.26283367556468173,9.75,0,,0,1,0,0,0,0,0,0,0,0
450,2827200,MIMESIS,control,0,0,0,3,2025-02,2350,7.762170607138205,other,0.26283367556468173,9.75,0,,0,0,1,0,0,0,0,0,0,0
450,2827200,MIMESIS,control,0,0,0,4,2025-03,2350,7.762170607138205,other,0.26283367556468173,9.75,0,,0,0,0,1,0,0,0,0,0,0
450,2827200,MIMESIS,control,0,0,0,5,2025-04,2350,7.762170607138205,other,0.26283367556468173,9.75,0,,0,0,0,0,1,0,0,0,0,0
451,3656800,Train Sim World® 6,control,0,0,0,1,2024-12,1042,6.948897222313312,other,0.33675564681724846,39.99,0,,1,0,0,0,0,0,0,0,0,0
451,3656800,Train Sim World® 6,control,0,0,0,2,2025-01,1042,6.948897222313312,other,0.33675564681724846,39.99,0,,0,1,0,0,0,0,0,0,0,0
451,3656800,Train Sim World® 6,control,0,0,0,3,2025-02,1042,6.948897222313312,other,0.33675564681724846,39.99,0,,0,0,1,0,0,0,0,0,0,0
451,3656800,Train Sim World® 6,control,0,0,0,4,2025-03,1042,6.948897222313312,other,0.33675564681724846,39.99,0,,0,0,0,1,0,0,0,0,0,0
451,3656800,Train Sim World® 6,control,0,0,0,5,2025-04,1042,6.948897222313312,other,0.33675564681724846,39.99,0,,0,0,0,0,1,0,0,0,0,0
452,2138330,Cyberpunk 2077: Phantom Liberty,control,0,0,0,1,2024-12,1000,6.907755278982137,other,2.351813826146475,29.99,0,,1,0,0,0,0,0,0,0,0,0
452,2138330,Cyberpunk 2077: Phantom Liberty,control,0,0,0,2,2025-01,1000,6.907755278982137,other,2.351813826146475,29.99,0,,0,1,0,0,0,0,0,0,0,0
452,2138330,Cyberpunk 2077: Phantom Liberty,control,0,0,0,3,2025-02,1000,6.907755278982137,other,2.351813826146475,29.99,0,,0,0,1,0,0,0,0,0,0,0
452,2138330,Cyberpunk 2077: Phantom Liberty,control,0,0,0,4,2025-03,1000,6.907755278982137,other,2.351813826146475,29.99,0,,0,0,0,1,0,0,0,0,0,0
452,2138330,Cyberpunk 2077: Phantom Liberty,control,0,0,0,5,2025-04,1000,6.907755278982137,other,2.351813826146475,29.99,0,,0,0,0,0,1,0,0,0,0,0
453,3606480,Call of Duty®: Black Ops 7,control,0,0,0,1,2024-12,1000,6.907755278982137,other,0.216290212183436,79.99,0,,1,0,0,0,0,0,0,0,0,0
453,3606480,Call of Duty®: Black Ops 7,control,0,0,0,2,2025-01,1000,6.907755278982137,other,0.216290212183436,79.99,0,,0,1,0,0,0,0,0,0,0,0
453,3606480,Call of Duty®: Black Ops 7,control,0,0,0,3,2025-02,1000,6.907755278982137,other,0.216290212183436,79.99,0,,0,0,1,0,0,0,0,0,0,0
453,3606480,Call of Duty®: Black Ops 7,control,0,0,0,4,2025-03,1000,6.907755278982137,other,0.216290212183436,79.99,0,,0,0,0,1,0,0,0,0,0,0
453,3606480,Call of Duty®: Black Ops 7,control,0,0,0,5,2025-04,1000,6.907755278982137,other,0.216290212183436,79.99,0,,0,0,0,0,1,0,0,0,0,0
454,2001120,Split Fiction,control,0,0,0,1,2024-12,12305,9.417760962825156,other,0.9062286105407256,49.99,0,,1,0,0,0,0,0,0,0,0,0
454,2001120,Split Fiction,control,0,0,0,2,2025-01,12305,9.417760962825156,other,0.9062286105407256,49.99,0,,0,1,0,0,0,0,0,0,0,0
454,2001120,Split Fiction,control,0,0,0,3,2025-02,12305,9.417760962825156,other,0.9062286105407256,49.99,0,,0,0,1,0,0,0,0,0,0,0
454,2001120,Split Fiction,control,0,0,0,4,2025-03,12305,9.417760962825156,other,0.9062286105407256,49.99,0,,0,0,0,1,0,0,0,0,0,0
454,2001120,Split Fiction,control,0,0,0,5,2025-04,12305,9.417760962825156,other,0.9062286105407256,49.99,0,,0,0,0,0,1,0,0,0,0,0
455,2956680,LORT,control,0,0,0,1,2024-12,3264,8.090708716083997,other,0.02737850787132101,9.89,0,,1,0,0,0,0,0,0,0,0,0
455,2956680,LORT,control,0,0,0,2,2025-01,3264,8.090708716083997,other,0.02737850787132101,9.89,0,,0,1,0,0,0,0,0,0,0,0
455,2956680,LORT,control,0,0,0,3,2025-02,3264,8.090708716083997,other,0.02737850787132101,9.89,0,,0,0,1,0,0,0,0,0,0,0
455,2956680,LORT,control,0,0,0,4,2025-03,3264,8.090708716083997,other,0.02737850787132101,9.89,0,,0,0,0,1,0,0,0,0,0,0
455,2956680,LORT,control,0,0,0,5,2025-04,3264,8.090708716083997,other,0.02737850787132101,9.89,0,,0,0,0,0,1,0,0,0,0,0
456,2661300,Grounded 2,control,0,0,0,1,2024-12,12252,9.413444467952665,other,0.5092402464065708,29.99,0,,1,0,0,0,0,0,0,0,0,0
456,2661300,Grounded 2,control,0,0,0,2,2025-01,12252,9.413444467952665,other,0.5092402464065708,29.99,0,,0,1,0,0,0,0,0,0,0,0
456,2661300,Grounded 2,control,0,0,0,3,2025-02,12252,9.413444467952665,other,0.5092402464065708,29.99,0,,0,0,1,0,0,0,0,0,0,0
456,2661300,Grounded 2,control,0,0,0,4,2025-03,12252,9.413444467952665,other,0.5092402464065708,29.99,0,,0,0,0,1,0,0,0,0,0,0
456,2661300,Grounded 2,control,0,0,0,5,2025-04,12252,9.413444467952665,other,0.5092402464065708,29.99,0,,0,0,0,0,1,0,0,0,0,0
457,281990,Stellaris,control,0,0,0,1,2024-12,22077,10.00229162159471,other,9.730321697467488,39.99,0,,1,0,0,0,0,0,0,0,0,0
457,281990,Stellaris,control,0,0,0,2,2025-01,22077,10.00229162159471,other,9.730321697467488,39.99,0,,0,1,0,0,0,0,0,0,0,0
457,281990,Stellaris,control,0,0,0,3,2025-02,22077,10.00229162159471,other,9.730321697467488,39.99,0,,0,0,1,0,0,0,0,0,0,0
457,281990,Stellaris,control,0,0,0,4,2025-03,22077,10.00229162159471,other,9.730321697467488,39.99,0,,0,0,0,1,0,0,0,0,0,0
457,281990,Stellaris,control,0,0,0,5,2025-04,22077,10.00229162159471,other,9.730321697467488,39.99,0,,0,0,0,0,1,0,0,0,0,0
458,431960,Wallpaper Engine,control,0,0,0,1,2024-12,134886,11.812185256232064,other,7.208761122518823,35.0,0,,1,0,0,0,0,0,0,0,0,0
458,431960,Wallpaper Engine,control,0,0,0,2,2025-01,134886,11.812185256232064,other,7.208761122518823,35.0,0,,0,1,0,0,0,0,0,0,0,0
458,431960,Wallpaper Engine,control,0,0,0,3,2025-02,134886,11.812185256232064,other,7.208761122518823,35.0,0,,0,0,1,0,0,0,0,0,0,0
458,431960,Wallpaper Engine,control,0,0,0,4,2025-03,134886,11.812185256232064,other,7.208761122518823,35.0,0,,0,0,0,1,0,0,0,0,0,0
458,431960,Wallpaper Engine,control,0,0,0,5,2025-04,134886,11.812185256232064,other,7.208761122518823,35.0,0,,0,0,0,0,1,0,0,0,0,0
459,594650,Hunt: Showdown 1896,control,0,0,0,1,2024-12,29200,10.281923988256374,other,6.431211498973306,29.99,0,,1,0,0,0,0,0,0,0,0,0
459,594650,Hunt: Showdown 1896,control,0,0,0,2,2025-01,29200,10.281923988256374,other,6.431211498973306,29.99,0,,0,1,0,0,0,0,0,0,0,0
459,594650,Hunt: Showdown 1896,control,0,0,0,3,2025-02,29200,10.281923988256374,other,6.431211498973306,29.99,0,,0,0,1,0,0,0,0,0,0,0
459,594650,Hunt: Showdown 1896,control,0,0,0,4,2025-03,29200,10.281923988256374,other,6.431211498973306,29.99,0,,0,0,0,1,0,0,0,0,0,0
459,594650,Hunt: Showdown 1896,control,0,0,0,5,2025-04,29200,10.281923988256374,other,6.431211498973306,29.99,0,,0,0,0,0,1,0,0,0,0,0
460,2062430,BALL x PIT,control,0,0,0,1,2024-12,6572,8.790573479157159,other,0.29568788501026694,11.99,0,,1,0,0,0,0,0,0,0,0,0
460,2062430,BALL x PIT,control,0,0,0,2,2025-01,6572,8.790573479157159,other,0.29568788501026694,11.99,0,,0,1,0,0,0,0,0,0,0,0
460,2062430,BALL x PIT,control,0,0,0,3,2025-02,6572,8.790573479157159,other,0.29568788501026694,11.99,0,,0,0,1,0,0,0,0,0,0,0
460,2062430,BALL x PIT,control,0,0,0,4,2025-03,6572,8.790573479157159,other,0.29568788501026694,11.99,0,,0,0,0,1,0,0,0,0,0,0
460,2062430,BALL x PIT,control,0,0,0,5,2025-04,6572,8.790573479157159,other,0.29568788501026694,11.99,0,,0,0,0,0,1,0,0,0,0,0
461,546560,Half-Life: Alyx,control,0,0,0,1,2024-12,742,6.60934924316738,other,5.859000684462697,17.69,0,,1,0,0,0,0,0,0,0,0,0
461,546560,Half-Life: Alyx,control,0,0,0,2,2025-01,742,6.60934924316738,other,5.859000684462697,17.69,0,,0,1,0,0,0,0,0,0,0,0
461,546560,Half-Life: Alyx,control,0,0,0,3,2025-02,742,6.60934924316738,other,5.859000684462697,17.69,0,,0,0,1,0,0,0,0,0,0,0
461,546560,Half-Life: Alyx,control,0,0,0,4,2025-03,742,6.60934924316738,other,5.859000684462697,17.69,0,,0,0,0,1,0,0,0,0,0,0
461,546560,Half-Life: Alyx,control,0,0,0,5,2025-04,742,6.60934924316738,other,5.859000684462697,17.69,0,,0,0,0,0,1,0,0,0,0,0
462,3948510,ARC Raiders - Upgrade to Deluxe Edition,control,0,0,0,1,2024-12,1000,6.907755278982137,other,0.2546201232032854,19.99,0,,1,0,0,0,0,0,0,0,0,0
462,3948510,ARC Raiders - Upgrade to Deluxe Edition,control,0,0,0,2,2025-01,1000,6.907755278982137,other,0.2546201232032854,19.99,0,,0,1,0,0,0,0,0,0,0,0
462,3948510,ARC Raiders - Upgrade to Deluxe Edition,control,0,0,0,3,2025-02,1000,6.907755278982137,other,0.2546201232032854,19.99,0,,0,0,1,0,0,0,0,0,0,0
462,3948510,ARC Raiders - Upgrade to Deluxe Edition,control,0,0,0,4,2025-03,1000,6.907755278982137,other,0.2546201232032854,19.99,0,,0,0,0,1,0,0,0,0,0,0
462,3948510,ARC Raiders - Upgrade to Deluxe Edition,control,0,0,0,5,2025-04,1000,6.907755278982137,other,0.2546201232032854,19.99,0,,0,0,0,0,1,0,0,0,0,0
463,3669570,Alchemy Factory,control,0,0,0,1,2024-12,3779,8.237214703349489,other,0.13963039014373715,17.49,0,,1,0,0,0,0,0,0,0,0,0
463,3669570,Alchemy Factory,control,0,0,0,2,2025-01,3779,8.237214703349489,other,0.13963039014373715,17.49,0,,0,1,0,0,0,0,0,0,0,0
463,3669570,Alchemy Factory,control,0,0,0,3,2025-02,3779,8.237214703349489,other,0.13963039014373715,17.49,0,,0,0,1,0,0,0,0,0,0,0
463,3669570,Alchemy Factory,control,0,0,0,4,2025-03,3779,8.237214703349489,other,0.13963039014373715,17.49,0,,0,0,0,1,0,0,0,0,0,0
463,3669570,Alchemy Factory,control,0,0,0,5,2025-04,3779,8.237214703349489,other,0.13963039014373715,17.49,0,,0,0,0,0,1,0,0,0,0,0
464,1783560,The Last Caretaker,control,0,0,0,1,2024-12,2447,7.802618063442671,other,0.23545516769336072,29.99,0,,1,0,0,0,0,0,0,0,0,0
464,1783560,The Last Caretaker,control,0,0,0,2,2025-01,2447,7.802618063442671,other,0.23545516769336072,29.99,0,,0,1,0,0,0,0,0,0,0,0
464,1783560,The Last Caretaker,control,0,0,0,3,2025-02,2447,7.802618063442671,other,0.23545516769336072,29.99,0,,0,0,1,0,0,0,0,0,0,0
464,1783560,The Last Caretaker,control,0,0,0,4,2025-03,2447,7.802618063442671,other,0.23545516769336072,29.99,0,,0,0,0,1,0,0,0,0,0,0
464,1783560,The Last Caretaker,control,0,0,0,5,2025-04,2447,7.802618063442671,other,0.23545516769336072,29.99,0,,0,0,0,0,1,0,0,0,0,0
465,2958130,Jurassic World Evolution 3,control,0,0,0,1,2024-12,1979,7.590346945602565,other,0.2792607802874743,59.99,0,,1,0,0,0,0,0,0,0,0,0
465,2958130,Jurassic World Evolution 3,control,0,0,0,2,2025-01,1979,7.590346945602565,other,0.2792607802874743,59.99,0,,0,1,0,0,0,0,0,0,0,0
465,2958130,Jurassic World Evolution 3,control,0,0,0,3,2025-02,1979,7.590346945602565,other,0.2792607802874743,59.99,0,,0,0,1,0,0,0,0,0,0,0
465,2958130,Jurassic World Evolution 3,control,0,0,0,4,2025-03,1979,7.590346945602565,other,0.2792607802874743,59.99,0,,0,0,0,1,0,0,0,0,0,0
465,2958130,Jurassic World Evolution 3,control,0,0,0,5,2025-04,1979,7.590346945602565,other,0.2792607802874743,59.99,0,,0,0,0,0,1,0,0,0,0,0
466,1547000,Grand Theft Auto: San Andreas – The Definitive Edition,control,0,0,0,1,2024-12,2033,7.617267813628347,other,3.033538672142368,19.79,0,,1,0,0,0,0,0,0,0,0,0
466,1547000,Grand Theft Auto: San Andreas – The Definitive Edition,control,0,0,0,2,2025-01,2033,7.617267813628347,other,3.033538672142368,19.79,0,,0,1,0,0,0,0,0,0,0,0
466,1547000,Grand Theft Auto: San Andreas – The Definitive Edition,control,0,0,0,3,2025-02,2033,7.617267813628347,other,3.033538672142368,19.79,0,,0,0,1,0,0,0,0,0,0,0
466,1547000,Grand Theft Auto: San Andreas – The Definitive Edition,control,0,0,0,4,2025-03,2033,7.617267813628347,other,3.033538672142368,19.79,0,,0,0,0,1,0,0,0,0,0,0
466,1547000,Grand Theft Auto: San Andreas – The Definitive Edition,control,0,0,0,5,2025-04,2033,7.617267813628347,other,3.033538672142368,19.79,0,,0,0,0,0,1,0,0,0,0,0
467,3681010,Nioh 3,control,0,0,0,1,2024-12,1000,6.907755278982137,other,-0.013689253935660506,79.99,0,,1,0,0,0,0,0,0,0,0,0
467,3681010,Nioh 3,control,0,0,0,2,2025-01,1000,6.907755278982137,other,-0.013689253935660506,79.99,0,,0,1,0,0,0,0,0,0,0,0
467,3681010,Nioh 3,control,0,0,0,3,2025-02,1000,6.907755278982137,other,-0.013689253935660506,79.99,0,,0,0,1,0,0,0,0,0,0,0
467,3681010,Nioh 3,control,0,0,0,4,2025-03,1000,6.907755278982137,other,-0.013689253935660506,79.99,0,,0,0,0,1,0,0,0,0,0,0
467,3681010,Nioh 3,control,0,0,0,5,2025-04,1000,6.907755278982137,other,-0.013689253935660506,79.99,0,,0,0,0,0,1,0,0,0,0,0
468,2948190,World of Sea Battle,control,0,0,0,1,2024-12,3552,8.17526610411206,mmo,0.2792607802874743,0.0,1,,1,0,0,0,0,0,0,0,0,0
468,2948190,World of Sea Battle,control,0,0,0,2,2025-01,3552,8.17526610411206,mmo,0.2792607802874743,0.0,1,,0,1,0,0,0,0,0,0,0,0
468,2948190,World of Sea Battle,control,0,0,0,3,2025-02,3552,8.17526610411206,mmo,0.2792607802874743,0.0,1,,0,0,1,0,0,0,0,0,0,0
468,2948190,World of Sea Battle,control,0,0,0,4,2025-03,3552,8.17526610411206,mmo,0.2792607802874743,0.0,1,,0,0,0,1,0,0,0,0,0,0
468,2948190,World of Sea Battle,control,0,0,0,5,2025-04,3552,8.17526610411206,mmo,0.2792607802874743,0.0,1,,0,0,0,0,1,0,0,0,0,0
469,250900,The Binding of Isaac: Rebirth,control,0,0,0,1,2024-12,27336,10.215959793795127,other,11.241615331964407,14.99,0,,1,0,0,0,0,0,0,0,0,0
469,250900,The Binding of Isaac: Rebirth,control,0,0,0,2,2025-01,27336,10.215959793795127,other,11.241615331964407,14.99,0,,0,1,0,0,0,0,0,0,0,0
469,250900,The Binding of Isaac: Rebirth,control,0,0,0,3,2025-02,27336,10.215959793795127,other,11.241615331964407,14.99,0,,0,0,1,0,0,0,0,0,0,0
469,250900,The Binding of Isaac: Rebirth,control,0,0,0,4,2025-03,27336,10.215959793795127,other,11.241615331964407,14.99,0,,0,0,0,1,0,0,0,0,0,0
469,250900,The Binding of Isaac: Rebirth,control,0,0,0,5,2025-04,27336,10.215959793795127,other,11.241615331964407,14.99,0,,0,0,0,0,1,0,0,0,0,0
470,3932890,Escape from Tarkov,control,0,0,0,1,2024-12,22455,10.01926858552184,mmo,0.2108145106091718,49.99,0,,1,0,0,0,0,0,0,0,0,0
470,3932890,Escape from Tarkov,control,0,0,0,2,2025-01,22455,10.01926858552184,mmo,0.2108145106091718,49.99,0,,0,1,0,0,0,0,0,0,0,0
470,3932890,Escape from Tarkov,control,0,0,0,3,2025-02,22455,10.01926858552184,mmo,0.2108145106091718,49.99,0,,0,0,1,0,0,0,0,0,0,0
470,3932890,Escape from Tarkov,control,0,0,0,4,2025-03,22455,10.01926858552184,mmo,0.2108145106091718,49.99,0,,0,0,0,1,0,0,0,0,0,0
470,3932890,Escape from Tarkov,control,0,0,0,5,2025-04,22455,10.01926858552184,mmo,0.2108145106091718,49.99,0,,0,0,0,0,1,0,0,0,0,0
471,3028330,Battlefield™ REDSEC,control,0,0,0,1,2024-12,2,0.6931471805599453,other,0.2600958247775496,0.0,1,,1,0,0,0,0,0,0,0,0,0
471,3028330,Battlefield™ REDSEC,control,0,0,0,2,2025-01,2,0.6931471805599453,other,0.2600958247775496,0.0,1,,0,1,0,0,0,0,0,0,0,0
471,3028330,Battlefield™ REDSEC,control,0,0,0,3,2025-02,2,0.6931471805599453,other,0.2600958247775496,0.0,1,,0,0,1,0,0,0,0,0,0,0
471,3028330,Battlefield™ REDSEC,control,0,0,0,4,2025-03,2,0.6931471805599453,other,0.2600958247775496,0.0,1,,0,0,0,1,0,0,0,0,0,0
471,3028330,Battlefield™ REDSEC,control,0,0,0,5,2025-04,2,0.6931471805599453,other,0.2600958247775496,0.0,1,,0,0,0,0,1,0,0,0,0,0
472,3008130,Dying Light: The Beast,control,0,0,0,1,2024-12,3223,8.078067881815437,other,0.36960985626283366,59.99,0,,1,0,0,0,0,0,0,0,0,0
472,3008130,Dying Light: The Beast,control,0,0,0,2,2025-01,3223,8.078067881815437,other,0.36960985626283366,59.99,0,,0,1,0,0,0,0,0,0,0,0
472,3008130,Dying Light: The Beast,control,0,0,0,3,2025-02,3223,8.078067881815437,other,0.36960985626283366,59.99,0,,0,0,1,0,0,0,0,0,0,0
472,3008130,Dying Light: The Beast,control,0,0,0,4,2025-03,3223,8.078067881815437,other,0.36960985626283366,59.99,0,,0,0,0,1,0,0,0,0,0,0
472,3008130,Dying Light: The Beast,control,0,0,0,5,2025-04,3223,8.078067881815437,other,0.36960985626283366,59.99,0,,0,0,0,0,1,0,0,0,0,0
473,3097560,Liar's Bar,control,0,0,0,1,2024-12,1142,7.040536390215956,other,1.3305954825462012,6.89,0,,1,0,0,0,0,0,0,0,0,0
473,3097560,Liar's Bar,control,0,0,0,2,2025-01,1142,7.040536390215956,other,1.3305954825462012,6.89,0,,0,1,0,0,0,0,0,0,0,0
473,3097560,Liar's Bar,control,0,0,0,3,2025-02,1142,7.040536390215956,other,1.3305954825462012,6.89,0,,0,0,1,0,0,0,0,0,0,0
473,3097560,Liar's Bar,control,0,0,0,4,2025-03,1142,7.040536390215956,other,1.3305954825462012,6.89,0,,0,0,0,1,0,0,0,0,0,0
473,3097560,Liar's Bar,control,0,0,0,5,2025-04,1142,7.040536390215956,other,1.3305954825462012,6.89,0,,0,0,0,0,1,0,0,0,0,0
474,3846120,MineMogul,control,0,0,0,1,2024-12,1423,7.260522598089852,other,0.15879534565366188,14.79,0,,1,0,0,0,0,0,0,0,0,0
474,3846120,MineMogul,control,0,0,0,2,2025-01,1423,7.260522598089852,other,0.15879534565366188,14.79,0,,0,1,0,0,0,0,0,0,0,0
474,3846120,MineMogul,control,0,0,0,3,2025-02,1423,7.260522598089852,other,0.15879534565366188,14.79,0,,0,0,1,0,0,0,0,0,0,0
474,3846120,MineMogul,control,0,0,0,4,2025-03,1423,7.260522598089852,other,0.15879534565366188,14.79,0,,0,0,0,1,0,0,0,0,0,0
474,3846120,MineMogul,control,0,0,0,5,2025-04,1423,7.260522598089852,other,0.15879534565366188,14.79,0,,0,0,0,0,1,0,0,0,0,0
475,4025700,Heartopia,control,0,0,0,1,2024-12,60756,11.014621121757909,other,0.04106776180698152,0.0,1,,1,0,0,0,0,0,0,0,0,0
475,4025700,Heartopia,control,0,0,0,2,2025-01,60756,11.014621121757909,other,0.04106776180698152,0.0,1,,0,1,0,0,0,0,0,0,0,0
475,4025700,Heartopia,control,0,0,0,3,2025-02,60756,11.014621121757909,other,0.04106776180698152,0.0,1,,0,0,1,0,0,0,0,0,0,0
475,4025700,Heartopia,control,0,0,0,4,2025-03,60756,11.014621121757909,other,0.04106776180698152,0.0,1,,0,0,0,1,0,0,0,0,0,0
475,4025700,Heartopia,control,0,0,0,5,2025-04,60756,11.014621121757909,other,0.04106776180698152,0.0,1,,0,0,0,0,1,0,0,0,0,0
476,322170,Geometry Dash,control,0,0,0,1,2024-12,68467,11.134107156345806,other,11.110198494182066,4.99,0,,1,0,0,0,0,0,0,0,0,0
476,322170,Geometry Dash,control,0,0,0,2,2025-01,68467,11.134107156345806,other,11.110198494182066,4.99,0,,0,1,0,0,0,0,0,0,0,0
476,322170,Geometry Dash,control,0,0,0,3,2025-02,68467,11.134107156345806,other,11.110198494182066,4.99,0,,0,0,1,0,0,0,0,0,0,0
476,322170,Geometry Dash,control,0,0,0,4,2025-03,68467,11.134107156345806,other,11.110198494182066,4.99,0,,0,0,0,1,0,0,0,0,0,0
476,322170,Geometry Dash,control,0,0,0,5,2025-04,68467,11.134107156345806,other,11.110198494182066,4.99,0,,0,0,0,0,1,0,0,0,0,0
477,1029690,Sniper Elite 5,control,0,0,0,1,2024-12,3947,8.280711075662847,other,3.6878850102669403,109.0,0,,1,0,0,0,0,0,0,0,0,0
477,1029690,Sniper Elite 5,control,0,0,0,2,2025-01,3947,8.280711075662847,other,3.6878850102669403,109.0,0,,0,1,0,0,0,0,0,0,0,0
477,1029690,Sniper Elite 5,control,0,0,0,3,2025-02,3947,8.280711075662847,other,3.6878850102669403,109.0,0,,0,0,1,0,0,0,0,0,0,0
477,1029690,Sniper Elite 5,control,0,0,0,4,2025-03,3947,8.280711075662847,other,3.6878850102669403,109.0,0,,0,0,0,1,0,0,0,0,0,0
477,1029690,Sniper Elite 5,control,0,0,0,5,2025-04,3947,8.280711075662847,other,3.6878850102669403,109.0,0,,0,0,0,0,1,0,0,0,0,0
478,2074920,The First Descendant,control,0,0,0,1,2024-12,5609,8.632127729508337,other,1.5879534565366187,0.0,1,,1,0,0,0,0,0,0,0,0,0
478,2074920,The First Descendant,control,0,0,0,2,2025-01,5609,8.632127729508337,other,1.5879534565366187,0.0,1,,0,1,0,0,0,0,0,0,0,0
478,2074920,The First Descendant,control,0,0,0,3,2025-02,5609,8.632127729508337,other,1.5879534565366187,0.0,1,,0,0,1,0,0,0,0,0,0,0
478,2074920,The First Descendant,control,0,0,0,4,2025-03,5609,8.632127729508337,other,1.5879534565366187,0.0,1,,0,0,0,1,0,0,0,0,0,0
478,2074920,The First Descendant,control,0,0,0,5,2025-04,5609,8.632127729508337,other,1.5879534565366187,0.0,1,,0,0,0,0,1,0,0,0,0,0
479,3720100,ARK: Lost Colony Expansion Pass,control,0,0,0,1,2024-12,1000,6.907755278982137,mmo,0.621492128678987,29.99,0,,1,0,0,0,0,0,0,0,0,0
479,3720100,ARK: Lost Colony Expansion Pass,control,0,0,0,2,2025-01,1000,6.907755278982137,mmo,0.621492128678987,29.99,0,,0,1,0,0,0,0,0,0,0,0
479,3720100,ARK: Lost Colony Expansion Pass,control,0,0,0,3,2025-02,1000,6.907755278982137,mmo,0.621492128678987,29.99,0,,0,0,1,0,0,0,0,0,0,0
479,3720100,ARK: Lost Colony Expansion Pass,control,0,0,0,4,2025-03,1000,6.907755278982137,mmo,0.621492128678987,29.99,0,,0,0,0,1,0,0,0,0,0,0
479,3720100,ARK: Lost Colony Expansion Pass,control,0,0,0,5,2025-04,1000,6.907755278982137,mmo,0.621492128678987,29.99,0,,0,0,0,0,1,0,0,0,0,0
480,2552430,KINGDOM HEARTS -HD 1.5+2.5 ReMIX-,control,0,0,0,1,2024-12,1547,7.344072850573066,other,1.6344969199178645,24.99,0,,1,0,0,0,0,0,0,0,0,0
480,2552430,KINGDOM HEARTS -HD 1.5+2.5 ReMIX-,control,0,0,0,2,2025-01,1547,7.344072850573066,other,1.6344969199178645,24.99,0,,0,1,0,0,0,0,0,0,0,0
480,2552430,KINGDOM HEARTS -HD 1.5+2.5 ReMIX-,control,0,0,0,3,2025-02,1547,7.344072850573066,other,1.6344969199178645,24.99,0,,0,0,1,0,0,0,0,0,0,0
480,2552430,KINGDOM HEARTS -HD 1.5+2.5 ReMIX-,control,0,0,0,4,2025-03,1547,7.344072850573066,other,1.6344969199178645,24.99,0,,0,0,0,1,0,0,0,0,0,0
480,2552430,KINGDOM HEARTS -HD 1.5+2.5 ReMIX-,control,0,0,0,5,2025-04,1547,7.344072850573066,other,1.6344969199178645,24.99,0,,0,0,0,0,1,0,0,0,0,0
481,1665460,eFootball™,control,0,0,0,1,2024-12,17633,9.777527425407923,other,4.339493497604381,0.0,1,,1,0,0,0,0,0,0,0,0,0
481,1665460,eFootball™,control,0,0,0,2,2025-01,17633,9.777527425407923,other,4.339493497604381,0.0,1,,0,1,0,0,0,0,0,0,0,0
481,1665460,eFootball™,control,0,0,0,3,2025-02,17633,9.777527425407923,other,4.339493497604381,0.0,1,,0,0,1,0,0,0,0,0,0,0
481,1665460,eFootball™,control,0,0,0,4,2025-03,17633,9.777527425407923,other,4.339493497604381,0.0,1,,0,0,0,1,0,0,0,0,0,0
481,1665460,eFootball™,control,0,0,0,5,2025-04,17633,9.777527425407923,other,4.339493497604381,0.0,1,,0,0,0,0,1,0,0,0,0,0
482,3450310,Europa Universalis V,control,0,0,0,1,2024-12,11937,9.387398099095039,other,0.24093086926762491,59.99,0,,1,0,0,0,0,0,0,0,0,0
482,3450310,Europa Universalis V,control,0,0,0,2,2025-01,11937,9.387398099095039,other,0.24093086926762491,59.99,0,,0,1,0,0,0,0,0,0,0,0
482,3450310,Europa Universalis V,control,0,0,0,3,2025-02,11937,9.387398099095039,other,0.24093086926762491,59.99,0,,0,0,1,0,0,0,0,0,0,0
482,3450310,Europa Universalis V,control,0,0,0,4,2025-03,11937,9.387398099095039,other,0.24093086926762491,59.99,0,,0,0,0,1,0,0,0,0,0,0
482,3450310,Europa Universalis V,control,0,0,0,5,2025-04,11937,9.387398099095039,other,0.24093086926762491,59.99,0,,0,0,0,0,1,0,0,0,0,0
483,2373990,Solo Leveling: ARISE OVERDRIVE,control,0,0,0,1,2024-12,1093,6.996681488176539,other,0.1861738535249829,39.99,0,,1,0,0,0,0,0,0,0,0,0
483,2373990,Solo Leveling: ARISE OVERDRIVE,control,0,0,0,2,2025-01,1093,6.996681488176539,other,0.1861738535249829,39.99,0,,0,1,0,0,0,0,0,0,0,0
483,2373990,Solo Leveling: ARISE OVERDRIVE,control,0,0,0,3,2025-02,1093,6.996681488176539,other,0.1861738535249829,39.99,0,,0,0,1,0,0,0,0,0,0,0
483,2373990,Solo Leveling: ARISE OVERDRIVE,control,0,0,0,4,2025-03,1093,6.996681488176539,other,0.1861738535249829,39.99,0,,0,0,0,1,0,0,0,0,0,0
483,2373990,Solo Leveling: ARISE OVERDRIVE,control,0,0,0,5,2025-04,1093,6.996681488176539,other,0.1861738535249829,39.99,0,,0,0,0,0,1,0,0,0,0,0
484,3224770,Umamusume: Pretty Derby,control,0,0,0,1,2024-12,11604,9.359105145241294,other,0.6050650239561944,0.0,1,,1,0,0,0,0,0,0,0,0,0
484,3224770,Umamusume: Pretty Derby,control,0,0,0,2,2025-01,11604,9.359105145241294,other,0.6050650239561944,0.0,1,,0,1,0,0,0,0,0,0,0,0
484,3224770,Umamusume: Pretty Derby,control,0,0,0,3,2025-02,11604,9.359105145241294,other,0.6050650239561944,0.0,1,,0,0,1,0,0,0,0,0,0,0
484,3224770,Umamusume: Pretty Derby,control,0,0,0,4,2025-03,11604,9.359105145241294,other,0.6050650239561944,0.0,1,,0,0,0,1,0,0,0,0,0,0
484,3224770,Umamusume: Pretty Derby,control,0,0,0,5,2025-04,11604,9.359105145241294,other,0.6050650239561944,0.0,1,,0,0,0,0,1,0,0,0,0,0
485,1426210,It Takes Two,control,0,0,0,1,2024-12,26032,10.16708182945882,other,4.854209445585216,39.99,0,,1,0,0,0,0,0,0,0,0,0
485,1426210,It Takes Two,control,0,0,0,2,2025-01,26032,10.16708182945882,other,4.854209445585216,39.99,0,,0,1,0,0,0,0,0,0,0,0
485,1426210,It Takes Two,control,0,0,0,3,2025-02,26032,10.16708182945882,other,4.854209445585216,39.99,0,,0,0,1,0,0,0,0,0,0,0
485,1426210,It Takes Two,control,0,0,0,4,2025-03,26032,10.16708182945882,other,4.854209445585216,39.99,0,,0,0,0,1,0,0,0,0,0,0
485,1426210,It Takes Two,control,0,0,0,5,2025-04,26032,10.16708182945882,other,4.854209445585216,39.99,0,,0,0,0,0,1,0,0,0,0,0
486,1984270,Digimon Story Time Stranger,control,0,0,0,1,2024-12,2576,7.853993087224244,other,0.33127994524298426,69.99,0,,1,0,0,0,0,0,0,0,0,0
486,1984270,Digimon Story Time Stranger,control,0,0,0,2,2025-01,2576,7.853993087224244,other,0.33127994524298426,69.99,0,,0,1,0,0,0,0,0,0,0,0
486,1984270,Digimon Story Time Stranger,control,0,0,0,3,2025-02,2576,7.853993087224244,other,0.33127994524298426,69.99,0,,0,0,1,0,0,0,0,0,0,0
486,1984270,Digimon Story Time Stranger,control,0,0,0,4,2025-03,2576,7.853993087224244,other,0.33127994524298426,69.99,0,,0,0,0,1,0,0,0,0,0,0
486,1984270,Digimon Story Time Stranger,control,0,0,0,5,2025-04,2576,7.853993087224244,other,0.33127994524298426,69.99,0,,0,0,0,0,1,0,0,0,0,0
487,4124950,Ashes of Creation,control,0,0,0,1,2024-12,11995,9.392245175273795,mmo,0.13963039014373715,48.99,0,,1,0,0,0,0,0,0,0,0,0
487,4124950,Ashes of Creation,control,0,0,0,2,2025-01,11995,9.392245175273795,mmo,0.13963039014373715,48.99,0,,0,1,0,0,0,0,0,0,0,0
487,4124950,Ashes of Creation,control,0,0,0,3,2025-02,11995,9.392245175273795,mmo,0.13963039014373715,48.99,0,,0,0,1,0,0,0,0,0,0,0
487,4124950,Ashes of Creation,control,0,0,0,4,2025-03,11995,9.392245175273795,mmo,0.13963039014373715,48.99,0,,0,0,0,1,0,0,0,0,0,0
487,4124950,Ashes of Creation,control,0,0,0,5,2025-04,11995,9.392245175273795,mmo,0.13963039014373715,48.99,0,,0,0,0,0,1,0,0,0,0,0
488,2737070,Crime Simulator,control,0,0,0,1,2024-12,1316,7.182352111885263,other,0.6242299794661191,14.99,0,,1,0,0,0,0,0,0,0,0,0
488,2737070,Crime Simulator,control,0,0,0,2,2025-01,1316,7.182352111885263,other,0.6242299794661191,14.99,0,,0,1,0,0,0,0,0,0,0,0
488,2737070,Crime Simulator,control,0,0,0,3,2025-02,1316,7.182352111885263,other,0.6242299794661191,14.99,0,,0,0,1,0,0,0,0,0,0,0
488,2737070,Crime Simulator,control,0,0,0,4,2025-03,1316,7.182352111885263,other,0.6242299794661191,14.99,0,,0,0,0,1,0,0,0,0,0,0
488,2737070,Crime Simulator,control,0,0,0,5,2025-04,1316,7.182352111885263,other,0.6242299794661191,14.99,0,,0,0,0,0,1,0,0,0,0,0
489,288470,Fable Anniversary,control,0,0,0,1,2024-12,1623,7.392031567514591,other,11.38672142368241,10.55,0,,1,0,0,0,0,0,0,0,0,0
489,288470,Fable Anniversary,control,0,0,0,2,2025-01,1623,7.392031567514591,other,11.38672142368241,10.55,0,,0,1,0,0,0,0,0,0,0,0
489,288470,Fable Anniversary,control,0,0,0,3,2025-02,1623,7.392031567514591,other,11.38672142368241,10.55,0,,0,0,1,0,0,0,0,0,0,0
489,288470,Fable Anniversary,control,0,0,0,4,2025-03,1623,7.392031567514591,other,11.38672142368241,10.55,0,,0,0,0,1,0,0,0,0,0,0
489,288470,Fable Anniversary,control,0,0,0,5,2025-04,1623,7.392031567514591,other,11.38672142368241,10.55,0,,0,0,0,0,1,0,0,0,0,0
490,1030300,Hollow Knight: Silksong,control,0,0,0,1,2024-12,18038,9.800235922725653,other,0.4079397672826831,125.0,0,,1,0,0,0,0,0,0,0,0,0
490,1030300,Hollow Knight: Silksong,control,0,0,0,2,2025-01,18038,9.800235922725653,other,0.4079397672826831,125.0,0,,0,1,0,0,0,0,0,0,0,0
490,1030300,Hollow Knight: Silksong,control,0,0,0,3,2025-02,18038,9.800235922725653,other,0.4079397672826831,125.0,0,,0,0,1,0,0,0,0,0,0,0
490,1030300,Hollow Knight: Silksong,control,0,0,0,4,2025-03,18038,9.800235922725653,other,0.4079397672826831,125.0,0,,0,0,0,1,0,0,0,0,0,0
490,1030300,Hollow Knight: Silksong,control,0,0,0,5,2025-04,18038,9.800235922725653,other,0.4079397672826831,125.0,0,,0,0,0,0,1,0,0,0,0,0
491,2357570,Overwatch® 2,control,0,0,0,1,2024-12,34974,10.462360207273605,other,2.4777549623545516,0.0,1,,1,0,0,0,0,0,0,0,0,0
491,2357570,Overwatch® 2,control,0,0,0,2,2025-01,34974,10.462360207273605,other,2.4777549623545516,0.0,1,,0,1,0,0,0,0,0,0,0,0
491,2357570,Overwatch® 2,control,0,0,0,3,2025-02,34974,10.462360207273605,other,2.4777549623545516,0.0,1,,0,0,1,0,0,0,0,0,0,0
491,2357570,Overwatch® 2,control,0,0,0,4,2025-03,34974,10.462360207273605,other,2.4777549623545516,0.0,1,,0,0,0,1,0,0,0,0,0,0
491,2357570,Overwatch® 2,control,0,0,0,5,2025-04,34974,10.462360207273605,other,2.4777549623545516,0.0,1,,0,0,0,0,1,0,0,0,0,0
492,766570,Russian Fishing 4,control,0,0,0,1,2024-12,23673,10.072090437189145,mmo,4.224503764544832,0.0,1,,1,0,0,0,0,0,0,0,0,0
492,766570,Russian Fishing 4,control,0,0,0,2,2025-01,23673,10.072090437189145,mmo,4.224503764544832,0.0,1,,0,1,0,0,0,0,0,0,0,0
492,766570,Russian Fishing 4,control,0,0,0,3,2025-02,23673,10.072090437189145,mmo,4.224503764544832,0.0,1,,0,0,1,0,0,0,0,0,0,0
492,766570,Russian Fishing 4,control,0,0,0,4,2025-03,23673,10.072090437189145,mmo,4.224503764544832,0.0,1,,0,0,0,1,0,0,0,0,0,0
492,766570,Russian Fishing 4,control,0,0,0,5,2025-04,23673,10.072090437189145,mmo,4.224503764544832,0.0,1,,0,0,0,0,1,0,0,0,0,0
493,2995920,It Takes Two Friend's Pass,control,0,0,0,1,2024-12,1000,6.907755278982137,other,4.687200547570157,0.0,1,,1,0,0,0,0,0,0,0,0,0
493,2995920,It Takes Two Friend's Pass,control,0,0,0,2,2025-01,1000,6.907755278982137,other,4.687200547570157,0.0,1,,0,1,0,0,0,0,0,0,0,0
493,2995920,It Takes Two Friend's Pass,control,0,0,0,3,2025-02,1000,6.907755278982137,other,4.687200547570157,0.0,1,,0,0,1,0,0,0,0,0,0,0
493,2995920,It Takes Two Friend's Pass,control,0,0,0,4,2025-03,1000,6.907755278982137,other,4.687200547570157,0.0,1,,0,0,0,1,0,0,0,0,0,0
493,2995920,It Takes Two Friend's Pass,control,0,0,0,5,2025-04,1000,6.907755278982137,other,4.687200547570157,0.0,1,,0,0,0,0,1,0,0,0,0,0
494,3058630,Assetto Corsa EVO,control,0,0,0,1,2024-12,1725,7.45298232946546,other,1.0403832991101984,39.99,0,,1,0,0,0,0,0,0,0,0,0
494,3058630,Assetto Corsa EVO,control,0,0,0,2,2025-01,1725,7.45298232946546,other,1.0403832991101984,39.99,0,,0,1,0,0,0,0,0,0,0,0
494,3058630,Assetto Corsa EVO,control,0,0,0,3,2025-02,1725,7.45298232946546,other,1.0403832991101984,39.99,0,,0,0,1,0,0,0,0,0,0,0
494,3058630,Assetto Corsa EVO,control,0,0,0,4,2025-03,1725,7.45298232946546,other,1.0403832991101984,39.99,0,,0,0,0,1,0,0,0,0,0,0
494,3058630,Assetto Corsa EVO,control,0,0,0,5,2025-04,1725,7.45298232946546,other,1.0403832991101984,39.99,0,,0,0,0,0,1,0,0,0,0,0
495,2305640,Bladesong,control,0,0,0,1,2024-12,799,6.683360945766275,other,0.024640657084188913,17.99,0,,1,0,0,0,0,0,0,0,0,0
495,2305640,Bladesong,control,0,0,0,2,2025-01,799,6.683360945766275,other,0.024640657084188913,17.99,0,,0,1,0,0,0,0,0,0,0,0
495,2305640,Bladesong,control,0,0,0,3,2025-02,799,6.683360945766275,other,0.024640657084188913,17.99,0,,0,0,1,0,0,0,0,0,0,0
495,2305640,Bladesong,control,0,0,0,4,2025-03,799,6.683360945766275,other,0.024640657084188913,17.99,0,,0,0,0,1,0,0,0,0,0,0
495,2305640,Bladesong,control,0,0,0,5,2025-04,799,6.683360945766275,other,0.024640657084188913,17.99,0,,0,0,0,0,1,0,0,0,0,0
496,12210,Grand Theft Auto IV: The Complete Edition,control,0,0,0,1,2024-12,6154,8.724857555881988,other,5.856262833675565,5.99,0,,1,0,0,0,0,0,0,0,0,0
496,12210,Grand Theft Auto IV: The Complete Edition,control,0,0,0,2,2025-01,6154,8.724857555881988,other,5.856262833675565,5.99,0,,0,1,0,0,0,0,0,0,0,0
496,12210,Grand Theft Auto IV: The Complete Edition,control,0,0,0,3,2025-02,6154,8.724857555881988,other,5.856262833675565,5.99,0,,0,0,1,0,0,0,0,0,0,0
496,12210,Grand Theft Auto IV: The Complete Edition,control,0,0,0,4,2025-03,6154,8.724857555881988,other,5.856262833675565,5.99,0,,0,0,0,1,0,0,0,0,0,0
496,12210,Grand Theft Auto IV: The Complete Edition,control,0,0,0,5,2025-04,6154,8.724857555881988,other,5.856262833675565,5.99,0,,0,0,0,0,1,0,0,0,0,0
497,1222700,A Way Out,control,0,0,0,1,2024-12,4086,8.315321775377567,other,5.620807665982204,2.99,0,,1,0,0,0,0,0,0,0,0,0
497,1222700,A Way Out,control,0,0,0,2,2025-01,4086,8.315321775377567,other,5.620807665982204,2.99,0,,0,1,0,0,0,0,0,0,0,0
497,1222700,A Way Out,control,0,0,0,3,2025-02,4086,8.315321775377567,other,5.620807665982204,2.99,0,,0,0,1,0,0,0,0,0,0,0
497,1222700,A Way Out,control,0,0,0,4,2025-03,4086,8.315321775377567,other,5.620807665982204,2.99,0,,0,0,0,1,0,0,0,0,0,0
497,1222700,A Way Out,control,0,0,0,5,2025-04,4086,8.315321775377567,other,5.620807665982204,2.99,0,,0,0,0,0,1,0,0,0,0,0
498,438100,VRChat,control,0,0,0,1,2024-12,53117,10.880252306651878,mmo,8.996577686516085,0.0,1,,1,0,0,0,0,0,0,0,0,0
498,438100,VRChat,control,0,0,0,2,2025-01,53117,10.880252306651878,mmo,8.996577686516085,0.0,1,,0,1,0,0,0,0,0,0,0,0
498,438100,VRChat,control,0,0,0,3,2025-02,53117,10.880252306651878,mmo,8.996577686516085,0.0,1,,0,0,1,0,0,0,0,0,0,0
498,438100,VRChat,control,0,0,0,4,2025-03,53117,10.880252306651878,mmo,8.996577686516085,0.0,1,,0,0,0,1,0,0,0,0,0,0
498,438100,VRChat,control,0,0,0,5,2025-04,53117,10.880252306651878,mmo,8.996577686516085,0.0,1,,0,0,0,0,1,0,0,0,0,0
499,1973530,Limbus Company,control,0,0,0,1,2024-12,35697,10.482821930623263,other,2.9295003422313486,0.0,1,,1,0,0,0,0,0,0,0,0,0
499,1973530,Limbus Company,control,0,0,0,2,2025-01,35697,10.482821930623263,other,2.9295003422313486,0.0,1,,0,1,0,0,0,0,0,0,0,0
499,1973530,Limbus Company,control,0,0,0,3,2025-02,35697,10.482821930623263,other,2.9295003422313486,0.0,1,,0,0,1,0,0,0,0,0,0,0
499,1973530,Limbus Company,control,0,0,0,4,2025-03,35697,10.482821930623263,other,2.9295003422313486,0.0,1,,0,0,0,1,0,0,0,0,0,0
499,1973530,Limbus Company,control,0,0,0,5,2025-04,35697,10.482821930623263,other,2.9295003422313486,0.0,1,,0,0,0,0,1,0,0,0,0,0
500,489830,The Elder Scrolls V: Skyrim Special Edition,control,0,0,0,1,2024-12,29387,10.288307678667005,other,9.262149212867898,39.99,0,,1,0,0,0,0,0,0,0,0,0
500,489830,The Elder Scrolls V: Skyrim Special Edition,control,0,0,0,2,2025-01,29387,10.288307678667005,other,9.262149212867898,39.99,0,,0,1,0,0,0,0,0,0,0,0
500,489830,The Elder Scrolls V: Skyrim Special Edition,control,0,0,0,3,2025-02,29387,10.288307678667005,other,9.262149212867898,39.99,0,,0,0,1,0,0,0,0,0,0,0
500,489830,The Elder Scrolls V: Skyrim Special Edition,control,0,0,0,4,2025-03,29387,10.288307678667005,other,9.262149212867898,39.99,0,,0,0,0,1,0,0,0,0,0,0
500,489830,The Elder Scrolls V: Skyrim Special Edition,control,0,0,0,5,2025-04,29387,10.288307678667005,other,9.262149212867898,39.99,0,,0,0,0,0,1,0,0,0,0,0
