Model,Parameter,Coefficient,Std. Error,t-statistic,p-value,CI Lower,CI Upper
Log Player Count,Intercept,11.288327789226052,0.47809675342941815,23.610969345125575,1.2611214889805918e-17,10.29930930172765,12.277346276724455
Log Player Count,treatment,0.04856957514669855,0.16988428386407264,0.28589798916043296,0.7775154157530522,-0.30286284155930393,0.4000019918527011
Log Player Count,post,0.04856957514669842,0.16988428386407262,0.2858979891604322,0.7775154157530527,-0.30286284155930404,0.40000199185270086
Log Player Count,treatment_x_post,0.048569575146698234,0.16988428386407256,0.2858979891604312,0.7775154157530535,-0.3028628415593041,0.4000019918527006
