,id,goog,count_all,count_rating,count_review,rating,picture,length,experience,period,locationid,time,period_ch,dum,did,ln_count_all,ln_count_rating,ln_count_review,ln_length,timedum_1,timedum_2,timedum_3,timedum_4,timedum_5,timedum_6,timedum_7,timedum_8,diddum_1,diddum_2,diddum_3,diddum_4,diddum_5,diddum_6,diddum_7,diddum_8,_est_ln_count_all
0,1.0,1,95.0,48.0,47.0,4.5578947,0.031578947,47.0,30.789474,2017M07,1,1.0,0.0,0.0,0.0,4.553877,3.871201,3.8501475,3.8501475,1,0,0,0,0,0,0,0,1.0,0.0,0.0,0.0,0.0,0.0,0.0,0.0,1
1,1.0,0,77.0,77.0,77.0,4.1688313,0.6753247,220.81818,259.72726,2017M07,1,1.0,0.0,0.0,0.0,4.3438053,4.3438053,4.3438053,5.39734,1,0,0,0,0,0,0,0,0.0,0.0,0.0,0.0,0.0,0.0,0.0,0.0,1
2,2.0,1,107.0,58.0,49.0,4.551402,0.018691588,44.959183,34.121494,2017M08,1,2.0,0.0,0.0,0.0,4.6728287,4.060443,3.8918202,3.8057551,0,1,0,0,0,0,0,0,0.0,1.0,0.0,0.0,0.0,0.0,0.0,0.0,1
3,2.0,0,81.0,81.0,81.0,4.3209877,0.72839504,217.98766,242.33333,2017M08,1,2.0,0.0,0.0,0.0,4.394449,4.394449,4.394449,5.3844385,0,1,0,0,0,0,0,0,0.0,0.0,0.0,0.0,0.0,0.0,0.0,0.0,1
4,3.0,1,167.0,106.0,61.0,4.60479,0.017964073,51.13115,27.58084,2017M09,1,3.0,0.0,0.0,0.0,5.117994,4.6634393,4.1108737,3.934394,0,0,1,0,0,0,0,0,0.0,0.0,1.0,0.0,0.0,0.0,0.0,0.0,1
5,3.0,0,60.0,60.0,60.0,4.3166666,0.75,182.86667,209.6,2017M09,1,3.0,0.0,0.0,0.0,4.0943446,4.0943446,4.0943446,5.2087574,0,0,1,0,0,0,0,0,0.0,0.0,0.0,0.0,0.0,0.0,0.0,0.0,1
6,4.0,1,89.0,49.0,40.0,4.505618,0.033707865,51.9,45.033707,2017M10,1,4.0,0.0,0.0,0.0,4.4886365,3.8918202,3.6888795,3.949319,0,0,0,1,0,0,0,0,0.0,0.0,0.0,1.0,0.0,0.0,0.0,0.0,1
7,4.0,0,58.0,58.0,58.0,4.1896553,0.79310346,189.7069,121.05173,2017M10,1,4.0,0.0,0.0,0.0,4.060443,4.060443,4.060443,5.24548,0,0,0,1,0,0,0,0,0.0,0.0,0.0,0.0,0.0,0.0,0.0,0.0,1
8,5.0,1,87.0,41.0,46.0,4.5747128,0.04597701,78.67391,91.873566,2018M07,1,5.0,1.0,1.0,1.0,4.465908,3.713572,3.8286414,4.3653116,0,0,0,0,1,0,0,0,0.0,0.0,0.0,0.0,1.0,0.0,0.0,0.0,1
9,5.0,0,42.0,42.0,42.0,4.3095236,0.8333333,199.90475,136.5,2018M07,1,5.0,1.0,1.0,0.0,3.7376697,3.7376697,3.7376697,5.297841,0,0,0,0,1,0,0,0,0.0,0.0,0.0,0.0,0.0,0.0,0.0,0.0,1
10,6.0,1,97.0,54.0,43.0,4.474227,0.010309278,67.60465,61.97938,2018M08,1,6.0,1.0,1.0,1.0,4.574711,3.988984,3.7612002,4.213677,0,0,0,0,0,1,0,0,0.0,0.0,0.0,0.0,0.0,1.0,0.0,0.0,1
11,6.0,0,70.0,70.0,70.0,4.1857142,0.75714284,200.88571,165.15715,2018M08,1,6.0,1.0,1.0,0.0,4.248495,4.248495,4.248495,5.3027363,0,0,0,0,0,1,0,0,0.0,0.0,0.0,0.0,0.0,0.0,0.0,0.0,1
12,7.0,1,91.0,57.0,34.0,4.626374,0.043956045,83.17647,35.78022,2018M09,1,7.0,1.0,1.0,1.0,4.5108595,4.0430512,3.5263605,4.4209642,0,0,0,0,0,0,1,0,0.0,0.0,0.0,0.0,0.0,0.0,1.0,0.0,1
13,7.0,0,45.0,45.0,45.0,4.4,0.8666667,237.04445,184.04445,2018M09,1,7.0,1.0,1.0,0.0,3.8066626,3.8066626,3.8066626,5.468248,0,0,0,0,0,0,1,0,0.0,0.0,0.0,0.0,0.0,0.0,0.0,0.0,1
14,8.0,1,96.0,56.0,40.0,4.6145835,0.020833334,59.425,34.53125,2018M10,1,8.0,1.0,1.0,1.0,4.564348,4.0253515,3.6888795,4.084715,0,0,0,0,0,0,0,1,0.0,0.0,0.0,0.0,0.0,0.0,0.0,1.0,1
15,8.0,0,41.0,41.0,41.0,4.4634147,0.68292683,240.51219,191.19513,2018M10,1,8.0,1.0,1.0,0.0,3.713572,3.713572,3.713572,5.482771,0,0,0,0,0,0,0,1,0.0,0.0,0.0,0.0,0.0,0.0,0.0,0.0,1
16,9.0,1,98.0,48.0,50.0,4.3469386,0.020408163,94.18,60.204082,2017M07,3,1.0,0.0,0.0,0.0,4.5849676,3.871201,3.912023,4.545208,1,0,0,0,0,0,0,0,1.0,0.0,0.0,0.0,0.0,0.0,0.0,0.0,1
17,9.0,0,70.0,70.0,70.0,4.3428574,0.8,214.0,268.74286,2017M07,3,1.0,0.0,0.0,0.0,4.248495,4.248495,4.248495,5.365976,1,0,0,0,0,0,0,0,0.0,0.0,0.0,0.0,0.0,0.0,0.0,0.0,1
18,10.0,1,121.0,66.0,55.0,4.338843,0.008264462,72.72727,52.082645,2017M08,3,2.0,0.0,0.0,0.0,4.7957907,4.189655,4.0073333,4.2867165,0,1,0,0,0,0,0,0,0.0,1.0,0.0,0.0,0.0,0.0,0.0,0.0,1
19,10.0,0,65.0,65.0,65.0,4.292308,0.73846155,226.2,424.93848,2017M08,3,2.0,0.0,0.0,0.0,4.1743875,4.1743875,4.1743875,5.4214196,0,1,0,0,0,0,0,0,0.0,0.0,0.0,0.0,0.0,0.0,0.0,0.0,1
20,11.0,1,155.0,104.0,51.0,4.2645164,0.006451613,81.70588,47.92903,2017M09,3,3.0,0.0,0.0,0.0,5.043425,4.644391,3.9318256,4.403126,0,0,1,0,0,0,0,0,0.0,0.0,1.0,0.0,0.0,0.0,0.0,0.0,1
21,11.0,0,47.0,47.0,47.0,4.361702,0.78723407,271.82977,286.70212,2017M09,3,3.0,0.0,0.0,0.0,3.8501475,3.8501475,3.8501475,5.605176,0,0,1,0,0,0,0,0,0.0,0.0,0.0,0.0,0.0,0.0,0.0,0.0,1
22,12.0,1,133.0,84.0,49.0,4.2781954,0.007518797,79.4898,56.646618,2017M10,3,4.0,0.0,0.0,0.0,4.890349,4.4308167,3.8918202,4.3756285,0,0,0,1,0,0,0,0,0.0,0.0,0.0,1.0,0.0,0.0,0.0,0.0,1
23,12.0,0,64.0,64.0,64.0,4.34375,0.78125,256.79688,278.67188,2017M10,3,4.0,0.0,0.0,0.0,4.158883,4.158883,4.158883,5.5482855,0,0,0,1,0,0,0,0,0.0,0.0,0.0,0.0,0.0,0.0,0.0,0.0,1
24,13.0,1,379.0,258.0,121.0,4.4564643,0.0,65.94215,31.810026,2018M07,3,5.0,1.0,1.0,1.0,5.9375362,5.5529594,4.7957907,4.188778,0,0,0,0,1,0,0,0,0.0,0.0,0.0,0.0,1.0,0.0,0.0,0.0,1
25,13.0,0,22.0,22.0,22.0,4.2272725,0.59090906,310.0909,863.2273,2018M07,3,5.0,1.0,1.0,0.0,3.0910425,3.0910425,3.0910425,5.7368655,0,0,0,0,1,0,0,0,0.0,0.0,0.0,0.0,0.0,0.0,0.0,0.0,1
26,14.0,1,508.0,332.0,176.0,4.4488187,0.00984252,75.244316,39.87992,2018M08,3,6.0,1.0,1.0,1.0,6.2304816,5.805135,5.170484,4.32074,0,0,0,0,0,1,0,0,0.0,0.0,0.0,0.0,0.0,1.0,0.0,0.0,1
27,14.0,0,28.0,28.0,28.0,4.357143,0.42857143,257.5,395.2857,2018M08,3,6.0,1.0,1.0,0.0,3.3322046,3.3322046,3.3322046,5.5510197,0,0,0,0,0,1,0,0,0.0,0.0,0.0,0.0,0.0,0.0,0.0,0.0,1
28,15.0,1,465.0,298.0,167.0,4.4817204,0.0043010754,52.05988,35.333332,2018M09,3,7.0,1.0,1.0,1.0,6.1420374,5.6970935,5.117994,3.9523945,0,0,0,0,0,0,1,0,0.0,0.0,0.0,0.0,0.0,0.0,1.0,0.0,1
29,15.0,0,20.0,20.0,20.0,4.4,0.55,366.8,626.0,2018M09,3,7.0,1.0,1.0,0.0,2.9957323,2.9957323,2.9957323,5.9048166,0,0,0,0,0,0,1,0,0.0,0.0,0.0,0.0,0.0,0.0,0.0,0.0,1
30,16.0,1,363.0,249.0,114.0,4.512397,0.005509642,58.482456,48.75482,2018M10,3,8.0,1.0,1.0,1.0,5.894403,5.5174527,4.7361984,4.068727,0,0,0,0,0,0,0,1,0.0,0.0,0.0,0.0,0.0,0.0,0.0,1.0,1
31,16.0,0,20.0,20.0,20.0,4.4,0.4,401.7,476.7,2018M10,3,8.0,1.0,1.0,0.0,2.9957323,2.9957323,2.9957323,5.9957056,0,0,0,0,0,0,0,1,0.0,0.0,0.0,0.0,0.0,0.0,0.0,0.0,1
32,17.0,1,60.0,31.0,29.0,4.5833335,0.033333335,44.75862,34.816666,2017M07,4,1.0,0.0,0.0,0.0,4.0943446,3.4339871,3.3672957,3.801284,1,0,0,0,0,0,0,0,1.0,0.0,0.0,0.0,0.0,0.0,0.0,0.0,1
33,17.0,0,57.0,57.0,57.0,4.1754384,0.71929824,225.98245,235.08772,2017M07,4,1.0,0.0,0.0,0.0,4.0430512,4.0430512,4.0430512,5.4204574,1,0,0,0,0,0,0,0,0.0,0.0,0.0,0.0,0.0,0.0,0.0,0.0,1
34,18.0,1,59.0,30.0,29.0,4.5254235,0.033898305,71.344826,49.66102,2017M08,4,2.0,0.0,0.0,0.0,4.0775375,3.4011974,3.3672957,4.2675247,0,1,0,0,0,0,0,0,0.0,1.0,0.0,0.0,0.0,0.0,0.0,0.0,1
35,18.0,0,38.0,38.0,38.0,4.3421054,0.65789473,224.23685,164.6842,2017M08,4,2.0,0.0,0.0,0.0,3.637586,3.637586,3.637586,5.412703,0,1,0,0,0,0,0,0,0.0,0.0,0.0,0.0,0.0,0.0,0.0,0.0,1
36,19.0,1,45.0,26.0,19.0,4.6444445,0.06666667,39.05263,22.755556,2017M09,4,3.0,0.0,0.0,0.0,3.8066626,3.2580965,2.944439,3.6649103,0,0,1,0,0,0,0,0,0.0,0.0,1.0,0.0,0.0,0.0,0.0,0.0,1
37,19.0,0,19.0,19.0,19.0,4.368421,0.7368421,195.26315,193.10527,2017M09,4,3.0,0.0,0.0,0.0,2.944439,2.944439,2.944439,5.2743483,0,0,1,0,0,0,0,0,0.0,0.0,0.0,0.0,0.0,0.0,0.0,0.0,1
38,20.0,1,26.0,18.0,8.0,4.5,0.03846154,101.125,102.57692,2017M10,4,4.0,0.0,0.0,0.0,3.2580965,2.8903718,2.0794415,4.6163573,0,0,0,1,0,0,0,0,0.0,0.0,0.0,1.0,0.0,0.0,0.0,0.0,1
39,20.0,0,11.0,11.0,11.0,4.090909,0.6363636,276.81818,278.36365,2017M10,4,4.0,0.0,0.0,0.0,2.3978953,2.3978953,2.3978953,5.623361,0,0,0,1,0,0,0,0,0.0,0.0,0.0,0.0,0.0,0.0,0.0,0.0,1
40,21.0,1,143.0,97.0,46.0,4.5104895,0.06993007,67.021736,35.664337,2018M07,4,5.0,1.0,1.0,1.0,4.962845,4.574711,3.8286414,4.205017,0,0,0,0,1,0,0,0,0.0,0.0,0.0,0.0,1.0,0.0,0.0,0.0,1
41,21.0,0,36.0,36.0,36.0,4.25,0.7222222,211.91667,171.36111,2018M07,4,5.0,1.0,1.0,0.0,3.583519,3.583519,3.583519,5.356193,0,0,0,0,1,0,0,0,0.0,0.0,0.0,0.0,0.0,0.0,0.0,0.0,1
42,22.0,1,160.0,103.0,57.0,4.5375,0.025,73.91228,19.825,2018M08,4,6.0,1.0,1.0,1.0,5.075174,4.634729,4.0430512,4.302879,0,0,0,0,0,1,0,0,0.0,0.0,0.0,0.0,0.0,1.0,0.0,0.0,1
43,22.0,0,26.0,26.0,26.0,4.269231,0.84615386,242.07692,282.65384,2018M08,4,6.0,1.0,1.0,0.0,3.2580965,3.2580965,3.2580965,5.4892554,0,0,0,0,0,1,0,0,0.0,0.0,0.0,0.0,0.0,0.0,0.0,0.0,1
44,23.0,1,92.0,58.0,34.0,4.619565,0.010869565,69.76471,48.565216,2018M09,4,7.0,1.0,1.0,1.0,4.5217886,4.060443,3.5263605,4.245128,0,0,0,0,0,0,1,0,0.0,0.0,0.0,0.0,0.0,0.0,1.0,0.0,1
45,23.0,0,18.0,18.0,18.0,4.2222223,0.8888889,222.16667,168.38889,2018M09,4,7.0,1.0,1.0,0.0,2.8903718,2.8903718,2.8903718,5.403428,0,0,0,0,0,0,1,0,0.0,0.0,0.0,0.0,0.0,0.0,0.0,0.0,1
46,24.0,1,59.0,37.0,22.0,4.5423727,0.033898305,61.31818,25.084745,2018M10,4,8.0,1.0,1.0,1.0,4.0775375,3.6109178,3.0910425,4.1160765,0,0,0,0,0,0,0,1,0.0,0.0,0.0,0.0,0.0,0.0,0.0,1.0,1
47,24.0,0,12.0,12.0,12.0,4.4166665,0.8333333,255.33333,96.166664,2018M10,4,8.0,1.0,1.0,0.0,2.4849067,2.4849067,2.4849067,5.5425696,0,0,0,0,0,0,0,1,0.0,0.0,0.0,0.0,0.0,0.0,0.0,0.0,1
48,25.0,1,171.0,108.0,63.0,4.4152045,0.01754386,67.42857,45.88304,2017M07,5,1.0,0.0,0.0,0.0,5.1416636,4.6821313,4.1431346,4.211069,1,0,0,0,0,0,0,0,1.0,0.0,0.0,0.0,0.0,0.0,0.0,0.0,1
49,25.0,0,3.0,3.0,3.0,4.0,0.6666667,214.66667,1605.3334,2017M07,5,1.0,0.0,0.0,0.0,1.0986123,1.0986123,1.0986123,5.3690863,1,0,0,0,0,0,0,0,0.0,0.0,0.0,0.0,0.0,0.0,0.0,0.0,1
50,26.0,1,182.0,125.0,57.0,4.5494504,0.010989011,42.94737,30.445055,2017M08,5,2.0,0.0,0.0,0.0,5.2040067,4.828314,4.0430512,3.7599754,0,1,0,0,0,0,0,0,0.0,1.0,0.0,0.0,0.0,0.0,0.0,0.0,1
51,26.0,0,5.0,5.0,5.0,4.0,0.6,319.8,2025.8,2017M08,5,2.0,0.0,0.0,0.0,1.609438,1.609438,1.609438,5.767696,0,1,0,0,0,0,0,0,0.0,0.0,0.0,0.0,0.0,0.0,0.0,0.0,1
52,27.0,1,197.0,143.0,54.0,4.395939,0.0,53.333332,62.994923,2017M09,5,3.0,0.0,0.0,0.0,5.2832036,4.962845,3.988984,3.9765615,0,0,1,0,0,0,0,0,0.0,0.0,1.0,0.0,0.0,0.0,0.0,0.0,1
53,27.0,0,8.0,8.0,8.0,4.25,0.75,433.875,705.5,2017M09,5,3.0,0.0,0.0,0.0,2.0794415,2.0794415,2.0794415,6.0727563,0,0,1,0,0,0,0,0,0.0,0.0,0.0,0.0,0.0,0.0,0.0,0.0,1
54,28.0,1,168.0,119.0,49.0,4.446429,0.0,46.67347,46.25595,2017M10,5,4.0,0.0,0.0,0.0,5.123964,4.7791233,3.8918202,3.843176,0,0,0,1,0,0,0,0,0.0,0.0,0.0,1.0,0.0,0.0,0.0,0.0,1
55,28.0,0,2.0,2.0,2.0,4.5,1.0,267.0,1435.0,2017M10,5,4.0,0.0,0.0,0.0,0.6931472,0.6931472,0.6931472,5.587249,0,0,0,1,0,0,0,0,0.0,0.0,0.0,0.0,0.0,0.0,0.0,0.0,1
56,29.0,1,125.0,92.0,33.0,4.696,0.0,75.42424,47.664,2018M07,5,5.0,1.0,1.0,1.0,4.828314,4.5217886,3.4965076,4.3231287,0,0,0,0,1,0,0,0,0.0,0.0,0.0,0.0,1.0,0.0,0.0,0.0,1
57,29.0,0,1.0,1.0,1.0,5.0,1.0,302.0,252.0,2018M07,5,5.0,1.0,1.0,0.0,0.0,0.0,0.0,5.710427,0,0,0,0,1,0,0,0,0.0,0.0,0.0,0.0,0.0,0.0,0.0,0.0,1
58,30.0,1,129.0,89.0,40.0,4.5348835,0.007751938,80.5,47.51938,2018M08,5,6.0,1.0,1.0,1.0,4.8598123,4.4886365,3.6888795,4.388257,0,0,0,0,0,1,0,0,0.0,0.0,0.0,0.0,0.0,1.0,0.0,0.0,1
59,30.0,0,4.0,4.0,4.0,4.75,0.75,231.75,472.5,2018M08,5,6.0,1.0,1.0,0.0,1.3862944,1.3862944,1.3862944,5.445659,0,0,0,0,0,1,0,0,0.0,0.0,0.0,0.0,0.0,0.0,0.0,0.0,1
60,31.0,1,86.0,53.0,33.0,4.5465117,0.011627907,49.030304,43.581394,2018M09,5,7.0,1.0,1.0,1.0,4.454347,3.9702919,3.4965076,3.8924387,0,0,0,0,0,0,1,0,0.0,0.0,0.0,0.0,0.0,0.0,1.0,0.0,1
61,31.0,0,2.0,2.0,2.0,5.0,0.0,662.0,710.0,2018M09,5,7.0,1.0,1.0,0.0,0.6931472,0.6931472,0.6931472,6.4952655,0,0,0,0,0,0,1,0,0.0,0.0,0.0,0.0,0.0,0.0,0.0,0.0,1
62,32.0,1,59.0,32.0,27.0,4.745763,0.0,156.11111,42.59322,2018M10,5,8.0,1.0,1.0,1.0,4.0775375,3.465736,3.295837,5.050568,0,0,0,0,0,0,0,1,0.0,0.0,0.0,0.0,0.0,0.0,0.0,1.0,1
63,32.0,0,1.0,1.0,1.0,3.0,1.0,157.0,1588.0,2018M10,5,8.0,1.0,1.0,0.0,0.0,0.0,0.0,5.056246,0,0,0,0,0,0,0,1,0.0,0.0,0.0,0.0,0.0,0.0,0.0,0.0,1
64,33.0,1,187.0,136.0,51.0,4.171123,0.01604278,84.09804,19.898396,2017M07,6,1.0,0.0,0.0,0.0,5.2311087,4.912655,3.9318256,4.4319835,1,0,0,0,0,0,0,0,1.0,0.0,0.0,0.0,0.0,0.0,0.0,0.0,1
65,33.0,0,1.0,1.0,1.0,3.0,1.0,616.0,4066.0,2017M07,6,1.0,0.0,0.0,0.0,0.0,0.0,0.0,6.423247,1,0,0,0,0,0,0,0,0.0,0.0,0.0,0.0,0.0,0.0,0.0,0.0,1
66,34.0,1,197.0,126.0,71.0,4.390863,0.005076142,56.507042,35.502537,2017M08,6,2.0,0.0,0.0,0.0,5.2832036,4.836282,4.26268,4.034365,0,1,0,0,0,0,0,0,0.0,1.0,0.0,0.0,0.0,0.0,0.0,0.0,1
67,34.0,0,3.0,3.0,3.0,4.6666665,1.0,368.33334,1171.6666,2017M08,6,2.0,0.0,0.0,0.0,1.0986123,1.0986123,1.0986123,5.9089885,0,1,0,0,0,0,0,0,0.0,0.0,0.0,0.0,0.0,0.0,0.0,0.0,1
68,35.0,1,226.0,157.0,69.0,4.3141594,0.0044247787,81.78261,18.296461,2017M09,6,3.0,0.0,0.0,0.0,5.420535,5.056246,4.2341065,4.4040647,0,0,1,0,0,0,0,0,0.0,0.0,1.0,0.0,0.0,0.0,0.0,0.0,1
69,35.0,0,4.0,4.0,4.0,4.5,1.0,388.5,223.75,2017M09,6,3.0,0.0,0.0,0.0,1.3862944,1.3862944,1.3862944,5.962293,0,0,1,0,0,0,0,0,0.0,0.0,0.0,0.0,0.0,0.0,0.0,0.0,1
70,36.0,1,188.0,128.0,60.0,4.324468,0.015957447,73.95,31.882978,2017M10,6,4.0,0.0,0.0,0.0,5.236442,4.8520303,4.0943446,4.303389,0,0,0,1,0,0,0,0,0.0,0.0,0.0,1.0,0.0,0.0,0.0,0.0,1
71,36.0,0,5.0,5.0,5.0,4.4,1.0,1034.6,696.6,2017M10,6,4.0,0.0,0.0,0.0,1.609438,1.609438,1.609438,6.94177,0,0,0,1,0,0,0,0,0.0,0.0,0.0,0.0,0.0,0.0,0.0,0.0,1
72,37.0,1,146.0,102.0,44.0,4.3287673,0.020547945,94.22727,25.924658,2018M07,6,5.0,1.0,1.0,1.0,4.983607,4.624973,3.7841897,4.5457096,0,0,0,0,1,0,0,0,0.0,0.0,0.0,0.0,1.0,0.0,0.0,0.0,1
73,37.0,0,3.0,3.0,3.0,4.3333335,1.0,195.66667,1183.0,2018M07,6,5.0,1.0,1.0,0.0,1.0986123,1.0986123,1.0986123,5.2764125,0,0,0,0,1,0,0,0,0.0,0.0,0.0,0.0,0.0,0.0,0.0,0.0,1
74,38.0,1,132.0,99.0,33.0,4.4545455,0.022727273,91.242424,24.242424,2018M08,6,6.0,1.0,1.0,1.0,4.882802,4.59512,3.4965076,4.51352,0,0,0,0,0,1,0,0,0.0,0.0,0.0,0.0,0.0,1.0,0.0,0.0,1
75,38.0,0,4.0,4.0,4.0,4.75,0.75,226.75,447.0,2018M08,6,6.0,1.0,1.0,0.0,1.3862944,1.3862944,1.3862944,5.423848,0,0,0,0,0,1,0,0,0.0,0.0,0.0,0.0,0.0,0.0,0.0,0.0,1
76,39.0,1,110.0,60.0,50.0,4.390909,0.0,153.86,35.336365,2018M09,6,7.0,1.0,1.0,1.0,4.7004805,4.0943446,3.912023,5.036043,0,0,0,0,0,0,1,0,0.0,0.0,0.0,0.0,0.0,0.0,1.0,0.0,1
77,39.0,0,2.0,2.0,2.0,3.0,1.0,252.5,185.5,2018M09,6,7.0,1.0,1.0,0.0,0.6931472,0.6931472,0.6931472,5.531411,0,0,0,0,0,0,1,0,0.0,0.0,0.0,0.0,0.0,0.0,0.0,0.0,1
78,40.0,1,89.0,50.0,39.0,4.4606743,0.0,76.69231,39.179775,2018M10,6,8.0,1.0,1.0,1.0,4.4886365,3.912023,3.6635616,4.3398013,0,0,0,0,0,0,0,1,0.0,0.0,0.0,0.0,0.0,0.0,0.0,1.0,1
79,40.0,0,1.0,1.0,1.0,5.0,1.0,138.0,58.0,2018M10,6,8.0,1.0,1.0,0.0,0.0,0.0,0.0,4.9272537,0,0,0,0,0,0,0,1,0.0,0.0,0.0,0.0,0.0,0.0,0.0,0.0,1
80,41.0,1,167.0,107.0,60.0,4.473054,0.005988024,74.933334,62.976048,2017M07,7,1.0,0.0,0.0,0.0,5.117994,4.6728287,4.0943446,4.316599,1,0,0,0,0,0,0,0,1.0,0.0,0.0,0.0,0.0,0.0,0.0,0.0,1
81,41.0,0,5.0,5.0,5.0,3.6,0.6,375.4,1981.8,2017M07,7,1.0,0.0,0.0,0.0,1.609438,1.609438,1.609438,5.9279923,1,0,0,0,0,0,0,0,0.0,0.0,0.0,0.0,0.0,0.0,0.0,0.0,1
82,42.0,1,280.0,193.0,87.0,4.492857,0.010714286,52.16092,42.275,2017M08,7,2.0,0.0,0.0,0.0,5.6347895,5.26269,4.465908,3.9543335,0,1,0,0,0,0,0,0,0.0,1.0,0.0,0.0,0.0,0.0,0.0,0.0,1
83,42.0,0,5.0,5.0,5.0,3.6,0.2,243.8,873.4,2017M08,7,2.0,0.0,0.0,0.0,1.609438,1.609438,1.609438,5.4963484,0,1,0,0,0,0,0,0,0.0,0.0,0.0,0.0,0.0,0.0,0.0,0.0,1
84,43.0,1,247.0,164.0,83.0,4.493927,0.004048583,45.92771,41.83806,2017M09,7,3.0,0.0,0.0,0.0,5.5093884,5.0998664,4.4188404,3.8270686,0,0,1,0,0,0,0,0,0.0,0.0,1.0,0.0,0.0,0.0,0.0,0.0,1
85,43.0,0,6.0,6.0,6.0,3.3333333,0.5,304.66666,1525.0,2017M09,7,3.0,0.0,0.0,0.0,1.7917595,1.7917595,1.7917595,5.7192183,0,0,1,0,0,0,0,0,0.0,0.0,0.0,0.0,0.0,0.0,0.0,0.0,1
86,44.0,1,173.0,111.0,62.0,4.5953755,0.0,44.29032,34.312138,2017M10,7,4.0,0.0,0.0,0.0,5.1532917,4.7095304,4.1271343,3.7907662,0,0,0,1,0,0,0,0,0.0,0.0,0.0,1.0,0.0,0.0,0.0,0.0,1
87,44.0,0,6.0,6.0,6.0,3.8333333,0.6666667,276.66666,1029.8334,2017M10,7,4.0,0.0,0.0,0.0,1.7917595,1.7917595,1.7917595,5.622813,0,0,0,1,0,0,0,0,0.0,0.0,0.0,0.0,0.0,0.0,0.0,0.0,1
88,45.0,1,92.0,58.0,34.0,4.695652,0.010869565,57.294117,55.934784,2018M07,7,5.0,1.0,1.0,1.0,4.5217886,4.060443,3.5263605,4.0481977,0,0,0,0,1,0,0,0,0.0,0.0,0.0,0.0,1.0,0.0,0.0,0.0,1
89,45.0,0,8.0,8.0,8.0,3.875,0.625,257.0,1046.875,2018M07,7,5.0,1.0,1.0,0.0,2.0794415,2.0794415,2.0794415,5.549076,0,0,0,0,1,0,0,0,0.0,0.0,0.0,0.0,0.0,0.0,0.0,0.0,1
90,46.0,1,154.0,100.0,54.0,4.6753244,0.0064935065,76.666664,56.577923,2018M08,7,6.0,1.0,1.0,1.0,5.0369525,4.6051702,3.988984,4.339467,0,0,0,0,0,1,0,0,0.0,0.0,0.0,0.0,0.0,1.0,0.0,0.0,1
91,46.0,0,8.0,8.0,8.0,4.0,0.25,264.75,1214.375,2018M08,7,6.0,1.0,1.0,0.0,2.0794415,2.0794415,2.0794415,5.578786,0,0,0,0,0,1,0,0,0.0,0.0,0.0,0.0,0.0,0.0,0.0,0.0,1
92,47.0,1,127.0,81.0,46.0,4.5118113,0.0,75.21739,39.25197,2018M09,7,7.0,1.0,1.0,1.0,4.8441873,4.394449,3.8286414,4.3203826,0,0,0,0,0,0,1,0,0.0,0.0,0.0,0.0,0.0,0.0,1.0,0.0,1
93,47.0,0,6.0,6.0,6.0,3.8333333,0.5,226.0,703.6667,2018M09,7,7.0,1.0,1.0,0.0,1.7917595,1.7917595,1.7917595,5.420535,0,0,0,0,0,0,1,0,0.0,0.0,0.0,0.0,0.0,0.0,0.0,0.0,1
94,48.0,1,82.0,51.0,31.0,4.4634147,0.024390243,87.67742,55.121952,2018M10,7,8.0,1.0,1.0,1.0,4.406719,3.9318256,3.4339871,4.4736643,0,0,0,0,0,0,0,1,0.0,0.0,0.0,0.0,0.0,0.0,0.0,1.0,1
95,48.0,0,5.0,5.0,5.0,3.8,0.6,332.8,1722.6,2018M10,7,8.0,1.0,1.0,0.0,1.609438,1.609438,1.609438,5.807542,0,0,0,0,0,0,0,1,0.0,0.0,0.0,0.0,0.0,0.0,0.0,0.0,1
96,49.0,1,198.0,113.0,85.0,4.520202,0.01010101,56.729412,48.833332,2017M07,8,1.0,0.0,0.0,0.0,5.288267,4.727388,4.4426513,4.038293,1,0,0,0,0,0,0,0,1.0,0.0,0.0,0.0,0.0,0.0,0.0,0.0,1
97,49.0,0,25.0,25.0,25.0,4.56,0.76,239.12,401.2,2017M07,8,1.0,0.0,0.0,0.0,3.218876,3.218876,3.218876,5.4769654,1,0,0,0,0,0,0,0,0.0,0.0,0.0,0.0,0.0,0.0,0.0,0.0,1
98,50.0,1,239.0,156.0,83.0,4.4309626,0.012552301,64.86747,38.41004,2017M08,8,2.0,0.0,0.0,0.0,5.4764633,5.049856,4.4188404,4.172346,0,1,0,0,0,0,0,0,0.0,1.0,0.0,0.0,0.0,0.0,0.0,0.0,1
99,50.0,0,29.0,29.0,29.0,4.448276,0.79310346,211.58621,271.17242,2017M08,8,2.0,0.0,0.0,0.0,3.3672957,3.3672957,3.3672957,5.3546324,0,1,0,0,0,0,0,0,0.0,0.0,0.0,0.0,0.0,0.0,0.0,0.0,1
100,51.0,1,286.0,190.0,96.0,4.4370627,0.013986014,57.0,28.26923,2017M09,8,3.0,0.0,0.0,0.0,5.655992,5.247024,4.564348,4.0430512,0,0,1,0,0,0,0,0,0.0,0.0,1.0,0.0,0.0,0.0,0.0,0.0,1
101,51.0,0,21.0,21.0,21.0,3.5714285,0.61904764,295.4762,291.09525,2017M09,8,3.0,0.0,0.0,0.0,3.0445225,3.0445225,3.0445225,5.688588,0,0,1,0,0,0,0,0,0.0,0.0,0.0,0.0,0.0,0.0,0.0,0.0,1
102,52.0,1,230.0,154.0,76.0,4.4,0.008695652,80.36842,38.404346,2017M10,8,4.0,0.0,0.0,0.0,5.4380794,5.0369525,4.3307333,4.3866215,0,0,0,1,0,0,0,0,0.0,0.0,0.0,1.0,0.0,0.0,0.0,0.0,1
103,52.0,0,21.0,21.0,21.0,4.285714,0.85714287,231.38095,195.61905,2017M10,8,4.0,0.0,0.0,0.0,3.0445225,3.0445225,3.0445225,5.4440656,0,0,0,1,0,0,0,0,0.0,0.0,0.0,0.0,0.0,0.0,0.0,0.0,1
104,53.0,1,499.0,328.0,171.0,4.4529057,0.004008016,72.70175,24.981964,2018M07,8,5.0,1.0,1.0,1.0,6.212606,5.7930136,5.1416636,4.2863655,0,0,0,0,1,0,0,0,0.0,0.0,0.0,0.0,1.0,0.0,0.0,0.0,1
105,53.0,0,16.0,16.0,16.0,4.625,0.625,198.5625,355.3125,2018M07,8,5.0,1.0,1.0,0.0,2.7725887,2.7725887,2.7725887,5.291104,0,0,0,0,1,0,0,0,0.0,0.0,0.0,0.0,0.0,0.0,0.0,0.0,1
106,54.0,1,590.0,401.0,189.0,4.4338984,0.0050847456,77.031746,27.467796,2018M08,8,6.0,1.0,1.0,1.0,6.3801227,5.9939613,5.241747,4.344218,0,0,0,0,0,1,0,0,0.0,0.0,0.0,0.0,0.0,1.0,0.0,0.0,1
107,54.0,0,24.0,24.0,24.0,4.1666665,0.7083333,249.66667,277.58334,2018M08,8,6.0,1.0,1.0,0.0,3.1780539,3.1780539,3.1780539,5.520127,0,0,0,0,0,1,0,0,0.0,0.0,0.0,0.0,0.0,0.0,0.0,0.0,1
108,55.0,1,211.0,135.0,76.0,4.4834123,0.014218009,80.63158,47.98104,2018M09,8,7.0,1.0,1.0,1.0,5.351858,4.905275,4.3307333,4.38989,0,0,0,0,0,0,1,0,0.0,0.0,0.0,0.0,0.0,0.0,1.0,0.0,1
109,55.0,0,11.0,11.0,11.0,4.0,0.54545456,245.81818,345.72726,2018M09,8,7.0,1.0,1.0,0.0,2.3978953,2.3978953,2.3978953,5.504592,0,0,0,0,0,0,1,0,0.0,0.0,0.0,0.0,0.0,0.0,0.0,0.0,1
110,56.0,1,213.0,103.0,110.0,4.568075,0.0046948357,86.354546,64.07981,2018M10,8,8.0,1.0,1.0,1.0,5.3612924,4.634729,4.7004805,4.4584613,0,0,0,0,0,0,0,1,0.0,0.0,0.0,0.0,0.0,0.0,0.0,1.0,1
111,56.0,0,17.0,17.0,17.0,4.352941,0.5294118,319.35294,631.64703,2018M10,8,8.0,1.0,1.0,0.0,2.8332133,2.8332133,2.8332133,5.766297,0,0,0,0,0,0,0,1,0.0,0.0,0.0,0.0,0.0,0.0,0.0,0.0,1
112,57.0,1,139.0,83.0,56.0,4.589928,0.02877698,66.78571,44.352516,2017M07,9,1.0,0.0,0.0,0.0,4.934474,4.4188404,4.0253515,4.201489,1,0,0,0,0,0,0,0,1.0,0.0,0.0,0.0,0.0,0.0,0.0,0.0,1
113,57.0,0,18.0,18.0,18.0,4.0,0.8888889,183.61111,344.77777,2017M07,9,1.0,0.0,0.0,0.0,2.8903718,2.8903718,2.8903718,5.21282,1,0,0,0,0,0,0,0,0.0,0.0,0.0,0.0,0.0,0.0,0.0,0.0,1
114,58.0,1,152.0,95.0,57.0,4.5986843,0.0,76.38596,37.29605,2017M08,9,2.0,0.0,0.0,0.0,5.0238805,4.553877,4.0430512,4.3357987,0,1,0,0,0,0,0,0,0.0,1.0,0.0,0.0,0.0,0.0,0.0,0.0,1
115,58.0,0,16.0,16.0,16.0,4.0625,0.75,292.0625,1105.1875,2017M08,9,2.0,0.0,0.0,0.0,2.7725887,2.7725887,2.7725887,5.6769676,0,1,0,0,0,0,0,0,0.0,0.0,0.0,0.0,0.0,0.0,0.0,0.0,1
116,59.0,1,202.0,138.0,64.0,4.5940595,0.004950495,50.15625,31.163366,2017M09,9,3.0,0.0,0.0,0.0,5.3082676,4.9272537,4.158883,3.9151433,0,0,1,0,0,0,0,0,0.0,0.0,1.0,0.0,0.0,0.0,0.0,0.0,1
117,59.0,0,28.0,28.0,28.0,4.214286,0.8214286,245.96428,255.03572,2017M09,9,3.0,0.0,0.0,0.0,3.3322046,3.3322046,3.3322046,5.505186,0,0,1,0,0,0,0,0,0.0,0.0,0.0,0.0,0.0,0.0,0.0,0.0,1
118,60.0,1,224.0,140.0,84.0,4.571429,0.004464286,60.67857,36.825893,2017M10,9,4.0,0.0,0.0,0.0,5.411646,4.9416423,4.4308167,4.105591,0,0,0,1,0,0,0,0,0.0,0.0,0.0,1.0,0.0,0.0,0.0,0.0,1
119,60.0,0,20.0,20.0,20.0,4.2,0.7,286.6,828.2,2017M10,9,4.0,0.0,0.0,0.0,2.9957323,2.9957323,2.9957323,5.6580877,0,0,0,1,0,0,0,0,0.0,0.0,0.0,0.0,0.0,0.0,0.0,0.0,1
120,61.0,1,155.0,97.0,58.0,4.5741935,0.006451613,84.86207,32.780643,2018M07,9,5.0,1.0,1.0,1.0,5.043425,4.574711,4.060443,4.441027,0,0,0,0,1,0,0,0,0.0,0.0,0.0,0.0,1.0,0.0,0.0,0.0,1
121,61.0,0,10.0,10.0,10.0,4.1,0.7,284.3,266.3,2018M07,9,5.0,1.0,1.0,0.0,2.3025851,2.3025851,2.3025851,5.65003,0,0,0,0,1,0,0,0,0.0,0.0,0.0,0.0,0.0,0.0,0.0,0.0,1
122,62.0,1,188.0,110.0,78.0,4.574468,0.005319149,65.371796,36.425533,2018M08,9,6.0,1.0,1.0,1.0,5.236442,4.7004805,4.356709,4.180091,0,0,0,0,0,1,0,0,0.0,0.0,0.0,0.0,0.0,1.0,0.0,0.0,1
123,62.0,0,13.0,13.0,13.0,4.230769,0.9230769,229.76923,144.3077,2018M08,9,6.0,1.0,1.0,0.0,2.5649493,2.5649493,2.5649493,5.4370756,0,0,0,0,0,1,0,0,0.0,0.0,0.0,0.0,0.0,0.0,0.0,0.0,1
124,63.0,1,155.0,94.0,61.0,4.612903,0.006451613,60.245903,40.8,2018M09,9,7.0,1.0,1.0,1.0,5.043425,4.543295,4.1108737,4.0984344,0,0,0,0,0,0,1,0,0.0,0.0,0.0,0.0,0.0,0.0,1.0,0.0,1
125,63.0,0,12.0,12.0,12.0,4.1666665,0.75,202.58333,992.9167,2018M09,9,7.0,1.0,1.0,0.0,2.4849067,2.4849067,2.4849067,5.3111515,0,0,0,0,0,0,1,0,0.0,0.0,0.0,0.0,0.0,0.0,0.0,0.0,1
126,64.0,1,156.0,95.0,61.0,4.5576925,0.0,64.459015,42.294872,2018M10,9,8.0,1.0,1.0,1.0,5.049856,4.553877,4.1108737,4.1660295,0,0,0,0,0,0,0,1,0.0,0.0,0.0,0.0,0.0,0.0,0.0,1.0,1
127,64.0,0,11.0,11.0,11.0,4.090909,0.8181818,319.27274,853.2727,2018M10,9,8.0,1.0,1.0,0.0,2.3978953,2.3978953,2.3978953,5.7660456,0,0,0,0,0,0,0,1,0.0,0.0,0.0,0.0,0.0,0.0,0.0,0.0,1
128,65.0,1,224.0,132.0,92.0,4.629464,0.004464286,68.108696,56.736607,2017M07,10,1.0,0.0,0.0,0.0,5.411646,4.882802,4.5217886,4.221105,1,0,0,0,0,0,0,0,1.0,0.0,0.0,0.0,0.0,0.0,0.0,0.0,1
129,65.0,0,19.0,19.0,19.0,4.4210525,0.5263158,380.4737,367.4737,2017M07,10,1.0,0.0,0.0,0.0,2.944439,2.944439,2.944439,5.941417,1,0,0,0,0,0,0,0,0.0,0.0,0.0,0.0,0.0,0.0,0.0,0.0,1
130,66.0,1,271.0,185.0,86.0,4.4575644,0.0,52.569767,44.531364,2017M08,10,2.0,0.0,0.0,0.0,5.602119,5.220356,4.454347,3.9621413,0,1,0,0,0,0,0,0,0.0,1.0,0.0,0.0,0.0,0.0,0.0,0.0,1
131,66.0,0,22.0,22.0,22.0,4.318182,0.8181818,414.72726,434.9091,2017M08,10,2.0,0.0,0.0,0.0,3.0910425,3.0910425,3.0910425,6.0276213,0,1,0,0,0,0,0,0,0.0,0.0,0.0,0.0,0.0,0.0,0.0,0.0,1
132,67.0,1,283.0,199.0,84.0,4.466431,0.0,55.309525,40.657246,2017M09,10,3.0,0.0,0.0,0.0,5.645447,5.293305,4.4308167,4.012945,0,0,1,0,0,0,0,0,0.0,0.0,1.0,0.0,0.0,0.0,0.0,0.0,1
133,67.0,0,9.0,9.0,9.0,4.5555553,0.6666667,289.33334,806.2222,2017M09,10,3.0,0.0,0.0,0.0,2.1972246,2.1972246,2.1972246,5.6675797,0,0,1,0,0,0,0,0,0.0,0.0,0.0,0.0,0.0,0.0,0.0,0.0,1
134,68.0,1,218.0,144.0,74.0,4.477064,0.0045871558,60.216217,41.091743,2017M10,10,4.0,0.0,0.0,0.0,5.3844953,4.9698133,4.304065,4.097942,0,0,0,1,0,0,0,0,0.0,0.0,0.0,1.0,0.0,0.0,0.0,0.0,1
135,68.0,0,14.0,14.0,14.0,4.428571,0.78571427,297.14285,977.2857,2017M10,10,4.0,0.0,0.0,0.0,2.6390574,2.6390574,2.6390574,5.694213,0,0,0,1,0,0,0,0,0.0,0.0,0.0,0.0,0.0,0.0,0.0,0.0,1
136,69.0,1,148.0,86.0,62.0,4.608108,0.0,81.30645,63.094593,2018M07,10,5.0,1.0,1.0,1.0,4.9972124,4.454347,4.1271343,4.3982253,0,0,0,0,1,0,0,0,0.0,0.0,0.0,0.0,1.0,0.0,0.0,0.0,1
137,69.0,0,6.0,6.0,6.0,4.3333335,1.0,357.66666,217.66667,2018M07,10,5.0,1.0,1.0,0.0,1.7917595,1.7917595,1.7917595,5.8796015,0,0,0,0,1,0,0,0,0.0,0.0,0.0,0.0,0.0,0.0,0.0,0.0,1
138,70.0,1,161.0,110.0,51.0,4.614907,0.0062111802,88.27451,41.47826,2018M08,10,6.0,1.0,1.0,1.0,5.081404,4.7004805,3.9318256,4.4804516,0,0,0,0,0,1,0,0,0.0,0.0,0.0,0.0,0.0,1.0,0.0,0.0,1
139,70.0,0,7.0,7.0,7.0,4.571429,0.5714286,289.2857,2575.8572,2018M08,10,6.0,1.0,1.0,0.0,1.9459101,1.9459101,1.9459101,5.6674147,0,0,0,0,0,1,0,0,0.0,0.0,0.0,0.0,0.0,0.0,0.0,0.0,1
140,71.0,1,137.0,87.0,50.0,4.467153,0.0,49.3,77.71533,2018M09,10,7.0,1.0,1.0,1.0,4.919981,4.465908,3.912023,3.897924,0,0,0,0,0,0,1,0,0.0,0.0,0.0,0.0,0.0,0.0,1.0,0.0,1
141,71.0,0,12.0,12.0,12.0,4.5833335,0.5833333,404.5,743.9167,2018M09,10,7.0,1.0,1.0,0.0,2.4849067,2.4849067,2.4849067,6.0026517,0,0,0,0,0,0,1,0,0.0,0.0,0.0,0.0,0.0,0.0,0.0,0.0,1
142,72.0,1,123.0,83.0,40.0,4.5609756,0.008130081,59.1,85.349594,2018M10,10,8.0,1.0,1.0,1.0,4.8121843,4.4188404,3.6888795,4.079231,0,0,0,0,0,0,0,1,0.0,0.0,0.0,0.0,0.0,0.0,0.0,1.0,1
143,72.0,0,4.0,4.0,4.0,4.0,0.75,335.0,189.5,2018M10,10,8.0,1.0,1.0,0.0,1.3862944,1.3862944,1.3862944,5.8141303,0,0,0,0,0,0,0,1,0.0,0.0,0.0,0.0,0.0,0.0,0.0,0.0,1
144,73.0,1,93.0,53.0,40.0,4.408602,0.0,81.55,58.698925,2017M07,11,1.0,0.0,0.0,0.0,4.5325994,3.9702919,3.6888795,4.4012165,1,0,0,0,0,0,0,0,1.0,0.0,0.0,0.0,0.0,0.0,0.0,0.0,1
145,73.0,0,7.0,7.0,7.0,4.142857,0.2857143,323.0,1202.0,2017M07,11,1.0,0.0,0.0,0.0,1.9459101,1.9459101,1.9459101,5.7776523,1,0,0,0,0,0,0,0,0.0,0.0,0.0,0.0,0.0,0.0,0.0,0.0,1
146,74.0,1,132.0,86.0,46.0,4.1666665,0.030303031,64.695656,26.886364,2017M08,11,2.0,0.0,0.0,0.0,4.882802,4.454347,3.8286414,4.169694,0,1,0,0,0,0,0,0,0.0,1.0,0.0,0.0,0.0,0.0,0.0,0.0,1
147,74.0,0,7.0,7.0,7.0,3.7142856,0.71428573,238.0,672.0,2017M08,11,2.0,0.0,0.0,0.0,1.9459101,1.9459101,1.9459101,5.4722705,0,1,0,0,0,0,0,0,0.0,0.0,0.0,0.0,0.0,0.0,0.0,0.0,1
148,75.0,1,170.0,115.0,55.0,4.352941,0.011764706,55.98182,40.317646,2017M09,11,3.0,0.0,0.0,0.0,5.1357985,4.744932,4.0073333,4.025027,0,0,1,0,0,0,0,0,0.0,0.0,1.0,0.0,0.0,0.0,0.0,0.0,1
149,75.0,0,7.0,7.0,7.0,4.0,0.5714286,258.7143,909.0,2017M09,11,3.0,0.0,0.0,0.0,1.9459101,1.9459101,1.9459101,5.555724,0,0,1,0,0,0,0,0,0.0,0.0,0.0,0.0,0.0,0.0,0.0,0.0,1
150,76.0,1,132.0,86.0,46.0,4.340909,0.0,61.52174,37.227272,2017M10,11,4.0,0.0,0.0,0.0,4.882802,4.454347,3.8286414,4.1193905,0,0,0,1,0,0,0,0,0.0,0.0,0.0,1.0,0.0,0.0,0.0,0.0,1
151,76.0,0,6.0,6.0,6.0,3.8333333,0.8333333,191.83333,291.33334,2017M10,11,4.0,0.0,0.0,0.0,1.7917595,1.7917595,1.7917595,5.256627,0,0,0,1,0,0,0,0,0.0,0.0,0.0,0.0,0.0,0.0,0.0,0.0,1
152,77.0,1,156.0,104.0,52.0,4.3910255,0.012820513,50.576923,33.73718,2018M07,11,5.0,1.0,1.0,1.0,5.049856,4.644391,3.9512436,3.9234955,0,0,0,0,1,0,0,0,0.0,0.0,0.0,0.0,1.0,0.0,0.0,0.0,1
153,77.0,0,5.0,5.0,5.0,4.0,0.8,240.0,838.0,2018M07,11,5.0,1.0,1.0,0.0,1.609438,1.609438,1.609438,5.480639,0,0,0,0,1,0,0,0,0.0,0.0,0.0,0.0,0.0,0.0,0.0,0.0,1
154,78.0,1,202.0,125.0,77.0,4.3960395,0.004950495,79.766235,87.11881,2018M08,11,6.0,1.0,1.0,1.0,5.3082676,4.828314,4.3438053,4.3791003,0,0,0,0,0,1,0,0,0.0,0.0,0.0,0.0,0.0,1.0,0.0,0.0,1
155,78.0,0,5.0,5.0,5.0,4.2,0.6,754.8,841.0,2018M08,11,6.0,1.0,1.0,0.0,1.609438,1.609438,1.609438,6.626453,0,0,0,0,0,1,0,0,0.0,0.0,0.0,0.0,0.0,0.0,0.0,0.0,1
156,79.0,1,166.0,106.0,60.0,4.566265,0.0,57.766666,35.746986,2018M09,11,7.0,1.0,1.0,1.0,5.1119876,4.6634393,4.0943446,4.0564117,0,0,0,0,0,0,1,0,0.0,0.0,0.0,0.0,0.0,0.0,1.0,0.0,1
157,79.0,0,8.0,8.0,8.0,4.0,0.5,276.875,1656.75,2018M09,11,7.0,1.0,1.0,0.0,2.0794415,2.0794415,2.0794415,5.623566,0,0,0,0,0,0,1,0,0.0,0.0,0.0,0.0,0.0,0.0,0.0,0.0,1
158,80.0,1,143.0,99.0,44.0,4.4335666,0.013986014,93.09091,48.545456,2018M10,11,8.0,1.0,1.0,1.0,4.962845,4.59512,3.7841897,4.5335765,0,0,0,0,0,0,0,1,0.0,0.0,0.0,0.0,0.0,0.0,0.0,1.0,1
159,80.0,0,9.0,9.0,9.0,4.3333335,0.8888889,389.8889,950.3333,2018M10,11,8.0,1.0,1.0,0.0,2.1972246,2.1972246,2.1972246,5.965862,0,0,0,0,0,0,0,1,0.0,0.0,0.0,0.0,0.0,0.0,0.0,0.0,1
160,81.0,1,53.0,27.0,26.0,4.3207545,0.0,57.384617,104.81132,2017M07,12,1.0,0.0,0.0,0.0,3.9702919,3.295837,3.2580965,4.049776,1,0,0,0,0,0,0,0,1.0,0.0,0.0,0.0,0.0,0.0,0.0,0.0,1
161,81.0,0,4.0,4.0,4.0,4.25,0.75,380.0,2019.0,2017M07,12,1.0,0.0,0.0,0.0,1.3862944,1.3862944,1.3862944,5.9401712,1,0,0,0,0,0,0,0,0.0,0.0,0.0,0.0,0.0,0.0,0.0,0.0,1
162,82.0,1,49.0,27.0,22.0,4.4897957,0.08163265,59.68182,79.97959,2017M08,12,2.0,0.0,0.0,0.0,3.8918202,3.295837,3.0910425,4.0890274,0,1,0,0,0,0,0,0,0.0,1.0,0.0,0.0,0.0,0.0,0.0,0.0,1
163,82.0,0,6.0,6.0,6.0,3.8333333,0.8333333,246.0,1125.1666,2017M08,12,2.0,0.0,0.0,0.0,1.7917595,1.7917595,1.7917595,5.5053315,0,1,0,0,0,0,0,0,0.0,0.0,0.0,0.0,0.0,0.0,0.0,0.0,1
164,83.0,1,87.0,58.0,29.0,4.367816,0.011494253,59.0,76.63219,2017M09,12,3.0,0.0,0.0,0.0,4.465908,4.060443,3.3672957,4.0775375,0,0,1,0,0,0,0,0,0.0,0.0,1.0,0.0,0.0,0.0,0.0,0.0,1
165,83.0,0,11.0,11.0,11.0,4.3636365,0.8181818,246.45454,827.8182,2017M09,12,3.0,0.0,0.0,0.0,2.3978953,2.3978953,2.3978953,5.5071774,0,0,1,0,0,0,0,0,0.0,0.0,0.0,0.0,0.0,0.0,0.0,0.0,1
166,84.0,1,76.0,40.0,36.0,4.2763157,0.0,57.694443,71.789474,2017M10,12,4.0,0.0,0.0,0.0,4.3307333,3.6888795,3.583519,4.055161,0,0,0,1,0,0,0,0,0.0,0.0,0.0,1.0,0.0,0.0,0.0,0.0,1
167,84.0,0,13.0,13.0,13.0,4.230769,0.7692308,249.3077,454.84616,2017M10,12,4.0,0.0,0.0,0.0,2.5649493,2.5649493,2.5649493,5.5186877,0,0,0,1,0,0,0,0,0.0,0.0,0.0,0.0,0.0,0.0,0.0,0.0,1
168,85.0,1,182.0,127.0,55.0,4.445055,0.0,64.36364,32.64835,2018M07,12,5.0,1.0,1.0,1.0,5.2040067,4.8441873,4.0073333,4.164549,0,0,0,0,1,0,0,0,0.0,0.0,0.0,0.0,1.0,0.0,0.0,0.0,1
169,85.0,0,4.0,4.0,4.0,4.25,0.75,461.75,1464.5,2018M07,12,5.0,1.0,1.0,0.0,1.3862944,1.3862944,1.3862944,6.1350236,0,0,0,0,1,0,0,0,0.0,0.0,0.0,0.0,0.0,0.0,0.0,0.0,1
170,86.0,1,182.0,127.0,55.0,4.532967,0.010989011,60.69091,38.527473,2018M08,12,6.0,1.0,1.0,1.0,5.2040067,4.8441873,4.0073333,4.105794,0,0,0,0,0,1,0,0,0.0,0.0,0.0,0.0,0.0,1.0,0.0,0.0,1
171,86.0,0,3.0,3.0,3.0,4.0,0.33333334,247.0,1644.3334,2018M08,12,6.0,1.0,1.0,0.0,1.0986123,1.0986123,1.0986123,5.5093884,0,0,0,0,0,1,0,0,0.0,0.0,0.0,0.0,0.0,0.0,0.0,0.0,1
172,87.0,1,120.0,66.0,54.0,4.45,0.033333335,58.75926,60.458332,2018M09,12,7.0,1.0,1.0,1.0,4.787492,4.189655,3.988984,4.0734487,0,0,0,0,0,0,1,0,0.0,0.0,0.0,0.0,0.0,0.0,1.0,0.0,1
173,87.0,0,5.0,5.0,5.0,3.6,0.6,308.6,1333.6,2018M09,12,7.0,1.0,1.0,0.0,1.609438,1.609438,1.609438,5.732046,0,0,0,0,0,0,1,0,0.0,0.0,0.0,0.0,0.0,0.0,0.0,0.0,1
174,88.0,1,136.0,91.0,45.0,4.4558825,0.007352941,65.22222,36.65441,2018M10,12,8.0,1.0,1.0,1.0,4.912655,4.5108595,3.8066626,4.1778,0,0,0,0,0,0,0,1,0.0,0.0,0.0,0.0,0.0,0.0,0.0,1.0,1
175,88.0,0,5.0,5.0,5.0,4.0,0.6,227.0,1212.6,2018M10,12,8.0,1.0,1.0,0.0,1.609438,1.609438,1.609438,5.42495,0,0,0,0,0,0,0,1,0.0,0.0,0.0,0.0,0.0,0.0,0.0,0.0,1
176,89.0,1,16.0,4.0,12.0,4.8125,0.0625,71.25,305.625,2017M07,13,1.0,0.0,0.0,0.0,2.7725887,1.3862944,2.4849067,4.266195,1,0,0,0,0,0,0,0,1.0,0.0,0.0,0.0,0.0,0.0,0.0,0.0,1
177,89.0,0,80.0,80.0,80.0,4.65,0.8875,252.5125,245.7,2017M07,13,1.0,0.0,0.0,0.0,4.3820267,4.3820267,4.3820267,5.531461,1,0,0,0,0,0,0,0,0.0,0.0,0.0,0.0,0.0,0.0,0.0,0.0,1
178,90.0,1,26.0,5.0,21.0,4.6923075,0.115384616,95.28571,335.42307,2017M08,13,2.0,0.0,0.0,0.0,3.2580965,1.609438,3.0445225,4.55688,0,1,0,0,0,0,0,0,0.0,1.0,0.0,0.0,0.0,0.0,0.0,0.0,1
179,90.0,0,57.0,57.0,57.0,4.754386,0.877193,310.0702,344.05264,2017M08,13,2.0,0.0,0.0,0.0,4.0430512,4.0430512,4.0430512,5.736799,0,1,0,0,0,0,0,0,0.0,0.0,0.0,0.0,0.0,0.0,0.0,0.0,1
180,91.0,1,30.0,10.0,20.0,4.8,0.13333334,71.4,160.43333,2017M09,13,3.0,0.0,0.0,0.0,3.4011974,2.3025851,2.9957323,4.2682977,0,0,1,0,0,0,0,0,0.0,0.0,1.0,0.0,0.0,0.0,0.0,0.0,1
181,91.0,0,61.0,61.0,61.0,4.803279,0.852459,252.85246,503.57376,2017M09,13,3.0,0.0,0.0,0.0,4.1108737,4.1108737,4.1108737,5.5328064,0,0,1,0,0,0,0,0,0.0,0.0,0.0,0.0,0.0,0.0,0.0,0.0,1
182,92.0,1,13.0,4.0,9.0,4.923077,0.07692308,69.77778,498.23077,2017M10,13,4.0,0.0,0.0,0.0,2.5649493,1.3862944,2.1972246,4.2453156,0,0,0,1,0,0,0,0,0.0,0.0,0.0,1.0,0.0,0.0,0.0,0.0,1
183,92.0,0,80.0,80.0,80.0,4.5375,0.8375,227.1,377.875,2017M10,13,4.0,0.0,0.0,0.0,4.3820267,4.3820267,4.3820267,5.4253902,0,0,0,1,0,0,0,0,0.0,0.0,0.0,0.0,0.0,0.0,0.0,0.0,1
184,93.0,1,42.0,24.0,18.0,4.6666665,0.04761905,144.66667,57.214287,2018M07,13,5.0,1.0,1.0,1.0,3.7376697,3.1780539,2.8903718,4.9744325,0,0,0,0,1,0,0,0,0.0,0.0,0.0,0.0,1.0,0.0,0.0,0.0,1
185,93.0,0,11.0,11.0,11.0,4.6363635,0.6363636,239.27272,571.9091,2018M07,13,5.0,1.0,1.0,0.0,2.3978953,2.3978953,2.3978953,5.477604,0,0,0,0,1,0,0,0,0.0,0.0,0.0,0.0,0.0,0.0,0.0,0.0,1
186,94.0,1,49.0,32.0,17.0,4.5102043,0.020408163,122.82353,60.061226,2018M08,13,6.0,1.0,1.0,1.0,3.8918202,3.465736,2.8332133,4.8107486,0,0,0,0,0,1,0,0,0.0,0.0,0.0,0.0,0.0,1.0,0.0,0.0,1
187,94.0,0,20.0,20.0,20.0,4.75,0.65,249.5,792.4,2018M08,13,6.0,1.0,1.0,0.0,2.9957323,2.9957323,2.9957323,5.519459,0,0,0,0,0,1,0,0,0.0,0.0,0.0,0.0,0.0,0.0,0.0,0.0,1
188,95.0,1,41.0,17.0,24.0,4.634146,0.0,117.125,132.19513,2018M09,13,7.0,1.0,1.0,1.0,3.713572,2.8332133,3.1780539,4.763242,0,0,0,0,0,0,1,0,0.0,0.0,0.0,0.0,0.0,0.0,1.0,0.0,1
189,95.0,0,10.0,10.0,10.0,4.8,1.0,277.7,514.1,2018M09,13,7.0,1.0,1.0,0.0,2.3025851,2.3025851,2.3025851,5.6265416,0,0,0,0,0,0,1,0,0.0,0.0,0.0,0.0,0.0,0.0,0.0,0.0,1
190,96.0,1,37.0,20.0,17.0,4.7297297,0.13513513,113.23529,160.02702,2018M10,13,8.0,1.0,1.0,1.0,3.6109178,2.9957323,2.8332133,4.729468,0,0,0,0,0,0,0,1,0.0,0.0,0.0,0.0,0.0,0.0,0.0,1.0,1
191,96.0,0,14.0,14.0,14.0,4.857143,0.71428573,362.64285,674.6429,2018M10,13,8.0,1.0,1.0,0.0,2.6390574,2.6390574,2.6390574,5.8934183,0,0,0,0,0,0,0,1,0.0,0.0,0.0,0.0,0.0,0.0,0.0,0.0,1
192,97.0,1,66.0,34.0,32.0,4.5454545,0.015151516,54.96875,82.78788,2017M07,14,1.0,0.0,0.0,0.0,4.189655,3.5263605,3.465736,4.006765,1,0,0,0,0,0,0,0,1.0,0.0,0.0,0.0,0.0,0.0,0.0,0.0,1
193,97.0,0,5.0,5.0,5.0,4.6,0.8,248.6,1914.8,2017M07,14,1.0,0.0,0.0,0.0,1.609438,1.609438,1.609438,5.5158453,1,0,0,0,0,0,0,0,0.0,0.0,0.0,0.0,0.0,0.0,0.0,0.0,1
194,98.0,1,58.0,33.0,25.0,4.413793,0.01724138,66.08,102.844826,2017M08,14,2.0,0.0,0.0,0.0,4.060443,3.4965076,3.218876,4.190866,0,1,0,0,0,0,0,0,0.0,1.0,0.0,0.0,0.0,0.0,0.0,0.0,1
195,98.0,0,9.0,9.0,9.0,4.111111,0.44444445,387.66666,2126.4443,2017M08,14,2.0,0.0,0.0,0.0,2.1972246,2.1972246,2.1972246,5.960146,0,1,0,0,0,0,0,0,0.0,0.0,0.0,0.0,0.0,0.0,0.0,0.0,1
196,99.0,1,56.0,36.0,20.0,4.446429,0.035714287,97.55,50.589287,2017M09,14,3.0,0.0,0.0,0.0,4.0253515,3.583519,2.9957323,4.580365,0,0,1,0,0,0,0,0,0.0,0.0,1.0,0.0,0.0,0.0,0.0,0.0,1
197,99.0,0,5.0,5.0,5.0,4.2,0.4,186.0,851.4,2017M09,14,3.0,0.0,0.0,0.0,1.609438,1.609438,1.609438,5.2257466,0,0,1,0,0,0,0,0,0.0,0.0,0.0,0.0,0.0,0.0,0.0,0.0,1
198,100.0,1,48.0,25.0,23.0,4.4375,0.041666668,56.826088,95.708336,2017M10,14,4.0,0.0,0.0,0.0,3.871201,3.218876,3.1354942,4.0399957,0,0,0,1,0,0,0,0,0.0,0.0,0.0,1.0,0.0,0.0,0.0,0.0,1
199,100.0,0,8.0,8.0,8.0,4.125,0.625,326.625,585.25,2017M10,14,4.0,0.0,0.0,0.0,2.0794415,2.0794415,2.0794415,5.7888126,0,0,0,1,0,0,0,0,0.0,0.0,0.0,0.0,0.0,0.0,0.0,0.0,1
200,101.0,1,70.0,41.0,29.0,4.042857,0.0,97.48276,54.214287,2018M07,14,5.0,1.0,1.0,1.0,4.248495,3.713572,3.3672957,4.5796757,0,0,0,0,1,0,0,0,0.0,0.0,0.0,0.0,1.0,0.0,0.0,0.0,1
201,101.0,0,7.0,7.0,7.0,4.428571,0.0,478.0,618.4286,2018M07,14,5.0,1.0,1.0,0.0,1.9459101,1.9459101,1.9459101,6.1696105,0,0,0,0,1,0,0,0,0.0,0.0,0.0,0.0,0.0,0.0,0.0,0.0,1
202,102.0,1,122.0,83.0,39.0,4.4836063,0.008196721,73.17949,46.860657,2018M08,14,6.0,1.0,1.0,1.0,4.804021,4.4188404,3.6635616,4.2929153,0,0,0,0,0,1,0,0,0.0,0.0,0.0,0.0,0.0,1.0,0.0,0.0,1
203,102.0,0,8.0,8.0,8.0,3.875,0.375,262.125,1860.375,2018M08,14,6.0,1.0,1.0,0.0,2.0794415,2.0794415,2.0794415,5.5688214,0,0,0,0,0,1,0,0,0.0,0.0,0.0,0.0,0.0,0.0,0.0,0.0,1
204,103.0,1,86.0,56.0,30.0,4.4534883,0.011627907,65.63333,63.779068,2018M09,14,7.0,1.0,1.0,1.0,4.454347,4.0253515,3.4011974,4.1840835,0,0,0,0,0,0,1,0,0.0,0.0,0.0,0.0,0.0,0.0,1.0,0.0,1
205,103.0,0,8.0,8.0,8.0,3.5,0.375,296.375,1403.0,2018M09,14,7.0,1.0,1.0,0.0,2.0794415,2.0794415,2.0794415,5.6916256,0,0,0,0,0,0,1,0,0.0,0.0,0.0,0.0,0.0,0.0,0.0,0.0,1
206,104.0,1,135.0,87.0,48.0,4.4814816,0.0074074073,68.145836,50.703705,2018M10,14,8.0,1.0,1.0,1.0,4.905275,4.465908,3.871201,4.22165,0,0,0,0,0,0,0,1,0.0,0.0,0.0,0.0,0.0,0.0,0.0,1.0,1
207,104.0,0,2.0,2.0,2.0,4.5,0.5,175.5,611.5,2018M10,14,8.0,1.0,1.0,0.0,0.6931472,0.6931472,0.6931472,5.1676393,0,0,0,0,0,0,0,1,0.0,0.0,0.0,0.0,0.0,0.0,0.0,0.0,1
208,105.0,1,19.0,6.0,13.0,4.631579,0.10526316,89.23077,55.789474,2017M07,15,1.0,0.0,0.0,0.0,2.944439,1.7917595,2.5649493,4.4912257,1,0,0,0,0,0,0,0,1.0,0.0,0.0,0.0,0.0,0.0,0.0,0.0,1
209,105.0,0,13.0,13.0,13.0,4.4615383,0.84615386,299.3846,273.53845,2017M07,15,1.0,0.0,0.0,0.0,2.5649493,2.5649493,2.5649493,5.7017293,1,0,0,0,0,0,0,0,0.0,0.0,0.0,0.0,0.0,0.0,0.0,0.0,1
210,106.0,1,25.0,15.0,10.0,4.12,0.04,77.6,103.44,2017M08,15,2.0,0.0,0.0,0.0,3.218876,2.7080503,2.3025851,4.3515673,0,1,0,0,0,0,0,0,0.0,1.0,0.0,0.0,0.0,0.0,0.0,0.0,1
211,106.0,0,20.0,20.0,20.0,4.4,0.75,519.45,348.05,2017M08,15,2.0,0.0,0.0,0.0,2.9957323,2.9957323,2.9957323,6.2527704,0,1,0,0,0,0,0,0,0.0,0.0,0.0,0.0,0.0,0.0,0.0,0.0,1
212,107.0,1,28.0,17.0,11.0,4.535714,0.035714287,85.0,84.92857,2017M09,15,3.0,0.0,0.0,0.0,3.3322046,2.8332133,2.3978953,4.4426513,0,0,1,0,0,0,0,0,0.0,0.0,1.0,0.0,0.0,0.0,0.0,0.0,1
213,107.0,0,11.0,11.0,11.0,4.0,0.72727275,408.0,307.54544,2017M09,15,3.0,0.0,0.0,0.0,2.3978953,2.3978953,2.3978953,6.011267,0,0,1,0,0,0,0,0,0.0,0.0,0.0,0.0,0.0,0.0,0.0,0.0,1
214,108.0,1,15.0,6.0,9.0,4.4,0.06666667,95.888885,71.4,2017M10,15,4.0,0.0,0.0,0.0,2.7080503,1.7917595,2.1972246,4.56319,0,0,0,1,0,0,0,0,0.0,0.0,0.0,1.0,0.0,0.0,0.0,0.0,1
215,108.0,0,12.0,12.0,12.0,3.9166667,0.5833333,313.0,772.0833,2017M10,15,4.0,0.0,0.0,0.0,2.4849067,2.4849067,2.4849067,5.7462034,0,0,0,1,0,0,0,0,0.0,0.0,0.0,0.0,0.0,0.0,0.0,0.0,1
216,109.0,1,525.0,346.0,179.0,4.5009522,0.0038095238,98.96089,23.527618,2018M07,15,5.0,1.0,1.0,1.0,6.263398,5.846439,5.187386,4.5947247,0,0,0,0,1,0,0,0,0.0,0.0,0.0,0.0,1.0,0.0,0.0,0.0,1
217,109.0,0,9.0,9.0,9.0,4.2222223,0.5555556,341.66666,209.44444,2018M07,15,5.0,1.0,1.0,0.0,2.1972246,2.1972246,2.1972246,5.8338356,0,0,0,0,1,0,0,0,0.0,0.0,0.0,0.0,0.0,0.0,0.0,0.0,1
218,110.0,1,466.0,307.0,159.0,4.3111587,0.0042918455,102.08805,24.757511,2018M08,15,6.0,1.0,1.0,1.0,6.1441855,5.7268476,5.0689044,4.625836,0,0,0,0,0,1,0,0,0.0,0.0,0.0,0.0,0.0,1.0,0.0,0.0,1
219,110.0,0,10.0,10.0,10.0,4.2,0.8,312.1,285.7,2018M08,15,6.0,1.0,1.0,0.0,2.3025851,2.3025851,2.3025851,5.743324,0,0,0,0,0,1,0,0,0.0,0.0,0.0,0.0,0.0,0.0,0.0,0.0,1
220,111.0,1,330.0,218.0,112.0,4.4151516,0.012121212,90.32143,25.733334,2018M09,15,7.0,1.0,1.0,1.0,5.799093,5.3844953,4.7184987,4.5033746,0,0,0,0,0,0,1,0,0.0,0.0,0.0,0.0,0.0,0.0,1.0,0.0,1
221,111.0,0,7.0,7.0,7.0,4.0,0.85714287,388.57144,574.8571,2018M09,15,7.0,1.0,1.0,0.0,1.9459101,1.9459101,1.9459101,5.962477,0,0,0,0,0,0,1,0,0.0,0.0,0.0,0.0,0.0,0.0,0.0,0.0,1
222,112.0,1,237.0,158.0,79.0,4.4177217,0.03797468,90.6076,39.666668,2018M10,15,8.0,1.0,1.0,1.0,5.46806,5.062595,4.3694477,4.506538,0,0,0,0,0,0,0,1,0.0,0.0,0.0,0.0,0.0,0.0,0.0,1.0,1
223,112.0,0,7.0,7.0,7.0,4.142857,0.71428573,497.42856,720.7143,2018M10,15,8.0,1.0,1.0,0.0,1.9459101,1.9459101,1.9459101,6.209452,0,0,0,0,0,0,0,1,0.0,0.0,0.0,0.0,0.0,0.0,0.0,0.0,1
224,113.0,1,39.0,16.0,23.0,3.9230769,0.0,47.217392,130.41026,2017M07,16,1.0,0.0,0.0,0.0,3.6635616,2.7725887,3.1354942,3.8547623,1,0,0,0,0,0,0,0,1.0,0.0,0.0,0.0,0.0,0.0,0.0,0.0,1
225,113.0,0,25.0,25.0,25.0,3.52,0.92,258.24,349.04,2017M07,16,1.0,0.0,0.0,0.0,3.218876,3.218876,3.218876,5.5538893,1,0,0,0,0,0,0,0,0.0,0.0,0.0,0.0,0.0,0.0,0.0,0.0,1
226,114.0,1,27.0,12.0,15.0,4.148148,0.037037037,42.4,53.962963,2017M08,16,2.0,0.0,0.0,0.0,3.295837,2.4849067,2.7080503,3.7471485,0,1,0,0,0,0,0,0,0.0,1.0,0.0,0.0,0.0,0.0,0.0,0.0,1
227,114.0,0,18.0,18.0,18.0,3.5,0.8333333,261.16666,200.11111,2017M08,16,2.0,0.0,0.0,0.0,2.8903718,2.8903718,2.8903718,5.565159,0,1,0,0,0,0,0,0,0.0,0.0,0.0,0.0,0.0,0.0,0.0,0.0,1
228,115.0,1,51.0,35.0,16.0,4.0588236,0.0,58.125,56.098038,2017M09,16,3.0,0.0,0.0,0.0,3.9318256,3.5553482,2.7725887,4.062596,0,0,1,0,0,0,0,0,0.0,0.0,1.0,0.0,0.0,0.0,0.0,0.0,1
229,115.0,0,20.0,20.0,20.0,3.8,0.8,199.65,466.6,2017M09,16,3.0,0.0,0.0,0.0,2.9957323,2.9957323,2.9957323,5.296566,0,0,1,0,0,0,0,0,0.0,0.0,0.0,0.0,0.0,0.0,0.0,0.0,1
230,116.0,1,32.0,18.0,14.0,4.21875,0.0,145.5,49.3125,2017M10,16,4.0,0.0,0.0,0.0,3.465736,2.8903718,2.6390574,4.980176,0,0,0,1,0,0,0,0,0.0,0.0,0.0,1.0,0.0,0.0,0.0,0.0,1
231,116.0,0,26.0,26.0,26.0,3.4615386,1.0,249.23077,186.42308,2017M10,16,4.0,0.0,0.0,0.0,3.2580965,3.2580965,3.2580965,5.518379,0,0,0,1,0,0,0,0,0.0,0.0,0.0,0.0,0.0,0.0,0.0,0.0,1
232,117.0,1,55.0,34.0,21.0,4.7636366,0.07272727,72.333336,50.145454,2018M07,16,5.0,1.0,1.0,1.0,4.0073333,3.5263605,3.0445225,4.2812853,0,0,0,0,1,0,0,0,0.0,0.0,0.0,0.0,1.0,0.0,0.0,0.0,1
233,117.0,0,18.0,18.0,18.0,4.2777777,0.7222222,267.5,213.22223,2018M07,16,5.0,1.0,1.0,0.0,2.8903718,2.8903718,2.8903718,5.5891194,0,0,0,0,1,0,0,0,0.0,0.0,0.0,0.0,0.0,0.0,0.0,0.0,1
234,118.0,1,68.0,42.0,26.0,4.602941,0.0,166.38461,57.705883,2018M08,16,6.0,1.0,1.0,1.0,4.2195077,3.7376697,3.2580965,5.114302,0,0,0,0,0,1,0,0,0.0,0.0,0.0,0.0,0.0,1.0,0.0,0.0,1
235,118.0,0,25.0,25.0,25.0,4.36,0.68,166.36,130.36,2018M08,16,6.0,1.0,1.0,0.0,3.218876,3.218876,3.218876,5.1141543,0,0,0,0,0,1,0,0,0.0,0.0,0.0,0.0,0.0,0.0,0.0,0.0,1
236,119.0,1,56.0,40.0,16.0,4.642857,0.017857144,83.0625,45.07143,2018M09,16,7.0,1.0,1.0,1.0,4.0253515,3.6888795,2.7725887,4.4195933,0,0,0,0,0,0,1,0,0.0,0.0,0.0,0.0,0.0,0.0,1.0,0.0,1
237,119.0,0,22.0,22.0,22.0,4.4545455,0.6818182,226.81818,287.0909,2018M09,16,7.0,1.0,1.0,0.0,3.0910425,3.0910425,3.0910425,5.4241486,0,0,0,0,0,0,1,0,0.0,0.0,0.0,0.0,0.0,0.0,0.0,0.0,1
238,120.0,1,77.0,47.0,30.0,4.766234,0.064935066,103.03333,77.38961,2018M10,16,8.0,1.0,1.0,1.0,4.3438053,3.8501475,3.4011974,4.6350527,0,0,0,0,0,0,0,1,0.0,0.0,0.0,0.0,0.0,0.0,0.0,1.0,1
239,120.0,0,32.0,32.0,32.0,4.4375,0.5625,212.125,633.6875,2018M10,16,8.0,1.0,1.0,0.0,3.465736,3.465736,3.465736,5.357176,0,0,0,0,0,0,0,1,0.0,0.0,0.0,0.0,0.0,0.0,0.0,0.0,1
240,121.0,1,20.0,9.0,11.0,4.85,0.05,44.18182,129.55,2017M07,17,1.0,0.0,0.0,0.0,2.9957323,2.1972246,2.3978953,3.7883134,1,0,0,0,0,0,0,0,1.0,0.0,0.0,0.0,0.0,0.0,0.0,0.0,1
241,121.0,0,11.0,11.0,11.0,4.3636365,0.72727275,477.36365,119.454544,2017M07,17,1.0,0.0,0.0,0.0,2.3978953,2.3978953,2.3978953,6.1682787,1,0,0,0,0,0,0,0,0.0,0.0,0.0,0.0,0.0,0.0,0.0,0.0,1
242,122.0,1,43.0,13.0,30.0,4.837209,0.069767445,73.5,91.93023,2017M08,17,2.0,0.0,0.0,0.0,3.7612002,2.5649493,3.4011974,4.2972856,0,1,0,0,0,0,0,0,0.0,1.0,0.0,0.0,0.0,0.0,0.0,0.0,1
243,122.0,0,10.0,10.0,10.0,4.5,0.4,261.9,147.1,2017M08,17,2.0,0.0,0.0,0.0,2.3025851,2.3025851,2.3025851,5.5679626,0,1,0,0,0,0,0,0,0.0,0.0,0.0,0.0,0.0,0.0,0.0,0.0,1
244,123.0,1,24.0,11.0,13.0,4.7083335,0.0,79.76923,42.583332,2017M09,17,3.0,0.0,0.0,0.0,3.1780539,2.3978953,2.5649493,4.379138,0,0,1,0,0,0,0,0,0.0,0.0,1.0,0.0,0.0,0.0,0.0,0.0,1
245,123.0,0,9.0,9.0,9.0,4.7777777,0.8888889,196.55556,138.77777,2017M09,17,3.0,0.0,0.0,0.0,2.1972246,2.1972246,2.1972246,5.2809453,0,0,1,0,0,0,0,0,0.0,0.0,0.0,0.0,0.0,0.0,0.0,0.0,1
246,124.0,1,22.0,8.0,14.0,4.318182,0.09090909,56.92857,71.318184,2017M10,17,4.0,0.0,0.0,0.0,3.0910425,2.0794415,2.6390574,4.041797,0,0,0,1,0,0,0,0,0.0,0.0,0.0,1.0,0.0,0.0,0.0,0.0,1
247,124.0,0,5.0,5.0,5.0,4.4,0.8,259.0,193.8,2017M10,17,4.0,0.0,0.0,0.0,1.609438,1.609438,1.609438,5.556828,0,0,0,1,0,0,0,0,0.0,0.0,0.0,0.0,0.0,0.0,0.0,0.0,1
248,125.0,1,47.0,24.0,23.0,4.638298,0.12765957,128.82608,69.723404,2018M07,17,5.0,1.0,1.0,1.0,3.8501475,3.1780539,3.1354942,4.8584633,0,0,0,0,1,0,0,0,0.0,0.0,0.0,0.0,1.0,0.0,0.0,0.0,1
249,125.0,0,5.0,5.0,5.0,4.2,0.4,295.6,539.8,2018M07,17,5.0,1.0,1.0,0.0,1.609438,1.609438,1.609438,5.6890073,0,0,0,0,1,0,0,0,0.0,0.0,0.0,0.0,0.0,0.0,0.0,0.0,1
250,126.0,1,58.0,39.0,19.0,4.551724,0.06896552,111.10526,54.827587,2018M08,17,6.0,1.0,1.0,1.0,4.060443,3.6635616,2.944439,4.710478,0,0,0,0,0,1,0,0,0.0,0.0,0.0,0.0,0.0,1.0,0.0,0.0,1
251,126.0,0,7.0,7.0,7.0,4.142857,0.5714286,320.57144,415.14285,2018M08,17,6.0,1.0,1.0,0.0,1.9459101,1.9459101,1.9459101,5.7701054,0,0,0,0,0,1,0,0,0.0,0.0,0.0,0.0,0.0,0.0,0.0,0.0,1
252,127.0,1,35.0,18.0,17.0,4.5142856,0.0,96.0,50.0,2018M09,17,7.0,1.0,1.0,1.0,3.5553482,2.8903718,2.8332133,4.564348,0,0,0,0,0,0,1,0,0.0,0.0,0.0,0.0,0.0,0.0,1.0,0.0,1
253,127.0,0,4.0,4.0,4.0,4.75,1.0,142.0,117.0,2018M09,17,7.0,1.0,1.0,0.0,1.3862944,1.3862944,1.3862944,4.955827,0,0,0,0,0,0,1,0,0.0,0.0,0.0,0.0,0.0,0.0,0.0,0.0,1
254,128.0,1,50.0,25.0,25.0,4.46,0.1,99.04,100.22,2018M10,17,8.0,1.0,1.0,1.0,3.912023,3.218876,3.218876,4.595524,0,0,0,0,0,0,0,1,0.0,0.0,0.0,0.0,0.0,0.0,0.0,1.0,1
255,128.0,0,6.0,6.0,6.0,4.6666665,0.16666667,331.16666,123.333336,2018M10,17,8.0,1.0,1.0,0.0,1.7917595,1.7917595,1.7917595,5.802622,0,0,0,0,0,0,0,1,0.0,0.0,0.0,0.0,0.0,0.0,0.0,0.0,1
256,129.0,1,163.0,103.0,60.0,4.3312883,0.018404908,61.383335,22.417177,2017M07,18,1.0,0.0,0.0,0.0,5.09375,4.634729,4.0943446,4.1171384,1,0,0,0,0,0,0,0,1.0,0.0,0.0,0.0,0.0,0.0,0.0,0.0,1
257,129.0,0,48.0,48.0,48.0,3.8541667,0.8958333,208.9375,157.1875,2017M07,18,1.0,0.0,0.0,0.0,3.871201,3.871201,3.871201,5.3420353,1,0,0,0,0,0,0,0,0.0,0.0,0.0,0.0,0.0,0.0,0.0,0.0,1
258,130.0,1,261.0,188.0,73.0,4.4827585,0.011494253,52.452053,22.095785,2017M08,18,2.0,0.0,0.0,0.0,5.5645204,5.236442,4.2904596,3.9598994,0,1,0,0,0,0,0,0,0.0,1.0,0.0,0.0,0.0,0.0,0.0,0.0,1
259,130.0,0,67.0,67.0,67.0,3.9402986,0.6865672,199.86568,121.17911,2017M08,18,2.0,0.0,0.0,0.0,4.204693,4.204693,4.204693,5.2976456,0,1,0,0,0,0,0,0,0.0,0.0,0.0,0.0,0.0,0.0,0.0,0.0,1
260,131.0,1,344.0,276.0,68.0,4.4011626,0.0058139535,65.911766,14.726745,2017M09,18,3.0,0.0,0.0,0.0,5.8406415,5.620401,4.2195077,4.188317,0,0,1,0,0,0,0,0,0.0,0.0,1.0,0.0,0.0,0.0,0.0,0.0,1
261,131.0,0,32.0,32.0,32.0,4.09375,0.90625,342.03125,158.75,2017M09,18,3.0,0.0,0.0,0.0,3.465736,3.465736,3.465736,5.8349023,0,0,1,0,0,0,0,0,0.0,0.0,0.0,0.0,0.0,0.0,0.0,0.0,1
262,132.0,1,256.0,184.0,72.0,4.421875,0.0078125,64.93056,23.089844,2017M10,18,4.0,0.0,0.0,0.0,5.5451775,5.214936,4.276666,4.1733184,0,0,0,1,0,0,0,0,0.0,0.0,0.0,1.0,0.0,0.0,0.0,0.0,1
263,132.0,0,44.0,44.0,44.0,4.2272725,0.79545456,225.09091,237.86363,2017M10,18,4.0,0.0,0.0,0.0,3.7841897,3.7841897,3.7841897,5.4165044,0,0,0,1,0,0,0,0,0.0,0.0,0.0,0.0,0.0,0.0,0.0,0.0,1
264,133.0,1,387.0,274.0,113.0,4.385013,0.010335918,82.24779,21.465117,2018M07,18,5.0,1.0,1.0,1.0,5.9584246,5.613128,4.727388,4.4097366,0,0,0,0,1,0,0,0,0.0,0.0,0.0,0.0,1.0,0.0,0.0,0.0,1
265,133.0,0,29.0,29.0,29.0,4.172414,0.79310346,222.96552,240.17241,2018M07,18,5.0,1.0,1.0,0.0,3.3672957,3.3672957,3.3672957,5.407017,0,0,0,0,1,0,0,0,0.0,0.0,0.0,0.0,0.0,0.0,0.0,0.0,1
266,134.0,1,371.0,287.0,84.0,4.283019,0.0026954177,115.559525,17.02965,2018M08,18,6.0,1.0,1.0,1.0,5.916202,5.659482,4.4308167,4.749786,0,0,0,0,0,1,0,0,0.0,0.0,0.0,0.0,0.0,1.0,0.0,0.0,1
267,134.0,0,33.0,33.0,33.0,4.0,0.6666667,213.24243,183.93939,2018M08,18,6.0,1.0,1.0,0.0,3.4965076,3.4965076,3.4965076,5.3624296,0,0,0,0,0,1,0,0,0.0,0.0,0.0,0.0,0.0,0.0,0.0,0.0,1
268,135.0,1,347.0,256.0,91.0,4.3256483,0.0057636886,73.52747,20.152739,2018M09,18,7.0,1.0,1.0,1.0,5.8493247,5.5451775,4.5108595,4.297659,0,0,0,0,0,0,1,0,0.0,0.0,0.0,0.0,0.0,0.0,1.0,0.0,1
269,135.0,0,38.0,38.0,38.0,3.6052632,0.7105263,208.28947,143.28947,2018M09,18,7.0,1.0,1.0,0.0,3.637586,3.637586,3.637586,5.3389287,0,0,0,0,0,0,1,0,0.0,0.0,0.0,0.0,0.0,0.0,0.0,0.0,1
270,136.0,1,284.0,202.0,82.0,4.3591547,0.017605634,82.45122,30.383802,2018M10,18,8.0,1.0,1.0,1.0,5.6489744,5.3082676,4.406719,4.4122066,0,0,0,0,0,0,0,1,0.0,0.0,0.0,0.0,0.0,0.0,0.0,1.0,1
271,136.0,0,27.0,27.0,27.0,4.037037,0.6296296,192.33333,250.55556,2018M10,18,8.0,1.0,1.0,0.0,3.295837,3.295837,3.295837,5.25923,0,0,0,0,0,0,0,1,0.0,0.0,0.0,0.0,0.0,0.0,0.0,0.0,1
272,137.0,1,99.0,54.0,45.0,4.6969695,0.030303031,69.28889,64.59596,2017M07,20,1.0,0.0,0.0,0.0,4.59512,3.988984,3.8066626,4.2382846,1,0,0,0,0,0,0,0,1.0,0.0,0.0,0.0,0.0,0.0,0.0,0.0,1
273,137.0,0,116.0,116.0,116.0,4.3189654,0.75,239.75862,233.00862,2017M07,20,1.0,0.0,0.0,0.0,4.75359,4.75359,4.75359,5.479633,1,0,0,0,0,0,0,0,0.0,0.0,0.0,0.0,0.0,0.0,0.0,0.0,1
274,138.0,1,149.0,80.0,69.0,4.644295,0.033557046,58.36232,40.24161,2017M08,20,2.0,0.0,0.0,0.0,5.0039463,4.3820267,4.2341065,4.0666704,0,1,0,0,0,0,0,0,0.0,1.0,0.0,0.0,0.0,0.0,0.0,0.0,1
275,138.0,0,128.0,128.0,128.0,4.2890625,0.7734375,199.53125,131.01562,2017M08,20,2.0,0.0,0.0,0.0,4.8520303,4.8520303,4.8520303,5.295971,0,1,0,0,0,0,0,0,0.0,0.0,0.0,0.0,0.0,0.0,0.0,0.0,1
276,139.0,1,110.0,62.0,48.0,4.681818,0.018181818,78.354164,61.81818,2017M09,20,3.0,0.0,0.0,0.0,4.7004805,4.1271343,3.871201,4.361239,0,0,1,0,0,0,0,0,0.0,0.0,1.0,0.0,0.0,0.0,0.0,0.0,1
277,139.0,0,99.0,99.0,99.0,4.171717,0.75757575,233.13132,209.44444,2017M09,20,3.0,0.0,0.0,0.0,4.59512,4.59512,4.59512,5.451602,0,0,1,0,0,0,0,0,0.0,0.0,0.0,0.0,0.0,0.0,0.0,0.0,1
278,140.0,1,85.0,45.0,40.0,4.670588,0.011764706,59.925,38.094116,2017M10,20,4.0,0.0,0.0,0.0,4.4426513,3.8066626,3.6888795,4.093094,0,0,0,1,0,0,0,0,0.0,0.0,0.0,1.0,0.0,0.0,0.0,0.0,1
279,140.0,0,96.0,96.0,96.0,4.2395835,0.6458333,222.30208,194.60417,2017M10,20,4.0,0.0,0.0,0.0,4.564348,4.564348,4.564348,5.404037,0,0,0,1,0,0,0,0,0.0,0.0,0.0,0.0,0.0,0.0,0.0,0.0,1
280,141.0,1,299.0,174.0,125.0,4.602007,0.013377926,72.52,24.973244,2018M07,20,5.0,1.0,1.0,1.0,5.7004437,5.159055,4.828314,4.283862,0,0,0,0,1,0,0,0,0.0,0.0,0.0,0.0,1.0,0.0,0.0,0.0,1
281,141.0,0,78.0,78.0,78.0,4.423077,0.75641024,217.75641,198.94872,2018M07,20,5.0,1.0,1.0,0.0,4.356709,4.356709,4.356709,5.383377,0,0,0,0,1,0,0,0,0.0,0.0,0.0,0.0,0.0,0.0,0.0,0.0,1
282,142.0,1,504.0,311.0,193.0,4.577381,0.015873017,71.96891,27.761906,2018M08,20,6.0,1.0,1.0,1.0,6.222576,5.739793,5.26269,4.276234,0,0,0,0,0,1,0,0,0.0,0.0,0.0,0.0,0.0,1.0,0.0,0.0,1
283,142.0,0,69.0,69.0,69.0,4.289855,0.73913044,212.37682,208.76811,2018M08,20,6.0,1.0,1.0,0.0,4.2341065,4.2341065,4.2341065,5.358362,0,0,0,0,0,1,0,0,0.0,0.0,0.0,0.0,0.0,0.0,0.0,0.0,1
284,143.0,1,349.0,204.0,145.0,4.6217766,0.017191976,72.04138,40.790833,2018M09,20,7.0,1.0,1.0,1.0,5.855072,5.31812,4.9767337,4.2772408,0,0,0,0,0,0,1,0,0.0,0.0,0.0,0.0,0.0,0.0,1.0,0.0,1
285,143.0,0,58.0,58.0,58.0,4.4827585,0.5689655,234.7069,155.51724,2018M09,20,7.0,1.0,1.0,0.0,4.060443,4.060443,4.060443,5.4583373,0,0,0,0,0,0,1,0,0.0,0.0,0.0,0.0,0.0,0.0,0.0,0.0,1
286,144.0,1,260.0,157.0,103.0,4.6384616,0.0076923077,72.048546,43.95769,2018M10,20,8.0,1.0,1.0,1.0,5.560682,5.056246,4.634729,4.27734,0,0,0,0,0,0,0,1,0.0,0.0,0.0,0.0,0.0,0.0,0.0,1.0,1
287,144.0,0,49.0,49.0,49.0,4.408163,0.6938776,219.83673,149.89796,2018M10,20,8.0,1.0,1.0,0.0,3.8918202,3.8918202,3.8918202,5.392885,0,0,0,0,0,0,0,1,0.0,0.0,0.0,0.0,0.0,0.0,0.0,0.0,1
288,145.0,1,73.0,35.0,38.0,4.6438355,0.08219178,59.473682,33.219177,2017M07,21,1.0,0.0,0.0,0.0,4.2904596,3.5553482,3.637586,4.085534,1,0,0,0,0,0,0,0,1.0,0.0,0.0,0.0,0.0,0.0,0.0,0.0,1
289,145.0,0,92.0,92.0,92.0,4.2934785,0.84782606,234.91304,182.92392,2017M07,21,1.0,0.0,0.0,0.0,4.5217886,4.5217886,4.5217886,5.4592156,1,0,0,0,0,0,0,0,0.0,0.0,0.0,0.0,0.0,0.0,0.0,0.0,1
290,146.0,1,127.0,77.0,50.0,4.5039372,0.007874016,62.7,31.72441,2017M08,21,2.0,0.0,0.0,0.0,4.8441873,4.3438053,3.912023,4.1383615,0,1,0,0,0,0,0,0,0.0,1.0,0.0,0.0,0.0,0.0,0.0,0.0,1
291,146.0,0,133.0,133.0,133.0,4.451128,0.8270677,235.797,198.7594,2017M08,21,2.0,0.0,0.0,0.0,4.890349,4.890349,4.890349,5.462971,0,1,0,0,0,0,0,0,0.0,0.0,0.0,0.0,0.0,0.0,0.0,0.0,1
292,147.0,1,152.0,94.0,58.0,4.5657897,0.013157895,46.896553,25.388159,2017M09,21,3.0,0.0,0.0,0.0,5.0238805,4.543295,4.060443,3.8479443,0,0,1,0,0,0,0,0,0.0,0.0,1.0,0.0,0.0,0.0,0.0,0.0,1
293,147.0,0,81.0,81.0,81.0,4.382716,0.8765432,243.85185,218.71605,2017M09,21,3.0,0.0,0.0,0.0,4.394449,4.394449,4.394449,5.496561,0,0,1,0,0,0,0,0,0.0,0.0,0.0,0.0,0.0,0.0,0.0,0.0,1
294,148.0,1,119.0,72.0,47.0,4.4789915,0.0,54.446808,21.193277,2017M10,21,4.0,0.0,0.0,0.0,4.7791233,4.276666,3.8501475,3.9972243,0,0,0,1,0,0,0,0,0.0,0.0,0.0,1.0,0.0,0.0,0.0,0.0,1
295,148.0,0,79.0,79.0,79.0,4.405063,0.7721519,206.65823,222.37975,2017M10,21,4.0,0.0,0.0,0.0,4.3694477,4.3694477,4.3694477,5.3310666,0,0,0,1,0,0,0,0,0.0,0.0,0.0,0.0,0.0,0.0,0.0,0.0,1
296,149.0,1,73.0,43.0,30.0,4.5753427,0.0,52.2,26.753426,2018M07,21,5.0,1.0,1.0,1.0,4.2904596,3.7612002,3.4011974,3.9550824,0,0,0,0,1,0,0,0,0.0,0.0,0.0,0.0,1.0,0.0,0.0,0.0,1
297,149.0,0,55.0,55.0,55.0,4.2363634,0.8363636,278.03638,233.90909,2018M07,21,5.0,1.0,1.0,0.0,4.0073333,4.0073333,4.0073333,5.627752,0,0,0,0,1,0,0,0,0.0,0.0,0.0,0.0,0.0,0.0,0.0,0.0,1
298,150.0,1,102.0,57.0,45.0,4.5392156,0.009803922,91.666664,38.833332,2018M08,21,6.0,1.0,1.0,1.0,4.624973,4.0430512,3.8066626,4.518159,0,0,0,0,0,1,0,0,0.0,0.0,0.0,0.0,0.0,1.0,0.0,0.0,1
299,150.0,0,75.0,75.0,75.0,4.4533334,0.72,217.93333,156.4,2018M08,21,6.0,1.0,1.0,0.0,4.317488,4.317488,4.317488,5.384189,0,0,0,0,0,1,0,0,0.0,0.0,0.0,0.0,0.0,0.0,0.0,0.0,1
300,151.0,1,91.0,48.0,43.0,4.5164833,0.010989011,69.60465,61.857143,2018M09,21,7.0,1.0,1.0,1.0,4.5108595,3.871201,3.7612002,4.242831,0,0,0,0,0,0,1,0,0.0,0.0,0.0,0.0,0.0,0.0,1.0,0.0,1
301,151.0,0,62.0,62.0,62.0,4.516129,0.7419355,231.85484,330.12903,2018M09,21,7.0,1.0,1.0,0.0,4.1271343,4.1271343,4.1271343,5.4461117,0,0,0,0,0,0,1,0,0.0,0.0,0.0,0.0,0.0,0.0,0.0,0.0,1
302,152.0,1,80.0,47.0,33.0,4.625,0.0375,83.57576,61.6375,2018M10,21,8.0,1.0,1.0,1.0,4.3820267,3.8501475,3.4965076,4.4257536,0,0,0,0,0,0,0,1,0.0,0.0,0.0,0.0,0.0,0.0,0.0,1.0,1
303,152.0,0,60.0,60.0,60.0,4.516667,0.8333333,228.9,218.61667,2018M10,21,8.0,1.0,1.0,0.0,4.0943446,4.0943446,4.0943446,5.433285,0,0,0,0,0,0,0,1,0.0,0.0,0.0,0.0,0.0,0.0,0.0,0.0,1
304,153.0,1,54.0,39.0,15.0,4.3703704,0.018518519,99.13333,45.537037,2017M07,22,1.0,0.0,0.0,0.0,3.988984,3.6635616,2.7080503,4.5964656,1,0,0,0,0,0,0,0,1.0,0.0,0.0,0.0,0.0,0.0,0.0,0.0,1
305,153.0,0,2.0,2.0,2.0,5.0,1.0,182.5,1131.5,2017M07,22,1.0,0.0,0.0,0.0,0.6931472,0.6931472,0.6931472,5.2067504,1,0,0,0,0,0,0,0,0.0,0.0,0.0,0.0,0.0,0.0,0.0,0.0,1
306,154.0,1,65.0,37.0,28.0,4.3692307,0.0,55.714287,38.215385,2017M08,22,2.0,0.0,0.0,0.0,4.1743875,3.6109178,3.3322046,4.0202365,0,1,0,0,0,0,0,0,0.0,1.0,0.0,0.0,0.0,0.0,0.0,0.0,1
307,154.0,0,1.0,1.0,1.0,5.0,1.0,348.0,45.0,2017M08,22,2.0,0.0,0.0,0.0,0.0,0.0,0.0,5.8522024,0,1,0,0,0,0,0,0,0.0,0.0,0.0,0.0,0.0,0.0,0.0,0.0,1
308,155.0,1,113.0,76.0,37.0,4.4159293,0.017699115,68.5946,32.070797,2017M09,22,3.0,0.0,0.0,0.0,4.727388,4.3307333,3.6109178,4.228214,0,0,1,0,0,0,0,0,0.0,0.0,1.0,0.0,0.0,0.0,0.0,0.0,1
309,155.0,0,1.0,1.0,1.0,4.0,1.0,216.0,456.0,2017M09,22,3.0,0.0,0.0,0.0,0.0,0.0,0.0,5.3752785,0,0,1,0,0,0,0,0,0.0,0.0,0.0,0.0,0.0,0.0,0.0,0.0,1
310,156.0,1,124.0,86.0,38.0,4.282258,0.008064516,80.26316,36.25,2017M10,22,4.0,0.0,0.0,0.0,4.8202815,4.454347,3.637586,4.3853106,0,0,0,1,0,0,0,0,0.0,0.0,0.0,1.0,0.0,0.0,0.0,0.0,1
311,156.0,0,1.0,1.0,1.0,5.0,1.0,331.0,550.0,2017M10,22,4.0,0.0,0.0,0.0,0.0,0.0,0.0,5.8021183,0,0,0,1,0,0,0,0,0.0,0.0,0.0,0.0,0.0,0.0,0.0,0.0,1
312,157.0,1,94.0,67.0,27.0,4.1702127,0.010638298,65.07407,31.042553,2018M08,22,6.0,1.0,1.0,1.0,4.543295,4.204693,3.295837,4.175526,0,0,0,0,0,1,0,0,0.0,0.0,0.0,0.0,0.0,1.0,0.0,0.0,1
313,157.0,0,3.0,3.0,3.0,4.3333335,1.0,345.33334,161.66667,2018M08,22,6.0,1.0,1.0,0.0,1.0986123,1.0986123,1.0986123,5.84451,0,0,0,0,0,1,0,0,0.0,0.0,0.0,0.0,0.0,0.0,0.0,0.0,1
314,158.0,1,127.0,90.0,37.0,4.4173226,0.031496063,53.324326,18.385826,2018M10,22,8.0,1.0,1.0,1.0,4.8441873,4.4998097,3.6109178,3.9763925,0,0,0,0,0,0,0,1,0.0,0.0,0.0,0.0,0.0,0.0,0.0,1.0,1
315,158.0,0,1.0,1.0,1.0,4.0,0.0,596.0,190.0,2018M10,22,8.0,1.0,1.0,0.0,0.0,0.0,0.0,6.3902407,0,0,0,0,0,0,0,1,0.0,0.0,0.0,0.0,0.0,0.0,0.0,0.0,1
316,159.0,1,111.0,63.0,48.0,3.873874,0.018018018,88.6875,97.22523,2017M07,23,1.0,0.0,0.0,0.0,4.7095304,4.1431346,3.871201,4.485119,1,0,0,0,0,0,0,0,1.0,0.0,0.0,0.0,0.0,0.0,0.0,0.0,1
317,159.0,0,14.0,14.0,14.0,3.5714285,0.64285713,458.0,844.3571,2017M07,23,1.0,0.0,0.0,0.0,2.6390574,2.6390574,2.6390574,6.126869,1,0,0,0,0,0,0,0,0.0,0.0,0.0,0.0,0.0,0.0,0.0,0.0,1
318,160.0,1,217.0,143.0,74.0,4.133641,0.023041476,67.97298,35.165897,2017M08,23,2.0,0.0,0.0,0.0,5.379897,4.962845,4.304065,4.21911,0,1,0,0,0,0,0,0,0.0,1.0,0.0,0.0,0.0,0.0,0.0,0.0,1
319,160.0,0,10.0,10.0,10.0,3.6,0.9,244.7,576.2,2017M08,23,2.0,0.0,0.0,0.0,2.3025851,2.3025851,2.3025851,5.500033,0,1,0,0,0,0,0,0,0.0,0.0,0.0,0.0,0.0,0.0,0.0,0.0,1
320,161.0,1,290.0,200.0,90.0,4.1689653,0.0068965517,60.677776,40.172413,2017M09,23,3.0,0.0,0.0,0.0,5.669881,5.2983174,4.4998097,4.1055775,0,0,1,0,0,0,0,0,0.0,0.0,1.0,0.0,0.0,0.0,0.0,0.0,1
321,161.0,0,7.0,7.0,7.0,3.4285715,0.71428573,317.57144,800.0,2017M09,23,3.0,0.0,0.0,0.0,1.9459101,1.9459101,1.9459101,5.7607026,0,0,1,0,0,0,0,0,0.0,0.0,0.0,0.0,0.0,0.0,0.0,0.0,1
322,162.0,1,242.0,176.0,66.0,4.2024794,0.004132231,61.530304,35.471073,2017M10,23,4.0,0.0,0.0,0.0,5.488938,5.170484,4.189655,4.1195297,0,0,0,1,0,0,0,0,0.0,0.0,0.0,1.0,0.0,0.0,0.0,0.0,1
323,162.0,0,12.0,12.0,12.0,3.75,0.75,257.66666,366.16666,2017M10,23,4.0,0.0,0.0,0.0,2.4849067,2.4849067,2.4849067,5.5516667,0,0,0,1,0,0,0,0,0.0,0.0,0.0,0.0,0.0,0.0,0.0,0.0,1
324,163.0,1,181.0,122.0,59.0,4.0220995,0.005524862,141.1017,40.198895,2018M07,23,5.0,1.0,1.0,1.0,5.198497,4.804021,4.0775375,4.949481,0,0,0,0,1,0,0,0,0.0,0.0,0.0,0.0,1.0,0.0,0.0,0.0,1
325,163.0,0,7.0,7.0,7.0,3.857143,0.71428573,353.0,272.14285,2018M07,23,5.0,1.0,1.0,0.0,1.9459101,1.9459101,1.9459101,5.866468,0,0,0,0,1,0,0,0,0.0,0.0,0.0,0.0,0.0,0.0,0.0,0.0,1
326,164.0,1,203.0,136.0,67.0,4.1674876,0.009852217,70.83582,32.236454,2018M08,23,6.0,1.0,1.0,1.0,5.313206,4.912655,4.204693,4.260365,0,0,0,0,0,1,0,0,0.0,0.0,0.0,0.0,0.0,1.0,0.0,0.0,1
327,164.0,0,10.0,10.0,10.0,3.5,0.7,256.6,626.1,2018M08,23,6.0,1.0,1.0,0.0,2.3025851,2.3025851,2.3025851,5.5475183,0,0,0,0,0,1,0,0,0.0,0.0,0.0,0.0,0.0,0.0,0.0,0.0,1
328,165.0,1,149.0,90.0,59.0,4.214765,0.0067114094,89.72881,60.00671,2018M09,23,7.0,1.0,1.0,1.0,5.0039463,4.4998097,4.0775375,4.496792,0,0,0,0,0,0,1,0,0.0,0.0,0.0,0.0,0.0,0.0,1.0,0.0,1
329,165.0,0,17.0,17.0,17.0,3.764706,0.5882353,382.05884,718.7059,2018M09,23,7.0,1.0,1.0,0.0,2.8332133,2.8332133,2.8332133,5.9455748,0,0,0,0,0,0,1,0,0.0,0.0,0.0,0.0,0.0,0.0,0.0,0.0,1
330,166.0,1,125.0,86.0,39.0,4.192,0.0,223.71794,85.392,2018M10,23,8.0,1.0,1.0,1.0,4.828314,4.454347,3.6635616,5.410386,0,0,0,0,0,0,0,1,0.0,0.0,0.0,0.0,0.0,0.0,0.0,1.0,1
331,166.0,0,10.0,10.0,10.0,3.9,0.7,306.3,553.6,2018M10,23,8.0,1.0,1.0,0.0,2.3025851,2.3025851,2.3025851,5.724565,0,0,0,0,0,0,0,1,0.0,0.0,0.0,0.0,0.0,0.0,0.0,0.0,1
332,167.0,1,75.0,45.0,30.0,4.32,0.013333334,59.866665,61.226665,2017M07,24,1.0,0.0,0.0,0.0,4.317488,3.8066626,3.4011974,4.0921197,1,0,0,0,0,0,0,0,1.0,0.0,0.0,0.0,0.0,0.0,0.0,0.0,1
333,167.0,0,2.0,2.0,2.0,4.5,0.5,297.5,135.0,2017M07,24,1.0,0.0,0.0,0.0,0.6931472,0.6931472,0.6931472,5.695414,1,0,0,0,0,0,0,0,0.0,0.0,0.0,0.0,0.0,0.0,0.0,0.0,1
334,168.0,1,100.0,81.0,19.0,4.4,0.03,62.0,29.46,2017M08,24,2.0,0.0,0.0,0.0,4.6051702,4.394449,2.944439,4.1271343,0,1,0,0,0,0,0,0,0.0,1.0,0.0,0.0,0.0,0.0,0.0,0.0,1
335,168.0,0,10.0,10.0,10.0,3.7,0.8,262.1,915.1,2017M08,24,2.0,0.0,0.0,0.0,2.3025851,2.3025851,2.3025851,5.568726,0,1,0,0,0,0,0,0,0.0,0.0,0.0,0.0,0.0,0.0,0.0,0.0,1
336,169.0,1,102.0,79.0,23.0,4.3039217,0.0,45.347828,18.764706,2017M09,24,3.0,0.0,0.0,0.0,4.624973,4.3694477,3.1354942,3.8143623,0,0,1,0,0,0,0,0,0.0,0.0,1.0,0.0,0.0,0.0,0.0,0.0,1
337,169.0,0,12.0,12.0,12.0,3.8333333,1.0,236.66667,435.41666,2017M09,24,3.0,0.0,0.0,0.0,2.4849067,2.4849067,2.4849067,5.466653,0,0,1,0,0,0,0,0,0.0,0.0,0.0,0.0,0.0,0.0,0.0,0.0,1
338,170.0,1,60.0,36.0,24.0,4.35,0.0,67.541664,95.6,2017M10,24,4.0,0.0,0.0,0.0,4.0943446,3.583519,3.1780539,4.2127447,0,0,0,1,0,0,0,0,0.0,0.0,0.0,1.0,0.0,0.0,0.0,0.0,1
339,170.0,0,6.0,6.0,6.0,4.3333335,0.8333333,228.33333,275.66666,2017M10,24,4.0,0.0,0.0,0.0,1.7917595,1.7917595,1.7917595,5.4308066,0,0,0,1,0,0,0,0,0.0,0.0,0.0,0.0,0.0,0.0,0.0,0.0,1
340,171.0,1,75.0,55.0,20.0,4.3733335,0.013333334,88.25,23.946667,2018M07,24,5.0,1.0,1.0,1.0,4.317488,4.0073333,2.9957323,4.4801736,0,0,0,0,1,0,0,0,0.0,0.0,0.0,0.0,1.0,0.0,0.0,0.0,1
341,171.0,0,4.0,4.0,4.0,4.0,0.75,703.5,171.0,2018M07,24,5.0,1.0,1.0,0.0,1.3862944,1.3862944,1.3862944,6.556068,0,0,0,0,1,0,0,0,0.0,0.0,0.0,0.0,0.0,0.0,0.0,0.0,1
342,172.0,1,89.0,72.0,17.0,4.4044943,0.04494382,61.17647,20.820225,2018M08,24,6.0,1.0,1.0,1.0,4.4886365,4.276666,2.8332133,4.113763,0,0,0,0,0,1,0,0,0.0,0.0,0.0,0.0,0.0,1.0,0.0,0.0,1
343,172.0,0,5.0,5.0,5.0,3.8,1.0,224.4,169.4,2018M08,24,6.0,1.0,1.0,0.0,1.609438,1.609438,1.609438,5.41343,0,0,0,0,0,1,0,0,0.0,0.0,0.0,0.0,0.0,0.0,0.0,0.0,1
344,173.0,1,88.0,60.0,28.0,4.1704545,0.011363637,62.17857,37.522728,2018M09,24,7.0,1.0,1.0,1.0,4.477337,4.0943446,3.3322046,4.1300106,0,0,0,0,0,0,1,0,0.0,0.0,0.0,0.0,0.0,0.0,1.0,0.0,1
345,173.0,0,6.0,6.0,6.0,3.3333333,1.0,211.83333,130.16667,2018M09,24,7.0,1.0,1.0,0.0,1.7917595,1.7917595,1.7917595,5.3557997,0,0,0,0,0,0,1,0,0.0,0.0,0.0,0.0,0.0,0.0,0.0,0.0,1
346,174.0,1,81.0,55.0,26.0,4.4938273,0.012345679,44.96154,37.407406,2018M10,24,8.0,1.0,1.0,1.0,4.394449,4.0073333,3.2580965,3.8058074,0,0,0,0,0,0,0,1,0.0,0.0,0.0,0.0,0.0,0.0,0.0,1.0,1
347,174.0,0,5.0,5.0,5.0,3.8,0.8,260.6,538.4,2018M10,24,8.0,1.0,1.0,0.0,1.609438,1.609438,1.609438,5.562987,0,0,0,0,0,0,0,1,0.0,0.0,0.0,0.0,0.0,0.0,0.0,0.0,1
348,175.0,1,189.0,115.0,74.0,4.4126983,0.01058201,71.12162,28.809525,2017M07,25,1.0,0.0,0.0,0.0,5.241747,4.744932,4.304065,4.2643914,1,0,0,0,0,0,0,0,1.0,0.0,0.0,0.0,0.0,0.0,0.0,0.0,1
349,175.0,0,31.0,31.0,31.0,4.193548,0.87096775,273.1613,295.48386,2017M07,25,1.0,0.0,0.0,0.0,3.4339871,3.4339871,3.4339871,5.6100626,1,0,0,0,0,0,0,0,0.0,0.0,0.0,0.0,0.0,0.0,0.0,0.0,1
350,176.0,1,212.0,129.0,83.0,4.4103775,0.0,59.26506,33.268867,2017M08,25,2.0,0.0,0.0,0.0,5.3565865,4.8598123,4.4188404,4.08202,0,1,0,0,0,0,0,0,0.0,1.0,0.0,0.0,0.0,0.0,0.0,0.0,1
351,176.0,0,53.0,53.0,53.0,4.1509433,0.7358491,265.20755,299.60376,2017M08,25,2.0,0.0,0.0,0.0,3.9702919,3.9702919,3.9702919,5.5805125,0,1,0,0,0,0,0,0,0.0,0.0,0.0,0.0,0.0,0.0,0.0,0.0,1
352,177.0,1,214.0,150.0,64.0,4.228972,0.018691588,58.921875,21.663551,2017M09,25,3.0,0.0,0.0,0.0,5.365976,5.0106354,4.158883,4.0762124,0,0,1,0,0,0,0,0,0.0,0.0,1.0,0.0,0.0,0.0,0.0,0.0,1
353,177.0,0,24.0,24.0,24.0,4.4583335,0.875,261.70834,267.375,2017M09,25,3.0,0.0,0.0,0.0,3.1780539,3.1780539,3.1780539,5.5672307,0,0,1,0,0,0,0,0,0.0,0.0,0.0,0.0,0.0,0.0,0.0,0.0,1
354,178.0,1,184.0,128.0,56.0,4.347826,0.0054347827,73.25,20.842392,2017M10,25,4.0,0.0,0.0,0.0,5.214936,4.8520303,4.0253515,4.293878,0,0,0,1,0,0,0,0,0.0,0.0,0.0,1.0,0.0,0.0,0.0,0.0,1
355,178.0,0,19.0,19.0,19.0,4.3157897,0.68421054,260.5263,309.78946,2017M10,25,4.0,0.0,0.0,0.0,2.944439,2.944439,2.944439,5.5627036,0,0,0,1,0,0,0,0,0.0,0.0,0.0,0.0,0.0,0.0,0.0,0.0,1
356,179.0,1,407.0,284.0,123.0,4.3439803,0.004914005,79.81301,23.272728,2018M07,25,5.0,1.0,1.0,1.0,6.0088134,5.6489744,4.8121843,4.3796864,0,0,0,0,1,0,0,0,0.0,0.0,0.0,0.0,1.0,0.0,0.0,0.0,1
357,179.0,0,26.0,26.0,26.0,4.1923075,0.84615386,211.84616,195.34616,2018M07,25,5.0,1.0,1.0,0.0,3.2580965,3.2580965,3.2580965,5.35586,0,0,0,0,1,0,0,0,0.0,0.0,0.0,0.0,0.0,0.0,0.0,0.0,1
358,180.0,1,502.0,342.0,160.0,4.3027887,0.007968128,77.5125,26.43227,2018M08,25,6.0,1.0,1.0,1.0,6.2186003,5.8348107,5.075174,4.350439,0,0,0,0,0,1,0,0,0.0,0.0,0.0,0.0,0.0,1.0,0.0,0.0,1
359,180.0,0,22.0,22.0,22.0,4.2727275,0.8181818,263.81818,350.9091,2018M08,25,6.0,1.0,1.0,0.0,3.0910425,3.0910425,3.0910425,5.57526,0,0,0,0,0,1,0,0,0.0,0.0,0.0,0.0,0.0,0.0,0.0,0.0,1
360,181.0,1,247.0,161.0,86.0,4.331984,0.008097166,68.558136,29.781376,2018M09,25,7.0,1.0,1.0,1.0,5.5093884,5.081404,4.454347,4.227682,0,0,0,0,0,0,1,0,0.0,0.0,0.0,0.0,0.0,0.0,1.0,0.0,1
361,181.0,0,14.0,14.0,14.0,4.285714,0.71428573,272.0,435.0,2018M09,25,7.0,1.0,1.0,0.0,2.6390574,2.6390574,2.6390574,5.605802,0,0,0,0,0,0,1,0,0.0,0.0,0.0,0.0,0.0,0.0,0.0,0.0,1
362,182.0,1,161.0,116.0,45.0,4.242236,0.0062111802,73.17778,27.881989,2018M10,25,8.0,1.0,1.0,1.0,5.081404,4.75359,3.8066626,4.292892,0,0,0,0,0,0,0,1,0.0,0.0,0.0,0.0,0.0,0.0,0.0,1.0,1
363,182.0,0,16.0,16.0,16.0,4.3125,0.8125,285.5,520.25,2018M10,25,8.0,1.0,1.0,0.0,2.7725887,2.7725887,2.7725887,5.654242,0,0,0,0,0,0,0,1,0.0,0.0,0.0,0.0,0.0,0.0,0.0,0.0,1
364,183.0,1,76.0,44.0,32.0,4.4078946,0.013157895,68.0625,47.394737,2017M07,26,1.0,0.0,0.0,0.0,4.3307333,3.7841897,3.465736,4.2204266,1,0,0,0,0,0,0,0,1.0,0.0,0.0,0.0,0.0,0.0,0.0,0.0,1
365,183.0,0,30.0,30.0,30.0,4.133333,0.93333334,273.23334,315.06668,2017M07,26,1.0,0.0,0.0,0.0,3.4011974,3.4011974,3.4011974,5.6103263,1,0,0,0,0,0,0,0,0.0,0.0,0.0,0.0,0.0,0.0,0.0,0.0,1
366,184.0,1,120.0,82.0,38.0,4.3,0.016666668,83.3421,34.216667,2017M08,26,2.0,0.0,0.0,0.0,4.787492,4.406719,3.637586,4.422954,0,1,0,0,0,0,0,0,0.0,1.0,0.0,0.0,0.0,0.0,0.0,0.0,1
367,184.0,0,32.0,32.0,32.0,3.90625,0.75,343.625,710.15625,2017M08,26,2.0,0.0,0.0,0.0,3.465736,3.465736,3.465736,5.839551,0,1,0,0,0,0,0,0,0.0,0.0,0.0,0.0,0.0,0.0,0.0,0.0,1
368,185.0,1,148.0,105.0,43.0,4.4797297,0.013513514,62.930233,22.993244,2017M09,26,3.0,0.0,0.0,0.0,4.9972124,4.65396,3.7612002,4.142027,0,0,1,0,0,0,0,0,0.0,0.0,1.0,0.0,0.0,0.0,0.0,0.0,1
369,185.0,0,23.0,23.0,23.0,4.3913045,0.5652174,306.3913,620.1739,2017M09,26,3.0,0.0,0.0,0.0,3.1354942,3.1354942,3.1354942,5.724863,0,0,1,0,0,0,0,0,0.0,0.0,0.0,0.0,0.0,0.0,0.0,0.0,1
370,186.0,1,81.0,54.0,27.0,4.271605,0.024691358,72.48148,30.790123,2017M10,26,4.0,0.0,0.0,0.0,4.394449,3.988984,3.295837,4.283331,0,0,0,1,0,0,0,0,0.0,0.0,0.0,1.0,0.0,0.0,0.0,0.0,1
371,186.0,0,21.0,21.0,21.0,4.285714,0.9047619,417.14285,347.0476,2017M10,26,4.0,0.0,0.0,0.0,3.0445225,3.0445225,3.0445225,6.0334287,0,0,0,1,0,0,0,0,0.0,0.0,0.0,0.0,0.0,0.0,0.0,0.0,1
372,187.0,1,61.0,41.0,20.0,4.5737705,0.016393442,51.7,51.67213,2018M07,26,5.0,1.0,1.0,1.0,4.1108737,3.713572,2.9957323,3.9454577,0,0,0,0,1,0,0,0,0.0,0.0,0.0,0.0,1.0,0.0,0.0,0.0,1
373,187.0,0,21.0,21.0,21.0,4.285714,0.8095238,305.2857,549.6667,2018M07,26,5.0,1.0,1.0,0.0,3.0445225,3.0445225,3.0445225,5.721248,0,0,0,0,1,0,0,0,0.0,0.0,0.0,0.0,0.0,0.0,0.0,0.0,1
374,188.0,1,79.0,50.0,29.0,4.531646,0.025316456,82.24138,78.72152,2018M08,26,6.0,1.0,1.0,1.0,4.3694477,3.912023,3.3672957,4.4096584,0,0,0,0,0,1,0,0,0.0,0.0,0.0,0.0,0.0,1.0,0.0,0.0,1
375,188.0,0,24.0,24.0,24.0,4.4166665,0.75,303.08334,419.375,2018M08,26,6.0,1.0,1.0,0.0,3.1780539,3.1780539,3.1780539,5.714008,0,0,0,0,0,1,0,0,0.0,0.0,0.0,0.0,0.0,0.0,0.0,0.0,1
376,189.0,1,66.0,46.0,20.0,4.5151515,0.015151516,85.2,53.81818,2018M09,26,7.0,1.0,1.0,1.0,4.189655,3.8286414,2.9957323,4.4450016,0,0,0,0,0,0,1,0,0.0,0.0,0.0,0.0,0.0,0.0,1.0,0.0,1
377,189.0,0,10.0,10.0,10.0,4.6,0.9,275.2,643.1,2018M09,26,7.0,1.0,1.0,0.0,2.3025851,2.3025851,2.3025851,5.617498,0,0,0,0,0,0,1,0,0.0,0.0,0.0,0.0,0.0,0.0,0.0,0.0,1
378,190.0,1,42.0,23.0,19.0,4.452381,0.0,138.05263,58.11905,2018M10,26,8.0,1.0,1.0,1.0,3.7376697,3.1354942,2.944439,4.927635,0,0,0,0,0,0,0,1,0.0,0.0,0.0,0.0,0.0,0.0,0.0,1.0,1
379,190.0,0,20.0,20.0,20.0,4.1,0.65,366.55,814.3,2018M10,26,8.0,1.0,1.0,0.0,2.9957323,2.9957323,2.9957323,5.9041348,0,0,0,0,0,0,0,1,0.0,0.0,0.0,0.0,0.0,0.0,0.0,0.0,1
380,191.0,1,121.0,68.0,53.0,4.4132233,0.016528925,68.69811,28.495869,2017M07,27,1.0,0.0,0.0,0.0,4.7957907,4.2195077,3.9702919,4.2297215,1,0,0,0,0,0,0,0,1.0,0.0,0.0,0.0,0.0,0.0,0.0,0.0,1
381,191.0,0,57.0,57.0,57.0,3.8596492,0.9298246,238.0351,254.85965,2017M07,27,1.0,0.0,0.0,0.0,4.0430512,4.0430512,4.0430512,5.4724183,1,0,0,0,0,0,0,0,0.0,0.0,0.0,0.0,0.0,0.0,0.0,0.0,1
382,192.0,1,180.0,115.0,65.0,4.3722224,0.0055555557,65.16923,30.005556,2017M08,27,2.0,0.0,0.0,0.0,5.192957,4.744932,4.1743875,4.176987,0,1,0,0,0,0,0,0,0.0,1.0,0.0,0.0,0.0,0.0,0.0,0.0,1
383,192.0,0,56.0,56.0,56.0,3.8035715,0.875,218.75,159.125,2017M08,27,2.0,0.0,0.0,0.0,4.0253515,4.0253515,4.0253515,5.3879294,0,1,0,0,0,0,0,0,0.0,0.0,0.0,0.0,0.0,0.0,0.0,0.0,1
384,193.0,1,186.0,109.0,77.0,4.33871,0.016129032,56.363636,22.989246,2017M09,27,3.0,0.0,0.0,0.0,5.2257466,4.691348,4.3438053,4.031824,0,0,1,0,0,0,0,0,0.0,0.0,1.0,0.0,0.0,0.0,0.0,0.0,1
385,193.0,0,35.0,35.0,35.0,3.7714286,0.94285715,217.94286,105.77143,2017M09,27,3.0,0.0,0.0,0.0,3.5553482,3.5553482,3.5553482,5.384233,0,0,1,0,0,0,0,0,0.0,0.0,0.0,0.0,0.0,0.0,0.0,0.0,1
386,194.0,1,203.0,133.0,70.0,4.4236455,0.0,54.514286,21.527094,2017M10,27,4.0,0.0,0.0,0.0,5.313206,4.890349,4.248495,3.998463,0,0,0,1,0,0,0,0,0.0,0.0,0.0,1.0,0.0,0.0,0.0,0.0,1
387,194.0,0,38.0,38.0,38.0,3.9210527,0.92105263,188.21053,215.47368,2017M10,27,4.0,0.0,0.0,0.0,3.637586,3.637586,3.637586,5.237561,0,0,0,1,0,0,0,0,0.0,0.0,0.0,0.0,0.0,0.0,0.0,0.0,1
388,195.0,1,173.0,104.0,69.0,4.3583813,0.0057803467,69.565216,25.17341,2018M07,27,5.0,1.0,1.0,1.0,5.1532917,4.644391,4.2341065,4.2422647,0,0,0,0,1,0,0,0,0.0,0.0,0.0,0.0,1.0,0.0,0.0,0.0,1
389,195.0,0,40.0,40.0,40.0,4.0,0.825,203.525,238.1,2018M07,27,5.0,1.0,1.0,0.0,3.6888795,3.6888795,3.6888795,5.3157887,0,0,0,0,1,0,0,0,0.0,0.0,0.0,0.0,0.0,0.0,0.0,0.0,1
390,196.0,1,200.0,120.0,80.0,4.3,0.005,78.9875,34.315,2018M08,27,6.0,1.0,1.0,1.0,5.2983174,4.787492,4.3820267,4.36929,0,0,0,0,0,1,0,0,0.0,0.0,0.0,0.0,0.0,1.0,0.0,0.0,1
391,196.0,0,51.0,51.0,51.0,3.8823528,0.8235294,252.96078,252.94118,2018M08,27,6.0,1.0,1.0,0.0,3.9318256,3.9318256,3.9318256,5.5332346,0,0,0,0,0,1,0,0,0.0,0.0,0.0,0.0,0.0,0.0,0.0,0.0,1
392,197.0,1,127.0,69.0,58.0,4.4015746,0.007874016,86.94827,48.464565,2018M09,27,7.0,1.0,1.0,1.0,4.8441873,4.2341065,4.060443,4.4653134,0,0,0,0,0,0,1,0,0.0,0.0,0.0,0.0,0.0,0.0,1.0,0.0,1
393,197.0,0,29.0,29.0,29.0,4.1034484,0.6896552,233.65517,144.10345,2018M09,27,7.0,1.0,1.0,0.0,3.3672957,3.3672957,3.3672957,5.4538465,0,0,0,0,0,0,1,0,0.0,0.0,0.0,0.0,0.0,0.0,0.0,0.0,1
394,198.0,1,112.0,61.0,51.0,4.383929,0.017857144,77.882355,30.044643,2018M10,27,8.0,1.0,1.0,1.0,4.7184987,4.1108737,3.9318256,4.3551993,0,0,0,0,0,0,0,1,0.0,0.0,0.0,0.0,0.0,0.0,0.0,1.0,1
395,198.0,0,35.0,35.0,35.0,4.0,0.8857143,242.37143,254.14285,2018M10,27,8.0,1.0,1.0,0.0,3.5553482,3.5553482,3.5553482,5.4904714,0,0,0,0,0,0,0,1,0.0,0.0,0.0,0.0,0.0,0.0,0.0,0.0,1
396,199.0,1,188.0,111.0,77.0,4.191489,0.0,62.96104,38.93617,2017M07,29,1.0,0.0,0.0,0.0,5.236442,4.7095304,4.3438053,4.142516,1,0,0,0,0,0,0,0,1.0,0.0,0.0,0.0,0.0,0.0,0.0,0.0,1
397,199.0,0,3.0,3.0,3.0,4.6666665,0.6666667,501.0,96.333336,2017M07,29,1.0,0.0,0.0,0.0,1.0986123,1.0986123,1.0986123,6.216606,1,0,0,0,0,0,0,0,0.0,0.0,0.0,0.0,0.0,0.0,0.0,0.0,1
398,200.0,1,230.0,152.0,78.0,4.352174,0.0,51.653847,32.98261,2017M08,29,2.0,0.0,0.0,0.0,5.4380794,5.0238805,4.356709,3.9445646,0,1,0,0,0,0,0,0,0.0,1.0,0.0,0.0,0.0,0.0,0.0,0.0,1
399,200.0,0,9.0,9.0,9.0,3.5555556,1.0,265.22223,528.2222,2017M08,29,2.0,0.0,0.0,0.0,2.1972246,2.1972246,2.1972246,5.580568,0,1,0,0,0,0,0,0,0.0,0.0,0.0,0.0,0.0,0.0,0.0,0.0,1
400,201.0,1,316.0,231.0,85.0,4.344937,0.00949367,43.95294,31.01266,2017M09,29,3.0,0.0,0.0,0.0,5.755742,5.4424176,4.4426513,3.7831194,0,0,1,0,0,0,0,0,0.0,0.0,1.0,0.0,0.0,0.0,0.0,0.0,1
401,201.0,0,9.0,9.0,9.0,4.3333335,0.5555556,445.1111,1056.7778,2017M09,29,3.0,0.0,0.0,0.0,2.1972246,2.1972246,2.1972246,6.098324,0,0,1,0,0,0,0,0,0.0,0.0,0.0,0.0,0.0,0.0,0.0,0.0,1
402,202.0,1,249.0,170.0,79.0,4.3453817,0.004016064,60.64557,33.46988,2017M10,29,4.0,0.0,0.0,0.0,5.5174527,5.1357985,4.3694477,4.1050467,0,0,0,1,0,0,0,0,0.0,0.0,0.0,1.0,0.0,0.0,0.0,0.0,1
403,202.0,0,13.0,13.0,13.0,4.0,0.6923077,292.53845,1066.3077,2017M10,29,4.0,0.0,0.0,0.0,2.5649493,2.5649493,2.5649493,5.678596,0,0,0,1,0,0,0,0,0.0,0.0,0.0,0.0,0.0,0.0,0.0,0.0,1
404,203.0,1,304.0,210.0,94.0,4.444079,0.0,59.80851,29.0,2018M07,29,5.0,1.0,1.0,1.0,5.7170277,5.3471074,4.543295,4.091148,0,0,0,0,1,0,0,0,0.0,0.0,0.0,0.0,1.0,0.0,0.0,0.0,1
405,203.0,0,7.0,7.0,7.0,3.142857,0.85714287,335.0,623.2857,2018M07,29,5.0,1.0,1.0,0.0,1.9459101,1.9459101,1.9459101,5.8141303,0,0,0,0,1,0,0,0,0.0,0.0,0.0,0.0,0.0,0.0,0.0,0.0,1
406,204.0,1,309.0,216.0,93.0,4.3495145,0.003236246,70.935486,35.352753,2018M08,29,6.0,1.0,1.0,1.0,5.733341,5.3752785,4.5325994,4.2617707,0,0,0,0,0,1,0,0,0.0,0.0,0.0,0.0,0.0,1.0,0.0,0.0,1
407,204.0,0,8.0,8.0,8.0,3.875,0.75,246.0,199.875,2018M08,29,6.0,1.0,1.0,0.0,2.0794415,2.0794415,2.0794415,5.5053315,0,0,0,0,0,1,0,0,0.0,0.0,0.0,0.0,0.0,0.0,0.0,0.0,1
408,205.0,1,311.0,223.0,88.0,4.3987136,0.0,67.39773,25.768488,2018M09,29,7.0,1.0,1.0,1.0,5.739793,5.4071717,4.477337,4.2106113,0,0,0,0,0,0,1,0,0.0,0.0,0.0,0.0,0.0,0.0,1.0,0.0,1
409,205.0,0,5.0,5.0,5.0,4.2,0.8,380.6,859.2,2018M09,29,7.0,1.0,1.0,0.0,1.609438,1.609438,1.609438,5.941749,0,0,0,0,0,0,1,0,0.0,0.0,0.0,0.0,0.0,0.0,0.0,0.0,1
410,206.0,1,268.0,184.0,84.0,4.466418,0.0,64.92857,34.511192,2018M10,29,8.0,1.0,1.0,1.0,5.590987,5.214936,4.4308167,4.173288,0,0,0,0,0,0,0,1,0.0,0.0,0.0,0.0,0.0,0.0,0.0,1.0,1
411,206.0,0,6.0,6.0,6.0,3.8333333,0.33333334,212.0,1083.6666,2018M10,29,8.0,1.0,1.0,0.0,1.7917595,1.7917595,1.7917595,5.3565865,0,0,0,0,0,0,0,1,0.0,0.0,0.0,0.0,0.0,0.0,0.0,0.0,1
412,207.0,1,258.0,160.0,98.0,4.4418607,0.011627907,46.10204,29.11628,2017M07,30,1.0,0.0,0.0,0.0,5.5529594,5.075174,4.5849676,3.8308573,1,0,0,0,0,0,0,0,1.0,0.0,0.0,0.0,0.0,0.0,0.0,0.0,1
413,207.0,0,273.0,273.0,273.0,3.9340658,0.8717949,236.9011,203.15018,2017M07,30,1.0,0.0,0.0,0.0,5.609472,5.609472,5.609472,5.467643,1,0,0,0,0,0,0,0,0.0,0.0,0.0,0.0,0.0,0.0,0.0,0.0,1
414,208.0,1,485.0,319.0,166.0,4.4371133,0.0041237115,65.75903,28.29897,2017M08,30,2.0,0.0,0.0,0.0,6.184149,5.765191,5.1119876,4.185997,0,1,0,0,0,0,0,0,0.0,1.0,0.0,0.0,0.0,0.0,0.0,0.0,1
415,208.0,0,291.0,291.0,291.0,3.9243987,0.8625429,245.49484,151.60481,2017M08,30,2.0,0.0,0.0,0.0,5.673323,5.673323,5.673323,5.503276,0,1,0,0,0,0,0,0,0.0,0.0,0.0,0.0,0.0,0.0,0.0,0.0,1
416,209.0,1,508.0,335.0,173.0,4.468504,0.005905512,54.566475,34.220474,2017M09,30,3.0,0.0,0.0,0.0,6.2304816,5.8141303,5.1532917,3.9994197,0,0,1,0,0,0,0,0,0.0,0.0,1.0,0.0,0.0,0.0,0.0,0.0,1
417,209.0,0,234.0,234.0,234.0,4.1025643,0.89316237,248.38461,173.82478,2017M09,30,3.0,0.0,0.0,0.0,5.4553213,5.4553213,5.4553213,5.5149784,0,0,1,0,0,0,0,0,0.0,0.0,0.0,0.0,0.0,0.0,0.0,0.0,1
418,210.0,1,593.0,401.0,192.0,4.462057,0.0067453627,50.588543,33.153458,2017M10,30,4.0,0.0,0.0,0.0,6.3851943,5.9939613,5.2574954,3.9237251,0,0,0,1,0,0,0,0,0.0,0.0,0.0,1.0,0.0,0.0,0.0,0.0,1
419,210.0,0,246.0,246.0,246.0,3.9715447,0.86585367,247.23984,199.78455,2017M10,30,4.0,0.0,0.0,0.0,5.5053315,5.5053315,5.5053315,5.510359,0,0,0,1,0,0,0,0,0.0,0.0,0.0,0.0,0.0,0.0,0.0,0.0,1
420,211.0,1,422.0,283.0,139.0,4.433649,0.0047393367,67.1223,39.056873,2018M07,30,5.0,1.0,1.0,1.0,6.0450053,5.645447,4.934474,4.2065163,0,0,0,0,1,0,0,0,0.0,0.0,0.0,0.0,1.0,0.0,0.0,0.0,1
421,211.0,0,263.0,263.0,263.0,4.0304184,0.85551333,239.02661,171.92015,2018M07,30,5.0,1.0,1.0,0.0,5.572154,5.572154,5.572154,5.476575,0,0,0,0,1,0,0,0,0.0,0.0,0.0,0.0,0.0,0.0,0.0,0.0,1
422,212.0,1,670.0,435.0,235.0,4.4134326,0.0,71.02128,31.87015,2018M08,30,6.0,1.0,1.0,1.0,6.5072775,6.075346,5.4595857,4.2629795,0,0,0,0,0,1,0,0,0.0,0.0,0.0,0.0,0.0,1.0,0.0,0.0,1
423,212.0,0,315.0,315.0,315.0,4.022222,0.82857144,237.89206,182.25714,2018M08,30,6.0,1.0,1.0,0.0,5.7525725,5.7525725,5.7525725,5.471817,0,0,0,0,0,1,0,0,0.0,0.0,0.0,0.0,0.0,0.0,0.0,0.0,1
424,213.0,1,658.0,438.0,220.0,4.4346504,0.0030395137,75.222725,33.241642,2018M09,30,7.0,1.0,1.0,1.0,6.489205,6.082219,5.3936276,4.320453,0,0,0,0,0,0,1,0,0.0,0.0,0.0,0.0,0.0,0.0,1.0,0.0,1
425,213.0,0,235.0,235.0,235.0,4.029787,0.83404255,255.04681,223.45958,2018M09,30,7.0,1.0,1.0,0.0,5.4595857,5.4595857,5.4595857,5.541447,0,0,0,0,0,0,1,0,0.0,0.0,0.0,0.0,0.0,0.0,0.0,0.0,1
426,214.0,1,614.0,420.0,194.0,4.5179152,0.0032573289,74.75773,36.550488,2018M10,30,8.0,1.0,1.0,1.0,6.419995,6.0402546,5.267858,4.3142524,0,0,0,0,0,0,0,1,0.0,0.0,0.0,0.0,0.0,0.0,0.0,1.0,1
427,214.0,0,238.0,238.0,238.0,4.117647,0.8235294,237.4748,186.06723,2018M10,30,8.0,1.0,1.0,0.0,5.4722705,5.4722705,5.4722705,5.4700613,0,0,0,0,0,0,0,1,0.0,0.0,0.0,0.0,0.0,0.0,0.0,0.0,1
428,215.0,1,125.0,90.0,35.0,4.32,0.0,63.085712,48.272,2017M07,31,1.0,0.0,0.0,0.0,4.828314,4.4998097,3.5553482,4.1444945,1,0,0,0,0,0,0,0,1.0,0.0,0.0,0.0,0.0,0.0,0.0,0.0,1
429,215.0,0,3.0,3.0,3.0,3.0,0.33333334,210.66667,1321.0,2017M07,31,1.0,0.0,0.0,0.0,1.0986123,1.0986123,1.0986123,5.350277,1,0,0,0,0,0,0,0,0.0,0.0,0.0,0.0,0.0,0.0,0.0,0.0,1
430,216.0,1,132.0,98.0,34.0,4.3030305,0.0,67.52941,33.477272,2017M08,31,2.0,0.0,0.0,0.0,4.882802,4.5849676,3.5263605,4.212563,0,1,0,0,0,0,0,0,0.0,1.0,0.0,0.0,0.0,0.0,0.0,0.0,1
431,216.0,0,3.0,3.0,3.0,3.3333333,1.0,239.0,507.66666,2017M08,31,2.0,0.0,0.0,0.0,1.0986123,1.0986123,1.0986123,5.4764633,0,1,0,0,0,0,0,0,0.0,0.0,0.0,0.0,0.0,0.0,0.0,0.0,1
432,217.0,1,169.0,124.0,45.0,4.295858,0.01775148,68.68889,32.615383,2017M09,31,3.0,0.0,0.0,0.0,5.1298985,4.8202815,3.8066626,4.2295876,0,0,1,0,0,0,0,0,0.0,0.0,1.0,0.0,0.0,0.0,0.0,0.0,1
433,217.0,0,2.0,2.0,2.0,3.5,0.5,310.5,192.5,2017M09,31,3.0,0.0,0.0,0.0,0.6931472,0.6931472,0.6931472,5.738184,0,0,1,0,0,0,0,0,0.0,0.0,0.0,0.0,0.0,0.0,0.0,0.0,1
434,218.0,1,165.0,127.0,38.0,4.369697,0.006060606,60.210526,31.018183,2017M10,31,4.0,0.0,0.0,0.0,5.1059456,4.8441873,3.637586,4.097847,0,0,0,1,0,0,0,0,0.0,0.0,0.0,1.0,0.0,0.0,0.0,0.0,1
435,218.0,0,7.0,7.0,7.0,4.142857,0.5714286,211.0,416.42856,2017M10,31,4.0,0.0,0.0,0.0,1.9459101,1.9459101,1.9459101,5.351858,0,0,0,1,0,0,0,0,0.0,0.0,0.0,0.0,0.0,0.0,0.0,0.0,1
436,219.0,1,134.0,98.0,36.0,4.261194,0.014925373,67.611115,27.410448,2018M07,31,5.0,1.0,1.0,1.0,4.89784,4.5849676,3.583519,4.2137723,0,0,0,0,1,0,0,0,0.0,0.0,0.0,0.0,1.0,0.0,0.0,0.0,1
437,219.0,0,3.0,3.0,3.0,4.0,0.6666667,461.0,429.33334,2018M07,31,5.0,1.0,1.0,0.0,1.0986123,1.0986123,1.0986123,6.133398,0,0,0,0,1,0,0,0,0.0,0.0,0.0,0.0,0.0,0.0,0.0,0.0,1
438,220.0,1,178.0,136.0,42.0,4.297753,0.011235955,79.45238,27.977528,2018M08,31,6.0,1.0,1.0,1.0,5.1817837,4.912655,3.7376697,4.375158,0,0,0,0,0,1,0,0,0.0,0.0,0.0,0.0,0.0,1.0,0.0,0.0,1
439,220.0,0,1.0,1.0,1.0,3.0,1.0,209.0,3067.0,2018M08,31,6.0,1.0,1.0,0.0,0.0,0.0,0.0,5.3423343,0,0,0,0,0,1,0,0,0.0,0.0,0.0,0.0,0.0,0.0,0.0,0.0,1
440,221.0,1,221.0,159.0,62.0,4.4117646,0.004524887,97.33871,35.78733,2018M09,31,7.0,1.0,1.0,1.0,5.398163,5.0689044,4.1271343,4.5781965,0,0,0,0,0,0,1,0,0.0,0.0,0.0,0.0,0.0,0.0,1.0,0.0,1
441,221.0,0,3.0,3.0,3.0,4.0,0.6666667,606.0,1646.0,2018M09,31,7.0,1.0,1.0,0.0,1.0986123,1.0986123,1.0986123,6.40688,0,0,0,0,0,0,1,0,0.0,0.0,0.0,0.0,0.0,0.0,0.0,0.0,1
442,222.0,1,144.0,121.0,23.0,4.423611,0.0069444445,75.478264,22.54861,2018M10,31,8.0,1.0,1.0,1.0,4.9698133,4.7957907,3.1354942,4.323845,0,0,0,0,0,0,0,1,0.0,0.0,0.0,0.0,0.0,0.0,0.0,1.0,1
443,222.0,0,1.0,1.0,1.0,3.0,1.0,327.0,2065.0,2018M10,31,8.0,1.0,1.0,0.0,0.0,0.0,0.0,5.7899604,0,0,0,0,0,0,0,1,0.0,0.0,0.0,0.0,0.0,0.0,0.0,0.0,1
444,223.0,1,97.0,59.0,38.0,4.4639177,0.020618556,64.210526,53.639175,2017M07,32,1.0,0.0,0.0,0.0,4.574711,4.0775375,3.637586,4.162167,1,0,0,0,0,0,0,0,1.0,0.0,0.0,0.0,0.0,0.0,0.0,0.0,1
445,223.0,0,3.0,3.0,3.0,3.0,0.6666667,313.33334,1151.0,2017M07,32,1.0,0.0,0.0,0.0,1.0986123,1.0986123,1.0986123,5.7472677,1,0,0,0,0,0,0,0,0.0,0.0,0.0,0.0,0.0,0.0,0.0,0.0,1
446,224.0,1,164.0,107.0,57.0,4.371951,0.0060975607,50.80702,30.359756,2017M08,32,2.0,0.0,0.0,0.0,5.0998664,4.6728287,4.0430512,3.9280345,0,1,0,0,0,0,0,0,0.0,1.0,0.0,0.0,0.0,0.0,0.0,0.0,1
447,224.0,0,4.0,4.0,4.0,3.5,1.0,185.75,151.25,2017M08,32,2.0,0.0,0.0,0.0,1.3862944,1.3862944,1.3862944,5.2244015,0,1,0,0,0,0,0,0,0.0,0.0,0.0,0.0,0.0,0.0,0.0,0.0,1
448,225.0,1,201.0,122.0,79.0,4.3432837,0.014925373,68.544304,51.09453,2017M09,32,3.0,0.0,0.0,0.0,5.3033047,4.804021,4.3694477,4.2274804,0,0,1,0,0,0,0,0,0.0,0.0,1.0,0.0,0.0,0.0,0.0,0.0,1
449,225.0,0,4.0,4.0,4.0,3.75,0.75,249.75,499.25,2017M09,32,3.0,0.0,0.0,0.0,1.3862944,1.3862944,1.3862944,5.5204606,0,0,1,0,0,0,0,0,0.0,0.0,0.0,0.0,0.0,0.0,0.0,0.0,1
450,226.0,1,159.0,120.0,39.0,4.3207545,0.018867925,38.897434,30.45283,2017M10,32,4.0,0.0,0.0,0.0,5.0689044,4.787492,3.6635616,3.6609282,0,0,0,1,0,0,0,0,0.0,0.0,0.0,1.0,0.0,0.0,0.0,0.0,1
451,226.0,0,6.0,6.0,6.0,4.3333335,0.6666667,219.83333,325.66666,2017M10,32,4.0,0.0,0.0,0.0,1.7917595,1.7917595,1.7917595,5.3928695,0,0,0,1,0,0,0,0,0.0,0.0,0.0,0.0,0.0,0.0,0.0,0.0,1
452,227.0,1,126.0,78.0,48.0,4.2460318,0.031746034,49.9375,32.20635,2018M07,32,5.0,1.0,1.0,1.0,4.836282,4.356709,3.871201,3.9107723,0,0,0,0,1,0,0,0,0.0,0.0,0.0,0.0,1.0,0.0,0.0,0.0,1
453,227.0,0,2.0,2.0,2.0,3.5,1.0,227.0,3734.0,2018M07,32,5.0,1.0,1.0,0.0,0.6931472,0.6931472,0.6931472,5.42495,0,0,0,0,1,0,0,0,0.0,0.0,0.0,0.0,0.0,0.0,0.0,0.0,1
454,228.0,1,205.0,133.0,72.0,4.3512197,0.019512195,74.93056,28.536585,2018M08,32,6.0,1.0,1.0,1.0,5.32301,4.890349,4.276666,4.3165617,0,0,0,0,0,1,0,0,0.0,0.0,0.0,0.0,0.0,1.0,0.0,0.0,1
455,228.0,0,1.0,1.0,1.0,3.0,1.0,172.0,1024.0,2018M08,32,6.0,1.0,1.0,0.0,0.0,0.0,0.0,5.1474943,0,0,0,0,0,1,0,0,0.0,0.0,0.0,0.0,0.0,0.0,0.0,0.0,1
456,229.0,1,181.0,131.0,50.0,4.331492,0.0,59.58,45.36464,2018M09,32,7.0,1.0,1.0,1.0,5.198497,4.8751974,3.912023,4.08732,0,0,0,0,0,0,1,0,0.0,0.0,0.0,0.0,0.0,0.0,1.0,0.0,1
457,229.0,0,4.0,4.0,4.0,4.25,0.75,390.25,1197.0,2018M09,32,7.0,1.0,1.0,0.0,1.3862944,1.3862944,1.3862944,5.9667873,0,0,0,0,0,0,1,0,0.0,0.0,0.0,0.0,0.0,0.0,0.0,0.0,1
458,230.0,1,159.0,106.0,53.0,4.4591193,0.012578616,57.603775,30.433962,2018M10,32,8.0,1.0,1.0,1.0,5.0689044,4.6634393,3.9702919,4.053588,0,0,0,0,0,0,0,1,0.0,0.0,0.0,0.0,0.0,0.0,0.0,1.0,1
459,230.0,0,2.0,2.0,2.0,3.5,0.5,200.5,840.0,2018M10,32,8.0,1.0,1.0,0.0,0.6931472,0.6931472,0.6931472,5.300814,0,0,0,0,0,0,0,1,0.0,0.0,0.0,0.0,0.0,0.0,0.0,0.0,1
460,231.0,1,96.0,61.0,35.0,4.4166665,0.010416667,63.4,60.260418,2017M07,33,1.0,0.0,0.0,0.0,4.564348,4.1108737,3.5553482,4.1494637,1,0,0,0,0,0,0,0,1.0,0.0,0.0,0.0,0.0,0.0,0.0,0.0,1
461,231.0,0,2.0,2.0,2.0,3.0,1.0,408.5,457.5,2017M07,33,1.0,0.0,0.0,0.0,0.6931472,0.6931472,0.6931472,6.0124917,1,0,0,0,0,0,0,0,0.0,0.0,0.0,0.0,0.0,0.0,0.0,0.0,1
462,232.0,1,100.0,71.0,29.0,4.31,0.02,54.37931,60.93,2017M08,33,2.0,0.0,0.0,0.0,4.6051702,4.26268,3.3672957,3.9959838,0,1,0,0,0,0,0,0,0.0,1.0,0.0,0.0,0.0,0.0,0.0,0.0,1
463,232.0,0,3.0,3.0,3.0,2.6666667,1.0,360.33334,234.66667,2017M08,33,2.0,0.0,0.0,0.0,1.0986123,1.0986123,1.0986123,5.8870296,0,1,0,0,0,0,0,0,0.0,0.0,0.0,0.0,0.0,0.0,0.0,0.0,1
464,233.0,1,122.0,78.0,44.0,4.327869,0.008196721,61.204544,51.385246,2017M09,33,3.0,0.0,0.0,0.0,4.804021,4.356709,3.7841897,4.1142216,0,0,1,0,0,0,0,0,0.0,0.0,1.0,0.0,0.0,0.0,0.0,0.0,1
465,233.0,0,16.0,16.0,16.0,4.25,0.75,394.25,1492.375,2017M09,33,3.0,0.0,0.0,0.0,2.7725887,2.7725887,2.7725887,5.9769855,0,0,1,0,0,0,0,0,0.0,0.0,0.0,0.0,0.0,0.0,0.0,0.0,1
466,234.0,1,113.0,77.0,36.0,4.371681,0.0,65.333336,36.123894,2017M10,33,4.0,0.0,0.0,0.0,4.727388,4.3438053,3.583519,4.1795025,0,0,0,1,0,0,0,0,0.0,0.0,0.0,1.0,0.0,0.0,0.0,0.0,1
467,234.0,0,13.0,13.0,13.0,4.0,0.84615386,467.30768,723.6923,2017M10,33,4.0,0.0,0.0,0.0,2.5649493,2.5649493,2.5649493,6.146988,0,0,0,1,0,0,0,0,0.0,0.0,0.0,0.0,0.0,0.0,0.0,0.0,1
468,235.0,1,194.0,130.0,64.0,4.402062,0.010309278,56.96875,28.742268,2018M07,33,5.0,1.0,1.0,1.0,5.267858,4.8675346,4.158883,4.042503,0,0,0,0,1,0,0,0,0.0,0.0,0.0,0.0,1.0,0.0,0.0,0.0,1
469,235.0,0,1.0,1.0,1.0,5.0,1.0,377.0,504.0,2018M07,33,5.0,1.0,1.0,0.0,0.0,0.0,0.0,5.9322453,0,0,0,0,1,0,0,0,0.0,0.0,0.0,0.0,0.0,0.0,0.0,0.0,1
470,236.0,1,237.0,159.0,78.0,4.2742615,0.008438818,69.74359,39.261604,2018M08,33,6.0,1.0,1.0,1.0,5.46806,5.0689044,4.356709,4.2448254,0,0,0,0,0,1,0,0,0.0,0.0,0.0,0.0,0.0,1.0,0.0,0.0,1
471,236.0,0,2.0,2.0,2.0,4.5,0.5,155.5,909.0,2018M08,33,6.0,1.0,1.0,0.0,0.6931472,0.6931472,0.6931472,5.0466456,0,0,0,0,0,1,0,0,0.0,0.0,0.0,0.0,0.0,0.0,0.0,0.0,1
472,237.0,1,231.0,167.0,64.0,4.4242425,0.0043290043,64.046875,37.510822,2018M09,33,7.0,1.0,1.0,1.0,5.4424176,5.117994,4.158883,4.159615,0,0,0,0,0,0,1,0,0.0,0.0,0.0,0.0,0.0,0.0,1.0,0.0,1
473,237.0,0,1.0,1.0,1.0,4.0,0.0,378.0,3742.0,2018M09,33,7.0,1.0,1.0,0.0,0.0,0.0,0.0,5.934894,0,0,0,0,0,0,1,0,0.0,0.0,0.0,0.0,0.0,0.0,0.0,0.0,1
474,238.0,1,46.0,21.0,25.0,4.652174,0.04347826,115.0,166.26086,2017M07,34,1.0,0.0,0.0,0.0,3.8286414,3.0445225,3.218876,4.744932,1,0,0,0,0,0,0,0,1.0,0.0,0.0,0.0,0.0,0.0,0.0,0.0,1
475,238.0,0,5.0,5.0,5.0,4.0,0.8,206.6,270.2,2017M07,34,1.0,0.0,0.0,0.0,1.609438,1.609438,1.609438,5.330785,1,0,0,0,0,0,0,0,0.0,0.0,0.0,0.0,0.0,0.0,0.0,0.0,1
476,239.0,1,78.0,36.0,42.0,4.6410255,0.03846154,76.2619,72.46154,2017M08,34,2.0,0.0,0.0,0.0,4.356709,3.583519,3.7376697,4.3341737,0,1,0,0,0,0,0,0,0.0,1.0,0.0,0.0,0.0,0.0,0.0,0.0,1
477,239.0,0,3.0,3.0,3.0,4.6666665,0.33333334,188.0,884.0,2017M08,34,2.0,0.0,0.0,0.0,1.0986123,1.0986123,1.0986123,5.236442,0,1,0,0,0,0,0,0,0.0,0.0,0.0,0.0,0.0,0.0,0.0,0.0,1
478,240.0,1,72.0,38.0,34.0,4.625,0.041666668,77.17647,96.138885,2017M09,34,3.0,0.0,0.0,0.0,4.276666,3.637586,3.5263605,4.3460946,0,0,1,0,0,0,0,0,0.0,0.0,1.0,0.0,0.0,0.0,0.0,0.0,1
479,240.0,0,1.0,1.0,1.0,3.0,1.0,146.0,384.0,2017M09,34,3.0,0.0,0.0,0.0,0.0,0.0,0.0,4.983607,0,0,1,0,0,0,0,0,0.0,0.0,0.0,0.0,0.0,0.0,0.0,0.0,1
480,241.0,1,84.0,54.0,30.0,4.607143,0.023809524,82.3,79.059525,2017M10,34,4.0,0.0,0.0,0.0,4.4308167,3.988984,3.4011974,4.4103713,0,0,0,1,0,0,0,0,0.0,0.0,0.0,1.0,0.0,0.0,0.0,0.0,1
481,241.0,0,6.0,6.0,6.0,4.3333335,0.33333334,189.5,796.1667,2017M10,34,4.0,0.0,0.0,0.0,1.7917595,1.7917595,1.7917595,5.244389,0,0,0,1,0,0,0,0,0.0,0.0,0.0,0.0,0.0,0.0,0.0,0.0,1
482,242.0,1,176.0,121.0,55.0,4.5397725,0.011363637,72.29091,44.835228,2018M07,34,5.0,1.0,1.0,1.0,5.170484,4.7957907,4.0073333,4.2806983,0,0,0,0,1,0,0,0,0.0,0.0,0.0,0.0,1.0,0.0,0.0,0.0,1
483,242.0,0,9.0,9.0,9.0,4.3333335,0.7777778,320.22223,484.22223,2018M07,34,5.0,1.0,1.0,0.0,2.1972246,2.1972246,2.1972246,5.7690153,0,0,0,0,1,0,0,0,0.0,0.0,0.0,0.0,0.0,0.0,0.0,0.0,1
484,243.0,1,212.0,126.0,86.0,4.5990567,0.004716981,73.53488,87.62736,2018M08,34,6.0,1.0,1.0,1.0,5.3565865,4.836282,4.454347,4.29776,0,0,0,0,0,1,0,0,0.0,0.0,0.0,0.0,0.0,1.0,0.0,0.0,1
485,243.0,0,5.0,5.0,5.0,4.4,0.6,299.0,109.2,2018M08,34,6.0,1.0,1.0,0.0,1.609438,1.609438,1.609438,5.7004437,0,0,0,0,0,1,0,0,0.0,0.0,0.0,0.0,0.0,0.0,0.0,0.0,1
486,244.0,1,94.0,59.0,35.0,4.5,0.0,93.685715,72.8617,2018M09,34,7.0,1.0,1.0,1.0,4.543295,4.0775375,3.5553482,4.5399456,0,0,0,0,0,0,1,0,0.0,0.0,0.0,0.0,0.0,0.0,1.0,0.0,1
487,244.0,0,5.0,5.0,5.0,4.4,0.8,282.6,997.2,2018M09,34,7.0,1.0,1.0,0.0,1.609438,1.609438,1.609438,5.6440325,0,0,0,0,0,0,1,0,0.0,0.0,0.0,0.0,0.0,0.0,0.0,0.0,1
488,245.0,1,113.0,63.0,50.0,4.5044246,0.026548672,87.86,56.690266,2018M10,34,8.0,1.0,1.0,1.0,4.727388,4.1431346,3.912023,4.4757447,0,0,0,0,0,0,0,1,0.0,0.0,0.0,0.0,0.0,0.0,0.0,1.0,1
489,245.0,0,12.0,12.0,12.0,4.5,0.75,387.75,245.08333,2018M10,34,8.0,1.0,1.0,0.0,2.4849067,2.4849067,2.4849067,5.960361,0,0,0,0,0,0,0,1,0.0,0.0,0.0,0.0,0.0,0.0,0.0,0.0,1
490,246.0,1,187.0,134.0,53.0,4.513369,0.021390375,58.377357,32.68449,2017M07,35,1.0,0.0,0.0,0.0,5.2311087,4.89784,3.9702919,4.066928,1,0,0,0,0,0,0,0,1.0,0.0,0.0,0.0,0.0,0.0,0.0,0.0,1
491,246.0,0,43.0,43.0,43.0,4.255814,0.7906977,211.0,136.39536,2017M07,35,1.0,0.0,0.0,0.0,3.7612002,3.7612002,3.7612002,5.351858,1,0,0,0,0,0,0,0,0.0,0.0,0.0,0.0,0.0,0.0,0.0,0.0,1
492,247.0,1,290.0,198.0,92.0,4.534483,0.0034482758,57.282608,25.003448,2017M08,35,2.0,0.0,0.0,0.0,5.669881,5.288267,4.5217886,4.047997,0,1,0,0,0,0,0,0,0.0,1.0,0.0,0.0,0.0,0.0,0.0,0.0,1
493,247.0,0,68.0,68.0,68.0,4.0735292,0.7647059,182.38235,193.27942,2017M08,35,2.0,0.0,0.0,0.0,4.2195077,4.2195077,4.2195077,5.206105,0,1,0,0,0,0,0,0,0.0,0.0,0.0,0.0,0.0,0.0,0.0,0.0,1
494,248.0,1,238.0,173.0,65.0,4.5504203,0.021008404,59.43077,25.10084,2017M09,35,3.0,0.0,0.0,0.0,5.4722705,5.1532917,4.1743875,4.084812,0,0,1,0,0,0,0,0,0.0,0.0,1.0,0.0,0.0,0.0,0.0,0.0,1
495,248.0,0,30.0,30.0,30.0,3.9666667,0.6333333,258.1,278.83334,2017M09,35,3.0,0.0,0.0,0.0,3.4011974,3.4011974,3.4011974,5.553347,0,0,1,0,0,0,0,0,0.0,0.0,0.0,0.0,0.0,0.0,0.0,0.0,1
496,249.0,1,126.0,87.0,39.0,4.5634923,0.0,55.179485,35.285713,2017M10,35,4.0,0.0,0.0,0.0,4.836282,4.465908,3.6635616,4.010591,0,0,0,1,0,0,0,0,0.0,0.0,0.0,1.0,0.0,0.0,0.0,0.0,1
497,249.0,0,13.0,13.0,13.0,4.076923,0.9230769,166.6923,332.3846,2017M10,35,4.0,0.0,0.0,0.0,2.5649493,2.5649493,2.5649493,5.1161494,0,0,0,1,0,0,0,0,0.0,0.0,0.0,0.0,0.0,0.0,0.0,0.0,1
498,250.0,1,300.0,201.0,99.0,4.4933333,0.0033333334,49.464645,21.096666,2018M07,35,5.0,1.0,1.0,1.0,5.7037826,5.3033047,4.59512,3.9012582,0,0,0,0,1,0,0,0,0.0,0.0,0.0,0.0,1.0,0.0,0.0,0.0,1
499,250.0,0,21.0,21.0,21.0,4.095238,0.5714286,261.2857,219.5238,2018M07,35,5.0,1.0,1.0,0.0,3.0445225,3.0445225,3.0445225,5.5656147,0,0,0,0,1,0,0,0,0.0,0.0,0.0,0.0,0.0,0.0,0.0,0.0,1
500,251.0,1,350.0,251.0,99.0,4.3514285,0.008571428,62.626263,19.982857,2018M08,35,6.0,1.0,1.0,1.0,5.857933,5.525453,4.59512,4.1371846,0,0,0,0,0,1,0,0,0.0,0.0,0.0,0.0,0.0,1.0,0.0,0.0,1
501,251.0,0,36.0,36.0,36.0,4.0555553,0.7222222,203.47223,288.72223,2018M08,35,6.0,1.0,1.0,0.0,3.583519,3.583519,3.583519,5.3155293,0,0,0,0,0,1,0,0,0.0,0.0,0.0,0.0,0.0,0.0,0.0,0.0,1
502,252.0,1,162.0,107.0,55.0,4.4382715,0.0061728396,100.87273,37.246914,2018M09,35,7.0,1.0,1.0,1.0,5.0875964,4.6728287,4.0073333,4.6138597,0,0,0,0,0,0,1,0,0.0,0.0,0.0,0.0,0.0,0.0,1.0,0.0,1
503,252.0,0,30.0,30.0,30.0,3.7333333,0.6666667,231.3,303.86667,2018M09,35,7.0,1.0,1.0,0.0,3.4011974,3.4011974,3.4011974,5.4437156,0,0,0,0,0,0,1,0,0.0,0.0,0.0,0.0,0.0,0.0,0.0,0.0,1
504,253.0,1,78.0,50.0,28.0,4.6538463,0.012820513,62.107143,31.166666,2018M10,35,8.0,1.0,1.0,1.0,4.356709,3.912023,3.3322046,4.128861,0,0,0,0,0,0,0,1,0.0,0.0,0.0,0.0,0.0,0.0,0.0,1.0,1
505,253.0,0,14.0,14.0,14.0,4.071429,0.85714287,245.42857,255.07143,2018M10,35,8.0,1.0,1.0,0.0,2.6390574,2.6390574,2.6390574,5.503006,0,0,0,0,0,0,0,1,0.0,0.0,0.0,0.0,0.0,0.0,0.0,0.0,1
506,254.0,1,78.0,50.0,28.0,4.6538463,0.03846154,61.107143,37.153847,2017M07,36,1.0,0.0,0.0,0.0,4.356709,3.912023,3.3322046,4.112629,1,0,0,0,0,0,0,0,1.0,0.0,0.0,0.0,0.0,0.0,0.0,0.0,1
507,254.0,0,64.0,64.0,64.0,4.109375,0.640625,237.90625,310.10938,2017M07,36,1.0,0.0,0.0,0.0,4.158883,4.158883,4.158883,5.4718766,1,0,0,0,0,0,0,0,0.0,0.0,0.0,0.0,0.0,0.0,0.0,0.0,1
508,255.0,1,61.0,42.0,19.0,4.2622952,0.016393442,57.157894,71.68852,2017M08,36,2.0,0.0,0.0,0.0,4.1108737,3.7376697,2.944439,4.0458174,0,1,0,0,0,0,0,0,0.0,1.0,0.0,0.0,0.0,0.0,0.0,0.0,1
509,255.0,0,55.0,55.0,55.0,3.290909,0.7818182,225.16364,351.30908,2017M08,36,2.0,0.0,0.0,0.0,4.0073333,4.0073333,4.0073333,5.416827,0,1,0,0,0,0,0,0,0.0,0.0,0.0,0.0,0.0,0.0,0.0,0.0,1
510,256.0,1,67.0,44.0,23.0,4.5373135,0.029850746,70.0,49.77612,2017M09,36,3.0,0.0,0.0,0.0,4.204693,3.7841897,3.1354942,4.248495,0,0,1,0,0,0,0,0,0.0,0.0,1.0,0.0,0.0,0.0,0.0,0.0,1
511,256.0,0,37.0,37.0,37.0,3.7837837,0.6756757,182.02702,290.02704,2017M09,36,3.0,0.0,0.0,0.0,3.6109178,3.6109178,3.6109178,5.204155,0,0,1,0,0,0,0,0,0.0,0.0,0.0,0.0,0.0,0.0,0.0,0.0,1
512,257.0,1,50.0,30.0,20.0,4.7,0.02,66.0,194.3,2017M10,36,4.0,0.0,0.0,0.0,3.912023,3.4011974,2.9957323,4.189655,0,0,0,1,0,0,0,0,0.0,0.0,0.0,1.0,0.0,0.0,0.0,0.0,1
513,257.0,0,57.0,57.0,57.0,4.2105265,0.75438595,260.2807,238.33333,2017M10,36,4.0,0.0,0.0,0.0,4.0430512,4.0430512,4.0430512,5.561761,0,0,0,1,0,0,0,0,0.0,0.0,0.0,0.0,0.0,0.0,0.0,0.0,1
514,258.0,1,217.0,153.0,64.0,4.626728,0.013824885,81.0625,47.142857,2018M07,36,5.0,1.0,1.0,1.0,5.379897,5.030438,4.158883,4.3952203,0,0,0,0,1,0,0,0,0.0,0.0,0.0,0.0,1.0,0.0,0.0,0.0,1
515,258.0,0,62.0,62.0,62.0,4.33871,0.7096774,232.75807,284.14517,2018M07,36,5.0,1.0,1.0,0.0,4.1271343,4.1271343,4.1271343,5.45,0,0,0,0,1,0,0,0,0.0,0.0,0.0,0.0,0.0,0.0,0.0,0.0,1
516,259.0,1,249.0,182.0,67.0,4.574297,0.016064256,69.970146,33.301205,2018M08,36,6.0,1.0,1.0,1.0,5.5174527,5.2040067,4.204693,4.248069,0,0,0,0,0,1,0,0,0.0,0.0,0.0,0.0,0.0,1.0,0.0,0.0,1
517,259.0,0,49.0,49.0,49.0,4.122449,0.63265306,223.44897,231.87755,2018M08,36,6.0,1.0,1.0,0.0,3.8918202,3.8918202,3.8918202,5.409183,0,0,0,0,0,1,0,0,0.0,0.0,0.0,0.0,0.0,0.0,0.0,0.0,1
518,260.0,1,185.0,125.0,60.0,4.589189,0.016216217,64.23333,56.281082,2018M09,36,7.0,1.0,1.0,1.0,5.220356,4.828314,4.0943446,4.1625223,0,0,0,0,0,0,1,0,0.0,0.0,0.0,0.0,0.0,0.0,1.0,0.0,1
519,260.0,0,55.0,55.0,55.0,4.3818183,0.6,274.1091,222.01819,2018M09,36,7.0,1.0,1.0,0.0,4.0073333,4.0073333,4.0073333,5.6135263,0,0,0,0,0,0,1,0,0.0,0.0,0.0,0.0,0.0,0.0,0.0,0.0,1
520,261.0,1,155.0,112.0,43.0,4.4387097,0.0,75.30232,24.03871,2018M10,36,8.0,1.0,1.0,1.0,5.043425,4.7184987,3.7612002,4.321511,0,0,0,0,0,0,0,1,0.0,0.0,0.0,0.0,0.0,0.0,0.0,1.0,1
521,261.0,0,36.0,36.0,36.0,4.2777777,0.6944444,203.47223,397.55554,2018M10,36,8.0,1.0,1.0,0.0,3.583519,3.583519,3.583519,5.3155293,0,0,0,0,0,0,0,1,0.0,0.0,0.0,0.0,0.0,0.0,0.0,0.0,1
522,262.0,1,75.0,46.0,29.0,4.5066667,0.013333334,62.75862,36.466667,2017M07,37,1.0,0.0,0.0,0.0,4.317488,3.8286414,3.3672957,4.139296,1,0,0,0,0,0,0,0,1.0,0.0,0.0,0.0,0.0,0.0,0.0,0.0,1
523,262.0,0,39.0,39.0,39.0,4.3333335,0.7692308,181.02563,202.79488,2017M07,37,1.0,0.0,0.0,0.0,3.6635616,3.6635616,3.6635616,5.1986384,1,0,0,0,0,0,0,0,0.0,0.0,0.0,0.0,0.0,0.0,0.0,0.0,1
524,263.0,1,132.0,73.0,59.0,4.439394,0.030303031,50.101696,37.484848,2017M08,37,2.0,0.0,0.0,0.0,4.882802,4.2904596,4.0775375,3.9140549,0,1,0,0,0,0,0,0,0.0,1.0,0.0,0.0,0.0,0.0,0.0,0.0,1
525,263.0,0,51.0,51.0,51.0,4.372549,0.8627451,260.31372,326.2353,2017M08,37,2.0,0.0,0.0,0.0,3.9318256,3.9318256,3.9318256,5.5618877,0,1,0,0,0,0,0,0,0.0,0.0,0.0,0.0,0.0,0.0,0.0,0.0,1
526,264.0,1,82.0,48.0,34.0,4.231707,0.024390243,46.764706,34.036587,2017M09,37,3.0,0.0,0.0,0.0,4.406719,3.871201,3.5263605,3.8451288,0,0,1,0,0,0,0,0,0.0,0.0,1.0,0.0,0.0,0.0,0.0,0.0,1
527,264.0,0,30.0,30.0,30.0,4.6,0.8,198.46666,303.6,2017M09,37,3.0,0.0,0.0,0.0,3.4011974,3.4011974,3.4011974,5.2906213,0,0,1,0,0,0,0,0,0.0,0.0,0.0,0.0,0.0,0.0,0.0,0.0,1
528,265.0,1,93.0,57.0,36.0,4.419355,0.021505376,90.47222,29.247313,2017M10,37,4.0,0.0,0.0,0.0,4.5325994,4.0430512,3.583519,4.505043,0,0,0,1,0,0,0,0,0.0,0.0,0.0,1.0,0.0,0.0,0.0,0.0,1
529,265.0,0,33.0,33.0,33.0,4.181818,0.6969697,212.30302,416.18182,2017M10,37,4.0,0.0,0.0,0.0,3.4965076,3.4965076,3.4965076,5.3580146,0,0,0,1,0,0,0,0,0.0,0.0,0.0,0.0,0.0,0.0,0.0,0.0,1
530,266.0,1,104.0,63.0,41.0,4.5096154,0.009615385,102.36585,31.067308,2018M07,37,5.0,1.0,1.0,1.0,4.644391,4.1431346,3.713572,4.6285534,0,0,0,0,1,0,0,0,0.0,0.0,0.0,0.0,1.0,0.0,0.0,0.0,1
531,266.0,0,33.0,33.0,33.0,4.4545455,0.75757575,180.0303,288.36365,2018M07,37,5.0,1.0,1.0,0.0,3.4965076,3.4965076,3.4965076,5.1931252,0,0,0,0,1,0,0,0,0.0,0.0,0.0,0.0,0.0,0.0,0.0,0.0,1
532,267.0,1,163.0,97.0,66.0,4.4355826,0.036809817,64.954544,42.067486,2018M08,37,6.0,1.0,1.0,1.0,5.09375,4.574711,4.189655,4.173688,0,0,0,0,0,1,0,0,0.0,0.0,0.0,0.0,0.0,1.0,0.0,0.0,1
533,267.0,0,40.0,40.0,40.0,4.3,0.775,229.5,409.15,2018M08,37,6.0,1.0,1.0,0.0,3.6888795,3.6888795,3.6888795,5.435903,0,0,0,0,0,1,0,0,0.0,0.0,0.0,0.0,0.0,0.0,0.0,0.0,1
534,268.0,1,84.0,59.0,25.0,4.6309524,0.011904762,81.24,33.595238,2018M09,37,7.0,1.0,1.0,1.0,4.4308167,4.0775375,3.218876,4.3974075,0,0,0,0,0,0,1,0,0.0,0.0,0.0,0.0,0.0,0.0,1.0,0.0,1
535,268.0,0,23.0,23.0,23.0,4.347826,0.9130435,250.26086,266.86957,2018M09,37,7.0,1.0,1.0,0.0,3.1354942,3.1354942,3.1354942,5.522504,0,0,0,0,0,0,1,0,0.0,0.0,0.0,0.0,0.0,0.0,0.0,0.0,1
536,269.0,1,126.0,85.0,41.0,4.571429,0.015873017,45.90244,23.817461,2018M10,37,8.0,1.0,1.0,1.0,4.836282,4.4426513,3.713572,3.8265183,0,0,0,0,0,0,0,1,0.0,0.0,0.0,0.0,0.0,0.0,0.0,1.0,1
537,269.0,0,27.0,27.0,27.0,4.5185184,0.7407407,230.44444,467.22223,2018M10,37,8.0,1.0,1.0,0.0,3.295837,3.295837,3.295837,5.4400096,0,0,0,0,0,0,0,1,0.0,0.0,0.0,0.0,0.0,0.0,0.0,0.0,1
538,270.0,1,51.0,16.0,35.0,4.7647057,0.0,104.08572,133.45097,2017M07,38,1.0,0.0,0.0,0.0,3.9318256,2.7725887,3.5553482,4.6452146,1,0,0,0,0,0,0,0,1.0,0.0,0.0,0.0,0.0,0.0,0.0,0.0,1
539,270.0,0,9.0,9.0,9.0,3.5555556,0.5555556,365.55554,1287.1111,2017M07,38,1.0,0.0,0.0,0.0,2.1972246,2.1972246,2.1972246,5.901418,1,0,0,0,0,0,0,0,0.0,0.0,0.0,0.0,0.0,0.0,0.0,0.0,1
540,271.0,1,52.0,19.0,33.0,4.7115383,0.057692308,91.57576,106.98077,2017M08,38,2.0,0.0,0.0,0.0,3.9512436,2.944439,3.4965076,4.5171666,0,1,0,0,0,0,0,0,0.0,1.0,0.0,0.0,0.0,0.0,0.0,0.0,1
541,271.0,0,7.0,7.0,7.0,4.428571,0.5714286,365.85715,936.2857,2017M08,38,2.0,0.0,0.0,0.0,1.9459101,1.9459101,1.9459101,5.902243,0,1,0,0,0,0,0,0,0.0,0.0,0.0,0.0,0.0,0.0,0.0,0.0,1
542,272.0,1,43.0,18.0,25.0,4.5348835,0.023255814,73.36,54.488373,2017M09,38,3.0,0.0,0.0,0.0,3.7612002,2.8903718,3.218876,4.2953787,0,0,1,0,0,0,0,0,0.0,0.0,1.0,0.0,0.0,0.0,0.0,0.0,1
543,272.0,0,13.0,13.0,13.0,4.1538463,0.9230769,481.3846,687.9231,2017M09,38,3.0,0.0,0.0,0.0,2.5649493,2.5649493,2.5649493,6.1766667,0,0,1,0,0,0,0,0,0.0,0.0,0.0,0.0,0.0,0.0,0.0,0.0,1
544,273.0,1,37.0,21.0,16.0,4.5405407,0.027027028,104.875,213.8108,2017M10,38,4.0,0.0,0.0,0.0,3.6109178,3.0445225,2.7725887,4.652769,0,0,0,1,0,0,0,0,0.0,0.0,0.0,1.0,0.0,0.0,0.0,0.0,1
545,273.0,0,8.0,8.0,8.0,4.75,0.625,427.75,680.375,2017M10,38,4.0,0.0,0.0,0.0,2.0794415,2.0794415,2.0794415,6.058539,0,0,0,1,0,0,0,0,0.0,0.0,0.0,0.0,0.0,0.0,0.0,0.0,1
546,274.0,1,107.0,55.0,52.0,4.5607476,0.018691588,156.88461,60.056076,2018M07,38,5.0,1.0,1.0,1.0,4.6728287,4.0073333,3.9512436,5.0555105,0,0,0,0,1,0,0,0,0.0,0.0,0.0,0.0,1.0,0.0,0.0,0.0,1
547,274.0,0,9.0,9.0,9.0,4.2222223,0.5555556,534.55554,236.77777,2018M07,38,5.0,1.0,1.0,0.0,2.1972246,2.1972246,2.1972246,6.2814355,0,0,0,0,1,0,0,0,0.0,0.0,0.0,0.0,0.0,0.0,0.0,0.0,1
548,275.0,1,135.0,63.0,72.0,4.637037,0.0,98.736115,62.785187,2018M08,38,6.0,1.0,1.0,1.0,4.905275,4.1431346,4.276666,4.5924506,0,0,0,0,0,1,0,0,0.0,0.0,0.0,0.0,0.0,1.0,0.0,0.0,1
549,275.0,0,14.0,14.0,14.0,4.357143,0.5714286,299.0,577.1429,2018M08,38,6.0,1.0,1.0,0.0,2.6390574,2.6390574,2.6390574,5.7004437,0,0,0,0,0,1,0,0,0.0,0.0,0.0,0.0,0.0,0.0,0.0,0.0,1
550,276.0,1,114.0,62.0,52.0,4.640351,0.0,104.65385,52.438595,2018M09,38,7.0,1.0,1.0,1.0,4.7361984,4.1271343,3.9512436,4.650658,0,0,0,0,0,0,1,0,0.0,0.0,0.0,0.0,0.0,0.0,1.0,0.0,1
551,276.0,0,6.0,6.0,6.0,4.3333335,0.8333333,325.83334,245.5,2018M09,38,7.0,1.0,1.0,0.0,1.7917595,1.7917595,1.7917595,5.786386,0,0,0,0,0,0,1,0,0.0,0.0,0.0,0.0,0.0,0.0,0.0,0.0,1
552,277.0,1,101.0,53.0,48.0,4.633663,0.00990099,137.04167,65.792076,2018M10,38,8.0,1.0,1.0,1.0,4.6151204,3.9702919,3.871201,4.920285,0,0,0,0,0,0,0,1,0.0,0.0,0.0,0.0,0.0,0.0,0.0,1.0,1
553,277.0,0,10.0,10.0,10.0,4.9,0.7,300.2,130.4,2018M10,38,8.0,1.0,1.0,0.0,2.3025851,2.3025851,2.3025851,5.704449,0,0,0,0,0,0,0,1,0.0,0.0,0.0,0.0,0.0,0.0,0.0,0.0,1
554,278.0,1,14.0,5.0,9.0,4.785714,0.071428575,85.0,123.5,2017M07,39,1.0,0.0,0.0,0.0,2.6390574,1.609438,2.1972246,4.4426513,1,0,0,0,0,0,0,0,1.0,0.0,0.0,0.0,0.0,0.0,0.0,0.0,1
555,278.0,0,28.0,28.0,28.0,4.357143,0.85714287,241.39285,308.10715,2017M07,39,1.0,0.0,0.0,0.0,3.3322046,3.3322046,3.3322046,5.486426,1,0,0,0,0,0,0,0,0.0,0.0,0.0,0.0,0.0,0.0,0.0,0.0,1
556,279.0,1,33.0,12.0,21.0,4.757576,0.060606062,79.52381,203.90909,2017M08,39,2.0,0.0,0.0,0.0,3.4965076,2.4849067,3.0445225,4.3760567,0,1,0,0,0,0,0,0,0.0,1.0,0.0,0.0,0.0,0.0,0.0,0.0,1
557,279.0,0,26.0,26.0,26.0,4.3076925,0.7307692,302.30768,314.53845,2017M08,39,2.0,0.0,0.0,0.0,3.2580965,3.2580965,3.2580965,5.7114453,0,1,0,0,0,0,0,0,0.0,0.0,0.0,0.0,0.0,0.0,0.0,0.0,1
558,280.0,1,22.0,8.0,14.0,4.7727275,0.045454547,58.857143,90.22727,2017M09,39,3.0,0.0,0.0,0.0,3.0910425,2.0794415,2.6390574,4.0751133,0,0,1,0,0,0,0,0,0.0,0.0,1.0,0.0,0.0,0.0,0.0,0.0,1
559,280.0,0,24.0,24.0,24.0,4.625,0.8333333,231.58333,344.20834,2017M09,39,3.0,0.0,0.0,0.0,3.1780539,3.1780539,3.1780539,5.4449396,0,0,1,0,0,0,0,0,0.0,0.0,0.0,0.0,0.0,0.0,0.0,0.0,1
560,281.0,1,14.0,6.0,8.0,4.642857,0.071428575,64.625,122.07143,2017M10,39,4.0,0.0,0.0,0.0,2.6390574,1.7917595,2.0794415,4.1686015,0,0,0,1,0,0,0,0,0.0,0.0,0.0,1.0,0.0,0.0,0.0,0.0,1
561,281.0,0,19.0,19.0,19.0,4.368421,0.84210527,184.78947,302.89474,2017M10,39,4.0,0.0,0.0,0.0,2.944439,2.944439,2.944439,5.2192173,0,0,0,1,0,0,0,0,0.0,0.0,0.0,0.0,0.0,0.0,0.0,0.0,1
562,282.0,1,380.0,264.0,116.0,4.7157893,0.005263158,85.784485,22.942104,2018M07,39,5.0,1.0,1.0,1.0,5.9401712,5.575949,4.75359,4.451838,0,0,0,0,1,0,0,0,0.0,0.0,0.0,0.0,1.0,0.0,0.0,0.0,1
563,282.0,0,27.0,27.0,27.0,4.296296,0.8888889,337.25925,228.81482,2018M07,39,5.0,1.0,1.0,0.0,3.295837,3.295837,3.295837,5.820852,0,0,0,0,1,0,0,0,0.0,0.0,0.0,0.0,0.0,0.0,0.0,0.0,1
564,283.0,1,504.0,367.0,137.0,4.7083335,0.011904762,74.74452,26.196428,2018M08,39,6.0,1.0,1.0,1.0,6.222576,5.9053617,4.919981,4.314076,0,0,0,0,0,1,0,0,0.0,0.0,0.0,0.0,0.0,1.0,0.0,0.0,1
565,283.0,0,28.0,28.0,28.0,4.25,0.8214286,300.92856,248.10715,2018M08,39,6.0,1.0,1.0,0.0,3.3322046,3.3322046,3.3322046,5.706873,0,0,0,0,0,1,0,0,0.0,0.0,0.0,0.0,0.0,0.0,0.0,0.0,1
566,284.0,1,281.0,169.0,112.0,4.725979,0.0071174377,74.25893,24.683273,2018M09,39,7.0,1.0,1.0,1.0,5.638355,5.1298985,4.7184987,4.307558,0,0,0,0,0,0,1,0,0.0,0.0,0.0,0.0,0.0,0.0,1.0,0.0,1
567,284.0,0,21.0,21.0,21.0,4.095238,0.71428573,228.19048,447.38095,2018M09,39,7.0,1.0,1.0,0.0,3.0445225,3.0445225,3.0445225,5.4301805,0,0,0,0,0,0,1,0,0.0,0.0,0.0,0.0,0.0,0.0,0.0,0.0,1
568,285.0,1,255.0,174.0,81.0,4.752941,0.02745098,73.79012,28.329412,2018M10,39,8.0,1.0,1.0,1.0,5.5412636,5.159055,4.394449,4.3012247,0,0,0,0,0,0,0,1,0.0,0.0,0.0,0.0,0.0,0.0,0.0,1.0,1
569,285.0,0,17.0,17.0,17.0,4.529412,0.7647059,244.70589,170.70589,2018M10,39,8.0,1.0,1.0,0.0,2.8332133,2.8332133,2.8332133,5.500057,0,0,0,0,0,0,0,1,0.0,0.0,0.0,0.0,0.0,0.0,0.0,0.0,1
570,286.0,1,36.0,13.0,23.0,4.4722223,0.027777778,72.26087,51.36111,2017M07,40,1.0,0.0,0.0,0.0,3.583519,2.5649493,3.1354942,4.280283,1,0,0,0,0,0,0,0,1.0,0.0,0.0,0.0,0.0,0.0,0.0,0.0,1
571,286.0,0,2.0,2.0,2.0,5.0,1.0,222.5,24.5,2017M07,40,1.0,0.0,0.0,0.0,0.6931472,0.6931472,0.6931472,5.4049273,1,0,0,0,0,0,0,0,0.0,0.0,0.0,0.0,0.0,0.0,0.0,0.0,1
572,287.0,1,50.0,22.0,28.0,4.54,0.1,69.64286,43.12,2017M08,40,2.0,0.0,0.0,0.0,3.912023,3.0910425,3.3322046,4.24338,0,1,0,0,0,0,0,0,0.0,1.0,0.0,0.0,0.0,0.0,0.0,0.0,1
573,287.0,0,2.0,2.0,2.0,5.0,1.0,262.5,72.5,2017M08,40,2.0,0.0,0.0,0.0,0.6931472,0.6931472,0.6931472,5.570251,0,1,0,0,0,0,0,0,0.0,0.0,0.0,0.0,0.0,0.0,0.0,0.0,1
574,288.0,1,33.0,14.0,19.0,4.5757575,0.060606062,59.157894,31.787878,2017M09,40,3.0,0.0,0.0,0.0,3.4965076,2.6390574,2.944439,4.08021,0,0,1,0,0,0,0,0,0.0,0.0,1.0,0.0,0.0,0.0,0.0,0.0,1
575,288.0,0,2.0,2.0,2.0,4.5,0.5,267.0,69.0,2017M09,40,3.0,0.0,0.0,0.0,0.6931472,0.6931472,0.6931472,5.587249,0,0,1,0,0,0,0,0,0.0,0.0,0.0,0.0,0.0,0.0,0.0,0.0,1
576,289.0,1,31.0,12.0,19.0,4.516129,0.0,91.63158,31.064516,2017M10,40,4.0,0.0,0.0,0.0,3.4339871,2.4849067,2.944439,4.517776,0,0,0,1,0,0,0,0,0.0,0.0,0.0,1.0,0.0,0.0,0.0,0.0,1
577,289.0,0,2.0,2.0,2.0,5.0,0.5,212.0,204.0,2017M10,40,4.0,0.0,0.0,0.0,0.6931472,0.6931472,0.6931472,5.3565865,0,0,0,1,0,0,0,0,0.0,0.0,0.0,0.0,0.0,0.0,0.0,0.0,1
578,290.0,1,328.0,183.0,145.0,4.390244,0.033536587,136.89655,20.759146,2018M07,40,5.0,1.0,1.0,1.0,5.7930136,5.209486,4.9767337,4.9192257,0,0,0,0,1,0,0,0,0.0,0.0,0.0,0.0,1.0,0.0,0.0,0.0,1
579,290.0,0,4.0,4.0,4.0,3.75,0.75,622.25,43.5,2018M07,40,5.0,1.0,1.0,0.0,1.3862944,1.3862944,1.3862944,6.433342,0,0,0,0,1,0,0,0,0.0,0.0,0.0,0.0,0.0,0.0,0.0,0.0,1
580,291.0,1,450.0,251.0,199.0,4.4511113,0.02,113.9397,14.733334,2018M08,40,6.0,1.0,1.0,1.0,6.1092477,5.525453,5.293305,4.735669,0,0,0,0,0,1,0,0,0.0,0.0,0.0,0.0,0.0,1.0,0.0,0.0,1
581,291.0,0,11.0,11.0,11.0,3.5454545,0.72727275,462.0909,202.18182,2018M08,40,6.0,1.0,1.0,0.0,2.3978953,2.3978953,2.3978953,6.1357617,0,0,0,0,0,1,0,0,0.0,0.0,0.0,0.0,0.0,0.0,0.0,0.0,1
582,292.0,1,354.0,209.0,145.0,4.387006,0.011299435,102.64828,23.576271,2018M09,40,7.0,1.0,1.0,1.0,5.869297,5.3423343,4.9767337,4.6313086,0,0,0,0,0,0,1,0,0.0,0.0,0.0,0.0,0.0,0.0,1.0,0.0,1
583,292.0,0,6.0,6.0,6.0,4.0,0.5,440.33334,197.0,2018M09,40,7.0,1.0,1.0,0.0,1.7917595,1.7917595,1.7917595,6.087532,0,0,0,0,0,0,1,0,0.0,0.0,0.0,0.0,0.0,0.0,0.0,0.0,1
584,293.0,1,339.0,194.0,145.0,4.513274,0.005899705,103.43449,17.150442,2018M10,40,8.0,1.0,1.0,1.0,5.826,5.267858,4.9767337,4.6389384,0,0,0,0,0,0,0,1,0.0,0.0,0.0,0.0,0.0,0.0,0.0,1.0,1
585,293.0,0,6.0,6.0,6.0,4.1666665,0.6666667,271.16666,129.16667,2018M10,40,8.0,1.0,1.0,0.0,1.7917595,1.7917595,1.7917595,5.6027336,0,0,0,0,0,0,0,1,0.0,0.0,0.0,0.0,0.0,0.0,0.0,0.0,1
