id,appid,name,treatment_group,treated,post,did,period,month,players,ln_players,timedum_1,timedum_2,timedum_3,timedum_4,timedum_5,diddum_1,diddum_2,diddum_3,diddum_4,diddum_5
1,730,Counter-Strike 2,jan,1,0,0,1,2024-12,1470945,14.201415609353637,1,0,0,0,0,1,0,0,0,0
1,730,Counter-Strike 2,jan,1,1,1,2,2025-01,1470945,14.201415609353637,0,1,0,0,0,0,1,0,0,0
1,730,Counter-Strike 2,jan,1,1,1,3,2025-02,1470945,14.201415609353637,0,0,1,0,0,0,0,1,0,0
1,730,Counter-Strike 2,jan,1,1,1,4,2025-03,1470945,14.201415609353637,0,0,0,1,0,0,0,0,1,0
1,730,Counter-Strike 2,jan,1,1,1,5,2025-04,1470945,14.201415609353637,0,0,0,0,1,0,0,0,0,1
2,2399830,ARK: Survival Ascended,jan,1,0,0,1,2024-12,30686,10.331561803505151,1,0,0,0,0,1,0,0,0,0
2,2399830,ARK: Survival Ascended,jan,1,1,1,2,2025-01,30686,10.331561803505151,0,1,0,0,0,0,1,0,0,0
2,2399830,ARK: Survival Ascended,jan,1,1,1,3,2025-02,30686,10.331561803505151,0,0,1,0,0,0,0,1,0,0
2,2399830,ARK: Survival Ascended,jan,1,1,1,4,2025-03,30686,10.331561803505151,0,0,0,1,0,0,0,0,1,0
2,2399830,ARK: Survival Ascended,jan,1,1,1,5,2025-04,30686,10.331561803505151,0,0,0,0,1,0,0,0,0,1
3,1313140,Cult of the Lamb,jan,1,0,0,1,2024-12,13536,9.513108081846005,1,0,0,0,0,1,0,0,0,0
3,1313140,Cult of the Lamb,jan,1,1,1,2,2025-01,13536,9.513108081846005,0,1,0,0,0,0,1,0,0,0
3,1313140,Cult of the Lamb,jan,1,1,1,3,2025-02,13536,9.513108081846005,0,0,1,0,0,0,0,1,0,0
3,1313140,Cult of the Lamb,jan,1,1,1,4,2025-03,13536,9.513108081846005,0,0,0,1,0,0,0,0,1,0
3,1313140,Cult of the Lamb,jan,1,1,1,5,2025-04,13536,9.513108081846005,0,0,0,0,1,0,0,0,0,1
4,1203620,Enshrouded,jan,1,0,0,1,2024-12,18653,9.833762270044563,1,0,0,0,0,1,0,0,0,0
4,1203620,Enshrouded,jan,1,1,1,2,2025-01,18653,9.833762270044563,0,1,0,0,0,0,1,0,0,0
4,1203620,Enshrouded,jan,1,1,1,3,2025-02,18653,9.833762270044563,0,0,1,0,0,0,0,1,0,0
4,1203620,Enshrouded,jan,1,1,1,4,2025-03,18653,9.833762270044563,0,0,0,1,0,0,0,0,1,0
4,1203620,Enshrouded,jan,1,1,1,5,2025-04,18653,9.833762270044563,0,0,0,0,1,0,0,0,0,1
5,377160,Fallout 4,jan,1,0,0,1,2024-12,31006,10.341936013126308,1,0,0,0,0,1,0,0,0,0
5,377160,Fallout 4,jan,1,1,1,2,2025-01,31006,10.341936013126308,0,1,0,0,0,0,1,0,0,0
5,377160,Fallout 4,jan,1,1,1,3,2025-02,31006,10.341936013126308,0,0,1,0,0,0,0,1,0,0
5,377160,Fallout 4,jan,1,1,1,4,2025-03,31006,10.341936013126308,0,0,0,1,0,0,0,0,1,0
5,377160,Fallout 4,jan,1,1,1,5,2025-04,31006,10.341936013126308,0,0,0,0,1,0,0,0,0,1
6,252490,Rust,jan,1,0,0,1,2024-12,154252,11.94634290764792,1,0,0,0,0,1,0,0,0,0
6,252490,Rust,jan,1,1,1,2,2025-01,154252,11.94634290764792,0,1,0,0,0,0,1,0,0,0
6,252490,Rust,jan,1,1,1,3,2025-02,154252,11.94634290764792,0,0,1,0,0,0,0,1,0,0
6,252490,Rust,jan,1,1,1,4,2025-03,154252,11.94634290764792,0,0,0,1,0,0,0,0,1,0
6,252490,Rust,jan,1,1,1,5,2025-04,154252,11.94634290764792,0,0,0,0,1,0,0,0,0,1
7,2300320,Farming Simulator 25,jan,1,0,0,1,2024-12,29454,10.290585003286107,1,0,0,0,0,1,0,0,0,0
7,2300320,Farming Simulator 25,jan,1,1,1,2,2025-01,29454,10.290585003286107,0,1,0,0,0,0,1,0,0,0
7,2300320,Farming Simulator 25,jan,1,1,1,3,2025-02,29454,10.290585003286107,0,0,1,0,0,0,0,1,0,0
7,2300320,Farming Simulator 25,jan,1,1,1,4,2025-03,29454,10.290585003286107,0,0,0,1,0,0,0,0,1,0
7,2300320,Farming Simulator 25,jan,1,1,1,5,2025-04,29454,10.290585003286107,0,0,0,0,1,0,0,0,0,1
8,570,Dota 2,jan,1,0,0,1,2024-12,788664,13.578095653612493,1,0,0,0,0,1,0,0,0,0
8,570,Dota 2,jan,1,1,1,2,2025-01,788664,13.578095653612493,0,1,0,0,0,0,1,0,0,0
8,570,Dota 2,jan,1,1,1,3,2025-02,788664,13.578095653612493,0,0,1,0,0,0,0,1,0,0
8,570,Dota 2,jan,1,1,1,4,2025-03,788664,13.578095653612493,0,0,0,1,0,0,0,0,1,0
8,570,Dota 2,jan,1,1,1,5,2025-04,788664,13.578095653612493,0,0,0,0,1,0,0,0,0,1
9,1466060,Tainted Grail: The Fall of Avalon,jan,1,0,0,1,2024-12,3882,8.264105763728956,1,0,0,0,0,1,0,0,0,0
9,1466060,Tainted Grail: The Fall of Avalon,jan,1,1,1,2,2025-01,3882,8.264105763728956,0,1,0,0,0,0,1,0,0,0
9,1466060,Tainted Grail: The Fall of Avalon,jan,1,1,1,3,2025-02,3882,8.264105763728956,0,0,1,0,0,0,0,1,0,0
9,1466060,Tainted Grail: The Fall of Avalon,jan,1,1,1,4,2025-03,3882,8.264105763728956,0,0,0,1,0,0,0,0,1,0
9,1466060,Tainted Grail: The Fall of Avalon,jan,1,1,1,5,2025-04,3882,8.264105763728956,0,0,0,0,1,0,0,0,0,1
10,1245620,ELDEN RING,jan,1,0,0,1,2024-12,36341,10.500701859458179,1,0,0,0,0,1,0,0,0,0
10,1245620,ELDEN RING,jan,1,1,1,2,2025-01,36341,10.500701859458179,0,1,0,0,0,0,1,0,0,0
10,1245620,ELDEN RING,jan,1,1,1,3,2025-02,36341,10.500701859458179,0,0,1,0,0,0,0,1,0,0
10,1245620,ELDEN RING,jan,1,1,1,4,2025-03,36341,10.500701859458179,0,0,0,1,0,0,0,0,1,0
10,1245620,ELDEN RING,jan,1,1,1,5,2025-04,36341,10.500701859458179,0,0,0,0,1,0,0,0,0,1
11,1407200,World of Tanks,jan,1,0,0,1,2024-12,10282,9.23815007261545,1,0,0,0,0,1,0,0,0,0
11,1407200,World of Tanks,jan,1,1,1,2,2025-01,10282,9.23815007261545,0,1,0,0,0,0,1,0,0,0
11,1407200,World of Tanks,jan,1,1,1,3,2025-02,10282,9.23815007261545,0,0,1,0,0,0,0,1,0,0
11,1407200,World of Tanks,jan,1,1,1,4,2025-03,10282,9.23815007261545,0,0,0,1,0,0,0,0,1,0
11,1407200,World of Tanks,jan,1,1,1,5,2025-04,10282,9.23815007261545,0,0,0,0,1,0,0,0,0,1
12,1091500,Cyberpunk 2077,jan,1,0,0,1,2024-12,33731,10.426172574814567,1,0,0,0,0,1,0,0,0,0
12,1091500,Cyberpunk 2077,jan,1,1,1,2,2025-01,33731,10.426172574814567,0,1,0,0,0,0,1,0,0,0
12,1091500,Cyberpunk 2077,jan,1,1,1,3,2025-02,33731,10.426172574814567,0,0,1,0,0,0,0,1,0,0
12,1091500,Cyberpunk 2077,jan,1,1,1,4,2025-03,33731,10.426172574814567,0,0,0,1,0,0,0,0,1,0
12,1091500,Cyberpunk 2077,jan,1,1,1,5,2025-04,33731,10.426172574814567,0,0,0,0,1,0,0,0,0,1
13,1974050,Torchlight: Infinite,jan,1,0,0,1,2024-12,10948,9.30091207016057,1,0,0,0,0,1,0,0,0,0
13,1974050,Torchlight: Infinite,jan,1,1,1,2,2025-01,10948,9.30091207016057,0,1,0,0,0,0,1,0,0,0
13,1974050,Torchlight: Infinite,jan,1,1,1,3,2025-02,10948,9.30091207016057,0,0,1,0,0,0,0,1,0,0
13,1974050,Torchlight: Infinite,jan,1,1,1,4,2025-03,10948,9.30091207016057,0,0,0,1,0,0,0,0,1,0
13,1974050,Torchlight: Infinite,jan,1,1,1,5,2025-04,10948,9.30091207016057,0,0,0,0,1,0,0,0,0,1
14,1465360,SnowRunner,jan,1,0,0,1,2024-12,8093,8.998754769495703,1,0,0,0,0,1,0,0,0,0
14,1465360,SnowRunner,jan,1,1,1,2,2025-01,8093,8.998754769495703,0,1,0,0,0,0,1,0,0,0
14,1465360,SnowRunner,jan,1,1,1,3,2025-02,8093,8.998754769495703,0,0,1,0,0,0,0,1,0,0
14,1465360,SnowRunner,jan,1,1,1,4,2025-03,8093,8.998754769495703,0,0,0,1,0,0,0,0,1,0
14,1465360,SnowRunner,jan,1,1,1,5,2025-04,8093,8.998754769495703,0,0,0,0,1,0,0,0,0,1
15,1599340,Lost Ark,jan,1,0,0,1,2024-12,8457,9.042749779782222,1,0,0,0,0,1,0,0,0,0
15,1599340,Lost Ark,jan,1,1,1,2,2025-01,8457,9.042749779782222,0,1,0,0,0,0,1,0,0,0
15,1599340,Lost Ark,jan,1,1,1,3,2025-02,8457,9.042749779782222,0,0,1,0,0,0,0,1,0,0
15,1599340,Lost Ark,jan,1,1,1,4,2025-03,8457,9.042749779782222,0,0,0,1,0,0,0,0,1,0
15,1599340,Lost Ark,jan,1,1,1,5,2025-04,8457,9.042749779782222,0,0,0,0,1,0,0,0,0,1
16,2186680,"Warhammer 40,000: Rogue Trader",jan,1,0,0,1,2024-12,5336,8.58223158759546,1,0,0,0,0,1,0,0,0,0
16,2186680,"Warhammer 40,000: Rogue Trader",jan,1,1,1,2,2025-01,5336,8.58223158759546,0,1,0,0,0,0,1,0,0,0
16,2186680,"Warhammer 40,000: Rogue Trader",jan,1,1,1,3,2025-02,5336,8.58223158759546,0,0,1,0,0,0,0,1,0,0
16,2186680,"Warhammer 40,000: Rogue Trader",jan,1,1,1,4,2025-03,5336,8.58223158759546,0,0,0,1,0,0,0,0,1,0
16,2186680,"Warhammer 40,000: Rogue Trader",jan,1,1,1,5,2025-04,5336,8.58223158759546,0,0,0,0,1,0,0,0,0,1
17,2537590,Microsoft Flight Simulator 2024,jan,1,0,0,1,2024-12,5163,8.54927308487965,1,0,0,0,0,1,0,0,0,0
17,2537590,Microsoft Flight Simulator 2024,jan,1,1,1,2,2025-01,5163,8.54927308487965,0,1,0,0,0,0,1,0,0,0
17,2537590,Microsoft Flight Simulator 2024,jan,1,1,1,3,2025-02,5163,8.54927308487965,0,0,1,0,0,0,0,1,0,0
17,2537590,Microsoft Flight Simulator 2024,jan,1,1,1,4,2025-03,5163,8.54927308487965,0,0,0,1,0,0,0,0,1,0
17,2537590,Microsoft Flight Simulator 2024,jan,1,1,1,5,2025-04,5163,8.54927308487965,0,0,0,0,1,0,0,0,0,1
18,39210,FINAL FANTASY XIV Online,jan,1,0,0,1,2024-12,17000,9.740968623038354,1,0,0,0,0,1,0,0,0,0
18,39210,FINAL FANTASY XIV Online,jan,1,1,1,2,2025-01,17000,9.740968623038354,0,1,0,0,0,0,1,0,0,0
18,39210,FINAL FANTASY XIV Online,jan,1,1,1,3,2025-02,17000,9.740968623038354,0,0,1,0,0,0,0,1,0,0
18,39210,FINAL FANTASY XIV Online,jan,1,1,1,4,2025-03,17000,9.740968623038354,0,0,0,1,0,0,0,0,1,0
18,39210,FINAL FANTASY XIV Online,jan,1,1,1,5,2025-04,17000,9.740968623038354,0,0,0,0,1,0,0,0,0,1
19,2344520,Diablo® IV,jan,1,0,0,1,2024-12,8674,9.068085324395312,1,0,0,0,0,1,0,0,0,0
19,2344520,Diablo® IV,jan,1,1,1,2,2025-01,8674,9.068085324395312,0,1,0,0,0,0,1,0,0,0
19,2344520,Diablo® IV,jan,1,1,1,3,2025-02,8674,9.068085324395312,0,0,1,0,0,0,0,1,0,0
19,2344520,Diablo® IV,jan,1,1,1,4,2025-03,8674,9.068085324395312,0,0,0,1,0,0,0,0,1,0
19,2344520,Diablo® IV,jan,1,1,1,5,2025-04,8674,9.068085324395312,0,0,0,0,1,0,0,0,0,1
20,1284210,Guild Wars 2®,jan,1,0,0,1,2024-12,4901,8.497194544909547,1,0,0,0,0,1,0,0,0,0
20,1284210,Guild Wars 2®,jan,1,1,1,2,2025-01,4901,8.497194544909547,0,1,0,0,0,0,1,0,0,0
20,1284210,Guild Wars 2®,jan,1,1,1,3,2025-02,4901,8.497194544909547,0,0,1,0,0,0,0,1,0,0
20,1284210,Guild Wars 2®,jan,1,1,1,4,2025-03,4901,8.497194544909547,0,0,0,1,0,0,0,0,1,0
20,1284210,Guild Wars 2®,jan,1,1,1,5,2025-04,4901,8.497194544909547,0,0,0,0,1,0,0,0,0,1
21,739630,Phasmophobia,jan,1,0,0,1,2024-12,13602,9.517972119735584,1,0,0,0,0,1,0,0,0,0
21,739630,Phasmophobia,jan,1,1,1,2,2025-01,13602,9.517972119735584,0,1,0,0,0,0,1,0,0,0
21,739630,Phasmophobia,jan,1,1,1,3,2025-02,13602,9.517972119735584,0,0,1,0,0,0,0,1,0,0
21,739630,Phasmophobia,jan,1,1,1,4,2025-03,13602,9.517972119735584,0,0,0,1,0,0,0,0,1,0
21,739630,Phasmophobia,jan,1,1,1,5,2025-04,13602,9.517972119735584,0,0,0,0,1,0,0,0,0,1
22,2073850,THE FINALS,jan,1,0,0,1,2024-12,12514,9.43460329655831,1,0,0,0,0,1,0,0,0,0
22,2073850,THE FINALS,jan,1,1,1,2,2025-01,12514,9.43460329655831,0,1,0,0,0,0,1,0,0,0
22,2073850,THE FINALS,jan,1,1,1,3,2025-02,12514,9.43460329655831,0,0,1,0,0,0,0,1,0,0
22,2073850,THE FINALS,jan,1,1,1,4,2025-03,12514,9.43460329655831,0,0,0,1,0,0,0,0,1,0
22,2073850,THE FINALS,jan,1,1,1,5,2025-04,12514,9.43460329655831,0,0,0,0,1,0,0,0,0,1
23,1149460,ICARUS,jan,1,0,0,1,2024-12,9555,9.164819856674374,1,0,0,0,0,1,0,0,0,0
23,1149460,ICARUS,jan,1,1,1,2,2025-01,9555,9.164819856674374,0,1,0,0,0,0,1,0,0,0
23,1149460,ICARUS,jan,1,1,1,3,2025-02,9555,9.164819856674374,0,0,1,0,0,0,0,1,0,0
23,1149460,ICARUS,jan,1,1,1,4,2025-03,9555,9.164819856674374,0,0,0,1,0,0,0,0,1,0
23,1149460,ICARUS,jan,1,1,1,5,2025-04,9555,9.164819856674374,0,0,0,0,1,0,0,0,0,1
24,394360,Hearts of Iron IV,jan,1,0,0,1,2024-12,49978,10.819338187581879,1,0,0,0,0,1,0,0,0,0
24,394360,Hearts of Iron IV,jan,1,1,1,2,2025-01,49978,10.819338187581879,0,1,0,0,0,0,1,0,0,0
24,394360,Hearts of Iron IV,jan,1,1,1,3,2025-02,49978,10.819338187581879,0,0,1,0,0,0,0,1,0,0
24,394360,Hearts of Iron IV,jan,1,1,1,4,2025-03,49978,10.819338187581879,0,0,0,1,0,0,0,0,1,0
24,394360,Hearts of Iron IV,jan,1,1,1,5,2025-04,49978,10.819338187581879,0,0,0,0,1,0,0,0,0,1
25,2183900,"Warhammer 40,000: Space Marine 2",jan,1,0,0,1,2024-12,13182,9.486607541612665,1,0,0,0,0,1,0,0,0,0
25,2183900,"Warhammer 40,000: Space Marine 2",jan,1,1,1,2,2025-01,13182,9.486607541612665,0,1,0,0,0,0,1,0,0,0
25,2183900,"Warhammer 40,000: Space Marine 2",jan,1,1,1,3,2025-02,13182,9.486607541612665,0,0,1,0,0,0,0,1,0,0
25,2183900,"Warhammer 40,000: Space Marine 2",jan,1,1,1,4,2025-03,13182,9.486607541612665,0,0,0,1,0,0,0,0,1,0
25,2183900,"Warhammer 40,000: Space Marine 2",jan,1,1,1,5,2025-04,13182,9.486607541612665,0,0,0,0,1,0,0,0,0,1
26,304390,FOR HONOR™,jan,1,0,0,1,2024-12,5937,8.688959234270676,1,0,0,0,0,1,0,0,0,0
26,304390,FOR HONOR™,jan,1,1,1,2,2025-01,5937,8.688959234270676,0,1,0,0,0,0,1,0,0,0
26,304390,FOR HONOR™,jan,1,1,1,3,2025-02,5937,8.688959234270676,0,0,1,0,0,0,0,1,0,0
26,304390,FOR HONOR™,jan,1,1,1,4,2025-03,5937,8.688959234270676,0,0,0,1,0,0,0,0,1,0
26,304390,FOR HONOR™,jan,1,1,1,5,2025-04,5937,8.688959234270676,0,0,0,0,1,0,0,0,0,1
27,1401590,Disney Dreamlight Valley,jan,1,0,0,1,2024-12,2951,7.989899374942939,1,0,0,0,0,1,0,0,0,0
27,1401590,Disney Dreamlight Valley,jan,1,1,1,2,2025-01,2951,7.989899374942939,0,1,0,0,0,0,1,0,0,0
27,1401590,Disney Dreamlight Valley,jan,1,1,1,3,2025-02,2951,7.989899374942939,0,0,1,0,0,0,0,1,0,0
27,1401590,Disney Dreamlight Valley,jan,1,1,1,4,2025-03,2951,7.989899374942939,0,0,0,1,0,0,0,0,1,0
27,1401590,Disney Dreamlight Valley,jan,1,1,1,5,2025-04,2951,7.989899374942939,0,0,0,0,1,0,0,0,0,1
28,1623730,Palworld,jan,1,0,0,1,2024-12,49057,10.800738166330047,1,0,0,0,0,1,0,0,0,0
28,1623730,Palworld,jan,1,1,1,2,2025-01,49057,10.800738166330047,0,1,0,0,0,0,1,0,0,0
28,1623730,Palworld,jan,1,1,1,3,2025-02,49057,10.800738166330047,0,0,1,0,0,0,0,1,0,0
28,1623730,Palworld,jan,1,1,1,4,2025-03,49057,10.800738166330047,0,0,0,1,0,0,0,0,1,0
28,1623730,Palworld,jan,1,1,1,5,2025-04,49057,10.800738166330047,0,0,0,0,1,0,0,0,0,1
29,22380,Fallout: New Vegas,jan,1,0,0,1,2024-12,10791,9.286467732363734,1,0,0,0,0,1,0,0,0,0
29,22380,Fallout: New Vegas,jan,1,1,1,2,2025-01,10791,9.286467732363734,0,1,0,0,0,0,1,0,0,0
29,22380,Fallout: New Vegas,jan,1,1,1,3,2025-02,10791,9.286467732363734,0,0,1,0,0,0,0,1,0,0
29,22380,Fallout: New Vegas,jan,1,1,1,4,2025-03,10791,9.286467732363734,0,0,0,1,0,0,0,0,1,0
29,22380,Fallout: New Vegas,jan,1,1,1,5,2025-04,10791,9.286467732363734,0,0,0,0,1,0,0,0,0,1
30,286160,Tabletop Simulator,jan,1,0,0,1,2024-12,7208,8.882946799288174,1,0,0,0,0,1,0,0,0,0
30,286160,Tabletop Simulator,jan,1,1,1,2,2025-01,7208,8.882946799288174,0,1,0,0,0,0,1,0,0,0
30,286160,Tabletop Simulator,jan,1,1,1,3,2025-02,7208,8.882946799288174,0,0,1,0,0,0,0,1,0,0
30,286160,Tabletop Simulator,jan,1,1,1,4,2025-03,7208,8.882946799288174,0,0,0,1,0,0,0,0,1,0
30,286160,Tabletop Simulator,jan,1,1,1,5,2025-04,7208,8.882946799288174,0,0,0,0,1,0,0,0,0,1
31,1401590,Disney Dreamlight Valley,jan,1,0,0,1,2024-12,2951,7.989899374942939,1,0,0,0,0,1,0,0,0,0
31,1401590,Disney Dreamlight Valley,jan,1,1,1,2,2025-01,2951,7.989899374942939,0,1,0,0,0,0,1,0,0,0
31,1401590,Disney Dreamlight Valley,jan,1,1,1,3,2025-02,2951,7.989899374942939,0,0,1,0,0,0,0,1,0,0
31,1401590,Disney Dreamlight Valley,jan,1,1,1,4,2025-03,2951,7.989899374942939,0,0,0,1,0,0,0,0,1,0
31,1401590,Disney Dreamlight Valley,jan,1,1,1,5,2025-04,2951,7.989899374942939,0,0,0,0,1,0,0,0,0,1
32,813780,Age of Empires II: Definitive Edition,jan,1,0,0,1,2024-12,22520,10.022159082253626,1,0,0,0,0,1,0,0,0,0
32,813780,Age of Empires II: Definitive Edition,jan,1,1,1,2,2025-01,22520,10.022159082253626,0,1,0,0,0,0,1,0,0,0
32,813780,Age of Empires II: Definitive Edition,jan,1,1,1,3,2025-02,22520,10.022159082253626,0,0,1,0,0,0,0,1,0,0
32,813780,Age of Empires II: Definitive Edition,jan,1,1,1,4,2025-03,22520,10.022159082253626,0,0,0,1,0,0,0,0,1,0
32,813780,Age of Empires II: Definitive Edition,jan,1,1,1,5,2025-04,22520,10.022159082253626,0,0,0,0,1,0,0,0,0,1
33,266410,iRacing,jan,1,0,0,1,2024-12,618,6.42648845745769,1,0,0,0,0,1,0,0,0,0
33,266410,iRacing,jan,1,1,1,2,2025-01,618,6.42648845745769,0,1,0,0,0,0,1,0,0,0
33,266410,iRacing,jan,1,1,1,3,2025-02,618,6.42648845745769,0,0,1,0,0,0,0,1,0,0
33,266410,iRacing,jan,1,1,1,4,2025-03,618,6.42648845745769,0,0,0,1,0,0,0,0,1,0
33,266410,iRacing,jan,1,1,1,5,2025-04,618,6.42648845745769,0,0,0,0,1,0,0,0,0,1
34,2429640,Throne and Liberty,jan,1,0,0,1,2024-12,6309,8.74973246437081,1,0,0,0,0,1,0,0,0,0
34,2429640,Throne and Liberty,jan,1,1,1,2,2025-01,6309,8.74973246437081,0,1,0,0,0,0,1,0,0,0
34,2429640,Throne and Liberty,jan,1,1,1,3,2025-02,6309,8.74973246437081,0,0,1,0,0,0,0,1,0,0
34,2429640,Throne and Liberty,jan,1,1,1,4,2025-03,6309,8.74973246437081,0,0,0,1,0,0,0,0,1,0
34,2429640,Throne and Liberty,jan,1,1,1,5,2025-04,6309,8.74973246437081,0,0,0,0,1,0,0,0,0,1
35,690830,Foundation,jan,1,0,0,1,2024-12,2012,7.60688453121963,1,0,0,0,0,1,0,0,0,0
35,690830,Foundation,jan,1,1,1,2,2025-01,2012,7.60688453121963,0,1,0,0,0,0,1,0,0,0
35,690830,Foundation,jan,1,1,1,3,2025-02,2012,7.60688453121963,0,0,1,0,0,0,0,1,0,0
35,690830,Foundation,jan,1,1,1,4,2025-03,2012,7.60688453121963,0,0,0,1,0,0,0,0,1,0
35,690830,Foundation,jan,1,1,1,5,2025-04,2012,7.60688453121963,0,0,0,0,1,0,0,0,0,1
36,1129580,Medieval Dynasty,jan,1,0,0,1,2024-12,3747,8.228710798793687,1,0,0,0,0,1,0,0,0,0
36,1129580,Medieval Dynasty,jan,1,1,1,2,2025-01,3747,8.228710798793687,0,1,0,0,0,0,1,0,0,0
36,1129580,Medieval Dynasty,jan,1,1,1,3,2025-02,3747,8.228710798793687,0,0,1,0,0,0,0,1,0,0
36,1129580,Medieval Dynasty,jan,1,1,1,4,2025-03,3747,8.228710798793687,0,0,0,1,0,0,0,0,1,0
36,1129580,Medieval Dynasty,jan,1,1,1,5,2025-04,3747,8.228710798793687,0,0,0,0,1,0,0,0,0,1
37,2399420,Le Mans Ultimate,jan,1,0,0,1,2024-12,5085,8.53405030848266,1,0,0,0,0,1,0,0,0,0
37,2399420,Le Mans Ultimate,jan,1,1,1,2,2025-01,5085,8.53405030848266,0,1,0,0,0,0,1,0,0,0
37,2399420,Le Mans Ultimate,jan,1,1,1,3,2025-02,5085,8.53405030848266,0,0,1,0,0,0,0,1,0,0
37,2399420,Le Mans Ultimate,jan,1,1,1,4,2025-03,5085,8.53405030848266,0,0,0,1,0,0,0,0,1,0
37,2399420,Le Mans Ultimate,jan,1,1,1,5,2025-04,5085,8.53405030848266,0,0,0,0,1,0,0,0,0,1
38,3159330,Assassin’s Creed Shadows,jan,1,0,0,1,2024-12,4711,8.45765547870004,1,0,0,0,0,1,0,0,0,0
38,3159330,Assassin’s Creed Shadows,jan,1,1,1,2,2025-01,4711,8.45765547870004,0,1,0,0,0,0,1,0,0,0
38,3159330,Assassin’s Creed Shadows,jan,1,1,1,3,2025-02,4711,8.45765547870004,0,0,1,0,0,0,0,1,0,0
38,3159330,Assassin’s Creed Shadows,jan,1,1,1,4,2025-03,4711,8.45765547870004,0,0,0,1,0,0,0,0,1,0
38,3159330,Assassin’s Creed Shadows,jan,1,1,1,5,2025-04,4711,8.45765547870004,0,0,0,0,1,0,0,0,0,1
39,1144200,Ready or Not,jan,1,0,0,1,2024-12,5642,8.637993891561942,1,0,0,0,0,1,0,0,0,0
39,1144200,Ready or Not,jan,1,1,1,2,2025-01,5642,8.637993891561942,0,1,0,0,0,0,1,0,0,0
39,1144200,Ready or Not,jan,1,1,1,3,2025-02,5642,8.637993891561942,0,0,1,0,0,0,0,1,0,0
39,1144200,Ready or Not,jan,1,1,1,4,2025-03,5642,8.637993891561942,0,0,0,1,0,0,0,0,1,0
39,1144200,Ready or Not,jan,1,1,1,5,2025-04,5642,8.637993891561942,0,0,0,0,1,0,0,0,0,1
40,1172620,Sea of Thieves: 2025 Edition,jan,1,0,0,1,2024-12,5376,8.589699882202986,1,0,0,0,0,1,0,0,0,0
40,1172620,Sea of Thieves: 2025 Edition,jan,1,1,1,2,2025-01,5376,8.589699882202986,0,1,0,0,0,0,1,0,0,0
40,1172620,Sea of Thieves: 2025 Edition,jan,1,1,1,3,2025-02,5376,8.589699882202986,0,0,1,0,0,0,0,1,0,0
40,1172620,Sea of Thieves: 2025 Edition,jan,1,1,1,4,2025-03,5376,8.589699882202986,0,0,0,1,0,0,0,0,1,0
40,1172620,Sea of Thieves: 2025 Edition,jan,1,1,1,5,2025-04,5376,8.589699882202986,0,0,0,0,1,0,0,0,0,1
41,1363080,Manor Lords,jan,1,0,0,1,2024-12,4681,8.45126704130007,1,0,0,0,0,1,0,0,0,0
41,1363080,Manor Lords,jan,1,1,1,2,2025-01,4681,8.45126704130007,0,1,0,0,0,0,1,0,0,0
41,1363080,Manor Lords,jan,1,1,1,3,2025-02,4681,8.45126704130007,0,0,1,0,0,0,0,1,0,0
41,1363080,Manor Lords,jan,1,1,1,4,2025-03,4681,8.45126704130007,0,0,0,1,0,0,0,0,1,0
41,1363080,Manor Lords,jan,1,1,1,5,2025-04,4681,8.45126704130007,0,0,0,0,1,0,0,0,0,1
42,400750,Call to Arms - Gates of Hell: Ostfront,jan,1,0,0,1,2024-12,5180,8.55256033525353,1,0,0,0,0,1,0,0,0,0
42,400750,Call to Arms - Gates of Hell: Ostfront,jan,1,1,1,2,2025-01,5180,8.55256033525353,0,1,0,0,0,0,1,0,0,0
42,400750,Call to Arms - Gates of Hell: Ostfront,jan,1,1,1,3,2025-02,5180,8.55256033525353,0,0,1,0,0,0,0,1,0,0
42,400750,Call to Arms - Gates of Hell: Ostfront,jan,1,1,1,4,2025-03,5180,8.55256033525353,0,0,0,1,0,0,0,0,1,0
42,400750,Call to Arms - Gates of Hell: Ostfront,jan,1,1,1,5,2025-04,5180,8.55256033525353,0,0,0,0,1,0,0,0,0,1
43,1466860,Age of Empires IV: Anniversary Edition,jan,1,0,0,1,2024-12,13328,9.497622364406624,1,0,0,0,0,1,0,0,0,0
43,1466860,Age of Empires IV: Anniversary Edition,jan,1,1,1,2,2025-01,13328,9.497622364406624,0,1,0,0,0,0,1,0,0,0
43,1466860,Age of Empires IV: Anniversary Edition,jan,1,1,1,3,2025-02,13328,9.497622364406624,0,0,1,0,0,0,0,1,0,0
43,1466860,Age of Empires IV: Anniversary Edition,jan,1,1,1,4,2025-03,13328,9.497622364406624,0,0,0,1,0,0,0,0,1,0
43,1466860,Age of Empires IV: Anniversary Edition,jan,1,1,1,5,2025-04,13328,9.497622364406624,0,0,0,0,1,0,0,0,0,1
44,108600,Project Zomboid,jan,1,0,0,1,2024-12,33536,10.420374767680714,1,0,0,0,0,1,0,0,0,0
44,108600,Project Zomboid,jan,1,1,1,2,2025-01,33536,10.420374767680714,0,1,0,0,0,0,1,0,0,0
44,108600,Project Zomboid,jan,1,1,1,3,2025-02,33536,10.420374767680714,0,0,1,0,0,0,0,1,0,0
44,108600,Project Zomboid,jan,1,1,1,4,2025-03,33536,10.420374767680714,0,0,0,1,0,0,0,0,1,0
44,108600,Project Zomboid,jan,1,1,1,5,2025-04,33536,10.420374767680714,0,0,0,0,1,0,0,0,0,1
45,1284190,The Planet Crafter,jan,1,0,0,1,2024-12,4892,8.495356496807062,1,0,0,0,0,1,0,0,0,0
45,1284190,The Planet Crafter,jan,1,1,1,2,2025-01,4892,8.495356496807062,0,1,0,0,0,0,1,0,0,0
45,1284190,The Planet Crafter,jan,1,1,1,3,2025-02,4892,8.495356496807062,0,0,1,0,0,0,0,1,0,0
45,1284190,The Planet Crafter,jan,1,1,1,4,2025-03,4892,8.495356496807062,0,0,0,1,0,0,0,0,1,0
45,1284190,The Planet Crafter,jan,1,1,1,5,2025-04,4892,8.495356496807062,0,0,0,0,1,0,0,0,0,1
46,275850,No Man's Sky,jan,1,0,0,1,2024-12,8608,9.060447282401565,1,0,0,0,0,1,0,0,0,0
46,275850,No Man's Sky,jan,1,1,1,2,2025-01,8608,9.060447282401565,0,1,0,0,0,0,1,0,0,0
46,275850,No Man's Sky,jan,1,1,1,3,2025-02,8608,9.060447282401565,0,0,1,0,0,0,0,1,0,0
46,275850,No Man's Sky,jan,1,1,1,4,2025-03,8608,9.060447282401565,0,0,0,1,0,0,0,0,1,0
46,275850,No Man's Sky,jan,1,1,1,5,2025-04,8608,9.060447282401565,0,0,0,0,1,0,0,0,0,1
47,2155180,Pioneers of Pagonia,jan,1,0,0,1,2024-12,666,6.501289670540389,1,0,0,0,0,1,0,0,0,0
47,2155180,Pioneers of Pagonia,jan,1,1,1,2,2025-01,666,6.501289670540389,0,1,0,0,0,0,1,0,0,0
47,2155180,Pioneers of Pagonia,jan,1,1,1,3,2025-02,666,6.501289670540389,0,0,1,0,0,0,0,1,0,0
47,2155180,Pioneers of Pagonia,jan,1,1,1,4,2025-03,666,6.501289670540389,0,0,0,1,0,0,0,0,1,0
47,2155180,Pioneers of Pagonia,jan,1,1,1,5,2025-04,666,6.501289670540389,0,0,0,0,1,0,0,0,0,1
48,2185060,Two Point Museum,jan,1,0,0,1,2024-12,1503,7.315218389752975,1,0,0,0,0,1,0,0,0,0
48,2185060,Two Point Museum,jan,1,1,1,2,2025-01,1503,7.315218389752975,0,1,0,0,0,0,1,0,0,0
48,2185060,Two Point Museum,jan,1,1,1,3,2025-02,1503,7.315218389752975,0,0,1,0,0,0,0,1,0,0
48,2185060,Two Point Museum,jan,1,1,1,4,2025-03,1503,7.315218389752975,0,0,0,1,0,0,0,0,1,0
48,2185060,Two Point Museum,jan,1,1,1,5,2025-04,1503,7.315218389752975,0,0,0,0,1,0,0,0,0,1
49,291550,Brawlhalla,jan,1,0,0,1,2024-12,10666,9.274816391160547,1,0,0,0,0,1,0,0,0,0
49,291550,Brawlhalla,jan,1,1,1,2,2025-01,10666,9.274816391160547,0,1,0,0,0,0,1,0,0,0
49,291550,Brawlhalla,jan,1,1,1,3,2025-02,10666,9.274816391160547,0,0,1,0,0,0,0,1,0,0
49,291550,Brawlhalla,jan,1,1,1,4,2025-03,10666,9.274816391160547,0,0,0,1,0,0,0,0,1,0
49,291550,Brawlhalla,jan,1,1,1,5,2025-04,10666,9.274816391160547,0,0,0,0,1,0,0,0,0,1
50,2169200,Sniper Elite: Resistance,jan,1,0,0,1,2024-12,1203,7.0925737159746784,1,0,0,0,0,1,0,0,0,0
50,2169200,Sniper Elite: Resistance,jan,1,1,1,2,2025-01,1203,7.0925737159746784,0,1,0,0,0,0,1,0,0,0
50,2169200,Sniper Elite: Resistance,jan,1,1,1,3,2025-02,1203,7.0925737159746784,0,0,1,0,0,0,0,1,0,0
50,2169200,Sniper Elite: Resistance,jan,1,1,1,4,2025-03,1203,7.0925737159746784,0,0,0,1,0,0,0,0,1,0
50,2169200,Sniper Elite: Resistance,jan,1,1,1,5,2025-04,1203,7.0925737159746784,0,0,0,0,1,0,0,0,0,1
51,1288320,Way of the Hunter,jan,1,0,0,1,2024-12,2352,7.763021309018518,1,0,0,0,0,1,0,0,0,0
51,1288320,Way of the Hunter,jan,1,1,1,2,2025-01,2352,7.763021309018518,0,1,0,0,0,0,1,0,0,0
51,1288320,Way of the Hunter,jan,1,1,1,3,2025-02,2352,7.763021309018518,0,0,1,0,0,0,0,1,0,0
51,1288320,Way of the Hunter,jan,1,1,1,4,2025-03,2352,7.763021309018518,0,0,0,1,0,0,0,0,1,0
51,1288320,Way of the Hunter,jan,1,1,1,5,2025-04,2352,7.763021309018518,0,0,0,0,1,0,0,0,0,1
52,107410,Arma 3,jan,1,0,0,1,2024-12,9359,9.144093726157257,1,0,0,0,0,1,0,0,0,0
52,107410,Arma 3,jan,1,1,1,2,2025-01,9359,9.144093726157257,0,1,0,0,0,0,1,0,0,0
52,107410,Arma 3,jan,1,1,1,3,2025-02,9359,9.144093726157257,0,0,1,0,0,0,0,1,0,0
52,107410,Arma 3,jan,1,1,1,4,2025-03,9359,9.144093726157257,0,0,0,1,0,0,0,0,1,0
52,107410,Arma 3,jan,1,1,1,5,2025-04,9359,9.144093726157257,0,0,0,0,1,0,0,0,0,1
53,1790600,DRAGON BALL: Sparking! ZERO,jan,1,0,0,1,2024-12,1462,7.2875606403097235,1,0,0,0,0,1,0,0,0,0
53,1790600,DRAGON BALL: Sparking! ZERO,jan,1,1,1,2,2025-01,1462,7.2875606403097235,0,1,0,0,0,0,1,0,0,0
53,1790600,DRAGON BALL: Sparking! ZERO,jan,1,1,1,3,2025-02,1462,7.2875606403097235,0,0,1,0,0,0,0,1,0,0
53,1790600,DRAGON BALL: Sparking! ZERO,jan,1,1,1,4,2025-03,1462,7.2875606403097235,0,0,0,1,0,0,0,0,1,0
53,1790600,DRAGON BALL: Sparking! ZERO,jan,1,1,1,5,2025-04,1462,7.2875606403097235,0,0,0,0,1,0,0,0,0,1
54,440900,Conan Exiles,jan,1,0,0,1,2024-12,5719,8.651549243915316,1,0,0,0,0,1,0,0,0,0
54,440900,Conan Exiles,jan,1,1,1,2,2025-01,5719,8.651549243915316,0,1,0,0,0,0,1,0,0,0
54,440900,Conan Exiles,jan,1,1,1,3,2025-02,5719,8.651549243915316,0,0,1,0,0,0,0,1,0,0
54,440900,Conan Exiles,jan,1,1,1,4,2025-03,5719,8.651549243915316,0,0,0,1,0,0,0,0,1,0
54,440900,Conan Exiles,jan,1,1,1,5,2025-04,5719,8.651549243915316,0,0,0,0,1,0,0,0,0,1
55,2515020,FINAL FANTASY XVI,jan,1,0,0,1,2024-12,1350,7.2078598714324755,1,0,0,0,0,1,0,0,0,0
55,2515020,FINAL FANTASY XVI,jan,1,1,1,2,2025-01,1350,7.2078598714324755,0,1,0,0,0,0,1,0,0,0
55,2515020,FINAL FANTASY XVI,jan,1,1,1,3,2025-02,1350,7.2078598714324755,0,0,1,0,0,0,0,1,0,0
55,2515020,FINAL FANTASY XVI,jan,1,1,1,4,2025-03,1350,7.2078598714324755,0,0,0,1,0,0,0,0,1,0
55,2515020,FINAL FANTASY XVI,jan,1,1,1,5,2025-04,1350,7.2078598714324755,0,0,0,0,1,0,0,0,0,1
56,292030,The Witcher 3: Wild Hunt,jan,1,0,0,1,2024-12,20684,9.937115733516112,1,0,0,0,0,1,0,0,0,0
56,292030,The Witcher 3: Wild Hunt,jan,1,1,1,2,2025-01,20684,9.937115733516112,0,1,0,0,0,0,1,0,0,0
56,292030,The Witcher 3: Wild Hunt,jan,1,1,1,3,2025-02,20684,9.937115733516112,0,0,1,0,0,0,0,1,0,0
56,292030,The Witcher 3: Wild Hunt,jan,1,1,1,4,2025-03,20684,9.937115733516112,0,0,0,1,0,0,0,0,1,0
56,292030,The Witcher 3: Wild Hunt,jan,1,1,1,5,2025-04,20684,9.937115733516112,0,0,0,0,1,0,0,0,0,1
57,1938090,Call of Duty®,jan,1,0,0,1,2024-12,31654,10.362619801893228,1,0,0,0,0,1,0,0,0,0
57,1938090,Call of Duty®,jan,1,1,1,2,2025-01,31654,10.362619801893228,0,1,0,0,0,0,1,0,0,0
57,1938090,Call of Duty®,jan,1,1,1,3,2025-02,31654,10.362619801893228,0,0,1,0,0,0,0,1,0,0
57,1938090,Call of Duty®,jan,1,1,1,4,2025-03,31654,10.362619801893228,0,0,0,1,0,0,0,0,1,0
57,1938090,Call of Duty®,jan,1,1,1,5,2025-04,31654,10.362619801893228,0,0,0,0,1,0,0,0,0,1
58,767560,War Robots,jan,1,0,0,1,2024-12,1952,7.5766097669730375,1,0,0,0,0,1,0,0,0,0
58,767560,War Robots,jan,1,1,1,2,2025-01,1952,7.5766097669730375,0,1,0,0,0,0,1,0,0,0
58,767560,War Robots,jan,1,1,1,3,2025-02,1952,7.5766097669730375,0,0,1,0,0,0,0,1,0,0
58,767560,War Robots,jan,1,1,1,4,2025-03,1952,7.5766097669730375,0,0,0,1,0,0,0,0,1,0
58,767560,War Robots,jan,1,1,1,5,2025-04,1952,7.5766097669730375,0,0,0,0,1,0,0,0,0,1
59,780310,The Riftbreaker,jan,1,0,0,1,2024-12,1630,7.396335293800808,1,0,0,0,0,1,0,0,0,0
59,780310,The Riftbreaker,jan,1,1,1,2,2025-01,1630,7.396335293800808,0,1,0,0,0,0,1,0,0,0
59,780310,The Riftbreaker,jan,1,1,1,3,2025-02,1630,7.396335293800808,0,0,1,0,0,0,0,1,0,0
59,780310,The Riftbreaker,jan,1,1,1,4,2025-03,1630,7.396335293800808,0,0,0,1,0,0,0,0,1,0
59,780310,The Riftbreaker,jan,1,1,1,5,2025-04,1630,7.396335293800808,0,0,0,0,1,0,0,0,0,1
60,1669000,Age of Wonders 4,jan,1,0,0,1,2024-12,1921,7.560601162768557,1,0,0,0,0,1,0,0,0,0
60,1669000,Age of Wonders 4,jan,1,1,1,2,2025-01,1921,7.560601162768557,0,1,0,0,0,0,1,0,0,0
60,1669000,Age of Wonders 4,jan,1,1,1,3,2025-02,1921,7.560601162768557,0,0,1,0,0,0,0,1,0,0
60,1669000,Age of Wonders 4,jan,1,1,1,4,2025-03,1921,7.560601162768557,0,0,0,1,0,0,0,0,1,0
60,1669000,Age of Wonders 4,jan,1,1,1,5,2025-04,1921,7.560601162768557,0,0,0,0,1,0,0,0,0,1
61,784150,Workers & Resources: Soviet Republic,jan,1,0,0,1,2024-12,3677,8.209852481301272,1,0,0,0,0,1,0,0,0,0
61,784150,Workers & Resources: Soviet Republic,jan,1,1,1,2,2025-01,3677,8.209852481301272,0,1,0,0,0,0,1,0,0,0
61,784150,Workers & Resources: Soviet Republic,jan,1,1,1,3,2025-02,3677,8.209852481301272,0,0,1,0,0,0,0,1,0,0
61,784150,Workers & Resources: Soviet Republic,jan,1,1,1,4,2025-03,3677,8.209852481301272,0,0,0,1,0,0,0,0,1,0
61,784150,Workers & Resources: Soviet Republic,jan,1,1,1,5,2025-04,3677,8.209852481301272,0,0,0,0,1,0,0,0,0,1
62,1604030,V Rising,jan,1,0,0,1,2024-12,4641,8.442685139241176,1,0,0,0,0,1,0,0,0,0
62,1604030,V Rising,jan,1,1,1,2,2025-01,4641,8.442685139241176,0,1,0,0,0,0,1,0,0,0
62,1604030,V Rising,jan,1,1,1,3,2025-02,4641,8.442685139241176,0,0,1,0,0,0,0,1,0,0
62,1604030,V Rising,jan,1,1,1,4,2025-03,4641,8.442685139241176,0,0,0,1,0,0,0,0,1,0
62,1604030,V Rising,jan,1,1,1,5,2025-04,4641,8.442685139241176,0,0,0,0,1,0,0,0,0,1
63,1898300,ASKA,jan,1,0,0,1,2024-12,1917,7.558516743045645,1,0,0,0,0,1,0,0,0,0
63,1898300,ASKA,jan,1,1,1,2,2025-01,1917,7.558516743045645,0,1,0,0,0,0,1,0,0,0
63,1898300,ASKA,jan,1,1,1,3,2025-02,1917,7.558516743045645,0,0,1,0,0,0,0,1,0,0
63,1898300,ASKA,jan,1,1,1,4,2025-03,1917,7.558516743045645,0,0,0,1,0,0,0,0,1,0
63,1898300,ASKA,jan,1,1,1,5,2025-04,1917,7.558516743045645,0,0,0,0,1,0,0,0,0,1
64,1649950,News Tower,jan,1,0,0,1,2024-12,678,6.519147287940395,1,0,0,0,0,1,0,0,0,0
64,1649950,News Tower,jan,1,1,1,2,2025-01,678,6.519147287940395,0,1,0,0,0,0,1,0,0,0
64,1649950,News Tower,jan,1,1,1,3,2025-02,678,6.519147287940395,0,0,1,0,0,0,0,1,0,0
64,1649950,News Tower,jan,1,1,1,4,2025-03,678,6.519147287940395,0,0,0,1,0,0,0,0,1,0
64,1649950,News Tower,jan,1,1,1,5,2025-04,678,6.519147287940395,0,0,0,0,1,0,0,0,0,1
65,1604030,V Rising,jan,1,0,0,1,2024-12,4641,8.442685139241176,1,0,0,0,0,1,0,0,0,0
65,1604030,V Rising,jan,1,1,1,2,2025-01,4641,8.442685139241176,0,1,0,0,0,0,1,0,0,0
65,1604030,V Rising,jan,1,1,1,3,2025-02,4641,8.442685139241176,0,0,1,0,0,0,0,1,0,0
65,1604030,V Rising,jan,1,1,1,4,2025-03,4641,8.442685139241176,0,0,0,1,0,0,0,0,1,0
65,1604030,V Rising,jan,1,1,1,5,2025-04,4641,8.442685139241176,0,0,0,0,1,0,0,0,0,1
66,620980,Beat Saber,jan,1,0,0,1,2024-12,484,6.182084906716632,1,0,0,0,0,1,0,0,0,0
66,620980,Beat Saber,jan,1,1,1,2,2025-01,484,6.182084906716632,0,1,0,0,0,0,1,0,0,0
66,620980,Beat Saber,jan,1,1,1,3,2025-02,484,6.182084906716632,0,0,1,0,0,0,0,1,0,0
66,620980,Beat Saber,jan,1,1,1,4,2025-03,484,6.182084906716632,0,0,0,1,0,0,0,0,1,0
66,620980,Beat Saber,jan,1,1,1,5,2025-04,484,6.182084906716632,0,0,0,0,1,0,0,0,0,1
67,2104890,RoadCraft,jan,1,0,0,1,2024-12,2082,7.641084249174914,1,0,0,0,0,1,0,0,0,0
67,2104890,RoadCraft,jan,1,1,1,2,2025-01,2082,7.641084249174914,0,1,0,0,0,0,1,0,0,0
67,2104890,RoadCraft,jan,1,1,1,3,2025-02,2082,7.641084249174914,0,0,1,0,0,0,0,1,0,0
67,2104890,RoadCraft,jan,1,1,1,4,2025-03,2082,7.641084249174914,0,0,0,1,0,0,0,0,1,0
67,2104890,RoadCraft,jan,1,1,1,5,2025-04,2082,7.641084249174914,0,0,0,0,1,0,0,0,0,1
68,1898300,ASKA,jan,1,0,0,1,2024-12,1917,7.558516743045645,1,0,0,0,0,1,0,0,0,0
68,1898300,ASKA,jan,1,1,1,2,2025-01,1917,7.558516743045645,0,1,0,0,0,0,1,0,0,0
68,1898300,ASKA,jan,1,1,1,3,2025-02,1917,7.558516743045645,0,0,1,0,0,0,0,1,0,0
68,1898300,ASKA,jan,1,1,1,4,2025-03,1917,7.558516743045645,0,0,0,1,0,0,0,0,1,0
68,1898300,ASKA,jan,1,1,1,5,2025-04,1917,7.558516743045645,0,0,0,0,1,0,0,0,0,1
69,1995520,Pax Dei,jan,1,0,0,1,2024-12,2140,7.668561108015897,1,0,0,0,0,1,0,0,0,0
69,1995520,Pax Dei,jan,1,1,1,2,2025-01,2140,7.668561108015897,0,1,0,0,0,0,1,0,0,0
69,1995520,Pax Dei,jan,1,1,1,3,2025-02,2140,7.668561108015897,0,0,1,0,0,0,0,1,0,0
69,1995520,Pax Dei,jan,1,1,1,4,2025-03,2140,7.668561108015897,0,0,0,1,0,0,0,0,1,0
69,1995520,Pax Dei,jan,1,1,1,5,2025-04,2140,7.668561108015897,0,0,0,0,1,0,0,0,0,1
70,1282270,Strinova,jan,1,0,0,1,2024-12,3441,8.14351740579748,1,0,0,0,0,1,0,0,0,0
70,1282270,Strinova,jan,1,1,1,2,2025-01,3441,8.14351740579748,0,1,0,0,0,0,1,0,0,0
70,1282270,Strinova,jan,1,1,1,3,2025-02,3441,8.14351740579748,0,0,1,0,0,0,0,1,0,0
70,1282270,Strinova,jan,1,1,1,4,2025-03,3441,8.14351740579748,0,0,0,1,0,0,0,0,1,0
70,1282270,Strinova,jan,1,1,1,5,2025-04,3441,8.14351740579748,0,0,0,0,1,0,0,0,0,1
71,529340,Victoria 3,jan,1,0,0,1,2024-12,6855,8.832733591996416,1,0,0,0,0,1,0,0,0,0
71,529340,Victoria 3,jan,1,1,1,2,2025-01,6855,8.832733591996416,0,1,0,0,0,0,1,0,0,0
71,529340,Victoria 3,jan,1,1,1,3,2025-02,6855,8.832733591996416,0,0,1,0,0,0,0,1,0,0
71,529340,Victoria 3,jan,1,1,1,4,2025-03,6855,8.832733591996416,0,0,0,1,0,0,0,0,1,0
71,529340,Victoria 3,jan,1,1,1,5,2025-04,6855,8.832733591996416,0,0,0,0,1,0,0,0,0,1
72,392160,X4: Foundations,jan,1,0,0,1,2024-12,4010,8.296546520300614,1,0,0,0,0,1,0,0,0,0
72,392160,X4: Foundations,jan,1,1,1,2,2025-01,4010,8.296546520300614,0,1,0,0,0,0,1,0,0,0
72,392160,X4: Foundations,jan,1,1,1,3,2025-02,4010,8.296546520300614,0,0,1,0,0,0,0,1,0,0
72,392160,X4: Foundations,jan,1,1,1,4,2025-03,4010,8.296546520300614,0,0,0,1,0,0,0,0,1,0
72,392160,X4: Foundations,jan,1,1,1,5,2025-04,4010,8.296546520300614,0,0,0,0,1,0,0,0,0,1
73,1845910,Dragon Age™: The Veilguard,jan,1,0,0,1,2024-12,667,6.502790045915623,1,0,0,0,0,1,0,0,0,0
73,1845910,Dragon Age™: The Veilguard,jan,1,1,1,2,2025-01,667,6.502790045915623,0,1,0,0,0,0,1,0,0,0
73,1845910,Dragon Age™: The Veilguard,jan,1,1,1,3,2025-02,667,6.502790045915623,0,0,1,0,0,0,0,1,0,0
73,1845910,Dragon Age™: The Veilguard,jan,1,1,1,4,2025-03,667,6.502790045915623,0,0,0,1,0,0,0,0,1,0
73,1845910,Dragon Age™: The Veilguard,jan,1,1,1,5,2025-04,667,6.502790045915623,0,0,0,0,1,0,0,0,0,1
74,359320,Elite Dangerous,jan,1,0,0,1,2024-12,4117,8.322880021769905,1,0,0,0,0,1,0,0,0,0
74,359320,Elite Dangerous,jan,1,1,1,2,2025-01,4117,8.322880021769905,0,1,0,0,0,0,1,0,0,0
74,359320,Elite Dangerous,jan,1,1,1,3,2025-02,4117,8.322880021769905,0,0,1,0,0,0,0,1,0,0
74,359320,Elite Dangerous,jan,1,1,1,4,2025-03,4117,8.322880021769905,0,0,0,1,0,0,0,0,1,0
74,359320,Elite Dangerous,jan,1,1,1,5,2025-04,4117,8.322880021769905,0,0,0,0,1,0,0,0,0,1
75,1940340,Darkest Dungeon® II,jan,1,0,0,1,2024-12,1515,7.323170717943469,1,0,0,0,0,1,0,0,0,0
75,1940340,Darkest Dungeon® II,jan,1,1,1,2,2025-01,1515,7.323170717943469,0,1,0,0,0,0,1,0,0,0
75,1940340,Darkest Dungeon® II,jan,1,1,1,3,2025-02,1515,7.323170717943469,0,0,1,0,0,0,0,1,0,0
75,1940340,Darkest Dungeon® II,jan,1,1,1,4,2025-03,1515,7.323170717943469,0,0,0,1,0,0,0,0,1,0
75,1940340,Darkest Dungeon® II,jan,1,1,1,5,2025-04,1515,7.323170717943469,0,0,0,0,1,0,0,0,0,1
76,1290000,PowerWash Simulator,jan,1,0,0,1,2024-12,1799,7.4949862339505335,1,0,0,0,0,1,0,0,0,0
76,1290000,PowerWash Simulator,jan,1,1,1,2,2025-01,1799,7.4949862339505335,0,1,0,0,0,0,1,0,0,0
76,1290000,PowerWash Simulator,jan,1,1,1,3,2025-02,1799,7.4949862339505335,0,0,1,0,0,0,0,1,0,0
76,1290000,PowerWash Simulator,jan,1,1,1,4,2025-03,1799,7.4949862339505335,0,0,0,1,0,0,0,0,1,0
76,1290000,PowerWash Simulator,jan,1,1,1,5,2025-04,1799,7.4949862339505335,0,0,0,0,1,0,0,0,0,1
77,1435790,Escape Simulator,jan,1,0,0,1,2024-12,696,6.54534966033442,1,0,0,0,0,1,0,0,0,0
77,1435790,Escape Simulator,jan,1,1,1,2,2025-01,696,6.54534966033442,0,1,0,0,0,0,1,0,0,0
77,1435790,Escape Simulator,jan,1,1,1,3,2025-02,696,6.54534966033442,0,0,1,0,0,0,0,1,0,0
77,1435790,Escape Simulator,jan,1,1,1,4,2025-03,696,6.54534966033442,0,0,0,1,0,0,0,0,1,0
77,1435790,Escape Simulator,jan,1,1,1,5,2025-04,696,6.54534966033442,0,0,0,0,1,0,0,0,0,1
78,2009350,Out of Ore,jan,1,0,0,1,2024-12,601,6.398594934535208,1,0,0,0,0,1,0,0,0,0
78,2009350,Out of Ore,jan,1,1,1,2,2025-01,601,6.398594934535208,0,1,0,0,0,0,1,0,0,0
78,2009350,Out of Ore,jan,1,1,1,3,2025-02,601,6.398594934535208,0,0,1,0,0,0,0,1,0,0
78,2009350,Out of Ore,jan,1,1,1,4,2025-03,601,6.398594934535208,0,0,0,1,0,0,0,0,1,0
78,2009350,Out of Ore,jan,1,1,1,5,2025-04,601,6.398594934535208,0,0,0,0,1,0,0,0,0,1
79,1203220,NARAKA: BLADEPOINT,jan,1,0,0,1,2024-12,53239,10.882546489462625,1,0,0,0,0,1,0,0,0,0
79,1203220,NARAKA: BLADEPOINT,jan,1,1,1,2,2025-01,53239,10.882546489462625,0,1,0,0,0,0,1,0,0,0
79,1203220,NARAKA: BLADEPOINT,jan,1,1,1,3,2025-02,53239,10.882546489462625,0,0,1,0,0,0,0,1,0,0
79,1203220,NARAKA: BLADEPOINT,jan,1,1,1,4,2025-03,53239,10.882546489462625,0,0,0,1,0,0,0,0,1,0
79,1203220,NARAKA: BLADEPOINT,jan,1,1,1,5,2025-04,53239,10.882546489462625,0,0,0,0,1,0,0,0,0,1
80,223750,DCS World Steam Edition,jan,1,0,0,1,2024-12,999,6.906754778648554,1,0,0,0,0,1,0,0,0,0
80,223750,DCS World Steam Edition,jan,1,1,1,2,2025-01,999,6.906754778648554,0,1,0,0,0,0,1,0,0,0
80,223750,DCS World Steam Edition,jan,1,1,1,3,2025-02,999,6.906754778648554,0,0,1,0,0,0,0,1,0,0
80,223750,DCS World Steam Edition,jan,1,1,1,4,2025-03,999,6.906754778648554,0,0,0,1,0,0,0,0,1,0
80,223750,DCS World Steam Edition,jan,1,1,1,5,2025-04,999,6.906754778648554,0,0,0,0,1,0,0,0,0,1
81,211500,RaceRoom Racing Experience,jan,1,0,0,1,2024-12,1020,6.927557906278317,1,0,0,0,0,1,0,0,0,0
81,211500,RaceRoom Racing Experience,jan,1,1,1,2,2025-01,1020,6.927557906278317,0,1,0,0,0,0,1,0,0,0
81,211500,RaceRoom Racing Experience,jan,1,1,1,3,2025-02,1020,6.927557906278317,0,0,1,0,0,0,0,1,0,0
81,211500,RaceRoom Racing Experience,jan,1,1,1,4,2025-03,1020,6.927557906278317,0,0,0,1,0,0,0,0,1,0
81,211500,RaceRoom Racing Experience,jan,1,1,1,5,2025-04,1020,6.927557906278317,0,0,0,0,1,0,0,0,0,1
82,2016590,Dark and Darker,jan,1,0,0,1,2024-12,10725,9.280332743796217,1,0,0,0,0,1,0,0,0,0
82,2016590,Dark and Darker,jan,1,1,1,2,2025-01,10725,9.280332743796217,0,1,0,0,0,0,1,0,0,0
82,2016590,Dark and Darker,jan,1,1,1,3,2025-02,10725,9.280332743796217,0,0,1,0,0,0,0,1,0,0
82,2016590,Dark and Darker,jan,1,1,1,4,2025-03,10725,9.280332743796217,0,0,0,1,0,0,0,0,1,0
82,2016590,Dark and Darker,jan,1,1,1,5,2025-04,10725,9.280332743796217,0,0,0,0,1,0,0,0,0,1
83,1621690,Core Keeper,jan,1,0,0,1,2024-12,5291,8.57376254290413,1,0,0,0,0,1,0,0,0,0
83,1621690,Core Keeper,jan,1,1,1,2,2025-01,5291,8.57376254290413,0,1,0,0,0,0,1,0,0,0
83,1621690,Core Keeper,jan,1,1,1,3,2025-02,5291,8.57376254290413,0,0,1,0,0,0,0,1,0,0
83,1621690,Core Keeper,jan,1,1,1,4,2025-03,5291,8.57376254290413,0,0,0,1,0,0,0,0,1,0
83,1621690,Core Keeper,jan,1,1,1,5,2025-04,5291,8.57376254290413,0,0,0,0,1,0,0,0,0,1
84,1114150,CarX Street,jan,1,0,0,1,2024-12,844,6.738152494595957,1,0,0,0,0,1,0,0,0,0
84,1114150,CarX Street,jan,1,1,1,2,2025-01,844,6.738152494595957,0,1,0,0,0,0,1,0,0,0
84,1114150,CarX Street,jan,1,1,1,3,2025-02,844,6.738152494595957,0,0,1,0,0,0,0,1,0,0
84,1114150,CarX Street,jan,1,1,1,4,2025-03,844,6.738152494595957,0,0,0,1,0,0,0,0,1,0
84,1114150,CarX Street,jan,1,1,1,5,2025-04,844,6.738152494595957,0,0,0,0,1,0,0,0,0,1
85,262060,Darkest Dungeon®,jan,1,0,0,1,2024-12,6699,8.809713540508268,1,0,0,0,0,1,0,0,0,0
85,262060,Darkest Dungeon®,jan,1,1,1,2,2025-01,6699,8.809713540508268,0,1,0,0,0,0,1,0,0,0
85,262060,Darkest Dungeon®,jan,1,1,1,3,2025-02,6699,8.809713540508268,0,0,1,0,0,0,0,1,0,0
85,262060,Darkest Dungeon®,jan,1,1,1,4,2025-03,6699,8.809713540508268,0,0,0,1,0,0,0,0,1,0
85,262060,Darkest Dungeon®,jan,1,1,1,5,2025-04,6699,8.809713540508268,0,0,0,0,1,0,0,0,0,1
86,1079260,Fireworks Mania - An Explosive Simulator,jan,1,0,0,1,2024-12,221,5.3981627015177525,1,0,0,0,0,1,0,0,0,0
86,1079260,Fireworks Mania - An Explosive Simulator,jan,1,1,1,2,2025-01,221,5.3981627015177525,0,1,0,0,0,0,1,0,0,0
86,1079260,Fireworks Mania - An Explosive Simulator,jan,1,1,1,3,2025-02,221,5.3981627015177525,0,0,1,0,0,0,0,1,0,0
86,1079260,Fireworks Mania - An Explosive Simulator,jan,1,1,1,4,2025-03,221,5.3981627015177525,0,0,0,1,0,0,0,0,1,0
86,1079260,Fireworks Mania - An Explosive Simulator,jan,1,1,1,5,2025-04,221,5.3981627015177525,0,0,0,0,1,0,0,0,0,1
87,1114150,CarX Street,jan,1,0,0,1,2024-12,844,6.738152494595957,1,0,0,0,0,1,0,0,0,0
87,1114150,CarX Street,jan,1,1,1,2,2025-01,844,6.738152494595957,0,1,0,0,0,0,1,0,0,0
87,1114150,CarX Street,jan,1,1,1,3,2025-02,844,6.738152494595957,0,0,1,0,0,0,0,1,0,0
87,1114150,CarX Street,jan,1,1,1,4,2025-03,844,6.738152494595957,0,0,0,1,0,0,0,0,1,0
87,1114150,CarX Street,jan,1,1,1,5,2025-04,844,6.738152494595957,0,0,0,0,1,0,0,0,0,1
88,993090,Lossless Scaling,jan,1,0,0,1,2024-12,7209,8.883085524404578,1,0,0,0,0,1,0,0,0,0
88,993090,Lossless Scaling,jan,1,1,1,2,2025-01,7209,8.883085524404578,0,1,0,0,0,0,1,0,0,0
88,993090,Lossless Scaling,jan,1,1,1,3,2025-02,7209,8.883085524404578,0,0,1,0,0,0,0,1,0,0
88,993090,Lossless Scaling,jan,1,1,1,4,2025-03,7209,8.883085524404578,0,0,0,1,0,0,0,0,1,0
88,993090,Lossless Scaling,jan,1,1,1,5,2025-04,7209,8.883085524404578,0,0,0,0,1,0,0,0,0,1
89,2071280,Ravenswatch,jan,1,0,0,1,2024-12,2119,7.6586995582682995,1,0,0,0,0,1,0,0,0,0
89,2071280,Ravenswatch,jan,1,1,1,2,2025-01,2119,7.6586995582682995,0,1,0,0,0,0,1,0,0,0
89,2071280,Ravenswatch,jan,1,1,1,3,2025-02,2119,7.6586995582682995,0,0,1,0,0,0,0,1,0,0
89,2071280,Ravenswatch,jan,1,1,1,4,2025-03,2119,7.6586995582682995,0,0,0,1,0,0,0,0,1,0
89,2071280,Ravenswatch,jan,1,1,1,5,2025-04,2119,7.6586995582682995,0,0,0,0,1,0,0,0,0,1
90,1611600,WARNO,jan,1,0,0,1,2024-12,1159,7.055312843339752,1,0,0,0,0,1,0,0,0,0
90,1611600,WARNO,jan,1,1,1,2,2025-01,1159,7.055312843339752,0,1,0,0,0,0,1,0,0,0
90,1611600,WARNO,jan,1,1,1,3,2025-02,1159,7.055312843339752,0,0,1,0,0,0,0,1,0,0
90,1611600,WARNO,jan,1,1,1,4,2025-03,1159,7.055312843339752,0,0,0,1,0,0,0,0,1,0
90,1611600,WARNO,jan,1,1,1,5,2025-04,1159,7.055312843339752,0,0,0,0,1,0,0,0,0,1
91,1258080,Shop Titans,jan,1,0,0,1,2024-12,3617,8.193400231952097,1,0,0,0,0,1,0,0,0,0
91,1258080,Shop Titans,jan,1,1,1,2,2025-01,3617,8.193400231952097,0,1,0,0,0,0,1,0,0,0
91,1258080,Shop Titans,jan,1,1,1,3,2025-02,3617,8.193400231952097,0,0,1,0,0,0,0,1,0,0
91,1258080,Shop Titans,jan,1,1,1,4,2025-03,3617,8.193400231952097,0,0,0,1,0,0,0,0,1,0
91,1258080,Shop Titans,jan,1,1,1,5,2025-04,3617,8.193400231952097,0,0,0,0,1,0,0,0,0,1
92,1676840,For The King II,jan,1,0,0,1,2024-12,1884,7.5411524551363085,1,0,0,0,0,1,0,0,0,0
92,1676840,For The King II,jan,1,1,1,2,2025-01,1884,7.5411524551363085,0,1,0,0,0,0,1,0,0,0
92,1676840,For The King II,jan,1,1,1,3,2025-02,1884,7.5411524551363085,0,0,1,0,0,0,0,1,0,0
92,1676840,For The King II,jan,1,1,1,4,2025-03,1884,7.5411524551363085,0,0,0,1,0,0,0,0,1,0
92,1676840,For The King II,jan,1,1,1,5,2025-04,1884,7.5411524551363085,0,0,0,0,1,0,0,0,0,1
93,427410,Abiotic Factor,jan,1,0,0,1,2024-12,2526,7.8343923029104365,1,0,0,0,0,1,0,0,0,0
93,427410,Abiotic Factor,jan,1,1,1,2,2025-01,2526,7.8343923029104365,0,1,0,0,0,0,1,0,0,0
93,427410,Abiotic Factor,jan,1,1,1,3,2025-02,2526,7.8343923029104365,0,0,1,0,0,0,0,1,0,0
93,427410,Abiotic Factor,jan,1,1,1,4,2025-03,2526,7.8343923029104365,0,0,0,1,0,0,0,0,1,0
93,427410,Abiotic Factor,jan,1,1,1,5,2025-04,2526,7.8343923029104365,0,0,0,0,1,0,0,0,0,1
94,1601580,Frostpunk 2,jan,1,0,0,1,2024-12,1016,6.923628628138427,1,0,0,0,0,1,0,0,0,0
94,1601580,Frostpunk 2,jan,1,1,1,2,2025-01,1016,6.923628628138427,0,1,0,0,0,0,1,0,0,0
94,1601580,Frostpunk 2,jan,1,1,1,3,2025-02,1016,6.923628628138427,0,0,1,0,0,0,0,1,0,0
94,1601580,Frostpunk 2,jan,1,1,1,4,2025-03,1016,6.923628628138427,0,0,0,1,0,0,0,0,1,0
94,1601580,Frostpunk 2,jan,1,1,1,5,2025-04,1016,6.923628628138427,0,0,0,0,1,0,0,0,0,1
95,3070070,TCG Card Shop Simulator,jan,1,0,0,1,2024-12,2402,7.784057002639929,1,0,0,0,0,1,0,0,0,0
95,3070070,TCG Card Shop Simulator,jan,1,1,1,2,2025-01,2402,7.784057002639929,0,1,0,0,0,0,1,0,0,0
95,3070070,TCG Card Shop Simulator,jan,1,1,1,3,2025-02,2402,7.784057002639929,0,0,1,0,0,0,0,1,0,0
95,3070070,TCG Card Shop Simulator,jan,1,1,1,4,2025-03,2402,7.784057002639929,0,0,0,1,0,0,0,0,1,0
95,3070070,TCG Card Shop Simulator,jan,1,1,1,5,2025-04,2402,7.784057002639929,0,0,0,0,1,0,0,0,0,1
96,2604480,City Transport Simulator®,jan,1,0,0,1,2024-12,67,4.204692619390966,1,0,0,0,0,1,0,0,0,0
96,2604480,City Transport Simulator®,jan,1,1,1,2,2025-01,67,4.204692619390966,0,1,0,0,0,0,1,0,0,0
96,2604480,City Transport Simulator®,jan,1,1,1,3,2025-02,67,4.204692619390966,0,0,1,0,0,0,0,1,0,0
96,2604480,City Transport Simulator®,jan,1,1,1,4,2025-03,67,4.204692619390966,0,0,0,1,0,0,0,0,1,0
96,2604480,City Transport Simulator®,jan,1,1,1,5,2025-04,67,4.204692619390966,0,0,0,0,1,0,0,0,0,1
97,457140,Oxygen Not Included,jan,1,0,0,1,2024-12,12715,9.45053767785622,1,0,0,0,0,1,0,0,0,0
97,457140,Oxygen Not Included,jan,1,1,1,2,2025-01,12715,9.45053767785622,0,1,0,0,0,0,1,0,0,0
97,457140,Oxygen Not Included,jan,1,1,1,3,2025-02,12715,9.45053767785622,0,0,1,0,0,0,0,1,0,0
97,457140,Oxygen Not Included,jan,1,1,1,4,2025-03,12715,9.45053767785622,0,0,0,1,0,0,0,0,1,0
97,457140,Oxygen Not Included,jan,1,1,1,5,2025-04,12715,9.45053767785622,0,0,0,0,1,0,0,0,0,1
98,1442430,Storage Hunter Simulator,jan,1,0,0,1,2024-12,486,6.186208623900494,1,0,0,0,0,1,0,0,0,0
98,1442430,Storage Hunter Simulator,jan,1,1,1,2,2025-01,486,6.186208623900494,0,1,0,0,0,0,1,0,0,0
98,1442430,Storage Hunter Simulator,jan,1,1,1,3,2025-02,486,6.186208623900494,0,0,1,0,0,0,0,1,0,0
98,1442430,Storage Hunter Simulator,jan,1,1,1,4,2025-03,486,6.186208623900494,0,0,0,1,0,0,0,0,1,0
98,1442430,Storage Hunter Simulator,jan,1,1,1,5,2025-04,486,6.186208623900494,0,0,0,0,1,0,0,0,0,1
99,1465460,Infection Free Zone,jan,1,0,0,1,2024-12,836,6.728628613084702,1,0,0,0,0,1,0,0,0,0
99,1465460,Infection Free Zone,jan,1,1,1,2,2025-01,836,6.728628613084702,0,1,0,0,0,0,1,0,0,0
99,1465460,Infection Free Zone,jan,1,1,1,3,2025-02,836,6.728628613084702,0,0,1,0,0,0,0,1,0,0
99,1465460,Infection Free Zone,jan,1,1,1,4,2025-03,836,6.728628613084702,0,0,0,1,0,0,0,0,1,0
99,1465460,Infection Free Zone,jan,1,1,1,5,2025-04,836,6.728628613084702,0,0,0,0,1,0,0,0,0,1
100,236850,Europa Universalis IV,jan,1,0,0,1,2024-12,9683,9.17812704961153,1,0,0,0,0,1,0,0,0,0
100,236850,Europa Universalis IV,jan,1,1,1,2,2025-01,9683,9.17812704961153,0,1,0,0,0,0,1,0,0,0
100,236850,Europa Universalis IV,jan,1,1,1,3,2025-02,9683,9.17812704961153,0,0,1,0,0,0,0,1,0,0
100,236850,Europa Universalis IV,jan,1,1,1,4,2025-03,9683,9.17812704961153,0,0,0,1,0,0,0,0,1,0
100,236850,Europa Universalis IV,jan,1,1,1,5,2025-04,9683,9.17812704961153,0,0,0,0,1,0,0,0,0,1
101,582660,Black Desert,feb,1,0,0,1,2024-12,22703,10.030252353327626,1,0,0,0,0,1,0,0,0,0
101,582660,Black Desert,feb,1,0,0,2,2025-01,22703,10.030252353327626,0,1,0,0,0,0,1,0,0,0
101,582660,Black Desert,feb,1,1,1,3,2025-02,22703,10.030252353327626,0,0,1,0,0,0,0,1,0,0
101,582660,Black Desert,feb,1,1,1,4,2025-03,22703,10.030252353327626,0,0,0,1,0,0,0,0,1,0
101,582660,Black Desert,feb,1,1,1,5,2025-04,22703,10.030252353327626,0,0,0,0,1,0,0,0,0,1
102,1222670,The Sims™ 4,feb,1,0,0,1,2024-12,32663,10.39399821778671,1,0,0,0,0,1,0,0,0,0
102,1222670,The Sims™ 4,feb,1,0,0,2,2025-01,32663,10.39399821778671,0,1,0,0,0,0,1,0,0,0
102,1222670,The Sims™ 4,feb,1,1,1,3,2025-02,32663,10.39399821778671,0,0,1,0,0,0,0,1,0,0
102,1222670,The Sims™ 4,feb,1,1,1,4,2025-03,32663,10.39399821778671,0,0,0,1,0,0,0,0,1,0
102,1222670,The Sims™ 4,feb,1,1,1,5,2025-04,32663,10.39399821778671,0,0,0,0,1,0,0,0,0,1
103,359550,Tom Clancy's Rainbow Six® Siege X,feb,1,0,0,1,2024-12,46836,10.754407416968615,1,0,0,0,0,1,0,0,0,0
103,359550,Tom Clancy's Rainbow Six® Siege X,feb,1,0,0,2,2025-01,46836,10.754407416968615,0,1,0,0,0,0,1,0,0,0
103,359550,Tom Clancy's Rainbow Six® Siege X,feb,1,1,1,3,2025-02,46836,10.754407416968615,0,0,1,0,0,0,0,1,0,0
103,359550,Tom Clancy's Rainbow Six® Siege X,feb,1,1,1,4,2025-03,46836,10.754407416968615,0,0,0,1,0,0,0,0,1,0
103,359550,Tom Clancy's Rainbow Six® Siege X,feb,1,1,1,5,2025-04,46836,10.754407416968615,0,0,0,0,1,0,0,0,0,1
104,3164500,Schedule I,feb,1,0,0,1,2024-12,12140,9.40426106461349,1,0,0,0,0,1,0,0,0,0
104,3164500,Schedule I,feb,1,0,0,2,2025-01,12140,9.40426106461349,0,1,0,0,0,0,1,0,0,0
104,3164500,Schedule I,feb,1,1,1,3,2025-02,12140,9.40426106461349,0,0,1,0,0,0,0,1,0,0
104,3164500,Schedule I,feb,1,1,1,4,2025-03,12140,9.40426106461349,0,0,0,1,0,0,0,0,1,0
104,3164500,Schedule I,feb,1,1,1,5,2025-04,12140,9.40426106461349,0,0,0,0,1,0,0,0,0,1
105,2426960,Summoners War,feb,1,0,0,1,2024-12,10195,9.229652683008556,1,0,0,0,0,1,0,0,0,0
105,2426960,Summoners War,feb,1,0,0,2,2025-01,10195,9.229652683008556,0,1,0,0,0,0,1,0,0,0
105,2426960,Summoners War,feb,1,1,1,3,2025-02,10195,9.229652683008556,0,0,1,0,0,0,0,1,0,0
105,2426960,Summoners War,feb,1,1,1,4,2025-03,10195,9.229652683008556,0,0,0,1,0,0,0,0,1,0
105,2426960,Summoners War,feb,1,1,1,5,2025-04,10195,9.229652683008556,0,0,0,0,1,0,0,0,0,1
106,1158310,Crusader Kings III,feb,1,0,0,1,2024-12,20441,9.925297966799977,1,0,0,0,0,1,0,0,0,0
106,1158310,Crusader Kings III,feb,1,0,0,2,2025-01,20441,9.925297966799977,0,1,0,0,0,0,1,0,0,0
106,1158310,Crusader Kings III,feb,1,1,1,3,2025-02,20441,9.925297966799977,0,0,1,0,0,0,0,1,0,0
106,1158310,Crusader Kings III,feb,1,1,1,4,2025-03,20441,9.925297966799977,0,0,0,1,0,0,0,0,1,0
106,1158310,Crusader Kings III,feb,1,1,1,5,2025-04,20441,9.925297966799977,0,0,0,0,1,0,0,0,0,1
107,548430,Deep Rock Galactic,feb,1,0,0,1,2024-12,28597,10.261057096201172,1,0,0,0,0,1,0,0,0,0
107,548430,Deep Rock Galactic,feb,1,0,0,2,2025-01,28597,10.261057096201172,0,1,0,0,0,0,1,0,0,0
107,548430,Deep Rock Galactic,feb,1,1,1,3,2025-02,28597,10.261057096201172,0,0,1,0,0,0,0,1,0,0
107,548430,Deep Rock Galactic,feb,1,1,1,4,2025-03,28597,10.261057096201172,0,0,0,1,0,0,0,0,1,0
107,548430,Deep Rock Galactic,feb,1,1,1,5,2025-04,28597,10.261057096201172,0,0,0,0,1,0,0,0,0,1
108,1771300,Kingdom Come: Deliverance II,feb,1,0,0,1,2024-12,31470,10.356789990058452,1,0,0,0,0,1,0,0,0,0
108,1771300,Kingdom Come: Deliverance II,feb,1,0,0,2,2025-01,31470,10.356789990058452,0,1,0,0,0,0,1,0,0,0
108,1771300,Kingdom Come: Deliverance II,feb,1,1,1,3,2025-02,31470,10.356789990058452,0,0,1,0,0,0,0,1,0,0
108,1771300,Kingdom Come: Deliverance II,feb,1,1,1,4,2025-03,31470,10.356789990058452,0,0,0,1,0,0,0,0,1,0
108,1771300,Kingdom Come: Deliverance II,feb,1,1,1,5,2025-04,31470,10.356789990058452,0,0,0,0,1,0,0,0,0,1
109,1286830,STAR WARS™: The Old Republic™,feb,1,0,0,1,2024-12,3892,8.266678443305896,1,0,0,0,0,1,0,0,0,0
109,1286830,STAR WARS™: The Old Republic™,feb,1,0,0,2,2025-01,3892,8.266678443305896,0,1,0,0,0,0,1,0,0,0
109,1286830,STAR WARS™: The Old Republic™,feb,1,1,1,3,2025-02,3892,8.266678443305896,0,0,1,0,0,0,0,1,0,0
109,1286830,STAR WARS™: The Old Republic™,feb,1,1,1,4,2025-03,3892,8.266678443305896,0,0,0,1,0,0,0,0,1,0
109,1286830,STAR WARS™: The Old Republic™,feb,1,1,1,5,2025-04,3892,8.266678443305896,0,0,0,0,1,0,0,0,0,1
110,1142710,Total War: WARHAMMER III,feb,1,0,0,1,2024-12,29231,10.28298506894671,1,0,0,0,0,1,0,0,0,0
110,1142710,Total War: WARHAMMER III,feb,1,0,0,2,2025-01,29231,10.28298506894671,0,1,0,0,0,0,1,0,0,0
110,1142710,Total War: WARHAMMER III,feb,1,1,1,3,2025-02,29231,10.28298506894671,0,0,1,0,0,0,0,1,0,0
110,1142710,Total War: WARHAMMER III,feb,1,1,1,4,2025-03,29231,10.28298506894671,0,0,0,1,0,0,0,0,1,0
110,1142710,Total War: WARHAMMER III,feb,1,1,1,5,2025-04,29231,10.28298506894671,0,0,0,0,1,0,0,0,0,1
111,2205850,"Dwarves: Glory, Death and Loot",feb,1,0,0,1,2024-12,3438,8.142645185942795,1,0,0,0,0,1,0,0,0,0
111,2205850,"Dwarves: Glory, Death and Loot",feb,1,0,0,2,2025-01,3438,8.142645185942795,0,1,0,0,0,0,1,0,0,0
111,2205850,"Dwarves: Glory, Death and Loot",feb,1,1,1,3,2025-02,3438,8.142645185942795,0,0,1,0,0,0,0,1,0,0
111,2205850,"Dwarves: Glory, Death and Loot",feb,1,1,1,4,2025-03,3438,8.142645185942795,0,0,0,1,0,0,0,0,1,0
111,2205850,"Dwarves: Glory, Death and Loot",feb,1,1,1,5,2025-04,3438,8.142645185942795,0,0,0,0,1,0,0,0,0,1
112,1145350,Hades II,feb,1,0,0,1,2024-12,8893,9.09301972939964,1,0,0,0,0,1,0,0,0,0
112,1145350,Hades II,feb,1,0,0,2,2025-01,8893,9.09301972939964,0,1,0,0,0,0,1,0,0,0
112,1145350,Hades II,feb,1,1,1,3,2025-02,8893,9.09301972939964,0,0,1,0,0,0,0,1,0,0
112,1145350,Hades II,feb,1,1,1,4,2025-03,8893,9.09301972939964,0,0,0,1,0,0,0,0,1,0
112,1145350,Hades II,feb,1,1,1,5,2025-04,8893,9.09301972939964,0,0,0,0,1,0,0,0,0,1
113,1527950,Wartales,feb,1,0,0,1,2024-12,2263,7.724446645633537,1,0,0,0,0,1,0,0,0,0
113,1527950,Wartales,feb,1,0,0,2,2025-01,2263,7.724446645633537,0,1,0,0,0,0,1,0,0,0
113,1527950,Wartales,feb,1,1,1,3,2025-02,2263,7.724446645633537,0,0,1,0,0,0,0,1,0,0
113,1527950,Wartales,feb,1,1,1,4,2025-03,2263,7.724446645633537,0,0,0,1,0,0,0,0,1,0
113,1527950,Wartales,feb,1,1,1,5,2025-04,2263,7.724446645633537,0,0,0,0,1,0,0,0,0,1
114,1934680,Age of Mythology: Retold,feb,1,0,0,1,2024-12,2905,7.974188669286011,1,0,0,0,0,1,0,0,0,0
114,1934680,Age of Mythology: Retold,feb,1,0,0,2,2025-01,2905,7.974188669286011,0,1,0,0,0,0,1,0,0,0
114,1934680,Age of Mythology: Retold,feb,1,1,1,3,2025-02,2905,7.974188669286011,0,0,1,0,0,0,0,1,0,0
114,1934680,Age of Mythology: Retold,feb,1,1,1,4,2025-03,2905,7.974188669286011,0,0,0,1,0,0,0,0,1,0
114,1934680,Age of Mythology: Retold,feb,1,1,1,5,2025-04,2905,7.974188669286011,0,0,0,0,1,0,0,0,0,1
115,2406770,Bodycam,feb,1,0,0,1,2024-12,653,6.481577129276431,1,0,0,0,0,1,0,0,0,0
115,2406770,Bodycam,feb,1,0,0,2,2025-01,653,6.481577129276431,0,1,0,0,0,0,1,0,0,0
115,2406770,Bodycam,feb,1,1,1,3,2025-02,653,6.481577129276431,0,0,1,0,0,0,0,1,0,0
115,2406770,Bodycam,feb,1,1,1,4,2025-03,653,6.481577129276431,0,0,0,1,0,0,0,0,1,0
115,2406770,Bodycam,feb,1,1,1,5,2025-04,653,6.481577129276431,0,0,0,0,1,0,0,0,0,1
116,2221490,Tom Clancy’s The Division® 2,feb,1,0,0,1,2024-12,4775,8.471149252914831,1,0,0,0,0,1,0,0,0,0
116,2221490,Tom Clancy’s The Division® 2,feb,1,0,0,2,2025-01,4775,8.471149252914831,0,1,0,0,0,0,1,0,0,0
116,2221490,Tom Clancy’s The Division® 2,feb,1,1,1,3,2025-02,4775,8.471149252914831,0,0,1,0,0,0,0,1,0,0
116,2221490,Tom Clancy’s The Division® 2,feb,1,1,1,4,2025-03,4775,8.471149252914831,0,0,0,1,0,0,0,0,1,0
116,2221490,Tom Clancy’s The Division® 2,feb,1,1,1,5,2025-04,4775,8.471149252914831,0,0,0,0,1,0,0,0,0,1
117,699130,World War Z,feb,1,0,0,1,2024-12,4124,8.32457884513685,1,0,0,0,0,1,0,0,0,0
117,699130,World War Z,feb,1,0,0,2,2025-01,4124,8.32457884513685,0,1,0,0,0,0,1,0,0,0
117,699130,World War Z,feb,1,1,1,3,2025-02,4124,8.32457884513685,0,0,1,0,0,0,0,1,0,0
117,699130,World War Z,feb,1,1,1,4,2025-03,4124,8.32457884513685,0,0,0,1,0,0,0,0,1,0
117,699130,World War Z,feb,1,1,1,5,2025-04,4124,8.32457884513685,0,0,0,0,1,0,0,0,0,1
118,960090,Bloons TD 6,feb,1,0,0,1,2024-12,9537,9.162934249578912,1,0,0,0,0,1,0,0,0,0
118,960090,Bloons TD 6,feb,1,0,0,2,2025-01,9537,9.162934249578912,0,1,0,0,0,0,1,0,0,0
118,960090,Bloons TD 6,feb,1,1,1,3,2025-02,9537,9.162934249578912,0,0,1,0,0,0,0,1,0,0
118,960090,Bloons TD 6,feb,1,1,1,4,2025-03,9537,9.162934249578912,0,0,0,1,0,0,0,0,1,0
118,960090,Bloons TD 6,feb,1,1,1,5,2025-04,9537,9.162934249578912,0,0,0,0,1,0,0,0,0,1
119,1643320,S.T.A.L.K.E.R. 2: Heart of Chornobyl,feb,1,0,0,1,2024-12,6275,8.744328763999984,1,0,0,0,0,1,0,0,0,0
119,1643320,S.T.A.L.K.E.R. 2: Heart of Chornobyl,feb,1,0,0,2,2025-01,6275,8.744328763999984,0,1,0,0,0,0,1,0,0,0
119,1643320,S.T.A.L.K.E.R. 2: Heart of Chornobyl,feb,1,1,1,3,2025-02,6275,8.744328763999984,0,0,1,0,0,0,0,1,0,0
119,1643320,S.T.A.L.K.E.R. 2: Heart of Chornobyl,feb,1,1,1,4,2025-03,6275,8.744328763999984,0,0,0,1,0,0,0,0,1,0
119,1643320,S.T.A.L.K.E.R. 2: Heart of Chornobyl,feb,1,1,1,5,2025-04,6275,8.744328763999984,0,0,0,0,1,0,0,0,0,1
120,2456740,inZOI,feb,1,0,0,1,2024-12,1785,7.487173694213739,1,0,0,0,0,1,0,0,0,0
120,2456740,inZOI,feb,1,0,0,2,2025-01,1785,7.487173694213739,0,1,0,0,0,0,1,0,0,0
120,2456740,inZOI,feb,1,1,1,3,2025-02,1785,7.487173694213739,0,0,1,0,0,0,0,1,0,0
120,2456740,inZOI,feb,1,1,1,4,2025-03,1785,7.487173694213739,0,0,0,1,0,0,0,0,1,0
120,2456740,inZOI,feb,1,1,1,5,2025-04,1785,7.487173694213739,0,0,0,0,1,0,0,0,0,1
121,1190970,House Flipper 2,feb,1,0,0,1,2024-12,2371,7.771067086065406,1,0,0,0,0,1,0,0,0,0
121,1190970,House Flipper 2,feb,1,0,0,2,2025-01,2371,7.771067086065406,0,1,0,0,0,0,1,0,0,0
121,1190970,House Flipper 2,feb,1,1,1,3,2025-02,2371,7.771067086065406,0,0,1,0,0,0,0,1,0,0
121,1190970,House Flipper 2,feb,1,1,1,4,2025-03,2371,7.771067086065406,0,0,0,1,0,0,0,0,1,0
121,1190970,House Flipper 2,feb,1,1,1,5,2025-04,2371,7.771067086065406,0,0,0,0,1,0,0,0,0,1
122,1627720,Lies of P,feb,1,0,0,1,2024-12,2203,7.697575346802343,1,0,0,0,0,1,0,0,0,0
122,1627720,Lies of P,feb,1,0,0,2,2025-01,2203,7.697575346802343,0,1,0,0,0,0,1,0,0,0
122,1627720,Lies of P,feb,1,1,1,3,2025-02,2203,7.697575346802343,0,0,1,0,0,0,0,1,0,0
122,1627720,Lies of P,feb,1,1,1,4,2025-03,2203,7.697575346802343,0,0,0,1,0,0,0,0,1,0
122,1627720,Lies of P,feb,1,1,1,5,2025-04,2203,7.697575346802343,0,0,0,0,1,0,0,0,0,1
123,376210,The Isle,feb,1,0,0,1,2024-12,9413,9.14984699154722,1,0,0,0,0,1,0,0,0,0
123,376210,The Isle,feb,1,0,0,2,2025-01,9413,9.14984699154722,0,1,0,0,0,0,1,0,0,0
123,376210,The Isle,feb,1,1,1,3,2025-02,9413,9.14984699154722,0,0,1,0,0,0,0,1,0,0
123,376210,The Isle,feb,1,1,1,4,2025-03,9413,9.14984699154722,0,0,0,1,0,0,0,0,1,0
123,376210,The Isle,feb,1,1,1,5,2025-04,9413,9.14984699154722,0,0,0,0,1,0,0,0,0,1
124,221100,DayZ,feb,1,0,0,1,2024-12,44197,10.696412192459125,1,0,0,0,0,1,0,0,0,0
124,221100,DayZ,feb,1,0,0,2,2025-01,44197,10.696412192459125,0,1,0,0,0,0,1,0,0,0
124,221100,DayZ,feb,1,1,1,3,2025-02,44197,10.696412192459125,0,0,1,0,0,0,0,1,0,0
124,221100,DayZ,feb,1,1,1,4,2025-03,44197,10.696412192459125,0,0,0,1,0,0,0,0,1,0
124,221100,DayZ,feb,1,1,1,5,2025-04,44197,10.696412192459125,0,0,0,0,1,0,0,0,0,1
125,1562430,DREDGE,feb,1,0,0,1,2024-12,875,6.774223886357614,1,0,0,0,0,1,0,0,0,0
125,1562430,DREDGE,feb,1,0,0,2,2025-01,875,6.774223886357614,0,1,0,0,0,0,1,0,0,0
125,1562430,DREDGE,feb,1,1,1,3,2025-02,875,6.774223886357614,0,0,1,0,0,0,0,1,0,0
125,1562430,DREDGE,feb,1,1,1,4,2025-03,875,6.774223886357614,0,0,0,1,0,0,0,0,1,0
125,1562430,DREDGE,feb,1,1,1,5,2025-04,875,6.774223886357614,0,0,0,0,1,0,0,0,0,1
126,1476970,IdleOn,feb,1,0,0,1,2024-12,10572,9.26596427572418,1,0,0,0,0,1,0,0,0,0
126,1476970,IdleOn,feb,1,0,0,2,2025-01,10572,9.26596427572418,0,1,0,0,0,0,1,0,0,0
126,1476970,IdleOn,feb,1,1,1,3,2025-02,10572,9.26596427572418,0,0,1,0,0,0,0,1,0,0
126,1476970,IdleOn,feb,1,1,1,4,2025-03,10572,9.26596427572418,0,0,0,1,0,0,0,0,1,0
126,1476970,IdleOn,feb,1,1,1,5,2025-04,10572,9.26596427572418,0,0,0,0,1,0,0,0,0,1
127,2698940,The Crew Motorfest,feb,1,0,0,1,2024-12,2212,7.701652362642226,1,0,0,0,0,1,0,0,0,0
127,2698940,The Crew Motorfest,feb,1,0,0,2,2025-01,2212,7.701652362642226,0,1,0,0,0,0,1,0,0,0
127,2698940,The Crew Motorfest,feb,1,1,1,3,2025-02,2212,7.701652362642226,0,0,1,0,0,0,0,1,0,0
127,2698940,The Crew Motorfest,feb,1,1,1,4,2025-03,2212,7.701652362642226,0,0,0,1,0,0,0,0,1,0
127,2698940,The Crew Motorfest,feb,1,1,1,5,2025-04,2212,7.701652362642226,0,0,0,0,1,0,0,0,0,1
128,3059070,The Headliners,feb,1,0,0,1,2024-12,1384,7.232733136177615,1,0,0,0,0,1,0,0,0,0
128,3059070,The Headliners,feb,1,0,0,2,2025-01,1384,7.232733136177615,0,1,0,0,0,0,1,0,0,0
128,3059070,The Headliners,feb,1,1,1,3,2025-02,1384,7.232733136177615,0,0,1,0,0,0,0,1,0,0
128,3059070,The Headliners,feb,1,1,1,4,2025-03,1384,7.232733136177615,0,0,0,1,0,0,0,0,1,0
128,3059070,The Headliners,feb,1,1,1,5,2025-04,1384,7.232733136177615,0,0,0,0,1,0,0,0,0,1
129,3156770,Witchfire,feb,1,0,0,1,2024-12,578,6.359573868672378,1,0,0,0,0,1,0,0,0,0
129,3156770,Witchfire,feb,1,0,0,2,2025-01,578,6.359573868672378,0,1,0,0,0,0,1,0,0,0
129,3156770,Witchfire,feb,1,1,1,3,2025-02,578,6.359573868672378,0,0,1,0,0,0,0,1,0,0
129,3156770,Witchfire,feb,1,1,1,4,2025-03,578,6.359573868672378,0,0,0,1,0,0,0,0,1,0
129,3156770,Witchfire,feb,1,1,1,5,2025-04,578,6.359573868672378,0,0,0,0,1,0,0,0,0,1
130,1455630,THE GAME OF LIFE 2,feb,1,0,0,1,2024-12,304,5.717027701406222,1,0,0,0,0,1,0,0,0,0
130,1455630,THE GAME OF LIFE 2,feb,1,0,0,2,2025-01,304,5.717027701406222,0,1,0,0,0,0,1,0,0,0
130,1455630,THE GAME OF LIFE 2,feb,1,1,1,3,2025-02,304,5.717027701406222,0,0,1,0,0,0,0,1,0,0
130,1455630,THE GAME OF LIFE 2,feb,1,1,1,4,2025-03,304,5.717027701406222,0,0,0,1,0,0,0,0,1,0
130,1455630,THE GAME OF LIFE 2,feb,1,1,1,5,2025-04,304,5.717027701406222,0,0,0,0,1,0,0,0,0,1
131,3156770,Witchfire,feb,1,0,0,1,2024-12,578,6.359573868672378,1,0,0,0,0,1,0,0,0,0
131,3156770,Witchfire,feb,1,0,0,2,2025-01,578,6.359573868672378,0,1,0,0,0,0,1,0,0,0
131,3156770,Witchfire,feb,1,1,1,3,2025-02,578,6.359573868672378,0,0,1,0,0,0,0,1,0,0
131,3156770,Witchfire,feb,1,1,1,4,2025-03,578,6.359573868672378,0,0,0,1,0,0,0,0,1,0
131,3156770,Witchfire,feb,1,1,1,5,2025-04,578,6.359573868672378,0,0,0,0,1,0,0,0,0,1
132,1677280,Company of Heroes 3,feb,1,0,0,1,2024-12,4203,8.343553835005117,1,0,0,0,0,1,0,0,0,0
132,1677280,Company of Heroes 3,feb,1,0,0,2,2025-01,4203,8.343553835005117,0,1,0,0,0,0,1,0,0,0
132,1677280,Company of Heroes 3,feb,1,1,1,3,2025-02,4203,8.343553835005117,0,0,1,0,0,0,0,1,0,0
132,1677280,Company of Heroes 3,feb,1,1,1,4,2025-03,4203,8.343553835005117,0,0,0,1,0,0,0,0,1,0
132,1677280,Company of Heroes 3,feb,1,1,1,5,2025-04,4203,8.343553835005117,0,0,0,0,1,0,0,0,0,1
133,2444750,Shape of Dreams,feb,1,0,0,1,2024-12,3809,8.245121966478605,1,0,0,0,0,1,0,0,0,0
133,2444750,Shape of Dreams,feb,1,0,0,2,2025-01,3809,8.245121966478605,0,1,0,0,0,0,1,0,0,0
133,2444750,Shape of Dreams,feb,1,1,1,3,2025-02,3809,8.245121966478605,0,0,1,0,0,0,0,1,0,0
133,2444750,Shape of Dreams,feb,1,1,1,4,2025-03,3809,8.245121966478605,0,0,0,1,0,0,0,0,1,0
133,2444750,Shape of Dreams,feb,1,1,1,5,2025-04,3809,8.245121966478605,0,0,0,0,1,0,0,0,0,1
134,2437170,SMITE 2,feb,1,0,0,1,2024-12,3437,8.142354276849835,1,0,0,0,0,1,0,0,0,0
134,2437170,SMITE 2,feb,1,0,0,2,2025-01,3437,8.142354276849835,0,1,0,0,0,0,1,0,0,0
134,2437170,SMITE 2,feb,1,1,1,3,2025-02,3437,8.142354276849835,0,0,1,0,0,0,0,1,0,0
134,2437170,SMITE 2,feb,1,1,1,4,2025-03,3437,8.142354276849835,0,0,0,1,0,0,0,0,1,0
134,2437170,SMITE 2,feb,1,1,1,5,2025-04,3437,8.142354276849835,0,0,0,0,1,0,0,0,0,1
135,1133870,Space Engineers 2,feb,1,0,0,1,2024-12,242,5.488937726156687,1,0,0,0,0,1,0,0,0,0
135,1133870,Space Engineers 2,feb,1,0,0,2,2025-01,242,5.488937726156687,0,1,0,0,0,0,1,0,0,0
135,1133870,Space Engineers 2,feb,1,1,1,3,2025-02,242,5.488937726156687,0,0,1,0,0,0,0,1,0,0
135,1133870,Space Engineers 2,feb,1,1,1,4,2025-03,242,5.488937726156687,0,0,0,1,0,0,0,0,1,0
135,1133870,Space Engineers 2,feb,1,1,1,5,2025-04,242,5.488937726156687,0,0,0,0,1,0,0,0,0,1
136,9900,Star Trek Online,feb,1,0,0,1,2024-12,1005,6.912742820493176,1,0,0,0,0,1,0,0,0,0
136,9900,Star Trek Online,feb,1,0,0,2,2025-01,1005,6.912742820493176,0,1,0,0,0,0,1,0,0,0
136,9900,Star Trek Online,feb,1,1,1,3,2025-02,1005,6.912742820493176,0,0,1,0,0,0,0,1,0,0
136,9900,Star Trek Online,feb,1,1,1,4,2025-03,1005,6.912742820493176,0,0,0,1,0,0,0,0,1,0
136,9900,Star Trek Online,feb,1,1,1,5,2025-04,1005,6.912742820493176,0,0,0,0,1,0,0,0,0,1
137,2688950,Planet Coaster 2,feb,1,0,0,1,2024-12,1266,7.143617602704121,1,0,0,0,0,1,0,0,0,0
137,2688950,Planet Coaster 2,feb,1,0,0,2,2025-01,1266,7.143617602704121,0,1,0,0,0,0,1,0,0,0
137,2688950,Planet Coaster 2,feb,1,1,1,3,2025-02,1266,7.143617602704121,0,0,1,0,0,0,0,1,0,0
137,2688950,Planet Coaster 2,feb,1,1,1,4,2025-03,1266,7.143617602704121,0,0,0,1,0,0,0,0,1,0
137,2688950,Planet Coaster 2,feb,1,1,1,5,2025-04,1266,7.143617602704121,0,0,0,0,1,0,0,0,0,1
138,1422130,SimRail - The Railway Simulator,feb,1,0,0,1,2024-12,849,6.744059186311348,1,0,0,0,0,1,0,0,0,0
138,1422130,SimRail - The Railway Simulator,feb,1,0,0,2,2025-01,849,6.744059186311348,0,1,0,0,0,0,1,0,0,0
138,1422130,SimRail - The Railway Simulator,feb,1,1,1,3,2025-02,849,6.744059186311348,0,0,1,0,0,0,0,1,0,0
138,1422130,SimRail - The Railway Simulator,feb,1,1,1,4,2025-03,849,6.744059186311348,0,0,0,1,0,0,0,0,1,0
138,1422130,SimRail - The Railway Simulator,feb,1,1,1,5,2025-04,849,6.744059186311348,0,0,0,0,1,0,0,0,0,1
139,1119730,"Ranch Simulator: Build, Hunt, Farm",feb,1,0,0,1,2024-12,1832,7.513163545234075,1,0,0,0,0,1,0,0,0,0
139,1119730,"Ranch Simulator: Build, Hunt, Farm",feb,1,0,0,2,2025-01,1832,7.513163545234075,0,1,0,0,0,0,1,0,0,0
139,1119730,"Ranch Simulator: Build, Hunt, Farm",feb,1,1,1,3,2025-02,1832,7.513163545234075,0,0,1,0,0,0,0,1,0,0
139,1119730,"Ranch Simulator: Build, Hunt, Farm",feb,1,1,1,4,2025-03,1832,7.513163545234075,0,0,0,1,0,0,0,0,1,0
139,1119730,"Ranch Simulator: Build, Hunt, Farm",feb,1,1,1,5,2025-04,1832,7.513163545234075,0,0,0,0,1,0,0,0,0,1
140,2677660,Indiana Jones and the Great Circle,feb,1,0,0,1,2024-12,414,6.025865973825314,1,0,0,0,0,1,0,0,0,0
140,2677660,Indiana Jones and the Great Circle,feb,1,0,0,2,2025-01,414,6.025865973825314,0,1,0,0,0,0,1,0,0,0
140,2677660,Indiana Jones and the Great Circle,feb,1,1,1,3,2025-02,414,6.025865973825314,0,0,1,0,0,0,0,1,0,0
140,2677660,Indiana Jones and the Great Circle,feb,1,1,1,4,2025-03,414,6.025865973825314,0,0,0,1,0,0,0,0,1,0
140,2677660,Indiana Jones and the Great Circle,feb,1,1,1,5,2025-04,414,6.025865973825314,0,0,0,0,1,0,0,0,0,1
141,1929610,Demonologist,feb,1,0,0,1,2024-12,332,5.805134968916488,1,0,0,0,0,1,0,0,0,0
141,1929610,Demonologist,feb,1,0,0,2,2025-01,332,5.805134968916488,0,1,0,0,0,0,1,0,0,0
141,1929610,Demonologist,feb,1,1,1,3,2025-02,332,5.805134968916488,0,0,1,0,0,0,0,1,0,0
141,1929610,Demonologist,feb,1,1,1,4,2025-03,332,5.805134968916488,0,0,0,1,0,0,0,0,1,0
141,1929610,Demonologist,feb,1,1,1,5,2025-04,332,5.805134968916488,0,0,0,0,1,0,0,0,0,1
142,361420,ASTRONEER,feb,1,0,0,1,2024-12,2648,7.881559917056899,1,0,0,0,0,1,0,0,0,0
142,361420,ASTRONEER,feb,1,0,0,2,2025-01,2648,7.881559917056899,0,1,0,0,0,0,1,0,0,0
142,361420,ASTRONEER,feb,1,1,1,3,2025-02,2648,7.881559917056899,0,0,1,0,0,0,0,1,0,0
142,361420,ASTRONEER,feb,1,1,1,4,2025-03,2648,7.881559917056899,0,0,0,1,0,0,0,0,1,0
142,361420,ASTRONEER,feb,1,1,1,5,2025-04,2648,7.881559917056899,0,0,0,0,1,0,0,0,0,1
143,2795540,The Midnight Walkers,feb,1,0,0,1,2024-12,112,4.718498871295094,1,0,0,0,0,1,0,0,0,0
143,2795540,The Midnight Walkers,feb,1,0,0,2,2025-01,112,4.718498871295094,0,1,0,0,0,0,1,0,0,0
143,2795540,The Midnight Walkers,feb,1,1,1,3,2025-02,112,4.718498871295094,0,0,1,0,0,0,0,1,0,0
143,2795540,The Midnight Walkers,feb,1,1,1,4,2025-03,112,4.718498871295094,0,0,0,1,0,0,0,0,1,0
143,2795540,The Midnight Walkers,feb,1,1,1,5,2025-04,112,4.718498871295094,0,0,0,0,1,0,0,0,0,1
144,293760,Automation - The Car Company Tycoon Game,feb,1,0,0,1,2024-12,627,6.440946540632921,1,0,0,0,0,1,0,0,0,0
144,293760,Automation - The Car Company Tycoon Game,feb,1,0,0,2,2025-01,627,6.440946540632921,0,1,0,0,0,0,1,0,0,0
144,293760,Automation - The Car Company Tycoon Game,feb,1,1,1,3,2025-02,627,6.440946540632921,0,0,1,0,0,0,0,1,0,0
144,293760,Automation - The Car Company Tycoon Game,feb,1,1,1,4,2025-03,627,6.440946540632921,0,0,0,1,0,0,0,0,1,0
144,293760,Automation - The Car Company Tycoon Game,feb,1,1,1,5,2025-04,627,6.440946540632921,0,0,0,0,1,0,0,0,0,1
145,585420,Trailmakers,feb,1,0,0,1,2024-12,1427,7.2633296174768365,1,0,0,0,0,1,0,0,0,0
145,585420,Trailmakers,feb,1,0,0,2,2025-01,1427,7.2633296174768365,0,1,0,0,0,0,1,0,0,0
145,585420,Trailmakers,feb,1,1,1,3,2025-02,1427,7.2633296174768365,0,0,1,0,0,0,0,1,0,0
145,585420,Trailmakers,feb,1,1,1,4,2025-03,1427,7.2633296174768365,0,0,0,1,0,0,0,0,1,0
145,585420,Trailmakers,feb,1,1,1,5,2025-04,1427,7.2633296174768365,0,0,0,0,1,0,0,0,0,1
146,466560,Northgard: Definitive Edition,feb,1,0,0,1,2024-12,1677,7.424761761823209,1,0,0,0,0,1,0,0,0,0
146,466560,Northgard: Definitive Edition,feb,1,0,0,2,2025-01,1677,7.424761761823209,0,1,0,0,0,0,1,0,0,0
146,466560,Northgard: Definitive Edition,feb,1,1,1,3,2025-02,1677,7.424761761823209,0,0,1,0,0,0,0,1,0,0
146,466560,Northgard: Definitive Edition,feb,1,1,1,4,2025-03,1677,7.424761761823209,0,0,0,1,0,0,0,0,1,0
146,466560,Northgard: Definitive Edition,feb,1,1,1,5,2025-04,1677,7.424761761823209,0,0,0,0,1,0,0,0,0,1
147,2457220,Avowed,feb,1,0,0,1,2024-12,337,5.820082930352362,1,0,0,0,0,1,0,0,0,0
147,2457220,Avowed,feb,1,0,0,2,2025-01,337,5.820082930352362,0,1,0,0,0,0,1,0,0,0
147,2457220,Avowed,feb,1,1,1,3,2025-02,337,5.820082930352362,0,0,1,0,0,0,0,1,0,0
147,2457220,Avowed,feb,1,1,1,4,2025-03,337,5.820082930352362,0,0,0,1,0,0,0,0,1,0
147,2457220,Avowed,feb,1,1,1,5,2025-04,337,5.820082930352362,0,0,0,0,1,0,0,0,0,1
148,1289670,EA Play,feb,1,0,0,1,2024-12,1000,6.907755278982137,1,0,0,0,0,1,0,0,0,0
148,1289670,EA Play,feb,1,0,0,2,2025-01,1000,6.907755278982137,0,1,0,0,0,0,1,0,0,0
148,1289670,EA Play,feb,1,1,1,3,2025-02,1000,6.907755278982137,0,0,1,0,0,0,0,1,0,0
148,1289670,EA Play,feb,1,1,1,4,2025-03,1000,6.907755278982137,0,0,0,1,0,0,0,0,1,0
148,1289670,EA Play,feb,1,1,1,5,2025-04,1000,6.907755278982137,0,0,0,0,1,0,0,0,0,1
149,1721470,Poppy Playtime,feb,1,0,0,1,2024-12,1347,7.205635176410364,1,0,0,0,0,1,0,0,0,0
149,1721470,Poppy Playtime,feb,1,0,0,2,2025-01,1347,7.205635176410364,0,1,0,0,0,0,1,0,0,0
149,1721470,Poppy Playtime,feb,1,1,1,3,2025-02,1347,7.205635176410364,0,0,1,0,0,0,0,1,0,0
149,1721470,Poppy Playtime,feb,1,1,1,4,2025-03,1347,7.205635176410364,0,0,0,1,0,0,0,0,1,0
149,1721470,Poppy Playtime,feb,1,1,1,5,2025-04,1347,7.205635176410364,0,0,0,0,1,0,0,0,0,1
150,1422130,SimRail - The Railway Simulator,feb,1,0,0,1,2024-12,849,6.744059186311348,1,0,0,0,0,1,0,0,0,0
150,1422130,SimRail - The Railway Simulator,feb,1,0,0,2,2025-01,849,6.744059186311348,0,1,0,0,0,0,1,0,0,0
150,1422130,SimRail - The Railway Simulator,feb,1,1,1,3,2025-02,849,6.744059186311348,0,0,1,0,0,0,0,1,0,0
150,1422130,SimRail - The Railway Simulator,feb,1,1,1,4,2025-03,849,6.744059186311348,0,0,0,1,0,0,0,0,1,0
150,1422130,SimRail - The Railway Simulator,feb,1,1,1,5,2025-04,849,6.744059186311348,0,0,0,0,1,0,0,0,0,1
151,2677660,Indiana Jones and the Great Circle,feb,1,0,0,1,2024-12,430,6.063785208687608,1,0,0,0,0,1,0,0,0,0
151,2677660,Indiana Jones and the Great Circle,feb,1,0,0,2,2025-01,430,6.063785208687608,0,1,0,0,0,0,1,0,0,0
151,2677660,Indiana Jones and the Great Circle,feb,1,1,1,3,2025-02,430,6.063785208687608,0,0,1,0,0,0,0,1,0,0
151,2677660,Indiana Jones and the Great Circle,feb,1,1,1,4,2025-03,430,6.063785208687608,0,0,0,1,0,0,0,0,1,0
151,2677660,Indiana Jones and the Great Circle,feb,1,1,1,5,2025-04,430,6.063785208687608,0,0,0,0,1,0,0,0,0,1
152,427410,Abiotic Factor,feb,1,0,0,1,2024-12,2526,7.8343923029104365,1,0,0,0,0,1,0,0,0,0
152,427410,Abiotic Factor,feb,1,0,0,2,2025-01,2526,7.8343923029104365,0,1,0,0,0,0,1,0,0,0
152,427410,Abiotic Factor,feb,1,1,1,3,2025-02,2526,7.8343923029104365,0,0,1,0,0,0,0,1,0,0
152,427410,Abiotic Factor,feb,1,1,1,4,2025-03,2526,7.8343923029104365,0,0,0,1,0,0,0,0,1,0
152,427410,Abiotic Factor,feb,1,1,1,5,2025-04,2526,7.8343923029104365,0,0,0,0,1,0,0,0,0,1
153,1611600,WARNO,feb,1,0,0,1,2024-12,1159,7.055312843339752,1,0,0,0,0,1,0,0,0,0
153,1611600,WARNO,feb,1,0,0,2,2025-01,1159,7.055312843339752,0,1,0,0,0,0,1,0,0,0
153,1611600,WARNO,feb,1,1,1,3,2025-02,1159,7.055312843339752,0,0,1,0,0,0,0,1,0,0
153,1611600,WARNO,feb,1,1,1,4,2025-03,1159,7.055312843339752,0,0,0,1,0,0,0,0,1,0
153,1611600,WARNO,feb,1,1,1,5,2025-04,1159,7.055312843339752,0,0,0,0,1,0,0,0,0,1
154,585420,Trailmakers,feb,1,0,0,1,2024-12,1427,7.2633296174768365,1,0,0,0,0,1,0,0,0,0
154,585420,Trailmakers,feb,1,0,0,2,2025-01,1427,7.2633296174768365,0,1,0,0,0,0,1,0,0,0
154,585420,Trailmakers,feb,1,1,1,3,2025-02,1427,7.2633296174768365,0,0,1,0,0,0,0,1,0,0
154,585420,Trailmakers,feb,1,1,1,4,2025-03,1427,7.2633296174768365,0,0,0,1,0,0,0,0,1,0
154,585420,Trailmakers,feb,1,1,1,5,2025-04,1427,7.2633296174768365,0,0,0,0,1,0,0,0,0,1
155,1676840,For The King II,feb,1,0,0,1,2024-12,1884,7.5411524551363085,1,0,0,0,0,1,0,0,0,0
155,1676840,For The King II,feb,1,0,0,2,2025-01,1884,7.5411524551363085,0,1,0,0,0,0,1,0,0,0
155,1676840,For The King II,feb,1,1,1,3,2025-02,1884,7.5411524551363085,0,0,1,0,0,0,0,1,0,0
155,1676840,For The King II,feb,1,1,1,4,2025-03,1884,7.5411524551363085,0,0,0,1,0,0,0,0,1,0
155,1676840,For The King II,feb,1,1,1,5,2025-04,1884,7.5411524551363085,0,0,0,0,1,0,0,0,0,1
156,1601580,Frostpunk 2,feb,1,0,0,1,2024-12,1016,6.923628628138427,1,0,0,0,0,1,0,0,0,0
156,1601580,Frostpunk 2,feb,1,0,0,2,2025-01,1016,6.923628628138427,0,1,0,0,0,0,1,0,0,0
156,1601580,Frostpunk 2,feb,1,1,1,3,2025-02,1016,6.923628628138427,0,0,1,0,0,0,0,1,0,0
156,1601580,Frostpunk 2,feb,1,1,1,4,2025-03,1016,6.923628628138427,0,0,0,1,0,0,0,0,1,0
156,1601580,Frostpunk 2,feb,1,1,1,5,2025-04,1016,6.923628628138427,0,0,0,0,1,0,0,0,0,1
157,1929610,Demonologist,feb,1,0,0,1,2024-12,332,5.805134968916488,1,0,0,0,0,1,0,0,0,0
157,1929610,Demonologist,feb,1,0,0,2,2025-01,332,5.805134968916488,0,1,0,0,0,0,1,0,0,0
157,1929610,Demonologist,feb,1,1,1,3,2025-02,332,5.805134968916488,0,0,1,0,0,0,0,1,0,0
157,1929610,Demonologist,feb,1,1,1,4,2025-03,332,5.805134968916488,0,0,0,1,0,0,0,0,1,0
157,1929610,Demonologist,feb,1,1,1,5,2025-04,332,5.805134968916488,0,0,0,0,1,0,0,0,0,1
158,1114150,CarX Street,feb,1,0,0,1,2024-12,844,6.738152494595957,1,0,0,0,0,1,0,0,0,0
158,1114150,CarX Street,feb,1,0,0,2,2025-01,844,6.738152494595957,0,1,0,0,0,0,1,0,0,0
158,1114150,CarX Street,feb,1,1,1,3,2025-02,844,6.738152494595957,0,0,1,0,0,0,0,1,0,0
158,1114150,CarX Street,feb,1,1,1,4,2025-03,844,6.738152494595957,0,0,0,1,0,0,0,0,1,0
158,1114150,CarX Street,feb,1,1,1,5,2025-04,844,6.738152494595957,0,0,0,0,1,0,0,0,0,1
159,361420,ASTRONEER,feb,1,0,0,1,2024-12,2648,7.881559917056899,1,0,0,0,0,1,0,0,0,0
159,361420,ASTRONEER,feb,1,0,0,2,2025-01,2648,7.881559917056899,0,1,0,0,0,0,1,0,0,0
159,361420,ASTRONEER,feb,1,1,1,3,2025-02,2648,7.881559917056899,0,0,1,0,0,0,0,1,0,0
159,361420,ASTRONEER,feb,1,1,1,4,2025-03,2648,7.881559917056899,0,0,0,1,0,0,0,0,1,0
159,361420,ASTRONEER,feb,1,1,1,5,2025-04,2648,7.881559917056899,0,0,0,0,1,0,0,0,0,1
160,289070,Sid Meier’s Civilization® VI,feb,1,0,0,1,2024-12,39895,10.59400628174238,1,0,0,0,0,1,0,0,0,0
160,289070,Sid Meier’s Civilization® VI,feb,1,0,0,2,2025-01,39895,10.59400628174238,0,1,0,0,0,0,1,0,0,0
160,289070,Sid Meier’s Civilization® VI,feb,1,1,1,3,2025-02,39895,10.59400628174238,0,0,1,0,0,0,0,1,0,0
160,289070,Sid Meier’s Civilization® VI,feb,1,1,1,4,2025-03,39895,10.59400628174238,0,0,0,1,0,0,0,0,1,0
160,289070,Sid Meier’s Civilization® VI,feb,1,1,1,5,2025-04,39895,10.59400628174238,0,0,0,0,1,0,0,0,0,1
161,457140,Oxygen Not Included,feb,1,0,0,1,2024-12,12715,9.45053767785622,1,0,0,0,0,1,0,0,0,0
161,457140,Oxygen Not Included,feb,1,0,0,2,2025-01,12715,9.45053767785622,0,1,0,0,0,0,1,0,0,0
161,457140,Oxygen Not Included,feb,1,1,1,3,2025-02,12715,9.45053767785622,0,0,1,0,0,0,0,1,0,0
161,457140,Oxygen Not Included,feb,1,1,1,4,2025-03,12715,9.45053767785622,0,0,0,1,0,0,0,0,1,0
161,457140,Oxygen Not Included,feb,1,1,1,5,2025-04,12715,9.45053767785622,0,0,0,0,1,0,0,0,0,1
162,2795540,The Midnight Walkers,feb,1,0,0,1,2024-12,112,4.718498871295094,1,0,0,0,0,1,0,0,0,0
162,2795540,The Midnight Walkers,feb,1,0,0,2,2025-01,112,4.718498871295094,0,1,0,0,0,0,1,0,0,0
162,2795540,The Midnight Walkers,feb,1,1,1,3,2025-02,112,4.718498871295094,0,0,1,0,0,0,0,1,0,0
162,2795540,The Midnight Walkers,feb,1,1,1,4,2025-03,112,4.718498871295094,0,0,0,1,0,0,0,0,1,0
162,2795540,The Midnight Walkers,feb,1,1,1,5,2025-04,112,4.718498871295094,0,0,0,0,1,0,0,0,0,1
163,1575940,Sins of a Solar Empire II,feb,1,0,0,1,2024-12,550,6.309918278226516,1,0,0,0,0,1,0,0,0,0
163,1575940,Sins of a Solar Empire II,feb,1,0,0,2,2025-01,550,6.309918278226516,0,1,0,0,0,0,1,0,0,0
163,1575940,Sins of a Solar Empire II,feb,1,1,1,3,2025-02,550,6.309918278226516,0,0,1,0,0,0,0,1,0,0
163,1575940,Sins of a Solar Empire II,feb,1,1,1,4,2025-03,550,6.309918278226516,0,0,0,1,0,0,0,0,1,0
163,1575940,Sins of a Solar Empire II,feb,1,1,1,5,2025-04,550,6.309918278226516,0,0,0,0,1,0,0,0,0,1
164,1721470,Poppy Playtime,feb,1,0,0,1,2024-12,1347,7.205635176410364,1,0,0,0,0,1,0,0,0,0
164,1721470,Poppy Playtime,feb,1,0,0,2,2025-01,1347,7.205635176410364,0,1,0,0,0,0,1,0,0,0
164,1721470,Poppy Playtime,feb,1,1,1,3,2025-02,1347,7.205635176410364,0,0,1,0,0,0,0,1,0,0
164,1721470,Poppy Playtime,feb,1,1,1,4,2025-03,1347,7.205635176410364,0,0,0,1,0,0,0,0,1,0
164,1721470,Poppy Playtime,feb,1,1,1,5,2025-04,1347,7.205635176410364,0,0,0,0,1,0,0,0,0,1
165,2457220,Avowed,feb,1,0,0,1,2024-12,357,5.877735781779639,1,0,0,0,0,1,0,0,0,0
165,2457220,Avowed,feb,1,0,0,2,2025-01,357,5.877735781779639,0,1,0,0,0,0,1,0,0,0
165,2457220,Avowed,feb,1,1,1,3,2025-02,357,5.877735781779639,0,0,1,0,0,0,0,1,0,0
165,2457220,Avowed,feb,1,1,1,4,2025-03,357,5.877735781779639,0,0,0,1,0,0,0,0,1,0
165,2457220,Avowed,feb,1,1,1,5,2025-04,357,5.877735781779639,0,0,0,0,1,0,0,0,0,1
166,293760,Automation - The Car Company Tycoon Game,feb,1,0,0,1,2024-12,672,6.51025834052315,1,0,0,0,0,1,0,0,0,0
166,293760,Automation - The Car Company Tycoon Game,feb,1,0,0,2,2025-01,672,6.51025834052315,0,1,0,0,0,0,1,0,0,0
166,293760,Automation - The Car Company Tycoon Game,feb,1,1,1,3,2025-02,672,6.51025834052315,0,0,1,0,0,0,0,1,0,0
166,293760,Automation - The Car Company Tycoon Game,feb,1,1,1,4,2025-03,672,6.51025834052315,0,0,0,1,0,0,0,0,1,0
166,293760,Automation - The Car Company Tycoon Game,feb,1,1,1,5,2025-04,672,6.51025834052315,0,0,0,0,1,0,0,0,0,1
167,466560,Northgard: Definitive Edition,feb,1,0,0,1,2024-12,1677,7.424761761823209,1,0,0,0,0,1,0,0,0,0
167,466560,Northgard: Definitive Edition,feb,1,0,0,2,2025-01,1677,7.424761761823209,0,1,0,0,0,0,1,0,0,0
167,466560,Northgard: Definitive Edition,feb,1,1,1,3,2025-02,1677,7.424761761823209,0,0,1,0,0,0,0,1,0,0
167,466560,Northgard: Definitive Edition,feb,1,1,1,4,2025-03,1677,7.424761761823209,0,0,0,1,0,0,0,0,1,0
167,466560,Northgard: Definitive Edition,feb,1,1,1,5,2025-04,1677,7.424761761823209,0,0,0,0,1,0,0,0,0,1
168,2864560,Rune Factory: Guardians of Azuma,feb,1,0,0,1,2024-12,425,6.052089168924417,1,0,0,0,0,1,0,0,0,0
168,2864560,Rune Factory: Guardians of Azuma,feb,1,0,0,2,2025-01,425,6.052089168924417,0,1,0,0,0,0,1,0,0,0
168,2864560,Rune Factory: Guardians of Azuma,feb,1,1,1,3,2025-02,425,6.052089168924417,0,0,1,0,0,0,0,1,0,0
168,2864560,Rune Factory: Guardians of Azuma,feb,1,1,1,4,2025-03,425,6.052089168924417,0,0,0,1,0,0,0,0,1,0
168,2864560,Rune Factory: Guardians of Azuma,feb,1,1,1,5,2025-04,425,6.052089168924417,0,0,0,0,1,0,0,0,0,1
169,293760,Automation - The Car Company Tycoon Game,feb,1,0,0,1,2024-12,627,6.440946540632921,1,0,0,0,0,1,0,0,0,0
169,293760,Automation - The Car Company Tycoon Game,feb,1,0,0,2,2025-01,627,6.440946540632921,0,1,0,0,0,0,1,0,0,0
169,293760,Automation - The Car Company Tycoon Game,feb,1,1,1,3,2025-02,627,6.440946540632921,0,0,1,0,0,0,0,1,0,0
169,293760,Automation - The Car Company Tycoon Game,feb,1,1,1,4,2025-03,627,6.440946540632921,0,0,0,1,0,0,0,0,1,0
169,293760,Automation - The Car Company Tycoon Game,feb,1,1,1,5,2025-04,627,6.440946540632921,0,0,0,0,1,0,0,0,0,1
170,457140,Oxygen Not Included,feb,1,0,0,1,2024-12,12715,9.45053767785622,1,0,0,0,0,1,0,0,0,0
170,457140,Oxygen Not Included,feb,1,0,0,2,2025-01,12715,9.45053767785622,0,1,0,0,0,0,1,0,0,0
170,457140,Oxygen Not Included,feb,1,1,1,3,2025-02,12715,9.45053767785622,0,0,1,0,0,0,0,1,0,0
170,457140,Oxygen Not Included,feb,1,1,1,4,2025-03,12715,9.45053767785622,0,0,0,1,0,0,0,0,1,0
170,457140,Oxygen Not Included,feb,1,1,1,5,2025-04,12715,9.45053767785622,0,0,0,0,1,0,0,0,0,1
171,1105420,Game of Thrones Winter is Coming,feb,1,0,0,1,2024-12,540,6.29156913955832,1,0,0,0,0,1,0,0,0,0
171,1105420,Game of Thrones Winter is Coming,feb,1,0,0,2,2025-01,540,6.29156913955832,0,1,0,0,0,0,1,0,0,0
171,1105420,Game of Thrones Winter is Coming,feb,1,1,1,3,2025-02,540,6.29156913955832,0,0,1,0,0,0,0,1,0,0
171,1105420,Game of Thrones Winter is Coming,feb,1,1,1,4,2025-03,540,6.29156913955832,0,0,0,1,0,0,0,0,1,0
171,1105420,Game of Thrones Winter is Coming,feb,1,1,1,5,2025-04,540,6.29156913955832,0,0,0,0,1,0,0,0,0,1
172,1868140,DAVE THE DIVER,feb,1,0,0,1,2024-12,5887,8.68050180902826,1,0,0,0,0,1,0,0,0,0
172,1868140,DAVE THE DIVER,feb,1,0,0,2,2025-01,5887,8.68050180902826,0,1,0,0,0,0,1,0,0,0
172,1868140,DAVE THE DIVER,feb,1,1,1,3,2025-02,5887,8.68050180902826,0,0,1,0,0,0,0,1,0,0
172,1868140,DAVE THE DIVER,feb,1,1,1,4,2025-03,5887,8.68050180902826,0,0,0,1,0,0,0,0,1,0
172,1868140,DAVE THE DIVER,feb,1,1,1,5,2025-04,5887,8.68050180902826,0,0,0,0,1,0,0,0,0,1
173,492720,Tropico 6,feb,1,0,0,1,2024-12,1110,7.01211529430638,1,0,0,0,0,1,0,0,0,0
173,492720,Tropico 6,feb,1,0,0,2,2025-01,1110,7.01211529430638,0,1,0,0,0,0,1,0,0,0
173,492720,Tropico 6,feb,1,1,1,3,2025-02,1110,7.01211529430638,0,0,1,0,0,0,0,1,0,0
173,492720,Tropico 6,feb,1,1,1,4,2025-03,1110,7.01211529430638,0,0,0,1,0,0,0,0,1,0
173,492720,Tropico 6,feb,1,1,1,5,2025-04,1110,7.01211529430638,0,0,0,0,1,0,0,0,0,1
174,975370,Dwarf Fortress,feb,1,0,0,1,2024-12,824,6.714170529909472,1,0,0,0,0,1,0,0,0,0
174,975370,Dwarf Fortress,feb,1,0,0,2,2025-01,824,6.714170529909472,0,1,0,0,0,0,1,0,0,0
174,975370,Dwarf Fortress,feb,1,1,1,3,2025-02,824,6.714170529909472,0,0,1,0,0,0,0,1,0,0
174,975370,Dwarf Fortress,feb,1,1,1,4,2025-03,824,6.714170529909472,0,0,0,1,0,0,0,0,1,0
174,975370,Dwarf Fortress,feb,1,1,1,5,2025-04,824,6.714170529909472,0,0,0,0,1,0,0,0,0,1
175,2495100,Hello Kitty Island Adventure,feb,1,0,0,1,2024-12,1026,6.933423025730715,1,0,0,0,0,1,0,0,0,0
175,2495100,Hello Kitty Island Adventure,feb,1,0,0,2,2025-01,1026,6.933423025730715,0,1,0,0,0,0,1,0,0,0
175,2495100,Hello Kitty Island Adventure,feb,1,1,1,3,2025-02,1026,6.933423025730715,0,0,1,0,0,0,0,1,0,0
175,2495100,Hello Kitty Island Adventure,feb,1,1,1,4,2025-03,1026,6.933423025730715,0,0,0,1,0,0,0,0,1,0
175,2495100,Hello Kitty Island Adventure,feb,1,1,1,5,2025-04,1026,6.933423025730715,0,0,0,0,1,0,0,0,0,1
176,1575940,Sins of a Solar Empire II,feb,1,0,0,1,2024-12,574,6.352629396319567,1,0,0,0,0,1,0,0,0,0
176,1575940,Sins of a Solar Empire II,feb,1,0,0,2,2025-01,574,6.352629396319567,0,1,0,0,0,0,1,0,0,0
176,1575940,Sins of a Solar Empire II,feb,1,1,1,3,2025-02,574,6.352629396319567,0,0,1,0,0,0,0,1,0,0
176,1575940,Sins of a Solar Empire II,feb,1,1,1,4,2025-03,574,6.352629396319567,0,0,0,1,0,0,0,0,1,0
176,1575940,Sins of a Solar Empire II,feb,1,1,1,5,2025-04,574,6.352629396319567,0,0,0,0,1,0,0,0,0,1
177,2795540,The Midnight Walkers,feb,1,0,0,1,2024-12,112,4.718498871295094,1,0,0,0,0,1,0,0,0,0
177,2795540,The Midnight Walkers,feb,1,0,0,2,2025-01,112,4.718498871295094,0,1,0,0,0,0,1,0,0,0
177,2795540,The Midnight Walkers,feb,1,1,1,3,2025-02,112,4.718498871295094,0,0,1,0,0,0,0,1,0,0
177,2795540,The Midnight Walkers,feb,1,1,1,4,2025-03,112,4.718498871295094,0,0,0,1,0,0,0,0,1,0
177,2795540,The Midnight Walkers,feb,1,1,1,5,2025-04,112,4.718498871295094,0,0,0,0,1,0,0,0,0,1
178,2333480,RAID: Shadow Legends,feb,1,0,0,1,2024-12,1434,7.2682230211595655,1,0,0,0,0,1,0,0,0,0
178,2333480,RAID: Shadow Legends,feb,1,0,0,2,2025-01,1434,7.2682230211595655,0,1,0,0,0,0,1,0,0,0
178,2333480,RAID: Shadow Legends,feb,1,1,1,3,2025-02,1434,7.2682230211595655,0,0,1,0,0,0,0,1,0,0
178,2333480,RAID: Shadow Legends,feb,1,1,1,4,2025-03,1434,7.2682230211595655,0,0,0,1,0,0,0,0,1,0
178,2333480,RAID: Shadow Legends,feb,1,1,1,5,2025-04,1434,7.2682230211595655,0,0,0,0,1,0,0,0,0,1
179,2198150,Tiny Glade,feb,1,0,0,1,2024-12,228,5.429345628954441,1,0,0,0,0,1,0,0,0,0
179,2198150,Tiny Glade,feb,1,0,0,2,2025-01,228,5.429345628954441,0,1,0,0,0,0,1,0,0,0
179,2198150,Tiny Glade,feb,1,1,1,3,2025-02,228,5.429345628954441,0,0,1,0,0,0,0,1,0,0
179,2198150,Tiny Glade,feb,1,1,1,4,2025-03,228,5.429345628954441,0,0,0,1,0,0,0,0,1,0
179,2198150,Tiny Glade,feb,1,1,1,5,2025-04,228,5.429345628954441,0,0,0,0,1,0,0,0,0,1
180,3092660,Reverse: 1999,feb,1,0,0,1,2024-12,1461,7.2868764117507,1,0,0,0,0,1,0,0,0,0
180,3092660,Reverse: 1999,feb,1,0,0,2,2025-01,1461,7.2868764117507,0,1,0,0,0,0,1,0,0,0
180,3092660,Reverse: 1999,feb,1,1,1,3,2025-02,1461,7.2868764117507,0,0,1,0,0,0,0,1,0,0
180,3092660,Reverse: 1999,feb,1,1,1,4,2025-03,1461,7.2868764117507,0,0,0,1,0,0,0,0,1,0
180,3092660,Reverse: 1999,feb,1,1,1,5,2025-04,1461,7.2868764117507,0,0,0,0,1,0,0,0,0,1
181,342940,Project: Gorgon,feb,1,0,0,1,2024-12,661,6.493753839851686,1,0,0,0,0,1,0,0,0,0
181,342940,Project: Gorgon,feb,1,0,0,2,2025-01,661,6.493753839851686,0,1,0,0,0,0,1,0,0,0
181,342940,Project: Gorgon,feb,1,1,1,3,2025-02,661,6.493753839851686,0,0,1,0,0,0,0,1,0,0
181,342940,Project: Gorgon,feb,1,1,1,4,2025-03,661,6.493753839851686,0,0,0,1,0,0,0,0,1,0
181,342940,Project: Gorgon,feb,1,1,1,5,2025-04,661,6.493753839851686,0,0,0,0,1,0,0,0,0,1
182,613100,House Flipper,feb,1,0,0,1,2024-12,2010,7.605890001053122,1,0,0,0,0,1,0,0,0,0
182,613100,House Flipper,feb,1,0,0,2,2025-01,2010,7.605890001053122,0,1,0,0,0,0,1,0,0,0
182,613100,House Flipper,feb,1,1,1,3,2025-02,2010,7.605890001053122,0,0,1,0,0,0,0,1,0,0
182,613100,House Flipper,feb,1,1,1,4,2025-03,2010,7.605890001053122,0,0,0,1,0,0,0,0,1,0
182,613100,House Flipper,feb,1,1,1,5,2025-04,2010,7.605890001053122,0,0,0,0,1,0,0,0,0,1
183,322330,Don't Starve Together,feb,1,0,0,1,2024-12,41528,10.634123177507066,1,0,0,0,0,1,0,0,0,0
183,322330,Don't Starve Together,feb,1,0,0,2,2025-01,41528,10.634123177507066,0,1,0,0,0,0,1,0,0,0
183,322330,Don't Starve Together,feb,1,1,1,3,2025-02,41528,10.634123177507066,0,0,1,0,0,0,0,1,0,0
183,322330,Don't Starve Together,feb,1,1,1,4,2025-03,41528,10.634123177507066,0,0,0,1,0,0,0,0,1,0
183,322330,Don't Starve Together,feb,1,1,1,5,2025-04,41528,10.634123177507066,0,0,0,0,1,0,0,0,0,1
184,1184370,Pathfinder: Wrath of the Righteous - Enhanced Edition,feb,1,0,0,1,2024-12,2846,7.953669778649798,1,0,0,0,0,1,0,0,0,0
184,1184370,Pathfinder: Wrath of the Righteous - Enhanced Edition,feb,1,0,0,2,2025-01,2846,7.953669778649798,0,1,0,0,0,0,1,0,0,0
184,1184370,Pathfinder: Wrath of the Righteous - Enhanced Edition,feb,1,1,1,3,2025-02,2846,7.953669778649798,0,0,1,0,0,0,0,1,0,0
184,1184370,Pathfinder: Wrath of the Righteous - Enhanced Edition,feb,1,1,1,4,2025-03,2846,7.953669778649798,0,0,0,1,0,0,0,0,1,0
184,1184370,Pathfinder: Wrath of the Righteous - Enhanced Edition,feb,1,1,1,5,2025-04,2846,7.953669778649798,0,0,0,0,1,0,0,0,0,1
185,2417610,METAL GEAR SOLID Δ: SNAKE EATER,feb,1,0,0,1,2024-12,212,5.356586274672012,1,0,0,0,0,1,0,0,0,0
185,2417610,METAL GEAR SOLID Δ: SNAKE EATER,feb,1,0,0,2,2025-01,212,5.356586274672012,0,1,0,0,0,0,1,0,0,0
185,2417610,METAL GEAR SOLID Δ: SNAKE EATER,feb,1,1,1,3,2025-02,212,5.356586274672012,0,0,1,0,0,0,0,1,0,0
185,2417610,METAL GEAR SOLID Δ: SNAKE EATER,feb,1,1,1,4,2025-03,212,5.356586274672012,0,0,0,1,0,0,0,0,1,0
185,2417610,METAL GEAR SOLID Δ: SNAKE EATER,feb,1,1,1,5,2025-04,212,5.356586274672012,0,0,0,0,1,0,0,0,0,1
186,1139980,Travellers Rest,feb,1,0,0,1,2024-12,1131,7.030857476116121,1,0,0,0,0,1,0,0,0,0
186,1139980,Travellers Rest,feb,1,0,0,2,2025-01,1131,7.030857476116121,0,1,0,0,0,0,1,0,0,0
186,1139980,Travellers Rest,feb,1,1,1,3,2025-02,1131,7.030857476116121,0,0,1,0,0,0,0,1,0,0
186,1139980,Travellers Rest,feb,1,1,1,4,2025-03,1131,7.030857476116121,0,0,0,1,0,0,0,0,1,0
186,1139980,Travellers Rest,feb,1,1,1,5,2025-04,1131,7.030857476116121,0,0,0,0,1,0,0,0,0,1
187,1054490,Wingspan,feb,1,0,0,1,2024-12,718,6.576469569048224,1,0,0,0,0,1,0,0,0,0
187,1054490,Wingspan,feb,1,0,0,2,2025-01,718,6.576469569048224,0,1,0,0,0,0,1,0,0,0
187,1054490,Wingspan,feb,1,1,1,3,2025-02,718,6.576469569048224,0,0,1,0,0,0,0,1,0,0
187,1054490,Wingspan,feb,1,1,1,4,2025-03,718,6.576469569048224,0,0,0,1,0,0,0,0,1,0
187,1054490,Wingspan,feb,1,1,1,5,2025-04,718,6.576469569048224,0,0,0,0,1,0,0,0,0,1
188,2996040,Teenage Mutant Ninja Turtles: Splintered Fate,feb,1,0,0,1,2024-12,293,5.680172609017068,1,0,0,0,0,1,0,0,0,0
188,2996040,Teenage Mutant Ninja Turtles: Splintered Fate,feb,1,0,0,2,2025-01,293,5.680172609017068,0,1,0,0,0,0,1,0,0,0
188,2996040,Teenage Mutant Ninja Turtles: Splintered Fate,feb,1,1,1,3,2025-02,293,5.680172609017068,0,0,1,0,0,0,0,1,0,0
188,2996040,Teenage Mutant Ninja Turtles: Splintered Fate,feb,1,1,1,4,2025-03,293,5.680172609017068,0,0,0,1,0,0,0,0,1,0
188,2996040,Teenage Mutant Ninja Turtles: Splintered Fate,feb,1,1,1,5,2025-04,293,5.680172609017068,0,0,0,0,1,0,0,0,0,1
189,1259420,Days Gone,feb,1,0,0,1,2024-12,1995,7.598399329323964,1,0,0,0,0,1,0,0,0,0
189,1259420,Days Gone,feb,1,0,0,2,2025-01,1995,7.598399329323964,0,1,0,0,0,0,1,0,0,0
189,1259420,Days Gone,feb,1,1,1,3,2025-02,1995,7.598399329323964,0,0,1,0,0,0,0,1,0,0
189,1259420,Days Gone,feb,1,1,1,4,2025-03,1995,7.598399329323964,0,0,0,1,0,0,0,0,1,0
189,1259420,Days Gone,feb,1,1,1,5,2025-04,1995,7.598399329323964,0,0,0,0,1,0,0,0,0,1
190,2784470,9 Kings,feb,1,0,0,1,2024-12,1079,6.983789965258135,1,0,0,0,0,1,0,0,0,0
190,2784470,9 Kings,feb,1,0,0,2,2025-01,1079,6.983789965258135,0,1,0,0,0,0,1,0,0,0
190,2784470,9 Kings,feb,1,1,1,3,2025-02,1079,6.983789965258135,0,0,1,0,0,0,0,1,0,0
190,2784470,9 Kings,feb,1,1,1,4,2025-03,1079,6.983789965258135,0,0,0,1,0,0,0,0,1,0
190,2784470,9 Kings,feb,1,1,1,5,2025-04,1079,6.983789965258135,0,0,0,0,1,0,0,0,0,1
191,2325290,Sky: Children of the Light,feb,1,0,0,1,2024-12,4712,8.457867725331422,1,0,0,0,0,1,0,0,0,0
191,2325290,Sky: Children of the Light,feb,1,0,0,2,2025-01,4712,8.457867725331422,0,1,0,0,0,0,1,0,0,0
191,2325290,Sky: Children of the Light,feb,1,1,1,3,2025-02,4712,8.457867725331422,0,0,1,0,0,0,0,1,0,0
191,2325290,Sky: Children of the Light,feb,1,1,1,4,2025-03,4712,8.457867725331422,0,0,0,1,0,0,0,0,1,0
191,2325290,Sky: Children of the Light,feb,1,1,1,5,2025-04,4712,8.457867725331422,0,0,0,0,1,0,0,0,0,1
192,2201940,Ship Graveyard Simulator 2,feb,1,0,0,1,2024-12,506,6.226536669287466,1,0,0,0,0,1,0,0,0,0
192,2201940,Ship Graveyard Simulator 2,feb,1,0,0,2,2025-01,506,6.226536669287466,0,1,0,0,0,0,1,0,0,0
192,2201940,Ship Graveyard Simulator 2,feb,1,1,1,3,2025-02,506,6.226536669287466,0,0,1,0,0,0,0,1,0,0
192,2201940,Ship Graveyard Simulator 2,feb,1,1,1,4,2025-03,506,6.226536669287466,0,0,0,1,0,0,0,0,1,0
192,2201940,Ship Graveyard Simulator 2,feb,1,1,1,5,2025-04,506,6.226536669287466,0,0,0,0,1,0,0,0,0,1
193,2967990,Train Sim World® 5,feb,1,0,0,1,2024-12,250,5.521460917862246,1,0,0,0,0,1,0,0,0,0
193,2967990,Train Sim World® 5,feb,1,0,0,2,2025-01,250,5.521460917862246,0,1,0,0,0,0,1,0,0,0
193,2967990,Train Sim World® 5,feb,1,1,1,3,2025-02,250,5.521460917862246,0,0,1,0,0,0,0,1,0,0
193,2967990,Train Sim World® 5,feb,1,1,1,4,2025-03,250,5.521460917862246,0,0,0,1,0,0,0,0,1,0
193,2967990,Train Sim World® 5,feb,1,1,1,5,2025-04,250,5.521460917862246,0,0,0,0,1,0,0,0,0,1
194,2967990,Train Sim World® 5,feb,1,0,0,1,2024-12,251,5.5254529391317835,1,0,0,0,0,1,0,0,0,0
194,2967990,Train Sim World® 5,feb,1,0,0,2,2025-01,251,5.5254529391317835,0,1,0,0,0,0,1,0,0,0
194,2967990,Train Sim World® 5,feb,1,1,1,3,2025-02,251,5.5254529391317835,0,0,1,0,0,0,0,1,0,0
194,2967990,Train Sim World® 5,feb,1,1,1,4,2025-03,251,5.5254529391317835,0,0,0,1,0,0,0,0,1,0
194,2967990,Train Sim World® 5,feb,1,1,1,5,2025-04,251,5.5254529391317835,0,0,0,0,1,0,0,0,0,1
195,1062520,Dinkum,feb,1,0,0,1,2024-12,2055,7.628031126930335,1,0,0,0,0,1,0,0,0,0
195,1062520,Dinkum,feb,1,0,0,2,2025-01,2055,7.628031126930335,0,1,0,0,0,0,1,0,0,0
195,1062520,Dinkum,feb,1,1,1,3,2025-02,2055,7.628031126930335,0,0,1,0,0,0,0,1,0,0
195,1062520,Dinkum,feb,1,1,1,4,2025-03,2055,7.628031126930335,0,0,0,1,0,0,0,0,1,0
195,1062520,Dinkum,feb,1,1,1,5,2025-04,2055,7.628031126930335,0,0,0,0,1,0,0,0,0,1
196,960170,DJMAX RESPECT V,feb,1,0,0,1,2024-12,1529,7.332369205929062,1,0,0,0,0,1,0,0,0,0
196,960170,DJMAX RESPECT V,feb,1,0,0,2,2025-01,1529,7.332369205929062,0,1,0,0,0,0,1,0,0,0
196,960170,DJMAX RESPECT V,feb,1,1,1,3,2025-02,1529,7.332369205929062,0,0,1,0,0,0,0,1,0,0
196,960170,DJMAX RESPECT V,feb,1,1,1,4,2025-03,1529,7.332369205929062,0,0,0,1,0,0,0,0,1,0
196,960170,DJMAX RESPECT V,feb,1,1,1,5,2025-04,1529,7.332369205929062,0,0,0,0,1,0,0,0,0,1
197,1149620,Gas Station Simulator,feb,1,0,0,1,2024-12,275,5.616771097666572,1,0,0,0,0,1,0,0,0,0
197,1149620,Gas Station Simulator,feb,1,0,0,2,2025-01,275,5.616771097666572,0,1,0,0,0,0,1,0,0,0
197,1149620,Gas Station Simulator,feb,1,1,1,3,2025-02,275,5.616771097666572,0,0,1,0,0,0,0,1,0,0
197,1149620,Gas Station Simulator,feb,1,1,1,4,2025-03,275,5.616771097666572,0,0,0,1,0,0,0,0,1,0
197,1149620,Gas Station Simulator,feb,1,1,1,5,2025-04,275,5.616771097666572,0,0,0,0,1,0,0,0,0,1
198,2325290,Sky: Children of the Light,feb,1,0,0,1,2024-12,4712,8.457867725331422,1,0,0,0,0,1,0,0,0,0
198,2325290,Sky: Children of the Light,feb,1,0,0,2,2025-01,4712,8.457867725331422,0,1,0,0,0,0,1,0,0,0
198,2325290,Sky: Children of the Light,feb,1,1,1,3,2025-02,4712,8.457867725331422,0,0,1,0,0,0,0,1,0,0
198,2325290,Sky: Children of the Light,feb,1,1,1,4,2025-03,4712,8.457867725331422,0,0,0,1,0,0,0,0,1,0
198,2325290,Sky: Children of the Light,feb,1,1,1,5,2025-04,4712,8.457867725331422,0,0,0,0,1,0,0,0,0,1
199,1128920,EVERSPACE™ 2,feb,1,0,0,1,2024-12,273,5.60947179518496,1,0,0,0,0,1,0,0,0,0
199,1128920,EVERSPACE™ 2,feb,1,0,0,2,2025-01,273,5.60947179518496,0,1,0,0,0,0,1,0,0,0
199,1128920,EVERSPACE™ 2,feb,1,1,1,3,2025-02,273,5.60947179518496,0,0,1,0,0,0,0,1,0,0
199,1128920,EVERSPACE™ 2,feb,1,1,1,4,2025-03,273,5.60947179518496,0,0,0,1,0,0,0,0,1,0
199,1128920,EVERSPACE™ 2,feb,1,1,1,5,2025-04,273,5.60947179518496,0,0,0,0,1,0,0,0,0,1
200,451340,Gold Mining Simulator,feb,1,0,0,1,2024-12,420,6.040254711277414,1,0,0,0,0,1,0,0,0,0
200,451340,Gold Mining Simulator,feb,1,0,0,2,2025-01,420,6.040254711277414,0,1,0,0,0,0,1,0,0,0
200,451340,Gold Mining Simulator,feb,1,1,1,3,2025-02,420,6.040254711277414,0,0,1,0,0,0,0,1,0,0
200,451340,Gold Mining Simulator,feb,1,1,1,4,2025-03,420,6.040254711277414,0,0,0,1,0,0,0,0,1,0
200,451340,Gold Mining Simulator,feb,1,1,1,5,2025-04,420,6.040254711277414,0,0,0,0,1,0,0,0,0,1
201,3240220,Grand Theft Auto V Enhanced,mar,1,0,0,1,2024-12,92063,11.430228404283245,1,0,0,0,0,1,0,0,0,0
201,3240220,Grand Theft Auto V Enhanced,mar,1,0,0,2,2025-01,92063,11.430228404283245,0,1,0,0,0,0,1,0,0,0
201,3240220,Grand Theft Auto V Enhanced,mar,1,0,0,3,2025-02,92063,11.430228404283245,0,0,1,0,0,0,0,1,0,0
201,3240220,Grand Theft Auto V Enhanced,mar,1,1,1,4,2025-03,92063,11.430228404283245,0,0,0,1,0,0,0,0,1,0
201,3240220,Grand Theft Auto V Enhanced,mar,1,1,1,5,2025-04,92063,11.430228404283245,0,0,0,0,1,0,0,0,0,1
202,1151340,Fallout 76,mar,1,0,0,1,2024-12,16370,9.70320567036518,1,0,0,0,0,1,0,0,0,0
202,1151340,Fallout 76,mar,1,0,0,2,2025-01,16370,9.70320567036518,0,1,0,0,0,0,1,0,0,0
202,1151340,Fallout 76,mar,1,0,0,3,2025-02,16370,9.70320567036518,0,0,1,0,0,0,0,1,0,0
202,1151340,Fallout 76,mar,1,1,1,4,2025-03,16370,9.70320567036518,0,0,0,1,0,0,0,0,1,0
202,1151340,Fallout 76,mar,1,1,1,5,2025-04,16370,9.70320567036518,0,0,0,0,1,0,0,0,0,1
203,1361210,"Warhammer 40,000: Darktide",mar,1,0,0,1,2024-12,9201,9.127067452782361,1,0,0,0,0,1,0,0,0,0
203,1361210,"Warhammer 40,000: Darktide",mar,1,0,0,2,2025-01,9201,9.127067452782361,0,1,0,0,0,0,1,0,0,0
203,1361210,"Warhammer 40,000: Darktide",mar,1,0,0,3,2025-02,9201,9.127067452782361,0,0,1,0,0,0,0,1,0,0
203,1361210,"Warhammer 40,000: Darktide",mar,1,1,1,4,2025-03,9201,9.127067452782361,0,0,0,1,0,0,0,0,1,0
203,1361210,"Warhammer 40,000: Darktide",mar,1,1,1,5,2025-04,9201,9.127067452782361,0,0,0,0,1,0,0,0,0,1
204,306130,The Elder Scrolls® Online,mar,1,0,0,1,2024-12,9975,9.207837241758064,1,0,0,0,0,1,0,0,0,0
204,306130,The Elder Scrolls® Online,mar,1,0,0,2,2025-01,9975,9.207837241758064,0,1,0,0,0,0,1,0,0,0
204,306130,The Elder Scrolls® Online,mar,1,0,0,3,2025-02,9975,9.207837241758064,0,0,1,0,0,0,0,1,0,0
204,306130,The Elder Scrolls® Online,mar,1,1,1,4,2025-03,9975,9.207837241758064,0,0,0,1,0,0,0,0,1,0
204,306130,The Elder Scrolls® Online,mar,1,1,1,5,2025-04,9975,9.207837241758064,0,0,0,0,1,0,0,0,0,1
205,251570,7 Days to Die,mar,1,0,0,1,2024-12,33000,10.404262840448617,1,0,0,0,0,1,0,0,0,0
205,251570,7 Days to Die,mar,1,0,0,2,2025-01,33000,10.404262840448617,0,1,0,0,0,0,1,0,0,0
205,251570,7 Days to Die,mar,1,0,0,3,2025-02,33000,10.404262840448617,0,0,1,0,0,0,0,1,0,0
205,251570,7 Days to Die,mar,1,1,1,4,2025-03,33000,10.404262840448617,0,0,0,1,0,0,0,0,1,0
205,251570,7 Days to Die,mar,1,1,1,5,2025-04,33000,10.404262840448617,0,0,0,0,1,0,0,0,0,1
206,518790,theHunter: Call of the Wild™,mar,1,0,0,1,2024-12,6307,8.749415406663651,1,0,0,0,0,1,0,0,0,0
206,518790,theHunter: Call of the Wild™,mar,1,0,0,2,2025-01,6307,8.749415406663651,0,1,0,0,0,0,1,0,0,0
206,518790,theHunter: Call of the Wild™,mar,1,0,0,3,2025-02,6307,8.749415406663651,0,0,1,0,0,0,0,1,0,0
206,518790,theHunter: Call of the Wild™,mar,1,1,1,4,2025-03,6307,8.749415406663651,0,0,0,1,0,0,0,0,1,0
206,518790,theHunter: Call of the Wild™,mar,1,1,1,5,2025-04,6307,8.749415406663651,0,0,0,0,1,0,0,0,0,1
207,526870,Satisfactory,mar,1,0,0,1,2024-12,19804,9.893639216481313,1,0,0,0,0,1,0,0,0,0
207,526870,Satisfactory,mar,1,0,0,2,2025-01,19804,9.893639216481313,0,1,0,0,0,0,1,0,0,0
207,526870,Satisfactory,mar,1,0,0,3,2025-02,19804,9.893639216481313,0,0,1,0,0,0,0,1,0,0
207,526870,Satisfactory,mar,1,1,1,4,2025-03,19804,9.893639216481313,0,0,0,1,0,0,0,0,1,0
207,526870,Satisfactory,mar,1,1,1,5,2025-04,19804,9.893639216481313,0,0,0,0,1,0,0,0,0,1
208,1154030,Titan Quest II,mar,1,0,0,1,2024-12,795,6.678342114654332,1,0,0,0,0,1,0,0,0,0
208,1154030,Titan Quest II,mar,1,0,0,2,2025-01,795,6.678342114654332,0,1,0,0,0,0,1,0,0,0
208,1154030,Titan Quest II,mar,1,0,0,3,2025-02,795,6.678342114654332,0,0,1,0,0,0,0,1,0,0
208,1154030,Titan Quest II,mar,1,1,1,4,2025-03,795,6.678342114654332,0,0,0,1,0,0,0,0,1,0
208,1154030,Titan Quest II,mar,1,1,1,5,2025-04,795,6.678342114654332,0,0,0,0,1,0,0,0,0,1
209,346110,ARK: Survival Evolved,mar,1,0,0,1,2024-12,28566,10.259972478422574,1,0,0,0,0,1,0,0,0,0
209,346110,ARK: Survival Evolved,mar,1,0,0,2,2025-01,28566,10.259972478422574,0,1,0,0,0,0,1,0,0,0
209,346110,ARK: Survival Evolved,mar,1,0,0,3,2025-02,28566,10.259972478422574,0,0,1,0,0,0,0,1,0,0
209,346110,ARK: Survival Evolved,mar,1,1,1,4,2025-03,28566,10.259972478422574,0,0,0,1,0,0,0,0,1,0
209,346110,ARK: Survival Evolved,mar,1,1,1,5,2025-04,28566,10.259972478422574,0,0,0,0,1,0,0,0,0,1
210,413150,Stardew Valley,mar,1,0,0,1,2024-12,92750,11.437662980469682,1,0,0,0,0,1,0,0,0,0
210,413150,Stardew Valley,mar,1,0,0,2,2025-01,92750,11.437662980469682,0,1,0,0,0,0,1,0,0,0
210,413150,Stardew Valley,mar,1,0,0,3,2025-02,92750,11.437662980469682,0,0,1,0,0,0,0,1,0,0
210,413150,Stardew Valley,mar,1,1,1,4,2025-03,92750,11.437662980469682,0,0,0,1,0,0,0,0,1,0
210,413150,Stardew Valley,mar,1,1,1,5,2025-04,92750,11.437662980469682,0,0,0,0,1,0,0,0,0,1
211,261550,Mount & Blade II: Bannerlord,mar,1,0,0,1,2024-12,29913,10.306048447496902,1,0,0,0,0,1,0,0,0,0
211,261550,Mount & Blade II: Bannerlord,mar,1,0,0,2,2025-01,29913,10.306048447496902,0,1,0,0,0,0,1,0,0,0
211,261550,Mount & Blade II: Bannerlord,mar,1,0,0,3,2025-02,29913,10.306048447496902,0,0,1,0,0,0,0,1,0,0
211,261550,Mount & Blade II: Bannerlord,mar,1,1,1,4,2025-03,29913,10.306048447496902,0,0,0,1,0,0,0,0,1,0
211,261550,Mount & Blade II: Bannerlord,mar,1,1,1,5,2025-04,29913,10.306048447496902,0,0,0,0,1,0,0,0,0,1
212,105600,Terraria,mar,1,0,0,1,2024-12,188918,12.14906833746238,1,0,0,0,0,1,0,0,0,0
212,105600,Terraria,mar,1,0,0,2,2025-01,188918,12.14906833746238,0,1,0,0,0,0,1,0,0,0
212,105600,Terraria,mar,1,0,0,3,2025-02,188918,12.14906833746238,0,0,1,0,0,0,0,1,0,0
212,105600,Terraria,mar,1,1,1,4,2025-03,188918,12.14906833746238,0,0,0,1,0,0,0,0,1,0
212,105600,Terraria,mar,1,1,1,5,2025-04,188918,12.14906833746238,0,0,0,0,1,0,0,0,0,1
213,1874880,Arma Reforger,mar,1,0,0,1,2024-12,10337,9.243484970568485,1,0,0,0,0,1,0,0,0,0
213,1874880,Arma Reforger,mar,1,0,0,2,2025-01,10337,9.243484970568485,0,1,0,0,0,0,1,0,0,0
213,1874880,Arma Reforger,mar,1,0,0,3,2025-02,10337,9.243484970568485,0,0,1,0,0,0,0,1,0,0
213,1874880,Arma Reforger,mar,1,1,1,4,2025-03,10337,9.243484970568485,0,0,0,1,0,0,0,0,1,0
213,1874880,Arma Reforger,mar,1,1,1,5,2025-04,10337,9.243484970568485,0,0,0,0,1,0,0,0,0,1
214,945360,Among Us,mar,1,0,0,1,2024-12,6594,8.793915423631676,1,0,0,0,0,1,0,0,0,0
214,945360,Among Us,mar,1,0,0,2,2025-01,6594,8.793915423631676,0,1,0,0,0,0,1,0,0,0
214,945360,Among Us,mar,1,0,0,3,2025-02,6594,8.793915423631676,0,0,1,0,0,0,0,1,0,0
214,945360,Among Us,mar,1,1,1,4,2025-03,6594,8.793915423631676,0,0,0,1,0,0,0,0,1,0
214,945360,Among Us,mar,1,1,1,5,2025-04,6594,8.793915423631676,0,0,0,0,1,0,0,0,0,1
215,1282100,REMNANT II®,mar,1,0,0,1,2024-12,2420,7.791522819150732,1,0,0,0,0,1,0,0,0,0
215,1282100,REMNANT II®,mar,1,0,0,2,2025-01,2420,7.791522819150732,0,1,0,0,0,0,1,0,0,0
215,1282100,REMNANT II®,mar,1,0,0,3,2025-02,2420,7.791522819150732,0,0,1,0,0,0,0,1,0,0
215,1282100,REMNANT II®,mar,1,1,1,4,2025-03,2420,7.791522819150732,0,0,0,1,0,0,0,0,1,0
215,1282100,REMNANT II®,mar,1,1,1,5,2025-04,2420,7.791522819150732,0,0,0,0,1,0,0,0,0,1
216,1304930,The Outlast Trials,mar,1,0,0,1,2024-12,5621,8.634264863002075,1,0,0,0,0,1,0,0,0,0
216,1304930,The Outlast Trials,mar,1,0,0,2,2025-01,5621,8.634264863002075,0,1,0,0,0,0,1,0,0,0
216,1304930,The Outlast Trials,mar,1,0,0,3,2025-02,5621,8.634264863002075,0,0,1,0,0,0,0,1,0,0
216,1304930,The Outlast Trials,mar,1,1,1,4,2025-03,5621,8.634264863002075,0,0,0,1,0,0,0,0,1,0
216,1304930,The Outlast Trials,mar,1,1,1,5,2025-04,5621,8.634264863002075,0,0,0,0,1,0,0,0,0,1
217,2778580,ELDEN RING Shadow of the Erdtree,mar,1,0,0,1,2024-12,1000,6.907755278982137,1,0,0,0,0,1,0,0,0,0
217,2778580,ELDEN RING Shadow of the Erdtree,mar,1,0,0,2,2025-01,1000,6.907755278982137,0,1,0,0,0,0,1,0,0,0
217,2778580,ELDEN RING Shadow of the Erdtree,mar,1,0,0,3,2025-02,1000,6.907755278982137,0,0,1,0,0,0,0,1,0,0
217,2778580,ELDEN RING Shadow of the Erdtree,mar,1,1,1,4,2025-03,1000,6.907755278982137,0,0,0,1,0,0,0,0,1,0
217,2778580,ELDEN RING Shadow of the Erdtree,mar,1,1,1,5,2025-04,1000,6.907755278982137,0,0,0,0,1,0,0,0,0,1
218,632360,Risk of Rain 2,mar,1,0,0,1,2024-12,5905,8.683554728631462,1,0,0,0,0,1,0,0,0,0
218,632360,Risk of Rain 2,mar,1,0,0,2,2025-01,5905,8.683554728631462,0,1,0,0,0,0,1,0,0,0
218,632360,Risk of Rain 2,mar,1,0,0,3,2025-02,5905,8.683554728631462,0,0,1,0,0,0,0,1,0,0
218,632360,Risk of Rain 2,mar,1,1,1,4,2025-03,5905,8.683554728631462,0,0,0,1,0,0,0,0,1,0
218,632360,Risk of Rain 2,mar,1,1,1,5,2025-04,5905,8.683554728631462,0,0,0,0,1,0,0,0,0,1
219,444200,World of Tanks Blitz,mar,1,0,0,1,2024-12,8795,9.081938657171658,1,0,0,0,0,1,0,0,0,0
219,444200,World of Tanks Blitz,mar,1,0,0,2,2025-01,8795,9.081938657171658,0,1,0,0,0,0,1,0,0,0
219,444200,World of Tanks Blitz,mar,1,0,0,3,2025-02,8795,9.081938657171658,0,0,1,0,0,0,0,1,0,0
219,444200,World of Tanks Blitz,mar,1,1,1,4,2025-03,8795,9.081938657171658,0,0,0,1,0,0,0,0,1,0
219,444200,World of Tanks Blitz,mar,1,1,1,5,2025-04,8795,9.081938657171658,0,0,0,0,1,0,0,0,0,1
220,2778580,ELDEN RING Shadow of the Erdtree,mar,1,0,0,1,2024-12,1000,6.907755278982137,1,0,0,0,0,1,0,0,0,0
220,2778580,ELDEN RING Shadow of the Erdtree,mar,1,0,0,2,2025-01,1000,6.907755278982137,0,1,0,0,0,0,1,0,0,0
220,2778580,ELDEN RING Shadow of the Erdtree,mar,1,0,0,3,2025-02,1000,6.907755278982137,0,0,1,0,0,0,0,1,0,0
220,2778580,ELDEN RING Shadow of the Erdtree,mar,1,1,1,4,2025-03,1000,6.907755278982137,0,0,0,1,0,0,0,0,1,0
220,2778580,ELDEN RING Shadow of the Erdtree,mar,1,1,1,5,2025-04,1000,6.907755278982137,0,0,0,0,1,0,0,0,0,1
221,1335830,Len's Island,mar,1,0,0,1,2024-12,1186,7.078341579557671,1,0,0,0,0,1,0,0,0,0
221,1335830,Len's Island,mar,1,0,0,2,2025-01,1186,7.078341579557671,0,1,0,0,0,0,1,0,0,0
221,1335830,Len's Island,mar,1,0,0,3,2025-02,1186,7.078341579557671,0,0,1,0,0,0,0,1,0,0
221,1335830,Len's Island,mar,1,1,1,4,2025-03,1186,7.078341579557671,0,0,0,1,0,0,0,0,1,0
221,1335830,Len's Island,mar,1,1,1,5,2025-04,1186,7.078341579557671,0,0,0,0,1,0,0,0,0,1
222,1857950,VEIN,mar,1,0,0,1,2024-12,958,6.86484777797086,1,0,0,0,0,1,0,0,0,0
222,1857950,VEIN,mar,1,0,0,2,2025-01,958,6.86484777797086,0,1,0,0,0,0,1,0,0,0
222,1857950,VEIN,mar,1,0,0,3,2025-02,958,6.86484777797086,0,0,1,0,0,0,0,1,0,0
222,1857950,VEIN,mar,1,1,1,4,2025-03,958,6.86484777797086,0,0,0,1,0,0,0,0,1,0
222,1857950,VEIN,mar,1,1,1,5,2025-04,958,6.86484777797086,0,0,0,0,1,0,0,0,0,1
223,2933130,The Lord of the Rings: Return to Moria™,mar,1,0,0,1,2024-12,894,6.795705775173514,1,0,0,0,0,1,0,0,0,0
223,2933130,The Lord of the Rings: Return to Moria™,mar,1,0,0,2,2025-01,894,6.795705775173514,0,1,0,0,0,0,1,0,0,0
223,2933130,The Lord of the Rings: Return to Moria™,mar,1,0,0,3,2025-02,894,6.795705775173514,0,0,1,0,0,0,0,1,0,0
223,2933130,The Lord of the Rings: Return to Moria™,mar,1,1,1,4,2025-03,894,6.795705775173514,0,0,0,1,0,0,0,0,1,0
223,2933130,The Lord of the Rings: Return to Moria™,mar,1,1,1,5,2025-04,894,6.795705775173514,0,0,0,0,1,0,0,0,0,1
224,1295660,Sid Meier's Civilization VII,mar,1,0,0,1,2024-12,6947,8.846065190692881,1,0,0,0,0,1,0,0,0,0
224,1295660,Sid Meier's Civilization VII,mar,1,0,0,2,2025-01,6947,8.846065190692881,0,1,0,0,0,0,1,0,0,0
224,1295660,Sid Meier's Civilization VII,mar,1,0,0,3,2025-02,6947,8.846065190692881,0,0,1,0,0,0,0,1,0,0
224,1295660,Sid Meier's Civilization VII,mar,1,1,1,4,2025-03,6947,8.846065190692881,0,0,0,1,0,0,0,0,1,0
224,1295660,Sid Meier's Civilization VII,mar,1,1,1,5,2025-04,6947,8.846065190692881,0,0,0,0,1,0,0,0,0,1
225,255710,Cities: Skylines,mar,1,0,0,1,2024-12,10101,9.220389707829185,1,0,0,0,0,1,0,0,0,0
225,255710,Cities: Skylines,mar,1,0,0,2,2025-01,10101,9.220389707829185,0,1,0,0,0,0,1,0,0,0
225,255710,Cities: Skylines,mar,1,0,0,3,2025-02,10101,9.220389707829185,0,0,1,0,0,0,0,1,0,0
225,255710,Cities: Skylines,mar,1,1,1,4,2025-03,10101,9.220389707829185,0,0,0,1,0,0,0,0,1,0
225,255710,Cities: Skylines,mar,1,1,1,5,2025-04,10101,9.220389707829185,0,0,0,0,1,0,0,0,0,1
226,1066890,Automobilista 2,mar,1,0,0,1,2024-12,916,6.82001636467413,1,0,0,0,0,1,0,0,0,0
226,1066890,Automobilista 2,mar,1,0,0,2,2025-01,916,6.82001636467413,0,1,0,0,0,0,1,0,0,0
226,1066890,Automobilista 2,mar,1,0,0,3,2025-02,916,6.82001636467413,0,0,1,0,0,0,0,1,0,0
226,1066890,Automobilista 2,mar,1,1,1,4,2025-03,916,6.82001636467413,0,0,0,1,0,0,0,0,1,0
226,1066890,Automobilista 2,mar,1,1,1,5,2025-04,916,6.82001636467413,0,0,0,0,1,0,0,0,0,1
227,1716740,Starfield,mar,1,0,0,1,2024-12,3052,8.023552392404348,1,0,0,0,0,1,0,0,0,0
227,1716740,Starfield,mar,1,0,0,2,2025-01,3052,8.023552392404348,0,1,0,0,0,0,1,0,0,0
227,1716740,Starfield,mar,1,0,0,3,2025-02,3052,8.023552392404348,0,0,1,0,0,0,0,1,0,0
227,1716740,Starfield,mar,1,1,1,4,2025-03,3052,8.023552392404348,0,0,0,1,0,0,0,0,1,0
227,1716740,Starfield,mar,1,1,1,5,2025-04,3052,8.023552392404348,0,0,0,0,1,0,0,0,0,1
228,2943650,FragPunk,mar,1,0,0,1,2024-12,1617,7.388327859577107,1,0,0,0,0,1,0,0,0,0
228,2943650,FragPunk,mar,1,0,0,2,2025-01,1617,7.388327859577107,0,1,0,0,0,0,1,0,0,0
228,2943650,FragPunk,mar,1,0,0,3,2025-02,1617,7.388327859577107,0,0,1,0,0,0,0,1,0,0
228,2943650,FragPunk,mar,1,1,1,4,2025-03,1617,7.388327859577107,0,0,0,1,0,0,0,0,1,0
228,2943650,FragPunk,mar,1,1,1,5,2025-04,1617,7.388327859577107,0,0,0,0,1,0,0,0,0,1
229,588650,Dead Cells,mar,1,0,0,1,2024-12,3136,8.0507033814703,1,0,0,0,0,1,0,0,0,0
229,588650,Dead Cells,mar,1,0,0,2,2025-01,3136,8.0507033814703,0,1,0,0,0,0,1,0,0,0
229,588650,Dead Cells,mar,1,0,0,3,2025-02,3136,8.0507033814703,0,0,1,0,0,0,0,1,0,0
229,588650,Dead Cells,mar,1,1,1,4,2025-03,3136,8.0507033814703,0,0,0,1,0,0,0,0,1,0
229,588650,Dead Cells,mar,1,1,1,5,2025-04,3136,8.0507033814703,0,0,0,0,1,0,0,0,0,1
230,3314070,The Sims™ 2 Legacy Collection,mar,1,0,0,1,2024-12,816,6.704414354964107,1,0,0,0,0,1,0,0,0,0
230,3314070,The Sims™ 2 Legacy Collection,mar,1,0,0,2,2025-01,816,6.704414354964107,0,1,0,0,0,0,1,0,0,0
230,3314070,The Sims™ 2 Legacy Collection,mar,1,0,0,3,2025-02,816,6.704414354964107,0,0,1,0,0,0,0,1,0,0
230,3314070,The Sims™ 2 Legacy Collection,mar,1,1,1,4,2025-03,816,6.704414354964107,0,0,0,1,0,0,0,0,1,0
230,3314070,The Sims™ 2 Legacy Collection,mar,1,1,1,5,2025-04,816,6.704414354964107,0,0,0,0,1,0,0,0,0,1
231,2141730,Backrooms: Escape Together,mar,1,0,0,1,2024-12,698,6.548219102762372,1,0,0,0,0,1,0,0,0,0
231,2141730,Backrooms: Escape Together,mar,1,0,0,2,2025-01,698,6.548219102762372,0,1,0,0,0,0,1,0,0,0
231,2141730,Backrooms: Escape Together,mar,1,0,0,3,2025-02,698,6.548219102762372,0,0,1,0,0,0,0,1,0,0
231,2141730,Backrooms: Escape Together,mar,1,1,1,4,2025-03,698,6.548219102762372,0,0,0,1,0,0,0,0,1,0
231,2141730,Backrooms: Escape Together,mar,1,1,1,5,2025-04,698,6.548219102762372,0,0,0,0,1,0,0,0,0,1
232,686810,Hell Let Loose,mar,1,0,0,1,2024-12,3755,8.230843564198235,1,0,0,0,0,1,0,0,0,0
232,686810,Hell Let Loose,mar,1,0,0,2,2025-01,3755,8.230843564198235,0,1,0,0,0,0,1,0,0,0
232,686810,Hell Let Loose,mar,1,0,0,3,2025-02,3755,8.230843564198235,0,0,1,0,0,0,0,1,0,0
232,686810,Hell Let Loose,mar,1,1,1,4,2025-03,3755,8.230843564198235,0,0,0,1,0,0,0,0,1,0
232,686810,Hell Let Loose,mar,1,1,1,5,2025-04,3755,8.230843564198235,0,0,0,0,1,0,0,0,0,1
233,997010,Police Simulator: Patrol Officers,mar,1,0,0,1,2024-12,272,5.605802066295998,1,0,0,0,0,1,0,0,0,0
233,997010,Police Simulator: Patrol Officers,mar,1,0,0,2,2025-01,272,5.605802066295998,0,1,0,0,0,0,1,0,0,0
233,997010,Police Simulator: Patrol Officers,mar,1,0,0,3,2025-02,272,5.605802066295998,0,0,1,0,0,0,0,1,0,0
233,997010,Police Simulator: Patrol Officers,mar,1,1,1,4,2025-03,272,5.605802066295998,0,0,0,1,0,0,0,0,1,0
233,997010,Police Simulator: Patrol Officers,mar,1,1,1,5,2025-04,272,5.605802066295998,0,0,0,0,1,0,0,0,0,1
234,1672810,MIO: Memories in Orbit,mar,1,0,0,1,2024-12,1167,7.062191632286556,1,0,0,0,0,1,0,0,0,0
234,1672810,MIO: Memories in Orbit,mar,1,0,0,2,2025-01,1167,7.062191632286556,0,1,0,0,0,0,1,0,0,0
234,1672810,MIO: Memories in Orbit,mar,1,0,0,3,2025-02,1167,7.062191632286556,0,0,1,0,0,0,0,1,0,0
234,1672810,MIO: Memories in Orbit,mar,1,1,1,4,2025-03,1167,7.062191632286556,0,0,0,1,0,0,0,0,1,0
234,1672810,MIO: Memories in Orbit,mar,1,1,1,5,2025-04,1167,7.062191632286556,0,0,0,0,1,0,0,0,0,1
235,2225070,Trackmania,mar,1,0,0,1,2024-12,2387,7.77779262633883,1,0,0,0,0,1,0,0,0,0
235,2225070,Trackmania,mar,1,0,0,2,2025-01,2387,7.77779262633883,0,1,0,0,0,0,1,0,0,0
235,2225070,Trackmania,mar,1,0,0,3,2025-02,2387,7.77779262633883,0,0,1,0,0,0,0,1,0,0
235,2225070,Trackmania,mar,1,1,1,4,2025-03,2387,7.77779262633883,0,0,0,1,0,0,0,0,1,0
235,2225070,Trackmania,mar,1,1,1,5,2025-04,2387,7.77779262633883,0,0,0,0,1,0,0,0,0,1
236,1796470,Haste,mar,1,0,0,1,2024-12,335,5.814130531825066,1,0,0,0,0,1,0,0,0,0
236,1796470,Haste,mar,1,0,0,2,2025-01,335,5.814130531825066,0,1,0,0,0,0,1,0,0,0
236,1796470,Haste,mar,1,0,0,3,2025-02,335,5.814130531825066,0,0,1,0,0,0,0,1,0,0
236,1796470,Haste,mar,1,1,1,4,2025-03,335,5.814130531825066,0,0,0,1,0,0,0,0,1,0
236,1796470,Haste,mar,1,1,1,5,2025-04,335,5.814130531825066,0,0,0,0,1,0,0,0,0,1
237,1594320,Captain of Industry,mar,1,0,0,1,2024-12,2655,7.884199933676039,1,0,0,0,0,1,0,0,0,0
237,1594320,Captain of Industry,mar,1,0,0,2,2025-01,2655,7.884199933676039,0,1,0,0,0,0,1,0,0,0
237,1594320,Captain of Industry,mar,1,0,0,3,2025-02,2655,7.884199933676039,0,0,1,0,0,0,0,1,0,0
237,1594320,Captain of Industry,mar,1,1,1,4,2025-03,2655,7.884199933676039,0,0,0,1,0,0,0,0,1,0
237,1594320,Captain of Industry,mar,1,1,1,5,2025-04,2655,7.884199933676039,0,0,0,0,1,0,0,0,0,1
238,219990,Grim Dawn,mar,1,0,0,1,2024-12,3277,8.094683648698815,1,0,0,0,0,1,0,0,0,0
238,219990,Grim Dawn,mar,1,0,0,2,2025-01,3277,8.094683648698815,0,1,0,0,0,0,1,0,0,0
238,219990,Grim Dawn,mar,1,0,0,3,2025-02,3277,8.094683648698815,0,0,1,0,0,0,0,1,0,0
238,219990,Grim Dawn,mar,1,1,1,4,2025-03,3277,8.094683648698815,0,0,0,1,0,0,0,0,1,0
238,219990,Grim Dawn,mar,1,1,1,5,2025-04,3277,8.094683648698815,0,0,0,0,1,0,0,0,0,1
239,2141730,Backrooms: Escape Together,mar,1,0,0,1,2024-12,698,6.548219102762372,1,0,0,0,0,1,0,0,0,0
239,2141730,Backrooms: Escape Together,mar,1,0,0,2,2025-01,698,6.548219102762372,0,1,0,0,0,0,1,0,0,0
239,2141730,Backrooms: Escape Together,mar,1,0,0,3,2025-02,698,6.548219102762372,0,0,1,0,0,0,0,1,0,0
239,2141730,Backrooms: Escape Together,mar,1,1,1,4,2025-03,698,6.548219102762372,0,0,0,1,0,0,0,0,1,0
239,2141730,Backrooms: Escape Together,mar,1,1,1,5,2025-04,698,6.548219102762372,0,0,0,0,1,0,0,0,0,1
240,993090,Lossless Scaling,mar,1,0,0,1,2024-12,7209,8.883085524404578,1,0,0,0,0,1,0,0,0,0
240,993090,Lossless Scaling,mar,1,0,0,2,2025-01,7209,8.883085524404578,0,1,0,0,0,0,1,0,0,0
240,993090,Lossless Scaling,mar,1,0,0,3,2025-02,7209,8.883085524404578,0,0,1,0,0,0,0,1,0,0
240,993090,Lossless Scaling,mar,1,1,1,4,2025-03,7209,8.883085524404578,0,0,0,1,0,0,0,0,1,0
240,993090,Lossless Scaling,mar,1,1,1,5,2025-04,7209,8.883085524404578,0,0,0,0,1,0,0,0,0,1
241,2071280,Ravenswatch,mar,1,0,0,1,2024-12,2119,7.6586995582682995,1,0,0,0,0,1,0,0,0,0
241,2071280,Ravenswatch,mar,1,0,0,2,2025-01,2119,7.6586995582682995,0,1,0,0,0,0,1,0,0,0
241,2071280,Ravenswatch,mar,1,0,0,3,2025-02,2119,7.6586995582682995,0,0,1,0,0,0,0,1,0,0
241,2071280,Ravenswatch,mar,1,1,1,4,2025-03,2119,7.6586995582682995,0,0,0,1,0,0,0,0,1,0
241,2071280,Ravenswatch,mar,1,1,1,5,2025-04,2119,7.6586995582682995,0,0,0,0,1,0,0,0,0,1
242,1621690,Core Keeper,mar,1,0,0,1,2024-12,5291,8.57376254290413,1,0,0,0,0,1,0,0,0,0
242,1621690,Core Keeper,mar,1,0,0,2,2025-01,5291,8.57376254290413,0,1,0,0,0,0,1,0,0,0
242,1621690,Core Keeper,mar,1,0,0,3,2025-02,5291,8.57376254290413,0,0,1,0,0,0,0,1,0,0
242,1621690,Core Keeper,mar,1,1,1,4,2025-03,5291,8.57376254290413,0,0,0,1,0,0,0,0,1,0
242,1621690,Core Keeper,mar,1,1,1,5,2025-04,5291,8.57376254290413,0,0,0,0,1,0,0,0,0,1
243,686810,Hell Let Loose,mar,1,0,0,1,2024-12,3755,8.230843564198235,1,0,0,0,0,1,0,0,0,0
243,686810,Hell Let Loose,mar,1,0,0,2,2025-01,3755,8.230843564198235,0,1,0,0,0,0,1,0,0,0
243,686810,Hell Let Loose,mar,1,0,0,3,2025-02,3755,8.230843564198235,0,0,1,0,0,0,0,1,0,0
243,686810,Hell Let Loose,mar,1,1,1,4,2025-03,3755,8.230843564198235,0,0,0,1,0,0,0,0,1,0
243,686810,Hell Let Loose,mar,1,1,1,5,2025-04,3755,8.230843564198235,0,0,0,0,1,0,0,0,0,1
244,1672810,MIO: Memories in Orbit,mar,1,0,0,1,2024-12,1167,7.062191632286556,1,0,0,0,0,1,0,0,0,0
244,1672810,MIO: Memories in Orbit,mar,1,0,0,2,2025-01,1167,7.062191632286556,0,1,0,0,0,0,1,0,0,0
244,1672810,MIO: Memories in Orbit,mar,1,0,0,3,2025-02,1167,7.062191632286556,0,0,1,0,0,0,0,1,0,0
244,1672810,MIO: Memories in Orbit,mar,1,1,1,4,2025-03,1167,7.062191632286556,0,0,0,1,0,0,0,0,1,0
244,1672810,MIO: Memories in Orbit,mar,1,1,1,5,2025-04,1167,7.062191632286556,0,0,0,0,1,0,0,0,0,1
245,1796470,Haste,mar,1,0,0,1,2024-12,335,5.814130531825066,1,0,0,0,0,1,0,0,0,0
245,1796470,Haste,mar,1,0,0,2,2025-01,335,5.814130531825066,0,1,0,0,0,0,1,0,0,0
245,1796470,Haste,mar,1,0,0,3,2025-02,335,5.814130531825066,0,0,1,0,0,0,0,1,0,0
245,1796470,Haste,mar,1,1,1,4,2025-03,335,5.814130531825066,0,0,0,1,0,0,0,0,1,0
245,1796470,Haste,mar,1,1,1,5,2025-04,335,5.814130531825066,0,0,0,0,1,0,0,0,0,1
246,2225070,Trackmania,mar,1,0,0,1,2024-12,2396,7.78155595923534,1,0,0,0,0,1,0,0,0,0
246,2225070,Trackmania,mar,1,0,0,2,2025-01,2396,7.78155595923534,0,1,0,0,0,0,1,0,0,0
246,2225070,Trackmania,mar,1,0,0,3,2025-02,2396,7.78155595923534,0,0,1,0,0,0,0,1,0,0
246,2225070,Trackmania,mar,1,1,1,4,2025-03,2396,7.78155595923534,0,0,0,1,0,0,0,0,1,0
246,2225070,Trackmania,mar,1,1,1,5,2025-04,2396,7.78155595923534,0,0,0,0,1,0,0,0,0,1
247,997010,Police Simulator: Patrol Officers,mar,1,0,0,1,2024-12,272,5.605802066295998,1,0,0,0,0,1,0,0,0,0
247,997010,Police Simulator: Patrol Officers,mar,1,0,0,2,2025-01,272,5.605802066295998,0,1,0,0,0,0,1,0,0,0
247,997010,Police Simulator: Patrol Officers,mar,1,0,0,3,2025-02,272,5.605802066295998,0,0,1,0,0,0,0,1,0,0
247,997010,Police Simulator: Patrol Officers,mar,1,1,1,4,2025-03,272,5.605802066295998,0,0,0,1,0,0,0,0,1,0
247,997010,Police Simulator: Patrol Officers,mar,1,1,1,5,2025-04,272,5.605802066295998,0,0,0,0,1,0,0,0,0,1
248,236850,Europa Universalis IV,mar,1,0,0,1,2024-12,9683,9.17812704961153,1,0,0,0,0,1,0,0,0,0
248,236850,Europa Universalis IV,mar,1,0,0,2,2025-01,9683,9.17812704961153,0,1,0,0,0,0,1,0,0,0
248,236850,Europa Universalis IV,mar,1,0,0,3,2025-02,9683,9.17812704961153,0,0,1,0,0,0,0,1,0,0
248,236850,Europa Universalis IV,mar,1,1,1,4,2025-03,9683,9.17812704961153,0,0,0,1,0,0,0,0,1,0
248,236850,Europa Universalis IV,mar,1,1,1,5,2025-04,9683,9.17812704961153,0,0,0,0,1,0,0,0,0,1
249,1594320,Captain of Industry,mar,1,0,0,1,2024-12,2655,7.884199933676039,1,0,0,0,0,1,0,0,0,0
249,1594320,Captain of Industry,mar,1,0,0,2,2025-01,2655,7.884199933676039,0,1,0,0,0,0,1,0,0,0
249,1594320,Captain of Industry,mar,1,0,0,3,2025-02,2655,7.884199933676039,0,0,1,0,0,0,0,1,0,0
249,1594320,Captain of Industry,mar,1,1,1,4,2025-03,2655,7.884199933676039,0,0,0,1,0,0,0,0,1,0
249,1594320,Captain of Industry,mar,1,1,1,5,2025-04,2655,7.884199933676039,0,0,0,0,1,0,0,0,0,1
250,1442430,Storage Hunter Simulator,mar,1,0,0,1,2024-12,486,6.186208623900494,1,0,0,0,0,1,0,0,0,0
250,1442430,Storage Hunter Simulator,mar,1,0,0,2,2025-01,486,6.186208623900494,0,1,0,0,0,0,1,0,0,0
250,1442430,Storage Hunter Simulator,mar,1,0,0,3,2025-02,486,6.186208623900494,0,0,1,0,0,0,0,1,0,0
250,1442430,Storage Hunter Simulator,mar,1,1,1,4,2025-03,486,6.186208623900494,0,0,0,1,0,0,0,0,1,0
250,1442430,Storage Hunter Simulator,mar,1,1,1,5,2025-04,486,6.186208623900494,0,0,0,0,1,0,0,0,0,1
251,1796470,Haste,mar,1,0,0,1,2024-12,335,5.814130531825066,1,0,0,0,0,1,0,0,0,0
251,1796470,Haste,mar,1,0,0,2,2025-01,335,5.814130531825066,0,1,0,0,0,0,1,0,0,0
251,1796470,Haste,mar,1,0,0,3,2025-02,335,5.814130531825066,0,0,1,0,0,0,0,1,0,0
251,1796470,Haste,mar,1,1,1,4,2025-03,335,5.814130531825066,0,0,0,1,0,0,0,0,1,0
251,1796470,Haste,mar,1,1,1,5,2025-04,335,5.814130531825066,0,0,0,0,1,0,0,0,0,1
252,2225070,Trackmania,mar,1,0,0,1,2024-12,2387,7.77779262633883,1,0,0,0,0,1,0,0,0,0
252,2225070,Trackmania,mar,1,0,0,2,2025-01,2387,7.77779262633883,0,1,0,0,0,0,1,0,0,0
252,2225070,Trackmania,mar,1,0,0,3,2025-02,2387,7.77779262633883,0,0,1,0,0,0,0,1,0,0
252,2225070,Trackmania,mar,1,1,1,4,2025-03,2387,7.77779262633883,0,0,0,1,0,0,0,0,1,0
252,2225070,Trackmania,mar,1,1,1,5,2025-04,2387,7.77779262633883,0,0,0,0,1,0,0,0,0,1
253,570940,DARK SOULS™: REMASTERED,mar,1,0,0,1,2024-12,2783,7.931284761525891,1,0,0,0,0,1,0,0,0,0
253,570940,DARK SOULS™: REMASTERED,mar,1,0,0,2,2025-01,2783,7.931284761525891,0,1,0,0,0,0,1,0,0,0
253,570940,DARK SOULS™: REMASTERED,mar,1,0,0,3,2025-02,2783,7.931284761525891,0,0,1,0,0,0,0,1,0,0
253,570940,DARK SOULS™: REMASTERED,mar,1,1,1,4,2025-03,2783,7.931284761525891,0,0,0,1,0,0,0,0,1,0
253,570940,DARK SOULS™: REMASTERED,mar,1,1,1,5,2025-04,2783,7.931284761525891,0,0,0,0,1,0,0,0,0,1
254,219990,Grim Dawn,mar,1,0,0,1,2024-12,3277,8.094683648698815,1,0,0,0,0,1,0,0,0,0
254,219990,Grim Dawn,mar,1,0,0,2,2025-01,3277,8.094683648698815,0,1,0,0,0,0,1,0,0,0
254,219990,Grim Dawn,mar,1,0,0,3,2025-02,3277,8.094683648698815,0,0,1,0,0,0,0,1,0,0
254,219990,Grim Dawn,mar,1,1,1,4,2025-03,3277,8.094683648698815,0,0,0,1,0,0,0,0,1,0
254,219990,Grim Dawn,mar,1,1,1,5,2025-04,3277,8.094683648698815,0,0,0,0,1,0,0,0,0,1
255,1794680,Vampire Survivors,mar,1,0,0,1,2024-12,3349,8.116417072794205,1,0,0,0,0,1,0,0,0,0
255,1794680,Vampire Survivors,mar,1,0,0,2,2025-01,3349,8.116417072794205,0,1,0,0,0,0,1,0,0,0
255,1794680,Vampire Survivors,mar,1,0,0,3,2025-02,3349,8.116417072794205,0,0,1,0,0,0,0,1,0,0
255,1794680,Vampire Survivors,mar,1,1,1,4,2025-03,3349,8.116417072794205,0,0,0,1,0,0,0,0,1,0
255,1794680,Vampire Survivors,mar,1,1,1,5,2025-04,3349,8.116417072794205,0,0,0,0,1,0,0,0,0,1
256,3407390,ENDLESS™ Legend 2,mar,1,0,0,1,2024-12,299,5.700443573390687,1,0,0,0,0,1,0,0,0,0
256,3407390,ENDLESS™ Legend 2,mar,1,0,0,2,2025-01,299,5.700443573390687,0,1,0,0,0,0,1,0,0,0
256,3407390,ENDLESS™ Legend 2,mar,1,0,0,3,2025-02,299,5.700443573390687,0,0,1,0,0,0,0,1,0,0
256,3407390,ENDLESS™ Legend 2,mar,1,1,1,4,2025-03,299,5.700443573390687,0,0,0,1,0,0,0,0,1,0
256,3407390,ENDLESS™ Legend 2,mar,1,1,1,5,2025-04,299,5.700443573390687,0,0,0,0,1,0,0,0,0,1
257,1272080,PAYDAY 3,mar,1,0,0,1,2024-12,495,6.20455776256869,1,0,0,0,0,1,0,0,0,0
257,1272080,PAYDAY 3,mar,1,0,0,2,2025-01,495,6.20455776256869,0,1,0,0,0,0,1,0,0,0
257,1272080,PAYDAY 3,mar,1,0,0,3,2025-02,495,6.20455776256869,0,0,1,0,0,0,0,1,0,0
257,1272080,PAYDAY 3,mar,1,1,1,4,2025-03,495,6.20455776256869,0,0,0,1,0,0,0,0,1,0
257,1272080,PAYDAY 3,mar,1,1,1,5,2025-04,495,6.20455776256869,0,0,0,0,1,0,0,0,0,1
258,323190,Frostpunk,mar,1,0,0,1,2024-12,4148,8.330381569349418,1,0,0,0,0,1,0,0,0,0
258,323190,Frostpunk,mar,1,0,0,2,2025-01,4148,8.330381569349418,0,1,0,0,0,0,1,0,0,0
258,323190,Frostpunk,mar,1,0,0,3,2025-02,4148,8.330381569349418,0,0,1,0,0,0,0,1,0,0
258,323190,Frostpunk,mar,1,1,1,4,2025-03,4148,8.330381569349418,0,0,0,1,0,0,0,0,1,0
258,323190,Frostpunk,mar,1,1,1,5,2025-04,4148,8.330381569349418,0,0,0,0,1,0,0,0,0,1
259,1272080,PAYDAY 3,mar,1,0,0,1,2024-12,495,6.20455776256869,1,0,0,0,0,1,0,0,0,0
259,1272080,PAYDAY 3,mar,1,0,0,2,2025-01,495,6.20455776256869,0,1,0,0,0,0,1,0,0,0
259,1272080,PAYDAY 3,mar,1,0,0,3,2025-02,495,6.20455776256869,0,0,1,0,0,0,0,1,0,0
259,1272080,PAYDAY 3,mar,1,1,1,4,2025-03,495,6.20455776256869,0,0,0,1,0,0,0,0,1,0
259,1272080,PAYDAY 3,mar,1,1,1,5,2025-04,495,6.20455776256869,0,0,0,0,1,0,0,0,0,1
260,534380,Dying Light 2 Stay Human: Reloaded Edition,mar,1,0,0,1,2024-12,3298,8.101071503119543,1,0,0,0,0,1,0,0,0,0
260,534380,Dying Light 2 Stay Human: Reloaded Edition,mar,1,0,0,2,2025-01,3298,8.101071503119543,0,1,0,0,0,0,1,0,0,0
260,534380,Dying Light 2 Stay Human: Reloaded Edition,mar,1,0,0,3,2025-02,3298,8.101071503119543,0,0,1,0,0,0,0,1,0,0
260,534380,Dying Light 2 Stay Human: Reloaded Edition,mar,1,1,1,4,2025-03,3298,8.101071503119543,0,0,0,1,0,0,0,0,1,0
260,534380,Dying Light 2 Stay Human: Reloaded Edition,mar,1,1,1,5,2025-04,3298,8.101071503119543,0,0,0,0,1,0,0,0,0,1
261,961200,Predecessor,mar,1,0,0,1,2024-12,917,6.821107472256465,1,0,0,0,0,1,0,0,0,0
261,961200,Predecessor,mar,1,0,0,2,2025-01,917,6.821107472256465,0,1,0,0,0,0,1,0,0,0
261,961200,Predecessor,mar,1,0,0,3,2025-02,917,6.821107472256465,0,0,1,0,0,0,0,1,0,0
261,961200,Predecessor,mar,1,1,1,4,2025-03,917,6.821107472256465,0,0,0,1,0,0,0,0,1,0
261,961200,Predecessor,mar,1,1,1,5,2025-04,917,6.821107472256465,0,0,0,0,1,0,0,0,0,1
262,1153410,JDM: Japanese Drift Master,mar,1,0,0,1,2024-12,157,5.056245805348308,1,0,0,0,0,1,0,0,0,0
262,1153410,JDM: Japanese Drift Master,mar,1,0,0,2,2025-01,157,5.056245805348308,0,1,0,0,0,0,1,0,0,0
262,1153410,JDM: Japanese Drift Master,mar,1,0,0,3,2025-02,157,5.056245805348308,0,0,1,0,0,0,0,1,0,0
262,1153410,JDM: Japanese Drift Master,mar,1,1,1,4,2025-03,157,5.056245805348308,0,0,0,1,0,0,0,0,1,0
262,1153410,JDM: Japanese Drift Master,mar,1,1,1,5,2025-04,157,5.056245805348308,0,0,0,0,1,0,0,0,0,1
263,2124120,SULFUR,mar,1,0,0,1,2024-12,639,6.459904454377535,1,0,0,0,0,1,0,0,0,0
263,2124120,SULFUR,mar,1,0,0,2,2025-01,639,6.459904454377535,0,1,0,0,0,0,1,0,0,0
263,2124120,SULFUR,mar,1,0,0,3,2025-02,639,6.459904454377535,0,0,1,0,0,0,0,1,0,0
263,2124120,SULFUR,mar,1,1,1,4,2025-03,639,6.459904454377535,0,0,0,1,0,0,0,0,1,0
263,2124120,SULFUR,mar,1,1,1,5,2025-04,639,6.459904454377535,0,0,0,0,1,0,0,0,0,1
264,356190,Middle-earth™: Shadow of War™,mar,1,0,0,1,2024-12,2579,7.8551570058813445,1,0,0,0,0,1,0,0,0,0
264,356190,Middle-earth™: Shadow of War™,mar,1,0,0,2,2025-01,2579,7.8551570058813445,0,1,0,0,0,0,1,0,0,0
264,356190,Middle-earth™: Shadow of War™,mar,1,0,0,3,2025-02,2579,7.8551570058813445,0,0,1,0,0,0,0,1,0,0
264,356190,Middle-earth™: Shadow of War™,mar,1,1,1,4,2025-03,2579,7.8551570058813445,0,0,0,1,0,0,0,0,1,0
264,356190,Middle-earth™: Shadow of War™,mar,1,1,1,5,2025-04,2579,7.8551570058813445,0,0,0,0,1,0,0,0,0,1
265,768200,Smalland: Survive the Wilds,mar,1,0,0,1,2024-12,343,5.8377304471659395,1,0,0,0,0,1,0,0,0,0
265,768200,Smalland: Survive the Wilds,mar,1,0,0,2,2025-01,343,5.8377304471659395,0,1,0,0,0,0,1,0,0,0
265,768200,Smalland: Survive the Wilds,mar,1,0,0,3,2025-02,343,5.8377304471659395,0,0,1,0,0,0,0,1,0,0
265,768200,Smalland: Survive the Wilds,mar,1,1,1,4,2025-03,343,5.8377304471659395,0,0,0,1,0,0,0,0,1,0
265,768200,Smalland: Survive the Wilds,mar,1,1,1,5,2025-04,343,5.8377304471659395,0,0,0,0,1,0,0,0,0,1
266,1169040,Necesse,mar,1,0,0,1,2024-12,1809,7.500529485395295,1,0,0,0,0,1,0,0,0,0
266,1169040,Necesse,mar,1,0,0,2,2025-01,1809,7.500529485395295,0,1,0,0,0,0,1,0,0,0
266,1169040,Necesse,mar,1,0,0,3,2025-02,1809,7.500529485395295,0,0,1,0,0,0,0,1,0,0
266,1169040,Necesse,mar,1,1,1,4,2025-03,1809,7.500529485395295,0,0,0,1,0,0,0,0,1,0
266,1169040,Necesse,mar,1,1,1,5,2025-04,1809,7.500529485395295,0,0,0,0,1,0,0,0,0,1
267,1336490,Against the Storm,mar,1,0,0,1,2024-12,2088,7.643961949002529,1,0,0,0,0,1,0,0,0,0
267,1336490,Against the Storm,mar,1,0,0,2,2025-01,2088,7.643961949002529,0,1,0,0,0,0,1,0,0,0
267,1336490,Against the Storm,mar,1,0,0,3,2025-02,2088,7.643961949002529,0,0,1,0,0,0,0,1,0,0
267,1336490,Against the Storm,mar,1,1,1,4,2025-03,2088,7.643961949002529,0,0,0,1,0,0,0,0,1,0
267,1336490,Against the Storm,mar,1,1,1,5,2025-04,2088,7.643961949002529,0,0,0,0,1,0,0,0,0,1
268,1702010,Sengoku Dynasty,mar,1,0,0,1,2024-12,469,6.150602768446279,1,0,0,0,0,1,0,0,0,0
268,1702010,Sengoku Dynasty,mar,1,0,0,2,2025-01,469,6.150602768446279,0,1,0,0,0,0,1,0,0,0
268,1702010,Sengoku Dynasty,mar,1,0,0,3,2025-02,469,6.150602768446279,0,0,1,0,0,0,0,1,0,0
268,1702010,Sengoku Dynasty,mar,1,1,1,4,2025-03,469,6.150602768446279,0,0,0,1,0,0,0,0,1,0
268,1702010,Sengoku Dynasty,mar,1,1,1,5,2025-04,469,6.150602768446279,0,0,0,0,1,0,0,0,0,1
269,3105890,PIONER,mar,1,0,0,1,2024-12,1045,6.951772164398911,1,0,0,0,0,1,0,0,0,0
269,3105890,PIONER,mar,1,0,0,2,2025-01,1045,6.951772164398911,0,1,0,0,0,0,1,0,0,0
269,3105890,PIONER,mar,1,0,0,3,2025-02,1045,6.951772164398911,0,0,1,0,0,0,0,1,0,0
269,3105890,PIONER,mar,1,1,1,4,2025-03,1045,6.951772164398911,0,0,0,1,0,0,0,0,1,0
269,3105890,PIONER,mar,1,1,1,5,2025-04,1045,6.951772164398911,0,0,0,0,1,0,0,0,0,1
270,412020,Metro Exodus,mar,1,0,0,1,2024-12,1632,7.397561535524052,1,0,0,0,0,1,0,0,0,0
270,412020,Metro Exodus,mar,1,0,0,2,2025-01,1632,7.397561535524052,0,1,0,0,0,0,1,0,0,0
270,412020,Metro Exodus,mar,1,0,0,3,2025-02,1632,7.397561535524052,0,0,1,0,0,0,0,1,0,0
270,412020,Metro Exodus,mar,1,1,1,4,2025-03,1632,7.397561535524052,0,0,0,1,0,0,0,0,1,0
270,412020,Metro Exodus,mar,1,1,1,5,2025-04,1632,7.397561535524052,0,0,0,0,1,0,0,0,0,1
271,1169040,Necesse,mar,1,0,0,1,2024-12,1809,7.500529485395295,1,0,0,0,0,1,0,0,0,0
271,1169040,Necesse,mar,1,0,0,2,2025-01,1809,7.500529485395295,0,1,0,0,0,0,1,0,0,0
271,1169040,Necesse,mar,1,0,0,3,2025-02,1809,7.500529485395295,0,0,1,0,0,0,0,1,0,0
271,1169040,Necesse,mar,1,1,1,4,2025-03,1809,7.500529485395295,0,0,0,1,0,0,0,0,1,0
271,1169040,Necesse,mar,1,1,1,5,2025-04,1809,7.500529485395295,0,0,0,0,1,0,0,0,0,1
272,412020,Metro Exodus,mar,1,0,0,1,2024-12,1632,7.397561535524052,1,0,0,0,0,1,0,0,0,0
272,412020,Metro Exodus,mar,1,0,0,2,2025-01,1632,7.397561535524052,0,1,0,0,0,0,1,0,0,0
272,412020,Metro Exodus,mar,1,0,0,3,2025-02,1632,7.397561535524052,0,0,1,0,0,0,0,1,0,0
272,412020,Metro Exodus,mar,1,1,1,4,2025-03,1632,7.397561535524052,0,0,0,1,0,0,0,0,1,0
272,412020,Metro Exodus,mar,1,1,1,5,2025-04,1632,7.397561535524052,0,0,0,0,1,0,0,0,0,1
273,933110,Age of Empires III: Definitive Edition,mar,1,0,0,1,2024-12,4669,8.448700194970938,1,0,0,0,0,1,0,0,0,0
273,933110,Age of Empires III: Definitive Edition,mar,1,0,0,2,2025-01,4669,8.448700194970938,0,1,0,0,0,0,1,0,0,0
273,933110,Age of Empires III: Definitive Edition,mar,1,0,0,3,2025-02,4669,8.448700194970938,0,0,1,0,0,0,0,1,0,0
273,933110,Age of Empires III: Definitive Edition,mar,1,1,1,4,2025-03,4669,8.448700194970938,0,0,0,1,0,0,0,0,1,0
273,933110,Age of Empires III: Definitive Edition,mar,1,1,1,5,2025-04,4669,8.448700194970938,0,0,0,0,1,0,0,0,0,1
274,1629520,A Little to the Left,mar,1,0,0,1,2024-12,490,6.194405391104672,1,0,0,0,0,1,0,0,0,0
274,1629520,A Little to the Left,mar,1,0,0,2,2025-01,490,6.194405391104672,0,1,0,0,0,0,1,0,0,0
274,1629520,A Little to the Left,mar,1,0,0,3,2025-02,490,6.194405391104672,0,0,1,0,0,0,0,1,0,0
274,1629520,A Little to the Left,mar,1,1,1,4,2025-03,490,6.194405391104672,0,0,0,1,0,0,0,0,1,0
274,1629520,A Little to the Left,mar,1,1,1,5,2025-04,490,6.194405391104672,0,0,0,0,1,0,0,0,0,1
275,459820,Crush Crush,mar,1,0,0,1,2024-12,3034,8.017637159908478,1,0,0,0,0,1,0,0,0,0
275,459820,Crush Crush,mar,1,0,0,2,2025-01,3034,8.017637159908478,0,1,0,0,0,0,1,0,0,0
275,459820,Crush Crush,mar,1,0,0,3,2025-02,3034,8.017637159908478,0,0,1,0,0,0,0,1,0,0
275,459820,Crush Crush,mar,1,1,1,4,2025-03,3034,8.017637159908478,0,0,0,1,0,0,0,0,1,0
275,459820,Crush Crush,mar,1,1,1,5,2025-04,3034,8.017637159908478,0,0,0,0,1,0,0,0,0,1
276,2142790,Fields of Mistria,mar,1,0,0,1,2024-12,1137,7.036148493750536,1,0,0,0,0,1,0,0,0,0
276,2142790,Fields of Mistria,mar,1,0,0,2,2025-01,1137,7.036148493750536,0,1,0,0,0,0,1,0,0,0
276,2142790,Fields of Mistria,mar,1,0,0,3,2025-02,1137,7.036148493750536,0,0,1,0,0,0,0,1,0,0
276,2142790,Fields of Mistria,mar,1,1,1,4,2025-03,1137,7.036148493750536,0,0,0,1,0,0,0,0,1,0
276,2142790,Fields of Mistria,mar,1,1,1,5,2025-04,1137,7.036148493750536,0,0,0,0,1,0,0,0,0,1
277,1971870,Mortal Kombat 1,mar,1,0,0,1,2024-12,1272,7.148345743900068,1,0,0,0,0,1,0,0,0,0
277,1971870,Mortal Kombat 1,mar,1,0,0,2,2025-01,1272,7.148345743900068,0,1,0,0,0,0,1,0,0,0
277,1971870,Mortal Kombat 1,mar,1,0,0,3,2025-02,1272,7.148345743900068,0,0,1,0,0,0,0,1,0,0
277,1971870,Mortal Kombat 1,mar,1,1,1,4,2025-03,1272,7.148345743900068,0,0,0,1,0,0,0,0,1,0
277,1971870,Mortal Kombat 1,mar,1,1,1,5,2025-04,1272,7.148345743900068,0,0,0,0,1,0,0,0,0,1
278,312520,Rain World,mar,1,0,0,1,2024-12,1147,7.044905117129371,1,0,0,0,0,1,0,0,0,0
278,312520,Rain World,mar,1,0,0,2,2025-01,1147,7.044905117129371,0,1,0,0,0,0,1,0,0,0
278,312520,Rain World,mar,1,0,0,3,2025-02,1147,7.044905117129371,0,0,1,0,0,0,0,1,0,0
278,312520,Rain World,mar,1,1,1,4,2025-03,1147,7.044905117129371,0,0,0,1,0,0,0,0,1,0
278,312520,Rain World,mar,1,1,1,5,2025-04,1147,7.044905117129371,0,0,0,0,1,0,0,0,0,1
279,2508780,STORY OF SEASONS: Grand Bazaar,mar,1,0,0,1,2024-12,867,6.7650389767805414,1,0,0,0,0,1,0,0,0,0
279,2508780,STORY OF SEASONS: Grand Bazaar,mar,1,0,0,2,2025-01,867,6.7650389767805414,0,1,0,0,0,0,1,0,0,0
279,2508780,STORY OF SEASONS: Grand Bazaar,mar,1,0,0,3,2025-02,867,6.7650389767805414,0,0,1,0,0,0,0,1,0,0
279,2508780,STORY OF SEASONS: Grand Bazaar,mar,1,1,1,4,2025-03,867,6.7650389767805414,0,0,0,1,0,0,0,0,1,0
279,2508780,STORY OF SEASONS: Grand Bazaar,mar,1,1,1,5,2025-04,867,6.7650389767805414,0,0,0,0,1,0,0,0,0,1
280,2686630,Voyagers of Nera,mar,1,0,0,1,2024-12,101,4.61512051684126,1,0,0,0,0,1,0,0,0,0
280,2686630,Voyagers of Nera,mar,1,0,0,2,2025-01,101,4.61512051684126,0,1,0,0,0,0,1,0,0,0
280,2686630,Voyagers of Nera,mar,1,0,0,3,2025-02,101,4.61512051684126,0,0,1,0,0,0,0,1,0,0
280,2686630,Voyagers of Nera,mar,1,1,1,4,2025-03,101,4.61512051684126,0,0,0,1,0,0,0,0,1,0
280,2686630,Voyagers of Nera,mar,1,1,1,5,2025-04,101,4.61512051684126,0,0,0,0,1,0,0,0,0,1
281,2162800,shapez 2,mar,1,0,0,1,2024-12,647,6.472346294500901,1,0,0,0,0,1,0,0,0,0
281,2162800,shapez 2,mar,1,0,0,2,2025-01,647,6.472346294500901,0,1,0,0,0,0,1,0,0,0
281,2162800,shapez 2,mar,1,0,0,3,2025-02,647,6.472346294500901,0,0,1,0,0,0,0,1,0,0
281,2162800,shapez 2,mar,1,1,1,4,2025-03,647,6.472346294500901,0,0,0,1,0,0,0,0,1,0
281,2162800,shapez 2,mar,1,1,1,5,2025-04,647,6.472346294500901,0,0,0,0,1,0,0,0,0,1
282,1217060,Gunfire Reborn,mar,1,0,0,1,2024-12,1486,7.303843225277705,1,0,0,0,0,1,0,0,0,0
282,1217060,Gunfire Reborn,mar,1,0,0,2,2025-01,1486,7.303843225277705,0,1,0,0,0,0,1,0,0,0
282,1217060,Gunfire Reborn,mar,1,0,0,3,2025-02,1486,7.303843225277705,0,0,1,0,0,0,0,1,0,0
282,1217060,Gunfire Reborn,mar,1,1,1,4,2025-03,1486,7.303843225277705,0,0,0,1,0,0,0,0,1,0
282,1217060,Gunfire Reborn,mar,1,1,1,5,2025-04,1486,7.303843225277705,0,0,0,0,1,0,0,0,0,1
283,573090,Stormworks: Build and Rescue,mar,1,0,0,1,2024-12,1613,7.385851078125209,1,0,0,0,0,1,0,0,0,0
283,573090,Stormworks: Build and Rescue,mar,1,0,0,2,2025-01,1613,7.385851078125209,0,1,0,0,0,0,1,0,0,0
283,573090,Stormworks: Build and Rescue,mar,1,0,0,3,2025-02,1613,7.385851078125209,0,0,1,0,0,0,0,1,0,0
283,573090,Stormworks: Build and Rescue,mar,1,1,1,4,2025-03,1613,7.385851078125209,0,0,0,1,0,0,0,0,1,0
283,573090,Stormworks: Build and Rescue,mar,1,1,1,5,2025-04,1613,7.385851078125209,0,0,0,0,1,0,0,0,0,1
284,544550,Stationeers,mar,1,0,0,1,2024-12,600,6.396929655216146,1,0,0,0,0,1,0,0,0,0
284,544550,Stationeers,mar,1,0,0,2,2025-01,600,6.396929655216146,0,1,0,0,0,0,1,0,0,0
284,544550,Stationeers,mar,1,0,0,3,2025-02,600,6.396929655216146,0,0,1,0,0,0,0,1,0,0
284,544550,Stationeers,mar,1,1,1,4,2025-03,600,6.396929655216146,0,0,0,1,0,0,0,0,1,0
284,544550,Stationeers,mar,1,1,1,5,2025-04,600,6.396929655216146,0,0,0,0,1,0,0,0,0,1
285,3533100,Wrap House Simulator🌯,mar,1,0,0,1,2024-12,135,4.90527477843843,1,0,0,0,0,1,0,0,0,0
285,3533100,Wrap House Simulator🌯,mar,1,0,0,2,2025-01,135,4.90527477843843,0,1,0,0,0,0,1,0,0,0
285,3533100,Wrap House Simulator🌯,mar,1,0,0,3,2025-02,135,4.90527477843843,0,0,1,0,0,0,0,1,0,0
285,3533100,Wrap House Simulator🌯,mar,1,1,1,4,2025-03,135,4.90527477843843,0,0,0,1,0,0,0,0,1,0
285,3533100,Wrap House Simulator🌯,mar,1,1,1,5,2025-04,135,4.90527477843843,0,0,0,0,1,0,0,0,0,1
286,231430,Company of Heroes 2,mar,1,0,0,1,2024-12,3335,8.112227958349724,1,0,0,0,0,1,0,0,0,0
286,231430,Company of Heroes 2,mar,1,0,0,2,2025-01,3335,8.112227958349724,0,1,0,0,0,0,1,0,0,0
286,231430,Company of Heroes 2,mar,1,0,0,3,2025-02,3335,8.112227958349724,0,0,1,0,0,0,0,1,0,0
286,231430,Company of Heroes 2,mar,1,1,1,4,2025-03,3335,8.112227958349724,0,0,0,1,0,0,0,0,1,0
286,231430,Company of Heroes 2,mar,1,1,1,5,2025-04,3335,8.112227958349724,0,0,0,0,1,0,0,0,0,1
287,899770,Last Epoch,mar,1,0,0,1,2024-12,1200,7.090076835776092,1,0,0,0,0,1,0,0,0,0
287,899770,Last Epoch,mar,1,0,0,2,2025-01,1200,7.090076835776092,0,1,0,0,0,0,1,0,0,0
287,899770,Last Epoch,mar,1,0,0,3,2025-02,1200,7.090076835776092,0,0,1,0,0,0,0,1,0,0
287,899770,Last Epoch,mar,1,1,1,4,2025-03,1200,7.090076835776092,0,0,0,1,0,0,0,0,1,0
287,899770,Last Epoch,mar,1,1,1,5,2025-04,1200,7.090076835776092,0,0,0,0,1,0,0,0,0,1
288,228380,Wreckfest,mar,1,0,0,1,2024-12,350,5.857933154483459,1,0,0,0,0,1,0,0,0,0
288,228380,Wreckfest,mar,1,0,0,2,2025-01,350,5.857933154483459,0,1,0,0,0,0,1,0,0,0
288,228380,Wreckfest,mar,1,0,0,3,2025-02,350,5.857933154483459,0,0,1,0,0,0,0,1,0,0
288,228380,Wreckfest,mar,1,1,1,4,2025-03,350,5.857933154483459,0,0,0,1,0,0,0,0,1,0
288,228380,Wreckfest,mar,1,1,1,5,2025-04,350,5.857933154483459,0,0,0,0,1,0,0,0,0,1
289,3533100,Wrap House Simulator🌯,mar,1,0,0,1,2024-12,135,4.90527477843843,1,0,0,0,0,1,0,0,0,0
289,3533100,Wrap House Simulator🌯,mar,1,0,0,2,2025-01,135,4.90527477843843,0,1,0,0,0,0,1,0,0,0
289,3533100,Wrap House Simulator🌯,mar,1,0,0,3,2025-02,135,4.90527477843843,0,0,1,0,0,0,0,1,0,0
289,3533100,Wrap House Simulator🌯,mar,1,1,1,4,2025-03,135,4.90527477843843,0,0,0,1,0,0,0,0,1,0
289,3533100,Wrap House Simulator🌯,mar,1,1,1,5,2025-04,135,4.90527477843843,0,0,0,0,1,0,0,0,0,1
290,2753900,The King is Watching,mar,1,0,0,1,2024-12,847,6.741700694652055,1,0,0,0,0,1,0,0,0,0
290,2753900,The King is Watching,mar,1,0,0,2,2025-01,847,6.741700694652055,0,1,0,0,0,0,1,0,0,0
290,2753900,The King is Watching,mar,1,0,0,3,2025-02,847,6.741700694652055,0,0,1,0,0,0,0,1,0,0
290,2753900,The King is Watching,mar,1,1,1,4,2025-03,847,6.741700694652055,0,0,0,1,0,0,0,0,1,0
290,2753900,The King is Watching,mar,1,1,1,5,2025-04,847,6.741700694652055,0,0,0,0,1,0,0,0,0,1
291,632470,Disco Elysium - The Final Cut,mar,1,0,0,1,2024-12,1774,7.480992162869525,1,0,0,0,0,1,0,0,0,0
291,632470,Disco Elysium - The Final Cut,mar,1,0,0,2,2025-01,1774,7.480992162869525,0,1,0,0,0,0,1,0,0,0
291,632470,Disco Elysium - The Final Cut,mar,1,0,0,3,2025-02,1774,7.480992162869525,0,0,1,0,0,0,0,1,0,0
291,632470,Disco Elysium - The Final Cut,mar,1,1,1,4,2025-03,1774,7.480992162869525,0,0,0,1,0,0,0,0,1,0
291,632470,Disco Elysium - The Final Cut,mar,1,1,1,5,2025-04,1774,7.480992162869525,0,0,0,0,1,0,0,0,0,1
292,1750770,Starcom: Unknown Space,mar,1,0,0,1,2024-12,314,5.749392985908253,1,0,0,0,0,1,0,0,0,0
292,1750770,Starcom: Unknown Space,mar,1,0,0,2,2025-01,314,5.749392985908253,0,1,0,0,0,0,1,0,0,0
292,1750770,Starcom: Unknown Space,mar,1,0,0,3,2025-02,314,5.749392985908253,0,0,1,0,0,0,0,1,0,0
292,1750770,Starcom: Unknown Space,mar,1,1,1,4,2025-03,314,5.749392985908253,0,0,0,1,0,0,0,0,1,0
292,1750770,Starcom: Unknown Space,mar,1,1,1,5,2025-04,314,5.749392985908253,0,0,0,0,1,0,0,0,0,1
293,494840,UBOAT,mar,1,0,0,1,2024-12,961,6.8679744089702925,1,0,0,0,0,1,0,0,0,0
293,494840,UBOAT,mar,1,0,0,2,2025-01,961,6.8679744089702925,0,1,0,0,0,0,1,0,0,0
293,494840,UBOAT,mar,1,0,0,3,2025-02,961,6.8679744089702925,0,0,1,0,0,0,0,1,0,0
293,494840,UBOAT,mar,1,1,1,4,2025-03,961,6.8679744089702925,0,0,0,1,0,0,0,0,1,0
293,494840,UBOAT,mar,1,1,1,5,2025-04,961,6.8679744089702925,0,0,0,0,1,0,0,0,0,1
294,597180,Old World,mar,1,0,0,1,2024-12,662,6.495265555937008,1,0,0,0,0,1,0,0,0,0
294,597180,Old World,mar,1,0,0,2,2025-01,662,6.495265555937008,0,1,0,0,0,0,1,0,0,0
294,597180,Old World,mar,1,0,0,3,2025-02,662,6.495265555937008,0,0,1,0,0,0,0,1,0,0
294,597180,Old World,mar,1,1,1,4,2025-03,662,6.495265555937008,0,0,0,1,0,0,0,0,1,0
294,597180,Old World,mar,1,1,1,5,2025-04,662,6.495265555937008,0,0,0,0,1,0,0,0,0,1
295,611790,House Party,mar,1,0,0,1,2024-12,169,5.1298987149230735,1,0,0,0,0,1,0,0,0,0
295,611790,House Party,mar,1,0,0,2,2025-01,169,5.1298987149230735,0,1,0,0,0,0,1,0,0,0
295,611790,House Party,mar,1,0,0,3,2025-02,169,5.1298987149230735,0,0,1,0,0,0,0,1,0,0
295,611790,House Party,mar,1,1,1,4,2025-03,169,5.1298987149230735,0,0,0,1,0,0,0,0,1,0
295,611790,House Party,mar,1,1,1,5,2025-04,169,5.1298987149230735,0,0,0,0,1,0,0,0,0,1
296,2290180,Riders Republic,mar,1,0,0,1,2024-12,599,6.395261598115449,1,0,0,0,0,1,0,0,0,0
296,2290180,Riders Republic,mar,1,0,0,2,2025-01,599,6.395261598115449,0,1,0,0,0,0,1,0,0,0
296,2290180,Riders Republic,mar,1,0,0,3,2025-02,599,6.395261598115449,0,0,1,0,0,0,0,1,0,0
296,2290180,Riders Republic,mar,1,1,1,4,2025-03,599,6.395261598115449,0,0,0,1,0,0,0,0,1,0
296,2290180,Riders Republic,mar,1,1,1,5,2025-04,599,6.395261598115449,0,0,0,0,1,0,0,0,0,1
297,669330,Mechabellum,mar,1,0,0,1,2024-12,1378,7.228388451573604,1,0,0,0,0,1,0,0,0,0
297,669330,Mechabellum,mar,1,0,0,2,2025-01,1378,7.228388451573604,0,1,0,0,0,0,1,0,0,0
297,669330,Mechabellum,mar,1,0,0,3,2025-02,1378,7.228388451573604,0,0,1,0,0,0,0,1,0,0
297,669330,Mechabellum,mar,1,1,1,4,2025-03,1378,7.228388451573604,0,0,0,1,0,0,0,0,1,0
297,669330,Mechabellum,mar,1,1,1,5,2025-04,1378,7.228388451573604,0,0,0,0,1,0,0,0,0,1
298,2239710,Into the Dead: Our Darkest Days,mar,1,0,0,1,2024-12,926,6.8308742346461795,1,0,0,0,0,1,0,0,0,0
298,2239710,Into the Dead: Our Darkest Days,mar,1,0,0,2,2025-01,926,6.8308742346461795,0,1,0,0,0,0,1,0,0,0
298,2239710,Into the Dead: Our Darkest Days,mar,1,0,0,3,2025-02,926,6.8308742346461795,0,0,1,0,0,0,0,1,0,0
298,2239710,Into the Dead: Our Darkest Days,mar,1,1,1,4,2025-03,926,6.8308742346461795,0,0,0,1,0,0,0,0,1,0
298,2239710,Into the Dead: Our Darkest Days,mar,1,1,1,5,2025-04,926,6.8308742346461795,0,0,0,0,1,0,0,0,0,1
299,397540,Borderlands 3,mar,1,0,0,1,2024-12,2122,7.660114319173928,1,0,0,0,0,1,0,0,0,0
299,397540,Borderlands 3,mar,1,0,0,2,2025-01,2122,7.660114319173928,0,1,0,0,0,0,1,0,0,0
299,397540,Borderlands 3,mar,1,0,0,3,2025-02,2122,7.660114319173928,0,0,1,0,0,0,0,1,0,0
299,397540,Borderlands 3,mar,1,1,1,4,2025-03,2122,7.660114319173928,0,0,0,1,0,0,0,0,1,0
299,397540,Borderlands 3,mar,1,1,1,5,2025-04,2122,7.660114319173928,0,0,0,0,1,0,0,0,0,1
300,314650,SpaceEngine,mar,1,0,0,1,2024-12,211,5.351858133476067,1,0,0,0,0,1,0,0,0,0
300,314650,SpaceEngine,mar,1,0,0,2,2025-01,211,5.351858133476067,0,1,0,0,0,0,1,0,0,0
300,314650,SpaceEngine,mar,1,0,0,3,2025-02,211,5.351858133476067,0,0,1,0,0,0,0,1,0,0
300,314650,SpaceEngine,mar,1,1,1,4,2025-03,211,5.351858133476067,0,0,0,1,0,0,0,0,1,0
300,314650,SpaceEngine,mar,1,1,1,5,2025-04,211,5.351858133476067,0,0,0,0,1,0,0,0,0,1
301,1371980,No Rest for the Wicked,apr,1,0,0,1,2024-12,37206,10.524225317577933,1,0,0,0,0,1,0,0,0,0
301,1371980,No Rest for the Wicked,apr,1,0,0,2,2025-01,37206,10.524225317577933,0,1,0,0,0,0,1,0,0,0
301,1371980,No Rest for the Wicked,apr,1,0,0,3,2025-02,37206,10.524225317577933,0,0,1,0,0,0,0,1,0,0
301,1371980,No Rest for the Wicked,apr,1,0,0,4,2025-03,37206,10.524225317577933,0,0,0,1,0,0,0,0,1,0
301,1371980,No Rest for the Wicked,apr,1,1,1,5,2025-04,37206,10.524225317577933,0,0,0,0,1,0,0,0,0,1
302,1086940,Baldur's Gate 3,apr,1,0,0,1,2024-12,54720,10.909984552296432,1,0,0,0,0,1,0,0,0,0
302,1086940,Baldur's Gate 3,apr,1,0,0,2,2025-01,54720,10.909984552296432,0,1,0,0,0,0,1,0,0,0
302,1086940,Baldur's Gate 3,apr,1,0,0,3,2025-02,54720,10.909984552296432,0,0,1,0,0,0,0,1,0,0
302,1086940,Baldur's Gate 3,apr,1,0,0,4,2025-03,54720,10.909984552296432,0,0,0,1,0,0,0,0,1,0
302,1086940,Baldur's Gate 3,apr,1,1,1,5,2025-04,54720,10.909984552296432,0,0,0,0,1,0,0,0,0,1
303,1774580,STAR WARS Jedi: Survivor™,apr,1,0,0,1,2024-12,2636,7.877017895622398,1,0,0,0,0,1,0,0,0,0
303,1774580,STAR WARS Jedi: Survivor™,apr,1,0,0,2,2025-01,2636,7.877017895622398,0,1,0,0,0,0,1,0,0,0
303,1774580,STAR WARS Jedi: Survivor™,apr,1,0,0,3,2025-02,2636,7.877017895622398,0,0,1,0,0,0,0,1,0,0
303,1774580,STAR WARS Jedi: Survivor™,apr,1,0,0,4,2025-03,2636,7.877017895622398,0,0,0,1,0,0,0,0,1,0
303,1774580,STAR WARS Jedi: Survivor™,apr,1,1,1,5,2025-04,2636,7.877017895622398,0,0,0,0,1,0,0,0,0,1
304,284160,BeamNG.drive,apr,1,0,0,1,2024-12,26903,10.199993083535142,1,0,0,0,0,1,0,0,0,0
304,284160,BeamNG.drive,apr,1,0,0,2,2025-01,26903,10.199993083535142,0,1,0,0,0,0,1,0,0,0
304,284160,BeamNG.drive,apr,1,0,0,3,2025-02,26903,10.199993083535142,0,0,1,0,0,0,0,1,0,0
304,284160,BeamNG.drive,apr,1,0,0,4,2025-03,26903,10.199993083535142,0,0,0,1,0,0,0,0,1,0
304,284160,BeamNG.drive,apr,1,1,1,5,2025-04,26903,10.199993083535142,0,0,0,0,1,0,0,0,0,1
305,1812450,Bellwright,apr,1,0,0,1,2024-12,4770,8.470101583882387,1,0,0,0,0,1,0,0,0,0
305,1812450,Bellwright,apr,1,0,0,2,2025-01,4770,8.470101583882387,0,1,0,0,0,0,1,0,0,0
305,1812450,Bellwright,apr,1,0,0,3,2025-02,4770,8.470101583882387,0,0,1,0,0,0,0,1,0,0
305,1812450,Bellwright,apr,1,0,0,4,2025-03,4770,8.470101583882387,0,0,0,1,0,0,0,0,1,0
305,1812450,Bellwright,apr,1,1,1,5,2025-04,4770,8.470101583882387,0,0,0,0,1,0,0,0,0,1
306,3059520,F1® 25,apr,1,0,0,1,2024-12,6784,8.822322177471738,1,0,0,0,0,1,0,0,0,0
306,3059520,F1® 25,apr,1,0,0,2,2025-01,6784,8.822322177471738,0,1,0,0,0,0,1,0,0,0
306,3059520,F1® 25,apr,1,0,0,3,2025-02,6784,8.822322177471738,0,0,1,0,0,0,0,1,0,0
306,3059520,F1® 25,apr,1,0,0,4,2025-03,6784,8.822322177471738,0,0,0,1,0,0,0,0,1,0
306,3059520,F1® 25,apr,1,1,1,5,2025-04,6784,8.822322177471738,0,0,0,0,1,0,0,0,0,1
307,962130,Grounded,apr,1,0,0,1,2024-12,4597,8.433159195806228,1,0,0,0,0,1,0,0,0,0
307,962130,Grounded,apr,1,0,0,2,2025-01,4597,8.433159195806228,0,1,0,0,0,0,1,0,0,0
307,962130,Grounded,apr,1,0,0,3,2025-02,4597,8.433159195806228,0,0,1,0,0,0,0,1,0,0
307,962130,Grounded,apr,1,0,0,4,2025-03,4597,8.433159195806228,0,0,0,1,0,0,0,0,1,0
307,962130,Grounded,apr,1,1,1,5,2025-04,4597,8.433159195806228,0,0,0,0,1,0,0,0,0,1
308,294100,RimWorld,apr,1,0,0,1,2024-12,30009,10.30925261565329,1,0,0,0,0,1,0,0,0,0
308,294100,RimWorld,apr,1,0,0,2,2025-01,30009,10.30925261565329,0,1,0,0,0,0,1,0,0,0
308,294100,RimWorld,apr,1,0,0,3,2025-02,30009,10.30925261565329,0,0,1,0,0,0,0,1,0,0
308,294100,RimWorld,apr,1,0,0,4,2025-03,30009,10.30925261565329,0,0,0,1,0,0,0,0,1,0
308,294100,RimWorld,apr,1,1,1,5,2025-04,30009,10.30925261565329,0,0,0,0,1,0,0,0,0,1
309,892970,Valheim,apr,1,0,0,1,2024-12,24749,10.116540363140167,1,0,0,0,0,1,0,0,0,0
309,892970,Valheim,apr,1,0,0,2,2025-01,24749,10.116540363140167,0,1,0,0,0,0,1,0,0,0
309,892970,Valheim,apr,1,0,0,3,2025-02,24749,10.116540363140167,0,0,1,0,0,0,0,1,0,0
309,892970,Valheim,apr,1,0,0,4,2025-03,24749,10.116540363140167,0,0,0,1,0,0,0,0,1,0
309,892970,Valheim,apr,1,1,1,5,2025-04,24749,10.116540363140167,0,0,0,0,1,0,0,0,0,1
310,2507950,Delta Force,apr,1,0,0,1,2024-12,137220,11.829340756244882,1,0,0,0,0,1,0,0,0,0
310,2507950,Delta Force,apr,1,0,0,2,2025-01,137220,11.829340756244882,0,1,0,0,0,0,1,0,0,0
310,2507950,Delta Force,apr,1,0,0,3,2025-02,137220,11.829340756244882,0,0,1,0,0,0,0,1,0,0
310,2507950,Delta Force,apr,1,0,0,4,2025-03,137220,11.829340756244882,0,0,0,1,0,0,0,0,1,0
310,2507950,Delta Force,apr,1,1,1,5,2025-04,137220,11.829340756244882,0,0,0,0,1,0,0,0,0,1
311,2879840,Escape Simulator 2,apr,1,0,0,1,2024-12,1612,7.385230923066573,1,0,0,0,0,1,0,0,0,0
311,2879840,Escape Simulator 2,apr,1,0,0,2,2025-01,1612,7.385230923066573,0,1,0,0,0,0,1,0,0,0
311,2879840,Escape Simulator 2,apr,1,0,0,3,2025-02,1612,7.385230923066573,0,0,1,0,0,0,0,1,0,0
311,2879840,Escape Simulator 2,apr,1,0,0,4,2025-03,1612,7.385230923066573,0,0,0,1,0,0,0,0,1,0
311,2879840,Escape Simulator 2,apr,1,1,1,5,2025-04,1612,7.385230923066573,0,0,0,0,1,0,0,0,0,1
312,2707930,Palia,apr,1,0,0,1,2024-12,6179,8.72891172506098,1,0,0,0,0,1,0,0,0,0
312,2707930,Palia,apr,1,0,0,2,2025-01,6179,8.72891172506098,0,1,0,0,0,0,1,0,0,0
312,2707930,Palia,apr,1,0,0,3,2025-02,6179,8.72891172506098,0,0,1,0,0,0,0,1,0,0
312,2707930,Palia,apr,1,0,0,4,2025-03,6179,8.72891172506098,0,0,0,1,0,0,0,0,1,0
312,2707930,Palia,apr,1,1,1,5,2025-04,6179,8.72891172506098,0,0,0,0,1,0,0,0,0,1
313,380600,Fishing Planet,apr,1,0,0,1,2024-12,4127,8.325306029752582,1,0,0,0,0,1,0,0,0,0
313,380600,Fishing Planet,apr,1,0,0,2,2025-01,4127,8.325306029752582,0,1,0,0,0,0,1,0,0,0
313,380600,Fishing Planet,apr,1,0,0,3,2025-02,4127,8.325306029752582,0,0,1,0,0,0,0,1,0,0
313,380600,Fishing Planet,apr,1,0,0,4,2025-03,4127,8.325306029752582,0,0,0,1,0,0,0,0,1,0
313,380600,Fishing Planet,apr,1,1,1,5,2025-04,4127,8.325306029752582,0,0,0,0,1,0,0,0,0,1
314,1486920,Tempest Rising,apr,1,0,0,1,2024-12,386,5.955837369464831,1,0,0,0,0,1,0,0,0,0
314,1486920,Tempest Rising,apr,1,0,0,2,2025-01,386,5.955837369464831,0,1,0,0,0,0,1,0,0,0
314,1486920,Tempest Rising,apr,1,0,0,3,2025-02,386,5.955837369464831,0,0,1,0,0,0,0,1,0,0
314,1486920,Tempest Rising,apr,1,0,0,4,2025-03,386,5.955837369464831,0,0,0,1,0,0,0,0,1,0
314,1486920,Tempest Rising,apr,1,1,1,5,2025-04,386,5.955837369464831,0,0,0,0,1,0,0,0,0,1
315,3024040,Stronghold Crusader: Definitive Edition,apr,1,0,0,1,2024-12,2383,7.776115477098742,1,0,0,0,0,1,0,0,0,0
315,3024040,Stronghold Crusader: Definitive Edition,apr,1,0,0,2,2025-01,2383,7.776115477098742,0,1,0,0,0,0,1,0,0,0
315,3024040,Stronghold Crusader: Definitive Edition,apr,1,0,0,3,2025-02,2383,7.776115477098742,0,0,1,0,0,0,0,1,0,0
315,3024040,Stronghold Crusader: Definitive Edition,apr,1,0,0,4,2025-03,2383,7.776115477098742,0,0,0,1,0,0,0,0,1,0
315,3024040,Stronghold Crusader: Definitive Edition,apr,1,1,1,5,2025-04,2383,7.776115477098742,0,0,0,0,1,0,0,0,0,1
316,703080,Planet Zoo,apr,1,0,0,1,2024-12,3919,8.273591798199632,1,0,0,0,0,1,0,0,0,0
316,703080,Planet Zoo,apr,1,0,0,2,2025-01,3919,8.273591798199632,0,1,0,0,0,0,1,0,0,0
316,703080,Planet Zoo,apr,1,0,0,3,2025-02,3919,8.273591798199632,0,0,1,0,0,0,0,1,0,0
316,703080,Planet Zoo,apr,1,0,0,4,2025-03,3919,8.273591798199632,0,0,0,1,0,0,0,0,1,0
316,703080,Planet Zoo,apr,1,1,1,5,2025-04,3919,8.273591798199632,0,0,0,0,1,0,0,0,0,1
317,2358720,Black Myth: Wukong,apr,1,0,0,1,2024-12,13047,9.476313501265748,1,0,0,0,0,1,0,0,0,0
317,2358720,Black Myth: Wukong,apr,1,0,0,2,2025-01,13047,9.476313501265748,0,1,0,0,0,0,1,0,0,0
317,2358720,Black Myth: Wukong,apr,1,0,0,3,2025-02,13047,9.476313501265748,0,0,1,0,0,0,0,1,0,0
317,2358720,Black Myth: Wukong,apr,1,0,0,4,2025-03,13047,9.476313501265748,0,0,0,1,0,0,0,0,1,0
317,2358720,Black Myth: Wukong,apr,1,1,1,5,2025-04,13047,9.476313501265748,0,0,0,0,1,0,0,0,0,1
318,1250410,Microsoft Flight Simulator (2020) 40th Anniversary Edition,apr,1,0,0,1,2024-12,4459,8.402679804627477,1,0,0,0,0,1,0,0,0,0
318,1250410,Microsoft Flight Simulator (2020) 40th Anniversary Edition,apr,1,0,0,2,2025-01,4459,8.402679804627477,0,1,0,0,0,0,1,0,0,0
318,1250410,Microsoft Flight Simulator (2020) 40th Anniversary Edition,apr,1,0,0,3,2025-02,4459,8.402679804627477,0,0,1,0,0,0,0,1,0,0
318,1250410,Microsoft Flight Simulator (2020) 40th Anniversary Edition,apr,1,0,0,4,2025-03,4459,8.402679804627477,0,0,0,1,0,0,0,0,1,0
318,1250410,Microsoft Flight Simulator (2020) 40th Anniversary Edition,apr,1,1,1,5,2025-04,4459,8.402679804627477,0,0,0,0,1,0,0,0,0,1
319,2531310,The Last of Us™ Part II Remastered,apr,1,0,0,1,2024-12,2401,7.783640596221253,1,0,0,0,0,1,0,0,0,0
319,2531310,The Last of Us™ Part II Remastered,apr,1,0,0,2,2025-01,2401,7.783640596221253,0,1,0,0,0,0,1,0,0,0
319,2531310,The Last of Us™ Part II Remastered,apr,1,0,0,3,2025-02,2401,7.783640596221253,0,0,1,0,0,0,0,1,0,0
319,2531310,The Last of Us™ Part II Remastered,apr,1,0,0,4,2025-03,2401,7.783640596221253,0,0,0,1,0,0,0,0,1,0
319,2531310,The Last of Us™ Part II Remastered,apr,1,1,1,5,2025-04,2401,7.783640596221253,0,0,0,0,1,0,0,0,0,1
320,2623190,The Elder Scrolls IV: Oblivion Remastered,apr,1,0,0,1,2024-12,1866,7.531552381407289,1,0,0,0,0,1,0,0,0,0
320,2623190,The Elder Scrolls IV: Oblivion Remastered,apr,1,0,0,2,2025-01,1866,7.531552381407289,0,1,0,0,0,0,1,0,0,0
320,2623190,The Elder Scrolls IV: Oblivion Remastered,apr,1,0,0,3,2025-02,1866,7.531552381407289,0,0,1,0,0,0,0,1,0,0
320,2623190,The Elder Scrolls IV: Oblivion Remastered,apr,1,0,0,4,2025-03,1866,7.531552381407289,0,0,0,1,0,0,0,0,1,0
320,2623190,The Elder Scrolls IV: Oblivion Remastered,apr,1,1,1,5,2025-04,1866,7.531552381407289,0,0,0,0,1,0,0,0,0,1
321,1757300,Jump Space,apr,1,0,0,1,2024-12,268,5.5909869805108565,1,0,0,0,0,1,0,0,0,0
321,1757300,Jump Space,apr,1,0,0,2,2025-01,268,5.5909869805108565,0,1,0,0,0,0,1,0,0,0
321,1757300,Jump Space,apr,1,0,0,3,2025-02,268,5.5909869805108565,0,0,1,0,0,0,0,1,0,0
321,1757300,Jump Space,apr,1,0,0,4,2025-03,268,5.5909869805108565,0,0,0,1,0,0,0,0,1,0
321,1757300,Jump Space,apr,1,1,1,5,2025-04,268,5.5909869805108565,0,0,0,0,1,0,0,0,0,1
322,244850,Space Engineers,apr,1,0,0,1,2024-12,3351,8.11701408773731,1,0,0,0,0,1,0,0,0,0
322,244850,Space Engineers,apr,1,0,0,2,2025-01,3351,8.11701408773731,0,1,0,0,0,0,1,0,0,0
322,244850,Space Engineers,apr,1,0,0,3,2025-02,3351,8.11701408773731,0,0,1,0,0,0,0,1,0,0
322,244850,Space Engineers,apr,1,0,0,4,2025-03,3351,8.11701408773731,0,0,0,1,0,0,0,0,1,0
322,244850,Space Engineers,apr,1,1,1,5,2025-04,3351,8.11701408773731,0,0,0,0,1,0,0,0,0,1
323,1281220,Task Force Admiral - Vol.1: American Carrier Battles,apr,1,0,0,1,2024-12,207,5.332718793265369,1,0,0,0,0,1,0,0,0,0
323,1281220,Task Force Admiral - Vol.1: American Carrier Battles,apr,1,0,0,2,2025-01,207,5.332718793265369,0,1,0,0,0,0,1,0,0,0
323,1281220,Task Force Admiral - Vol.1: American Carrier Battles,apr,1,0,0,3,2025-02,207,5.332718793265369,0,0,1,0,0,0,0,1,0,0
323,1281220,Task Force Admiral - Vol.1: American Carrier Battles,apr,1,0,0,4,2025-03,207,5.332718793265369,0,0,0,1,0,0,0,0,1,0
323,1281220,Task Force Admiral - Vol.1: American Carrier Battles,apr,1,1,1,5,2025-04,207,5.332718793265369,0,0,0,0,1,0,0,0,0,1
324,2670630,Supermarket Simulator,apr,1,0,0,1,2024-12,3562,8.178077463849608,1,0,0,0,0,1,0,0,0,0
324,2670630,Supermarket Simulator,apr,1,0,0,2,2025-01,3562,8.178077463849608,0,1,0,0,0,0,1,0,0,0
324,2670630,Supermarket Simulator,apr,1,0,0,3,2025-02,3562,8.178077463849608,0,0,1,0,0,0,0,1,0,0
324,2670630,Supermarket Simulator,apr,1,0,0,4,2025-03,3562,8.178077463849608,0,0,0,1,0,0,0,0,1,0
324,2670630,Supermarket Simulator,apr,1,1,1,5,2025-04,3562,8.178077463849608,0,0,0,0,1,0,0,0,0,1
325,1167630,Teardown,apr,1,0,0,1,2024-12,3614,8.192570471152173,1,0,0,0,0,1,0,0,0,0
325,1167630,Teardown,apr,1,0,0,2,2025-01,3614,8.192570471152173,0,1,0,0,0,0,1,0,0,0
325,1167630,Teardown,apr,1,0,0,3,2025-02,3614,8.192570471152173,0,0,1,0,0,0,0,1,0,0
325,1167630,Teardown,apr,1,0,0,4,2025-03,3614,8.192570471152173,0,0,0,1,0,0,0,0,1,0
325,1167630,Teardown,apr,1,1,1,5,2025-04,3614,8.192570471152173,0,0,0,0,1,0,0,0,0,1
326,1044720,Farthest Frontier,apr,1,0,0,1,2024-12,2193,7.693025748417888,1,0,0,0,0,1,0,0,0,0
326,1044720,Farthest Frontier,apr,1,0,0,2,2025-01,2193,7.693025748417888,0,1,0,0,0,0,1,0,0,0
326,1044720,Farthest Frontier,apr,1,0,0,3,2025-02,2193,7.693025748417888,0,0,1,0,0,0,0,1,0,0
326,1044720,Farthest Frontier,apr,1,0,0,4,2025-03,2193,7.693025748417888,0,0,0,1,0,0,0,0,1,0
326,1044720,Farthest Frontier,apr,1,1,1,5,2025-04,2193,7.693025748417888,0,0,0,0,1,0,0,0,0,1
327,436780,Tavern Keeper 🍻,apr,1,0,0,1,2024-12,142,4.955827057601261,1,0,0,0,0,1,0,0,0,0
327,436780,Tavern Keeper 🍻,apr,1,0,0,2,2025-01,142,4.955827057601261,0,1,0,0,0,0,1,0,0,0
327,436780,Tavern Keeper 🍻,apr,1,0,0,3,2025-02,142,4.955827057601261,0,0,1,0,0,0,0,1,0,0
327,436780,Tavern Keeper 🍻,apr,1,0,0,4,2025-03,142,4.955827057601261,0,0,0,1,0,0,0,0,1,0
327,436780,Tavern Keeper 🍻,apr,1,1,1,5,2025-04,142,4.955827057601261,0,0,0,0,1,0,0,0,0,1
328,1942280,Brotato,apr,1,0,0,1,2024-12,7729,8.952734767106872,1,0,0,0,0,1,0,0,0,0
328,1942280,Brotato,apr,1,0,0,2,2025-01,7729,8.952734767106872,0,1,0,0,0,0,1,0,0,0
328,1942280,Brotato,apr,1,0,0,3,2025-02,7729,8.952734767106872,0,0,1,0,0,0,0,1,0,0
328,1942280,Brotato,apr,1,0,0,4,2025-03,7729,8.952734767106872,0,0,0,1,0,0,0,0,1,0
328,1942280,Brotato,apr,1,1,1,5,2025-04,7729,8.952734767106872,0,0,0,0,1,0,0,0,0,1
329,1040200,Crime Scene Cleaner,apr,1,0,0,1,2024-12,1161,7.057036981697891,1,0,0,0,0,1,0,0,0,0
329,1040200,Crime Scene Cleaner,apr,1,0,0,2,2025-01,1161,7.057036981697891,0,1,0,0,0,0,1,0,0,0
329,1040200,Crime Scene Cleaner,apr,1,0,0,3,2025-02,1161,7.057036981697891,0,0,1,0,0,0,0,1,0,0
329,1040200,Crime Scene Cleaner,apr,1,0,0,4,2025-03,1161,7.057036981697891,0,0,0,1,0,0,0,0,1,0
329,1040200,Crime Scene Cleaner,apr,1,1,1,5,2025-04,1161,7.057036981697891,0,0,0,0,1,0,0,0,0,1
330,2440510,Forza Motorsport,apr,1,0,0,1,2024-12,818,6.706862336602747,1,0,0,0,0,1,0,0,0,0
330,2440510,Forza Motorsport,apr,1,0,0,2,2025-01,818,6.706862336602747,0,1,0,0,0,0,1,0,0,0
330,2440510,Forza Motorsport,apr,1,0,0,3,2025-02,818,6.706862336602747,0,0,1,0,0,0,0,1,0,0
330,2440510,Forza Motorsport,apr,1,0,0,4,2025-03,818,6.706862336602747,0,0,0,1,0,0,0,0,1,0
330,2440510,Forza Motorsport,apr,1,1,1,5,2025-04,818,6.706862336602747,0,0,0,0,1,0,0,0,0,1
331,1167630,Teardown,apr,1,0,0,1,2024-12,3607,8.19063168090354,1,0,0,0,0,1,0,0,0,0
331,1167630,Teardown,apr,1,0,0,2,2025-01,3607,8.19063168090354,0,1,0,0,0,0,1,0,0,0
331,1167630,Teardown,apr,1,0,0,3,2025-02,3607,8.19063168090354,0,0,1,0,0,0,0,1,0,0
331,1167630,Teardown,apr,1,0,0,4,2025-03,3607,8.19063168090354,0,0,0,1,0,0,0,0,1,0
331,1167630,Teardown,apr,1,1,1,5,2025-04,3607,8.19063168090354,0,0,0,0,1,0,0,0,0,1
332,1044720,Farthest Frontier,apr,1,0,0,1,2024-12,2193,7.693025748417888,1,0,0,0,0,1,0,0,0,0
332,1044720,Farthest Frontier,apr,1,0,0,2,2025-01,2193,7.693025748417888,0,1,0,0,0,0,1,0,0,0
332,1044720,Farthest Frontier,apr,1,0,0,3,2025-02,2193,7.693025748417888,0,0,1,0,0,0,0,1,0,0
332,1044720,Farthest Frontier,apr,1,0,0,4,2025-03,2193,7.693025748417888,0,0,0,1,0,0,0,0,1,0
332,1044720,Farthest Frontier,apr,1,1,1,5,2025-04,2193,7.693025748417888,0,0,0,0,1,0,0,0,0,1
333,2440510,Forza Motorsport,apr,1,0,0,1,2024-12,817,6.705639094860003,1,0,0,0,0,1,0,0,0,0
333,2440510,Forza Motorsport,apr,1,0,0,2,2025-01,817,6.705639094860003,0,1,0,0,0,0,1,0,0,0
333,2440510,Forza Motorsport,apr,1,0,0,3,2025-02,817,6.705639094860003,0,0,1,0,0,0,0,1,0,0
333,2440510,Forza Motorsport,apr,1,0,0,4,2025-03,817,6.705639094860003,0,0,0,1,0,0,0,0,1,0
333,2440510,Forza Motorsport,apr,1,1,1,5,2025-04,817,6.705639094860003,0,0,0,0,1,0,0,0,0,1
334,436780,Tavern Keeper 🍻,apr,1,0,0,1,2024-12,152,5.0238805208462765,1,0,0,0,0,1,0,0,0,0
334,436780,Tavern Keeper 🍻,apr,1,0,0,2,2025-01,152,5.0238805208462765,0,1,0,0,0,0,1,0,0,0
334,436780,Tavern Keeper 🍻,apr,1,0,0,3,2025-02,152,5.0238805208462765,0,0,1,0,0,0,0,1,0,0
334,436780,Tavern Keeper 🍻,apr,1,0,0,4,2025-03,152,5.0238805208462765,0,0,0,1,0,0,0,0,1,0
334,436780,Tavern Keeper 🍻,apr,1,1,1,5,2025-04,152,5.0238805208462765,0,0,0,0,1,0,0,0,0,1
335,1176470,Terra Invicta,apr,1,0,0,1,2024-12,2403,7.784473235736469,1,0,0,0,0,1,0,0,0,0
335,1176470,Terra Invicta,apr,1,0,0,2,2025-01,2403,7.784473235736469,0,1,0,0,0,0,1,0,0,0
335,1176470,Terra Invicta,apr,1,0,0,3,2025-02,2403,7.784473235736469,0,0,1,0,0,0,0,1,0,0
335,1176470,Terra Invicta,apr,1,0,0,4,2025-03,2403,7.784473235736469,0,0,0,1,0,0,0,0,1,0
335,1176470,Terra Invicta,apr,1,1,1,5,2025-04,2403,7.784473235736469,0,0,0,0,1,0,0,0,0,1
336,1040200,Crime Scene Cleaner,apr,1,0,0,1,2024-12,1161,7.057036981697891,1,0,0,0,0,1,0,0,0,0
336,1040200,Crime Scene Cleaner,apr,1,0,0,2,2025-01,1161,7.057036981697891,0,1,0,0,0,0,1,0,0,0
336,1040200,Crime Scene Cleaner,apr,1,0,0,3,2025-02,1161,7.057036981697891,0,0,1,0,0,0,0,1,0,0
336,1040200,Crime Scene Cleaner,apr,1,0,0,4,2025-03,1161,7.057036981697891,0,0,0,1,0,0,0,0,1,0
336,1040200,Crime Scene Cleaner,apr,1,1,1,5,2025-04,1161,7.057036981697891,0,0,0,0,1,0,0,0,0,1
337,1942280,Brotato,apr,1,0,0,1,2024-12,7729,8.952734767106872,1,0,0,0,0,1,0,0,0,0
337,1942280,Brotato,apr,1,0,0,2,2025-01,7729,8.952734767106872,0,1,0,0,0,0,1,0,0,0
337,1942280,Brotato,apr,1,0,0,3,2025-02,7729,8.952734767106872,0,0,1,0,0,0,0,1,0,0
337,1942280,Brotato,apr,1,0,0,4,2025-03,7729,8.952734767106872,0,0,0,1,0,0,0,0,1,0
337,1942280,Brotato,apr,1,1,1,5,2025-04,7729,8.952734767106872,0,0,0,0,1,0,0,0,0,1
338,436780,Tavern Keeper 🍻,apr,1,0,0,1,2024-12,142,4.955827057601261,1,0,0,0,0,1,0,0,0,0
338,436780,Tavern Keeper 🍻,apr,1,0,0,2,2025-01,142,4.955827057601261,0,1,0,0,0,0,1,0,0,0
338,436780,Tavern Keeper 🍻,apr,1,0,0,3,2025-02,142,4.955827057601261,0,0,1,0,0,0,0,1,0,0
338,436780,Tavern Keeper 🍻,apr,1,0,0,4,2025-03,142,4.955827057601261,0,0,0,1,0,0,0,0,1,0
338,436780,Tavern Keeper 🍻,apr,1,1,1,5,2025-04,142,4.955827057601261,0,0,0,0,1,0,0,0,0,1
339,1942280,Brotato,apr,1,0,0,1,2024-12,7681,8.946505025998682,1,0,0,0,0,1,0,0,0,0
339,1942280,Brotato,apr,1,0,0,2,2025-01,7681,8.946505025998682,0,1,0,0,0,0,1,0,0,0
339,1942280,Brotato,apr,1,0,0,3,2025-02,7681,8.946505025998682,0,0,1,0,0,0,0,1,0,0
339,1942280,Brotato,apr,1,0,0,4,2025-03,7681,8.946505025998682,0,0,0,1,0,0,0,0,1,0
339,1942280,Brotato,apr,1,1,1,5,2025-04,7681,8.946505025998682,0,0,0,0,1,0,0,0,0,1
340,1778820,TEKKEN 8,apr,1,0,0,1,2024-12,6038,8.705828110266784,1,0,0,0,0,1,0,0,0,0
340,1778820,TEKKEN 8,apr,1,0,0,2,2025-01,6038,8.705828110266784,0,1,0,0,0,0,1,0,0,0
340,1778820,TEKKEN 8,apr,1,0,0,3,2025-02,6038,8.705828110266784,0,0,1,0,0,0,0,1,0,0
340,1778820,TEKKEN 8,apr,1,0,0,4,2025-03,6038,8.705828110266784,0,0,0,1,0,0,0,0,1,0
340,1778820,TEKKEN 8,apr,1,1,1,5,2025-04,6038,8.705828110266784,0,0,0,0,1,0,0,0,0,1
341,965580,Root,apr,1,0,0,1,2024-12,340,5.8289456176102075,1,0,0,0,0,1,0,0,0,0
341,965580,Root,apr,1,0,0,2,2025-01,340,5.8289456176102075,0,1,0,0,0,0,1,0,0,0
341,965580,Root,apr,1,0,0,3,2025-02,340,5.8289456176102075,0,0,1,0,0,0,0,1,0,0
341,965580,Root,apr,1,0,0,4,2025-03,340,5.8289456176102075,0,0,0,1,0,0,0,0,1,0
341,965580,Root,apr,1,1,1,5,2025-04,340,5.8289456176102075,0,0,0,0,1,0,0,0,0,1
342,1205970,MX vs ATV Legends,apr,1,0,0,1,2024-12,336,5.817111159963204,1,0,0,0,0,1,0,0,0,0
342,1205970,MX vs ATV Legends,apr,1,0,0,2,2025-01,336,5.817111159963204,0,1,0,0,0,0,1,0,0,0
342,1205970,MX vs ATV Legends,apr,1,0,0,3,2025-02,336,5.817111159963204,0,0,1,0,0,0,0,1,0,0
342,1205970,MX vs ATV Legends,apr,1,0,0,4,2025-03,336,5.817111159963204,0,0,0,1,0,0,0,0,1,0
342,1205970,MX vs ATV Legends,apr,1,1,1,5,2025-04,336,5.817111159963204,0,0,0,0,1,0,0,0,0,1
343,1062090,Timberborn,apr,1,0,0,1,2024-12,3498,8.159946655578548,1,0,0,0,0,1,0,0,0,0
343,1062090,Timberborn,apr,1,0,0,2,2025-01,3498,8.159946655578548,0,1,0,0,0,0,1,0,0,0
343,1062090,Timberborn,apr,1,0,0,3,2025-02,3498,8.159946655578548,0,0,1,0,0,0,0,1,0,0
343,1062090,Timberborn,apr,1,0,0,4,2025-03,3498,8.159946655578548,0,0,0,1,0,0,0,0,1,0
343,1062090,Timberborn,apr,1,1,1,5,2025-04,3498,8.159946655578548,0,0,0,0,1,0,0,0,0,1
344,1205970,MX vs ATV Legends,apr,1,0,0,1,2024-12,336,5.817111159963204,1,0,0,0,0,1,0,0,0,0
344,1205970,MX vs ATV Legends,apr,1,0,0,2,2025-01,336,5.817111159963204,0,1,0,0,0,0,1,0,0,0
344,1205970,MX vs ATV Legends,apr,1,0,0,3,2025-02,336,5.817111159963204,0,0,1,0,0,0,0,1,0,0
344,1205970,MX vs ATV Legends,apr,1,0,0,4,2025-03,336,5.817111159963204,0,0,0,1,0,0,0,0,1,0
344,1205970,MX vs ATV Legends,apr,1,1,1,5,2025-04,336,5.817111159963204,0,0,0,0,1,0,0,0,0,1
345,2878450,Master of Command,apr,1,0,0,1,2024-12,459,6.129050210060545,1,0,0,0,0,1,0,0,0,0
345,2878450,Master of Command,apr,1,0,0,2,2025-01,459,6.129050210060545,0,1,0,0,0,0,1,0,0,0
345,2878450,Master of Command,apr,1,0,0,3,2025-02,459,6.129050210060545,0,0,1,0,0,0,0,1,0,0
345,2878450,Master of Command,apr,1,0,0,4,2025-03,459,6.129050210060545,0,0,0,1,0,0,0,0,1,0
345,2878450,Master of Command,apr,1,1,1,5,2025-04,459,6.129050210060545,0,0,0,0,1,0,0,0,0,1
346,2763740,Revolution Idle,apr,1,0,0,1,2024-12,8943,9.09862638234618,1,0,0,0,0,1,0,0,0,0
346,2763740,Revolution Idle,apr,1,0,0,2,2025-01,8943,9.09862638234618,0,1,0,0,0,0,1,0,0,0
346,2763740,Revolution Idle,apr,1,0,0,3,2025-02,8943,9.09862638234618,0,0,1,0,0,0,0,1,0,0
346,2763740,Revolution Idle,apr,1,0,0,4,2025-03,8943,9.09862638234618,0,0,0,1,0,0,0,0,1,0
346,2763740,Revolution Idle,apr,1,1,1,5,2025-04,8943,9.09862638234618,0,0,0,0,1,0,0,0,0,1
347,305620,The Long Dark,apr,1,0,0,1,2024-12,3781,8.237743803890933,1,0,0,0,0,1,0,0,0,0
347,305620,The Long Dark,apr,1,0,0,2,2025-01,3781,8.237743803890933,0,1,0,0,0,0,1,0,0,0
347,305620,The Long Dark,apr,1,0,0,3,2025-02,3781,8.237743803890933,0,0,1,0,0,0,0,1,0,0
347,305620,The Long Dark,apr,1,0,0,4,2025-03,3781,8.237743803890933,0,0,0,1,0,0,0,0,1,0
347,305620,The Long Dark,apr,1,1,1,5,2025-04,3781,8.237743803890933,0,0,0,0,1,0,0,0,0,1
348,2582140,Seafarer: The Ship Sim,apr,1,0,0,1,2024-12,102,4.624972813284271,1,0,0,0,0,1,0,0,0,0
348,2582140,Seafarer: The Ship Sim,apr,1,0,0,2,2025-01,102,4.624972813284271,0,1,0,0,0,0,1,0,0,0
348,2582140,Seafarer: The Ship Sim,apr,1,0,0,3,2025-02,102,4.624972813284271,0,0,1,0,0,0,0,1,0,0
348,2582140,Seafarer: The Ship Sim,apr,1,0,0,4,2025-03,102,4.624972813284271,0,0,0,1,0,0,0,0,1,0
348,2582140,Seafarer: The Ship Sim,apr,1,1,1,5,2025-04,102,4.624972813284271,0,0,0,0,1,0,0,0,0,1
349,2350790,Moonlighter 2: The Endless Vault,apr,1,0,0,1,2024-12,165,5.10594547390058,1,0,0,0,0,1,0,0,0,0
349,2350790,Moonlighter 2: The Endless Vault,apr,1,0,0,2,2025-01,165,5.10594547390058,0,1,0,0,0,0,1,0,0,0
349,2350790,Moonlighter 2: The Endless Vault,apr,1,0,0,3,2025-02,165,5.10594547390058,0,0,1,0,0,0,0,1,0,0
349,2350790,Moonlighter 2: The Endless Vault,apr,1,0,0,4,2025-03,165,5.10594547390058,0,0,0,1,0,0,0,0,1,0
349,2350790,Moonlighter 2: The Endless Vault,apr,1,1,1,5,2025-04,165,5.10594547390058,0,0,0,0,1,0,0,0,0,1
350,850190,Goat Simulator 3,apr,1,0,0,1,2024-12,458,6.126869184114185,1,0,0,0,0,1,0,0,0,0
350,850190,Goat Simulator 3,apr,1,0,0,2,2025-01,458,6.126869184114185,0,1,0,0,0,0,1,0,0,0
350,850190,Goat Simulator 3,apr,1,0,0,3,2025-02,458,6.126869184114185,0,0,1,0,0,0,0,1,0,0
350,850190,Goat Simulator 3,apr,1,0,0,4,2025-03,458,6.126869184114185,0,0,0,1,0,0,0,0,1,0
350,850190,Goat Simulator 3,apr,1,1,1,5,2025-04,458,6.126869184114185,0,0,0,0,1,0,0,0,0,1
351,1604270,Broken Arrow,apr,1,0,0,1,2024-12,3528,8.168486417126681,1,0,0,0,0,1,0,0,0,0
351,1604270,Broken Arrow,apr,1,0,0,2,2025-01,3528,8.168486417126681,0,1,0,0,0,0,1,0,0,0
351,1604270,Broken Arrow,apr,1,0,0,3,2025-02,3528,8.168486417126681,0,0,1,0,0,0,0,1,0,0
351,1604270,Broken Arrow,apr,1,0,0,4,2025-03,3528,8.168486417126681,0,0,0,1,0,0,0,0,1,0
351,1604270,Broken Arrow,apr,1,1,1,5,2025-04,3528,8.168486417126681,0,0,0,0,1,0,0,0,0,1
352,1874170,Shredders,apr,1,0,0,1,2024-12,190,5.247024072160486,1,0,0,0,0,1,0,0,0,0
352,1874170,Shredders,apr,1,0,0,2,2025-01,190,5.247024072160486,0,1,0,0,0,0,1,0,0,0
352,1874170,Shredders,apr,1,0,0,3,2025-02,190,5.247024072160486,0,0,1,0,0,0,0,1,0,0
352,1874170,Shredders,apr,1,0,0,4,2025-03,190,5.247024072160486,0,0,0,1,0,0,0,0,1,0
352,1874170,Shredders,apr,1,1,1,5,2025-04,190,5.247024072160486,0,0,0,0,1,0,0,0,0,1
353,1641960,Forever Skies,apr,1,0,0,1,2024-12,300,5.703782474656201,1,0,0,0,0,1,0,0,0,0
353,1641960,Forever Skies,apr,1,0,0,2,2025-01,300,5.703782474656201,0,1,0,0,0,0,1,0,0,0
353,1641960,Forever Skies,apr,1,0,0,3,2025-02,300,5.703782474656201,0,0,1,0,0,0,0,1,0,0
353,1641960,Forever Skies,apr,1,0,0,4,2025-03,300,5.703782474656201,0,0,0,1,0,0,0,0,1,0
353,1641960,Forever Skies,apr,1,1,1,5,2025-04,300,5.703782474656201,0,0,0,0,1,0,0,0,0,1
354,410340,Liftoff®: FPV Drone Racing,apr,1,0,0,1,2024-12,695,6.543911845564792,1,0,0,0,0,1,0,0,0,0
354,410340,Liftoff®: FPV Drone Racing,apr,1,0,0,2,2025-01,695,6.543911845564792,0,1,0,0,0,0,1,0,0,0
354,410340,Liftoff®: FPV Drone Racing,apr,1,0,0,3,2025-02,695,6.543911845564792,0,0,1,0,0,0,0,1,0,0
354,410340,Liftoff®: FPV Drone Racing,apr,1,0,0,4,2025-03,695,6.543911845564792,0,0,0,1,0,0,0,0,1,0
354,410340,Liftoff®: FPV Drone Racing,apr,1,1,1,5,2025-04,695,6.543911845564792,0,0,0,0,1,0,0,0,0,1
355,1096530,Solasta: Crown of the Magister,apr,1,0,0,1,2024-12,530,6.272877006546167,1,0,0,0,0,1,0,0,0,0
355,1096530,Solasta: Crown of the Magister,apr,1,0,0,2,2025-01,530,6.272877006546167,0,1,0,0,0,0,1,0,0,0
355,1096530,Solasta: Crown of the Magister,apr,1,0,0,3,2025-02,530,6.272877006546167,0,0,1,0,0,0,0,1,0,0
355,1096530,Solasta: Crown of the Magister,apr,1,0,0,4,2025-03,530,6.272877006546167,0,0,0,1,0,0,0,0,1,0
355,1096530,Solasta: Crown of the Magister,apr,1,1,1,5,2025-04,530,6.272877006546167,0,0,0,0,1,0,0,0,0,1
356,926990,WolfQuest: Anniversary Edition,apr,1,0,0,1,2024-12,600,6.396929655216146,1,0,0,0,0,1,0,0,0,0
356,926990,WolfQuest: Anniversary Edition,apr,1,0,0,2,2025-01,600,6.396929655216146,0,1,0,0,0,0,1,0,0,0
356,926990,WolfQuest: Anniversary Edition,apr,1,0,0,3,2025-02,600,6.396929655216146,0,0,1,0,0,0,0,1,0,0
356,926990,WolfQuest: Anniversary Edition,apr,1,0,0,4,2025-03,600,6.396929655216146,0,0,0,1,0,0,0,0,1,0
356,926990,WolfQuest: Anniversary Edition,apr,1,1,1,5,2025-04,600,6.396929655216146,0,0,0,0,1,0,0,0,0,1
357,2195410,Songs of Silence,apr,1,0,0,1,2024-12,82,4.406719247264253,1,0,0,0,0,1,0,0,0,0
357,2195410,Songs of Silence,apr,1,0,0,2,2025-01,82,4.406719247264253,0,1,0,0,0,0,1,0,0,0
357,2195410,Songs of Silence,apr,1,0,0,3,2025-02,82,4.406719247264253,0,0,1,0,0,0,0,1,0,0
357,2195410,Songs of Silence,apr,1,0,0,4,2025-03,82,4.406719247264253,0,0,0,1,0,0,0,0,1,0
357,2195410,Songs of Silence,apr,1,1,1,5,2025-04,82,4.406719247264253,0,0,0,0,1,0,0,0,0,1
358,1815780,Asphalt Legends,apr,1,0,0,1,2024-12,1662,7.415776975415394,1,0,0,0,0,1,0,0,0,0
358,1815780,Asphalt Legends,apr,1,0,0,2,2025-01,1662,7.415776975415394,0,1,0,0,0,0,1,0,0,0
358,1815780,Asphalt Legends,apr,1,0,0,3,2025-02,1662,7.415776975415394,0,0,1,0,0,0,0,1,0,0
358,1815780,Asphalt Legends,apr,1,0,0,4,2025-03,1662,7.415776975415394,0,0,0,1,0,0,0,0,1,0
358,1815780,Asphalt Legends,apr,1,1,1,5,2025-04,1662,7.415776975415394,0,0,0,0,1,0,0,0,0,1
359,2820820,Jotunnslayer: Hordes of Hel,apr,1,0,0,1,2024-12,225,5.41610040220442,1,0,0,0,0,1,0,0,0,0
359,2820820,Jotunnslayer: Hordes of Hel,apr,1,0,0,2,2025-01,225,5.41610040220442,0,1,0,0,0,0,1,0,0,0
359,2820820,Jotunnslayer: Hordes of Hel,apr,1,0,0,3,2025-02,225,5.41610040220442,0,0,1,0,0,0,0,1,0,0
359,2820820,Jotunnslayer: Hordes of Hel,apr,1,0,0,4,2025-03,225,5.41610040220442,0,0,0,1,0,0,0,0,1,0
359,2820820,Jotunnslayer: Hordes of Hel,apr,1,1,1,5,2025-04,225,5.41610040220442,0,0,0,0,1,0,0,0,0,1
360,1643310,Dungeons 4,apr,1,0,0,1,2024-12,122,4.804021044733257,1,0,0,0,0,1,0,0,0,0
360,1643310,Dungeons 4,apr,1,0,0,2,2025-01,122,4.804021044733257,0,1,0,0,0,0,1,0,0,0
360,1643310,Dungeons 4,apr,1,0,0,3,2025-02,122,4.804021044733257,0,0,1,0,0,0,0,1,0,0
360,1643310,Dungeons 4,apr,1,0,0,4,2025-03,122,4.804021044733257,0,0,0,1,0,0,0,0,1,0
360,1643310,Dungeons 4,apr,1,1,1,5,2025-04,122,4.804021044733257,0,0,0,0,1,0,0,0,0,1
361,784950,SUPREMACY: WORLD WAR 3,apr,1,0,0,1,2024-12,664,6.498282149476434,1,0,0,0,0,1,0,0,0,0
361,784950,SUPREMACY: WORLD WAR 3,apr,1,0,0,2,2025-01,664,6.498282149476434,0,1,0,0,0,0,1,0,0,0
361,784950,SUPREMACY: WORLD WAR 3,apr,1,0,0,3,2025-02,664,6.498282149476434,0,0,1,0,0,0,0,1,0,0
361,784950,SUPREMACY: WORLD WAR 3,apr,1,0,0,4,2025-03,664,6.498282149476434,0,0,0,1,0,0,0,0,1,0
361,784950,SUPREMACY: WORLD WAR 3,apr,1,1,1,5,2025-04,664,6.498282149476434,0,0,0,0,1,0,0,0,0,1
362,2646460,Soulmask,apr,1,0,0,1,2024-12,2029,7.615298339825815,1,0,0,0,0,1,0,0,0,0
362,2646460,Soulmask,apr,1,0,0,2,2025-01,2029,7.615298339825815,0,1,0,0,0,0,1,0,0,0
362,2646460,Soulmask,apr,1,0,0,3,2025-02,2029,7.615298339825815,0,0,1,0,0,0,0,1,0,0
362,2646460,Soulmask,apr,1,0,0,4,2025-03,2029,7.615298339825815,0,0,0,1,0,0,0,0,1,0
362,2646460,Soulmask,apr,1,1,1,5,2025-04,2029,7.615298339825815,0,0,0,0,1,0,0,0,0,1
363,2698780,ContractVille,apr,1,0,0,1,2024-12,456,6.1224928095143865,1,0,0,0,0,1,0,0,0,0
363,2698780,ContractVille,apr,1,0,0,2,2025-01,456,6.1224928095143865,0,1,0,0,0,0,1,0,0,0
363,2698780,ContractVille,apr,1,0,0,3,2025-02,456,6.1224928095143865,0,0,1,0,0,0,0,1,0,0
363,2698780,ContractVille,apr,1,0,0,4,2025-03,456,6.1224928095143865,0,0,0,1,0,0,0,0,1,0
363,2698780,ContractVille,apr,1,1,1,5,2025-04,456,6.1224928095143865,0,0,0,0,1,0,0,0,0,1
364,1458140,Pacific Drive,apr,1,0,0,1,2024-12,345,5.84354441703136,1,0,0,0,0,1,0,0,0,0
364,1458140,Pacific Drive,apr,1,0,0,2,2025-01,345,5.84354441703136,0,1,0,0,0,0,1,0,0,0
364,1458140,Pacific Drive,apr,1,0,0,3,2025-02,345,5.84354441703136,0,0,1,0,0,0,0,1,0,0
364,1458140,Pacific Drive,apr,1,0,0,4,2025-03,345,5.84354441703136,0,0,0,1,0,0,0,0,1,0
364,1458140,Pacific Drive,apr,1,1,1,5,2025-04,345,5.84354441703136,0,0,0,0,1,0,0,0,0,1
365,1324780,Easy Red 2,apr,1,0,0,1,2024-12,975,6.882437470997847,1,0,0,0,0,1,0,0,0,0
365,1324780,Easy Red 2,apr,1,0,0,2,2025-01,975,6.882437470997847,0,1,0,0,0,0,1,0,0,0
365,1324780,Easy Red 2,apr,1,0,0,3,2025-02,975,6.882437470997847,0,0,1,0,0,0,0,1,0,0
365,1324780,Easy Red 2,apr,1,0,0,4,2025-03,975,6.882437470997847,0,0,0,1,0,0,0,0,1,0
365,1324780,Easy Red 2,apr,1,1,1,5,2025-04,975,6.882437470997847,0,0,0,0,1,0,0,0,0,1
366,1705180,"Gunner, HEAT, PC!",apr,1,0,0,1,2024-12,119,4.77912349311153,1,0,0,0,0,1,0,0,0,0
366,1705180,"Gunner, HEAT, PC!",apr,1,0,0,2,2025-01,119,4.77912349311153,0,1,0,0,0,0,1,0,0,0
366,1705180,"Gunner, HEAT, PC!",apr,1,0,0,3,2025-02,119,4.77912349311153,0,0,1,0,0,0,0,1,0,0
366,1705180,"Gunner, HEAT, PC!",apr,1,0,0,4,2025-03,119,4.77912349311153,0,0,0,1,0,0,0,0,1,0
366,1705180,"Gunner, HEAT, PC!",apr,1,1,1,5,2025-04,119,4.77912349311153,0,0,0,0,1,0,0,0,0,1
367,2208570,Dark Hours,apr,1,0,0,1,2024-12,178,5.181783550292085,1,0,0,0,0,1,0,0,0,0
367,2208570,Dark Hours,apr,1,0,0,2,2025-01,178,5.181783550292085,0,1,0,0,0,0,1,0,0,0
367,2208570,Dark Hours,apr,1,0,0,3,2025-02,178,5.181783550292085,0,0,1,0,0,0,0,1,0,0
367,2208570,Dark Hours,apr,1,0,0,4,2025-03,178,5.181783550292085,0,0,0,1,0,0,0,0,1,0
367,2208570,Dark Hours,apr,1,1,1,5,2025-04,178,5.181783550292085,0,0,0,0,1,0,0,0,0,1
368,1357210,Galactic Civilizations IV,apr,1,0,0,1,2024-12,295,5.68697535633982,1,0,0,0,0,1,0,0,0,0
368,1357210,Galactic Civilizations IV,apr,1,0,0,2,2025-01,295,5.68697535633982,0,1,0,0,0,0,1,0,0,0
368,1357210,Galactic Civilizations IV,apr,1,0,0,3,2025-02,295,5.68697535633982,0,0,1,0,0,0,0,1,0,0
368,1357210,Galactic Civilizations IV,apr,1,0,0,4,2025-03,295,5.68697535633982,0,0,0,1,0,0,0,0,1,0
368,1357210,Galactic Civilizations IV,apr,1,1,1,5,2025-04,295,5.68697535633982,0,0,0,0,1,0,0,0,0,1
369,2487150,Deconstruction Simulator,apr,1,0,0,1,2024-12,164,5.099866427824199,1,0,0,0,0,1,0,0,0,0
369,2487150,Deconstruction Simulator,apr,1,0,0,2,2025-01,164,5.099866427824199,0,1,0,0,0,0,1,0,0,0
369,2487150,Deconstruction Simulator,apr,1,0,0,3,2025-02,164,5.099866427824199,0,0,1,0,0,0,0,1,0,0
369,2487150,Deconstruction Simulator,apr,1,0,0,4,2025-03,164,5.099866427824199,0,0,0,1,0,0,0,0,1,0
369,2487150,Deconstruction Simulator,apr,1,1,1,5,2025-04,164,5.099866427824199,0,0,0,0,1,0,0,0,0,1
370,2680010,The First Berserker: Khazan,apr,1,0,0,1,2024-12,1035,6.942156705699469,1,0,0,0,0,1,0,0,0,0
370,2680010,The First Berserker: Khazan,apr,1,0,0,2,2025-01,1035,6.942156705699469,0,1,0,0,0,0,1,0,0,0
370,2680010,The First Berserker: Khazan,apr,1,0,0,3,2025-02,1035,6.942156705699469,0,0,1,0,0,0,0,1,0,0
370,2680010,The First Berserker: Khazan,apr,1,0,0,4,2025-03,1035,6.942156705699469,0,0,0,1,0,0,0,0,1,0
370,2680010,The First Berserker: Khazan,apr,1,1,1,5,2025-04,1035,6.942156705699469,0,0,0,0,1,0,0,0,0,1
371,1533390,Gorilla Tag,apr,1,0,0,1,2024-12,856,6.752270376141742,1,0,0,0,0,1,0,0,0,0
371,1533390,Gorilla Tag,apr,1,0,0,2,2025-01,856,6.752270376141742,0,1,0,0,0,0,1,0,0,0
371,1533390,Gorilla Tag,apr,1,0,0,3,2025-02,856,6.752270376141742,0,0,1,0,0,0,0,1,0,0
371,1533390,Gorilla Tag,apr,1,0,0,4,2025-03,856,6.752270376141742,0,0,0,1,0,0,0,0,1,0
371,1533390,Gorilla Tag,apr,1,1,1,5,2025-04,856,6.752270376141742,0,0,0,0,1,0,0,0,0,1
372,2789460,Ale Abbey - Monastery Brewery Tycoon,apr,1,0,0,1,2024-12,65,4.174387269895637,1,0,0,0,0,1,0,0,0,0
372,2789460,Ale Abbey - Monastery Brewery Tycoon,apr,1,0,0,2,2025-01,65,4.174387269895637,0,1,0,0,0,0,1,0,0,0
372,2789460,Ale Abbey - Monastery Brewery Tycoon,apr,1,0,0,3,2025-02,65,4.174387269895637,0,0,1,0,0,0,0,1,0,0
372,2789460,Ale Abbey - Monastery Brewery Tycoon,apr,1,0,0,4,2025-03,65,4.174387269895637,0,0,0,1,0,0,0,0,1,0
372,2789460,Ale Abbey - Monastery Brewery Tycoon,apr,1,1,1,5,2025-04,65,4.174387269895637,0,0,0,0,1,0,0,0,0,1
373,2208570,Dark Hours,apr,1,0,0,1,2024-12,178,5.181783550292085,1,0,0,0,0,1,0,0,0,0
373,2208570,Dark Hours,apr,1,0,0,2,2025-01,178,5.181783550292085,0,1,0,0,0,0,1,0,0,0
373,2208570,Dark Hours,apr,1,0,0,3,2025-02,178,5.181783550292085,0,0,1,0,0,0,0,1,0,0
373,2208570,Dark Hours,apr,1,0,0,4,2025-03,178,5.181783550292085,0,0,0,1,0,0,0,0,1,0
373,2208570,Dark Hours,apr,1,1,1,5,2025-04,178,5.181783550292085,0,0,0,0,1,0,0,0,0,1
374,314650,SpaceEngine,apr,1,0,0,1,2024-12,221,5.3981627015177525,1,0,0,0,0,1,0,0,0,0
374,314650,SpaceEngine,apr,1,0,0,2,2025-01,221,5.3981627015177525,0,1,0,0,0,0,1,0,0,0
374,314650,SpaceEngine,apr,1,0,0,3,2025-02,221,5.3981627015177525,0,0,1,0,0,0,0,1,0,0
374,314650,SpaceEngine,apr,1,0,0,4,2025-03,221,5.3981627015177525,0,0,0,1,0,0,0,0,1,0
374,314650,SpaceEngine,apr,1,1,1,5,2025-04,221,5.3981627015177525,0,0,0,0,1,0,0,0,0,1
375,702320,March of Empires,apr,1,0,0,1,2024-12,857,6.75343791859778,1,0,0,0,0,1,0,0,0,0
375,702320,March of Empires,apr,1,0,0,2,2025-01,857,6.75343791859778,0,1,0,0,0,0,1,0,0,0
375,702320,March of Empires,apr,1,0,0,3,2025-02,857,6.75343791859778,0,0,1,0,0,0,0,1,0,0
375,702320,March of Empires,apr,1,0,0,4,2025-03,857,6.75343791859778,0,0,0,1,0,0,0,0,1,0
375,702320,March of Empires,apr,1,1,1,5,2025-04,857,6.75343791859778,0,0,0,0,1,0,0,0,0,1
376,2163330,Yet Another Zombie Survivors,apr,1,0,0,1,2024-12,572,6.349138991379798,1,0,0,0,0,1,0,0,0,0
376,2163330,Yet Another Zombie Survivors,apr,1,0,0,2,2025-01,572,6.349138991379798,0,1,0,0,0,0,1,0,0,0
376,2163330,Yet Another Zombie Survivors,apr,1,0,0,3,2025-02,572,6.349138991379798,0,0,1,0,0,0,0,1,0,0
376,2163330,Yet Another Zombie Survivors,apr,1,0,0,4,2025-03,572,6.349138991379798,0,0,0,1,0,0,0,0,1,0
376,2163330,Yet Another Zombie Survivors,apr,1,1,1,5,2025-04,572,6.349138991379798,0,0,0,0,1,0,0,0,0,1
377,1857090,Norland,apr,1,0,0,1,2024-12,337,5.820082930352362,1,0,0,0,0,1,0,0,0,0
377,1857090,Norland,apr,1,0,0,2,2025-01,337,5.820082930352362,0,1,0,0,0,0,1,0,0,0
377,1857090,Norland,apr,1,0,0,3,2025-02,337,5.820082930352362,0,0,1,0,0,0,0,1,0,0
377,1857090,Norland,apr,1,0,0,4,2025-03,337,5.820082930352362,0,0,0,1,0,0,0,0,1,0
377,1857090,Norland,apr,1,1,1,5,2025-04,337,5.820082930352362,0,0,0,0,1,0,0,0,0,1
378,1357210,Galactic Civilizations IV,apr,1,0,0,1,2024-12,295,5.68697535633982,1,0,0,0,0,1,0,0,0,0
378,1357210,Galactic Civilizations IV,apr,1,0,0,2,2025-01,295,5.68697535633982,0,1,0,0,0,0,1,0,0,0
378,1357210,Galactic Civilizations IV,apr,1,0,0,3,2025-02,295,5.68697535633982,0,0,1,0,0,0,0,1,0,0
378,1357210,Galactic Civilizations IV,apr,1,0,0,4,2025-03,295,5.68697535633982,0,0,0,1,0,0,0,0,1,0
378,1357210,Galactic Civilizations IV,apr,1,1,1,5,2025-04,295,5.68697535633982,0,0,0,0,1,0,0,0,0,1
379,1864880,Roman Triumph: Survival City Builder,apr,1,0,0,1,2024-12,66,4.189654742026425,1,0,0,0,0,1,0,0,0,0
379,1864880,Roman Triumph: Survival City Builder,apr,1,0,0,2,2025-01,66,4.189654742026425,0,1,0,0,0,0,1,0,0,0
379,1864880,Roman Triumph: Survival City Builder,apr,1,0,0,3,2025-02,66,4.189654742026425,0,0,1,0,0,0,0,1,0,0
379,1864880,Roman Triumph: Survival City Builder,apr,1,0,0,4,2025-03,66,4.189654742026425,0,0,0,1,0,0,0,0,1,0
379,1864880,Roman Triumph: Survival City Builder,apr,1,1,1,5,2025-04,66,4.189654742026425,0,0,0,0,1,0,0,0,0,1
380,1272320,Diplomacy is Not an Option,apr,1,0,0,1,2024-12,894,6.795705775173514,1,0,0,0,0,1,0,0,0,0
380,1272320,Diplomacy is Not an Option,apr,1,0,0,2,2025-01,894,6.795705775173514,0,1,0,0,0,0,1,0,0,0
380,1272320,Diplomacy is Not an Option,apr,1,0,0,3,2025-02,894,6.795705775173514,0,0,1,0,0,0,0,1,0,0
380,1272320,Diplomacy is Not an Option,apr,1,0,0,4,2025-03,894,6.795705775173514,0,0,0,1,0,0,0,0,1,0
380,1272320,Diplomacy is Not an Option,apr,1,1,1,5,2025-04,894,6.795705775173514,0,0,0,0,1,0,0,0,0,1
381,2111630,JR EAST Train Simulator,apr,1,0,0,1,2024-12,121,4.795790545596741,1,0,0,0,0,1,0,0,0,0
381,2111630,JR EAST Train Simulator,apr,1,0,0,2,2025-01,121,4.795790545596741,0,1,0,0,0,0,1,0,0,0
381,2111630,JR EAST Train Simulator,apr,1,0,0,3,2025-02,121,4.795790545596741,0,0,1,0,0,0,0,1,0,0
381,2111630,JR EAST Train Simulator,apr,1,0,0,4,2025-03,121,4.795790545596741,0,0,0,1,0,0,0,0,1,0
381,2111630,JR EAST Train Simulator,apr,1,1,1,5,2025-04,121,4.795790545596741,0,0,0,0,1,0,0,0,0,1
382,3026450,Deadly Days: Roadtrip,apr,1,0,0,1,2024-12,230,5.438079308923196,1,0,0,0,0,1,0,0,0,0
382,3026450,Deadly Days: Roadtrip,apr,1,0,0,2,2025-01,230,5.438079308923196,0,1,0,0,0,0,1,0,0,0
382,3026450,Deadly Days: Roadtrip,apr,1,0,0,3,2025-02,230,5.438079308923196,0,0,1,0,0,0,0,1,0,0
382,3026450,Deadly Days: Roadtrip,apr,1,0,0,4,2025-03,230,5.438079308923196,0,0,0,1,0,0,0,0,1,0
382,3026450,Deadly Days: Roadtrip,apr,1,1,1,5,2025-04,230,5.438079308923196,0,0,0,0,1,0,0,0,0,1
383,919640,Steel Division 2,apr,1,0,0,1,2024-12,328,5.793013608384144,1,0,0,0,0,1,0,0,0,0
383,919640,Steel Division 2,apr,1,0,0,2,2025-01,328,5.793013608384144,0,1,0,0,0,0,1,0,0,0
383,919640,Steel Division 2,apr,1,0,0,3,2025-02,328,5.793013608384144,0,0,1,0,0,0,0,1,0,0
383,919640,Steel Division 2,apr,1,0,0,4,2025-03,328,5.793013608384144,0,0,0,1,0,0,0,0,1,0
383,919640,Steel Division 2,apr,1,1,1,5,2025-04,328,5.793013608384144,0,0,0,0,1,0,0,0,0,1
384,919640,Steel Division 2,apr,1,0,0,1,2024-12,328,5.793013608384144,1,0,0,0,0,1,0,0,0,0
384,919640,Steel Division 2,apr,1,0,0,2,2025-01,328,5.793013608384144,0,1,0,0,0,0,1,0,0,0
384,919640,Steel Division 2,apr,1,0,0,3,2025-02,328,5.793013608384144,0,0,1,0,0,0,0,1,0,0
384,919640,Steel Division 2,apr,1,0,0,4,2025-03,328,5.793013608384144,0,0,0,1,0,0,0,0,1,0
384,919640,Steel Division 2,apr,1,1,1,5,2025-04,328,5.793013608384144,0,0,0,0,1,0,0,0,0,1
385,2389040,ShapeHero Factory,apr,1,0,0,1,2024-12,304,5.717027701406222,1,0,0,0,0,1,0,0,0,0
385,2389040,ShapeHero Factory,apr,1,0,0,2,2025-01,304,5.717027701406222,0,1,0,0,0,0,1,0,0,0
385,2389040,ShapeHero Factory,apr,1,0,0,3,2025-02,304,5.717027701406222,0,0,1,0,0,0,0,1,0,0
385,2389040,ShapeHero Factory,apr,1,0,0,4,2025-03,304,5.717027701406222,0,0,0,1,0,0,0,0,1,0
385,2389040,ShapeHero Factory,apr,1,1,1,5,2025-04,304,5.717027701406222,0,0,0,0,1,0,0,0,0,1
386,1902960,Lost Records: Bloom & Rage,apr,1,0,0,1,2024-12,48,3.871201010907891,1,0,0,0,0,1,0,0,0,0
386,1902960,Lost Records: Bloom & Rage,apr,1,0,0,2,2025-01,48,3.871201010907891,0,1,0,0,0,0,1,0,0,0
386,1902960,Lost Records: Bloom & Rage,apr,1,0,0,3,2025-02,48,3.871201010907891,0,0,1,0,0,0,0,1,0,0
386,1902960,Lost Records: Bloom & Rage,apr,1,0,0,4,2025-03,48,3.871201010907891,0,0,0,1,0,0,0,0,1,0
386,1902960,Lost Records: Bloom & Rage,apr,1,1,1,5,2025-04,48,3.871201010907891,0,0,0,0,1,0,0,0,0,1
387,3026450,Deadly Days: Roadtrip,apr,1,0,0,1,2024-12,240,5.480638923341991,1,0,0,0,0,1,0,0,0,0
387,3026450,Deadly Days: Roadtrip,apr,1,0,0,2,2025-01,240,5.480638923341991,0,1,0,0,0,0,1,0,0,0
387,3026450,Deadly Days: Roadtrip,apr,1,0,0,3,2025-02,240,5.480638923341991,0,0,1,0,0,0,0,1,0,0
387,3026450,Deadly Days: Roadtrip,apr,1,0,0,4,2025-03,240,5.480638923341991,0,0,0,1,0,0,0,0,1,0
387,3026450,Deadly Days: Roadtrip,apr,1,1,1,5,2025-04,240,5.480638923341991,0,0,0,0,1,0,0,0,0,1
388,291480,Warface: Clutch,apr,1,0,0,1,2024-12,320,5.768320995793772,1,0,0,0,0,1,0,0,0,0
388,291480,Warface: Clutch,apr,1,0,0,2,2025-01,320,5.768320995793772,0,1,0,0,0,0,1,0,0,0
388,291480,Warface: Clutch,apr,1,0,0,3,2025-02,320,5.768320995793772,0,0,1,0,0,0,0,1,0,0
388,291480,Warface: Clutch,apr,1,0,0,4,2025-03,320,5.768320995793772,0,0,0,1,0,0,0,0,1,0
388,291480,Warface: Clutch,apr,1,1,1,5,2025-04,320,5.768320995793772,0,0,0,0,1,0,0,0,0,1
389,1548850,Six Days in Fallujah,apr,1,0,0,1,2024-12,52,3.9512437185814275,1,0,0,0,0,1,0,0,0,0
389,1548850,Six Days in Fallujah,apr,1,0,0,2,2025-01,52,3.9512437185814275,0,1,0,0,0,0,1,0,0,0
389,1548850,Six Days in Fallujah,apr,1,0,0,3,2025-02,52,3.9512437185814275,0,0,1,0,0,0,0,1,0,0
389,1548850,Six Days in Fallujah,apr,1,0,0,4,2025-03,52,3.9512437185814275,0,0,0,1,0,0,0,0,1,0
389,1548850,Six Days in Fallujah,apr,1,1,1,5,2025-04,52,3.9512437185814275,0,0,0,0,1,0,0,0,0,1
390,1479730,Commandos: Origins,apr,1,0,0,1,2024-12,260,5.560681631015528,1,0,0,0,0,1,0,0,0,0
390,1479730,Commandos: Origins,apr,1,0,0,2,2025-01,260,5.560681631015528,0,1,0,0,0,0,1,0,0,0
390,1479730,Commandos: Origins,apr,1,0,0,3,2025-02,260,5.560681631015528,0,0,1,0,0,0,0,1,0,0
390,1479730,Commandos: Origins,apr,1,0,0,4,2025-03,260,5.560681631015528,0,0,0,1,0,0,0,0,1,0
390,1479730,Commandos: Origins,apr,1,1,1,5,2025-04,260,5.560681631015528,0,0,0,0,1,0,0,0,0,1
391,2378900,The Coffin of Andy and Leyley,apr,1,0,0,1,2024-12,188,5.236441962829949,1,0,0,0,0,1,0,0,0,0
391,2378900,The Coffin of Andy and Leyley,apr,1,0,0,2,2025-01,188,5.236441962829949,0,1,0,0,0,0,1,0,0,0
391,2378900,The Coffin of Andy and Leyley,apr,1,0,0,3,2025-02,188,5.236441962829949,0,0,1,0,0,0,0,1,0,0
391,2378900,The Coffin of Andy and Leyley,apr,1,0,0,4,2025-03,188,5.236441962829949,0,0,0,1,0,0,0,0,1,0
391,2378900,The Coffin of Andy and Leyley,apr,1,1,1,5,2025-04,188,5.236441962829949,0,0,0,0,1,0,0,0,0,1
392,469600,Legion TD 2 - Multiplayer Tower Defense,apr,1,0,0,1,2024-12,987,6.894670039433482,1,0,0,0,0,1,0,0,0,0
392,469600,Legion TD 2 - Multiplayer Tower Defense,apr,1,0,0,2,2025-01,987,6.894670039433482,0,1,0,0,0,0,1,0,0,0
392,469600,Legion TD 2 - Multiplayer Tower Defense,apr,1,0,0,3,2025-02,987,6.894670039433482,0,0,1,0,0,0,0,1,0,0
392,469600,Legion TD 2 - Multiplayer Tower Defense,apr,1,0,0,4,2025-03,987,6.894670039433482,0,0,0,1,0,0,0,0,1,0
392,469600,Legion TD 2 - Multiplayer Tower Defense,apr,1,1,1,5,2025-04,987,6.894670039433482,0,0,0,0,1,0,0,0,0,1
393,304050,Trove,apr,1,0,0,1,2024-12,694,6.542471960506805,1,0,0,0,0,1,0,0,0,0
393,304050,Trove,apr,1,0,0,2,2025-01,694,6.542471960506805,0,1,0,0,0,0,1,0,0,0
393,304050,Trove,apr,1,0,0,3,2025-02,694,6.542471960506805,0,0,1,0,0,0,0,1,0,0
393,304050,Trove,apr,1,0,0,4,2025-03,694,6.542471960506805,0,0,0,1,0,0,0,0,1,0
393,304050,Trove,apr,1,1,1,5,2025-04,694,6.542471960506805,0,0,0,0,1,0,0,0,0,1
394,1272320,Diplomacy is Not an Option,apr,1,0,0,1,2024-12,894,6.795705775173514,1,0,0,0,0,1,0,0,0,0
394,1272320,Diplomacy is Not an Option,apr,1,0,0,2,2025-01,894,6.795705775173514,0,1,0,0,0,0,1,0,0,0
394,1272320,Diplomacy is Not an Option,apr,1,0,0,3,2025-02,894,6.795705775173514,0,0,1,0,0,0,0,1,0,0
394,1272320,Diplomacy is Not an Option,apr,1,0,0,4,2025-03,894,6.795705775173514,0,0,0,1,0,0,0,0,1,0
394,1272320,Diplomacy is Not an Option,apr,1,1,1,5,2025-04,894,6.795705775173514,0,0,0,0,1,0,0,0,0,1
395,463530,Empires of the Undergrowth,apr,1,0,0,1,2024-12,682,6.525029657843462,1,0,0,0,0,1,0,0,0,0
395,463530,Empires of the Undergrowth,apr,1,0,0,2,2025-01,682,6.525029657843462,0,1,0,0,0,0,1,0,0,0
395,463530,Empires of the Undergrowth,apr,1,0,0,3,2025-02,682,6.525029657843462,0,0,1,0,0,0,0,1,0,0
395,463530,Empires of the Undergrowth,apr,1,0,0,4,2025-03,682,6.525029657843462,0,0,0,1,0,0,0,0,1,0
395,463530,Empires of the Undergrowth,apr,1,1,1,5,2025-04,682,6.525029657843462,0,0,0,0,1,0,0,0,0,1
396,2700340,X4: Timelines,apr,1,0,0,1,2024-12,1000,6.907755278982137,1,0,0,0,0,1,0,0,0,0
396,2700340,X4: Timelines,apr,1,0,0,2,2025-01,1000,6.907755278982137,0,1,0,0,0,0,1,0,0,0
396,2700340,X4: Timelines,apr,1,0,0,3,2025-02,1000,6.907755278982137,0,0,1,0,0,0,0,1,0,0
396,2700340,X4: Timelines,apr,1,0,0,4,2025-03,1000,6.907755278982137,0,0,0,1,0,0,0,0,1,0
396,2700340,X4: Timelines,apr,1,1,1,5,2025-04,1000,6.907755278982137,0,0,0,0,1,0,0,0,0,1
397,2111630,JR EAST Train Simulator,apr,1,0,0,1,2024-12,121,4.795790545596741,1,0,0,0,0,1,0,0,0,0
397,2111630,JR EAST Train Simulator,apr,1,0,0,2,2025-01,121,4.795790545596741,0,1,0,0,0,0,1,0,0,0
397,2111630,JR EAST Train Simulator,apr,1,0,0,3,2025-02,121,4.795790545596741,0,0,1,0,0,0,0,1,0,0
397,2111630,JR EAST Train Simulator,apr,1,0,0,4,2025-03,121,4.795790545596741,0,0,0,1,0,0,0,0,1,0
397,2111630,JR EAST Train Simulator,apr,1,1,1,5,2025-04,121,4.795790545596741,0,0,0,0,1,0,0,0,0,1
398,204360,Castle Crashers®,apr,1,0,0,1,2024-12,616,6.423246963533519,1,0,0,0,0,1,0,0,0,0
398,204360,Castle Crashers®,apr,1,0,0,2,2025-01,616,6.423246963533519,0,1,0,0,0,0,1,0,0,0
398,204360,Castle Crashers®,apr,1,0,0,3,2025-02,616,6.423246963533519,0,0,1,0,0,0,0,1,0,0
398,204360,Castle Crashers®,apr,1,0,0,4,2025-03,616,6.423246963533519,0,0,0,1,0,0,0,0,1,0
398,204360,Castle Crashers®,apr,1,1,1,5,2025-04,616,6.423246963533519,0,0,0,0,1,0,0,0,0,1
399,2393160,Nice Day for Fishing,apr,1,0,0,1,2024-12,144,4.969813299576001,1,0,0,0,0,1,0,0,0,0
399,2393160,Nice Day for Fishing,apr,1,0,0,2,2025-01,144,4.969813299576001,0,1,0,0,0,0,1,0,0,0
399,2393160,Nice Day for Fishing,apr,1,0,0,3,2025-02,144,4.969813299576001,0,0,1,0,0,0,0,1,0,0
399,2393160,Nice Day for Fishing,apr,1,0,0,4,2025-03,144,4.969813299576001,0,0,0,1,0,0,0,0,1,0
399,2393160,Nice Day for Fishing,apr,1,1,1,5,2025-04,144,4.969813299576001,0,0,0,0,1,0,0,0,0,1
400,247000,Talisman: Digital Classic Edition,apr,1,0,0,1,2024-12,143,4.962844630259907,1,0,0,0,0,1,0,0,0,0
400,247000,Talisman: Digital Classic Edition,apr,1,0,0,2,2025-01,143,4.962844630259907,0,1,0,0,0,0,1,0,0,0
400,247000,Talisman: Digital Classic Edition,apr,1,0,0,3,2025-02,143,4.962844630259907,0,0,1,0,0,0,0,1,0,0
400,247000,Talisman: Digital Classic Edition,apr,1,0,0,4,2025-03,143,4.962844630259907,0,0,0,1,0,0,0,0,1,0
400,247000,Talisman: Digital Classic Edition,apr,1,1,1,5,2025-04,143,4.962844630259907,0,0,0,0,1,0,0,0,0,1
401,1808500,ARC Raiders,control,0,0,0,1,2024-12,186569,12.13655642283315,1,0,0,0,0,0,0,0,0,0
401,1808500,ARC Raiders,control,0,0,0,2,2025-01,186569,12.13655642283315,0,1,0,0,0,0,0,0,0,0
401,1808500,ARC Raiders,control,0,0,0,3,2025-02,186569,12.13655642283315,0,0,1,0,0,0,0,0,0,0
401,1808500,ARC Raiders,control,0,0,0,4,2025-03,186569,12.13655642283315,0,0,0,1,0,0,0,0,0,0
401,1808500,ARC Raiders,control,0,0,0,5,2025-04,186569,12.13655642283315,0,0,0,0,1,0,0,0,0,0
402,381210,Dead by Daylight,control,0,0,0,1,2024-12,70302,11.16055552689621,1,0,0,0,0,0,0,0,0,0
402,381210,Dead by Daylight,control,0,0,0,2,2025-01,70302,11.16055552689621,0,1,0,0,0,0,0,0,0,0
402,381210,Dead by Daylight,control,0,0,0,3,2025-02,70302,11.16055552689621,0,0,1,0,0,0,0,0,0,0
402,381210,Dead by Daylight,control,0,0,0,4,2025-03,70302,11.16055552689621,0,0,0,1,0,0,0,0,0,0
402,381210,Dead by Daylight,control,0,0,0,5,2025-04,70302,11.16055552689621,0,0,0,0,1,0,0,0,0,0
403,3405690,EA SPORTS FC™ 26,control,0,0,0,1,2024-12,69185,11.144539355103484,1,0,0,0,0,0,0,0,0,0
403,3405690,EA SPORTS FC™ 26,control,0,0,0,2,2025-01,69185,11.144539355103484,0,1,0,0,0,0,0,0,0,0
403,3405690,EA SPORTS FC™ 26,control,0,0,0,3,2025-02,69185,11.144539355103484,0,0,1,0,0,0,0,0,0,0
403,3405690,EA SPORTS FC™ 26,control,0,0,0,4,2025-03,69185,11.144539355103484,0,0,0,1,0,0,0,0,0,0
403,3405690,EA SPORTS FC™ 26,control,0,0,0,5,2025-04,69185,11.144539355103484,0,0,0,0,1,0,0,0,0,0
404,3564740,Where Winds Meet,control,0,0,0,1,2024-12,52951,10.877122236592484,1,0,0,0,0,0,0,0,0,0
404,3564740,Where Winds Meet,control,0,0,0,2,2025-01,52951,10.877122236592484,0,1,0,0,0,0,0,0,0,0
404,3564740,Where Winds Meet,control,0,0,0,3,2025-02,52951,10.877122236592484,0,0,1,0,0,0,0,0,0,0
404,3564740,Where Winds Meet,control,0,0,0,4,2025-03,52951,10.877122236592484,0,0,0,1,0,0,0,0,0,0
404,3564740,Where Winds Meet,control,0,0,0,5,2025-04,52951,10.877122236592484,0,0,0,0,1,0,0,0,0,0
405,230410,Warframe,control,0,0,0,1,2024-12,73005,11.198283210935664,1,0,0,0,0,0,0,0,0,0
405,230410,Warframe,control,0,0,0,2,2025-01,73005,11.198283210935664,0,1,0,0,0,0,0,0,0,0
405,230410,Warframe,control,0,0,0,3,2025-02,73005,11.198283210935664,0,0,1,0,0,0,0,0,0,0
405,230410,Warframe,control,0,0,0,4,2025-03,73005,11.198283210935664,0,0,0,1,0,0,0,0,0,0
405,230410,Warframe,control,0,0,0,5,2025-04,73005,11.198283210935664,0,0,0,0,1,0,0,0,0,0
406,236390,War Thunder,control,0,0,0,1,2024-12,90717,11.415500049631726,1,0,0,0,0,0,0,0,0,0
406,236390,War Thunder,control,0,0,0,2,2025-01,90717,11.415500049631726,0,1,0,0,0,0,0,0,0,0
406,236390,War Thunder,control,0,0,0,3,2025-02,90717,11.415500049631726,0,0,1,0,0,0,0,0,0,0
406,236390,War Thunder,control,0,0,0,4,2025-03,90717,11.415500049631726,0,0,0,1,0,0,0,0,0,0
406,236390,War Thunder,control,0,0,0,5,2025-04,90717,11.415500049631726,0,0,0,0,1,0,0,0,0,0
407,1174180,Red Dead Redemption 2,control,0,0,0,1,2024-12,53437,10.886258668910195,1,0,0,0,0,0,0,0,0,0
407,1174180,Red Dead Redemption 2,control,0,0,0,2,2025-01,53437,10.886258668910195,0,1,0,0,0,0,0,0,0,0
407,1174180,Red Dead Redemption 2,control,0,0,0,3,2025-02,53437,10.886258668910195,0,0,1,0,0,0,0,0,0,0
407,1174180,Red Dead Redemption 2,control,0,0,0,4,2025-03,53437,10.886258668910195,0,0,0,1,0,0,0,0,0,0
407,1174180,Red Dead Redemption 2,control,0,0,0,5,2025-04,53437,10.886258668910195,0,0,0,0,1,0,0,0,0,0
408,2767030,Marvel Rivals,control,0,0,0,1,2024-12,76512,11.245202870258051,1,0,0,0,0,0,0,0,0,0
408,2767030,Marvel Rivals,control,0,0,0,2,2025-01,76512,11.245202870258051,0,1,0,0,0,0,0,0,0,0
408,2767030,Marvel Rivals,control,0,0,0,3,2025-02,76512,11.245202870258051,0,0,1,0,0,0,0,0,0,0
408,2767030,Marvel Rivals,control,0,0,0,4,2025-03,76512,11.245202870258051,0,0,0,1,0,0,0,0,0,0
408,2767030,Marvel Rivals,control,0,0,0,5,2025-04,76512,11.245202870258051,0,0,0,0,1,0,0,0,0,0
409,227300,Euro Truck Simulator 2,control,0,0,0,1,2024-12,43569,10.682101167275913,1,0,0,0,0,0,0,0,0,0
409,227300,Euro Truck Simulator 2,control,0,0,0,2,2025-01,43569,10.682101167275913,0,1,0,0,0,0,0,0,0,0
409,227300,Euro Truck Simulator 2,control,0,0,0,3,2025-02,43569,10.682101167275913,0,0,1,0,0,0,0,0,0,0
409,227300,Euro Truck Simulator 2,control,0,0,0,4,2025-03,43569,10.682101167275913,0,0,0,1,0,0,0,0,0,0
409,227300,Euro Truck Simulator 2,control,0,0,0,5,2025-04,43569,10.682101167275913,0,0,0,0,1,0,0,0,0,0
410,1551360,Forza Horizon 5,control,0,0,0,1,2024-12,25096,10.130463749870515,1,0,0,0,0,0,0,0,0,0
410,1551360,Forza Horizon 5,control,0,0,0,2,2025-01,25096,10.130463749870515,0,1,0,0,0,0,0,0,0,0
410,1551360,Forza Horizon 5,control,0,0,0,3,2025-02,25096,10.130463749870515,0,0,1,0,0,0,0,0,0,0
410,1551360,Forza Horizon 5,control,0,0,0,4,2025-03,25096,10.130463749870515,0,0,0,1,0,0,0,0,0,0
410,1551360,Forza Horizon 5,control,0,0,0,5,2025-04,25096,10.130463749870515,0,0,0,0,1,0,0,0,0,0
411,3419520,Quarantine Zone: The Last Check,control,0,0,0,1,2024-12,6690,8.808369153122275,1,0,0,0,0,0,0,0,0,0
411,3419520,Quarantine Zone: The Last Check,control,0,0,0,2,2025-01,6690,8.808369153122275,0,1,0,0,0,0,0,0,0,0
411,3419520,Quarantine Zone: The Last Check,control,0,0,0,3,2025-02,6690,8.808369153122275,0,0,1,0,0,0,0,0,0,0
411,3419520,Quarantine Zone: The Last Check,control,0,0,0,4,2025-03,6690,8.808369153122275,0,0,0,1,0,0,0,0,0,0
411,3419520,Quarantine Zone: The Last Check,control,0,0,0,5,2025-04,6690,8.808369153122275,0,0,0,0,1,0,0,0,0,0
412,1172470,Apex Legends™,control,0,0,0,1,2024-12,141809,11.86223636074165,1,0,0,0,0,0,0,0,0,0
412,1172470,Apex Legends™,control,0,0,0,2,2025-01,141809,11.86223636074165,0,1,0,0,0,0,0,0,0,0
412,1172470,Apex Legends™,control,0,0,0,3,2025-02,141809,11.86223636074165,0,0,1,0,0,0,0,0,0,0
412,1172470,Apex Legends™,control,0,0,0,4,2025-03,141809,11.86223636074165,0,0,0,1,0,0,0,0,0,0
412,1172470,Apex Legends™,control,0,0,0,5,2025-04,141809,11.86223636074165,0,0,0,0,1,0,0,0,0,0
413,553850,HELLDIVERS™ 2,control,0,0,0,1,2024-12,39292,10.578776214794761,1,0,0,0,0,0,0,0,0,0
413,553850,HELLDIVERS™ 2,control,0,0,0,2,2025-01,39292,10.578776214794761,0,1,0,0,0,0,0,0,0,0
413,553850,HELLDIVERS™ 2,control,0,0,0,3,2025-02,39292,10.578776214794761,0,0,1,0,0,0,0,0,0,0
413,553850,HELLDIVERS™ 2,control,0,0,0,4,2025-03,39292,10.578776214794761,0,0,0,1,0,0,0,0,0,0
413,553850,HELLDIVERS™ 2,control,0,0,0,5,2025-04,39292,10.578776214794761,0,0,0,0,1,0,0,0,0,0
414,3949040,RV There Yet?,control,0,0,0,1,2024-12,5423,8.59840444684106,1,0,0,0,0,0,0,0,0,0
414,3949040,RV There Yet?,control,0,0,0,2,2025-01,5423,8.59840444684106,0,1,0,0,0,0,0,0,0,0
414,3949040,RV There Yet?,control,0,0,0,3,2025-02,5423,8.59840444684106,0,0,1,0,0,0,0,0,0,0
414,3949040,RV There Yet?,control,0,0,0,4,2025-03,5423,8.59840444684106,0,0,0,1,0,0,0,0,0,0
414,3949040,RV There Yet?,control,0,0,0,5,2025-04,5423,8.59840444684106,0,0,0,0,1,0,0,0,0,0
415,552990,World of Warships,control,0,0,0,1,2024-12,10258,9.235813167949214,1,0,0,0,0,0,0,0,0,0
415,552990,World of Warships,control,0,0,0,2,2025-01,10258,9.235813167949214,0,1,0,0,0,0,0,0,0,0
415,552990,World of Warships,control,0,0,0,3,2025-02,10258,9.235813167949214,0,0,1,0,0,0,0,0,0,0
415,552990,World of Warships,control,0,0,0,4,2025-03,10258,9.235813167949214,0,0,0,1,0,0,0,0,0,0
415,552990,World of Warships,control,0,0,0,5,2025-04,10258,9.235813167949214,0,0,0,0,1,0,0,0,0,0
416,3513350,Wuthering Waves,control,0,0,0,1,2024-12,11447,9.345482965918476,1,0,0,0,0,0,0,0,0,0
416,3513350,Wuthering Waves,control,0,0,0,2,2025-01,11447,9.345482965918476,0,1,0,0,0,0,0,0,0,0
416,3513350,Wuthering Waves,control,0,0,0,3,2025-02,11447,9.345482965918476,0,0,1,0,0,0,0,0,0,0
416,3513350,Wuthering Waves,control,0,0,0,4,2025-03,11447,9.345482965918476,0,0,0,1,0,0,0,0,0,0
416,3513350,Wuthering Waves,control,0,0,0,5,2025-04,11447,9.345482965918476,0,0,0,0,1,0,0,0,0,0
417,2362060,CODE VEIN II,control,0,0,0,1,2024-12,9637,9.173365135851288,1,0,0,0,0,0,0,0,0,0
417,2362060,CODE VEIN II,control,0,0,0,2,2025-01,9637,9.173365135851288,0,1,0,0,0,0,0,0,0,0
417,2362060,CODE VEIN II,control,0,0,0,3,2025-02,9637,9.173365135851288,0,0,1,0,0,0,0,0,0,0
417,2362060,CODE VEIN II,control,0,0,0,4,2025-03,9637,9.173365135851288,0,0,0,1,0,0,0,0,0,0
417,2362060,CODE VEIN II,control,0,0,0,5,2025-04,9637,9.173365135851288,0,0,0,0,1,0,0,0,0,0
418,578080,PUBG: BATTLEGROUNDS,control,0,0,0,1,2024-12,537913,13.19545211603027,1,0,0,0,0,0,0,0,0,0
418,578080,PUBG: BATTLEGROUNDS,control,0,0,0,2,2025-01,537913,13.19545211603027,0,1,0,0,0,0,0,0,0,0
418,578080,PUBG: BATTLEGROUNDS,control,0,0,0,3,2025-02,537913,13.19545211603027,0,0,1,0,0,0,0,0,0,0
418,578080,PUBG: BATTLEGROUNDS,control,0,0,0,4,2025-03,537913,13.19545211603027,0,0,0,1,0,0,0,0,0,0
418,578080,PUBG: BATTLEGROUNDS,control,0,0,0,5,2025-04,537913,13.19545211603027,0,0,0,0,1,0,0,0,0,0
419,2694490,Path of Exile 2,control,0,0,0,1,2024-12,34638,10.45270662428899,1,0,0,0,0,0,0,0,0,0
419,2694490,Path of Exile 2,control,0,0,0,2,2025-01,34638,10.45270662428899,0,1,0,0,0,0,0,0,0,0
419,2694490,Path of Exile 2,control,0,0,0,3,2025-02,34638,10.45270662428899,0,0,1,0,0,0,0,0,0,0
419,2694490,Path of Exile 2,control,0,0,0,4,2025-03,34638,10.45270662428899,0,0,0,1,0,0,0,0,0,0
419,2694490,Path of Exile 2,control,0,0,0,5,2025-04,34638,10.45270662428899,0,0,0,0,1,0,0,0,0,0
420,1631270,StarRupture,control,0,0,0,1,2024-12,8645,9.064736398117391,1,0,0,0,0,0,0,0,0,0
420,1631270,StarRupture,control,0,0,0,2,2025-01,8645,9.064736398117391,0,1,0,0,0,0,0,0,0,0
420,1631270,StarRupture,control,0,0,0,3,2025-02,8645,9.064736398117391,0,0,1,0,0,0,0,0,0,0
420,1631270,StarRupture,control,0,0,0,4,2025-03,8645,9.064736398117391,0,0,0,1,0,0,0,0,0,0
420,1631270,StarRupture,control,0,0,0,5,2025-04,8645,9.064736398117391,0,0,0,0,1,0,0,0,0,0
421,2073620,Arena Breakout: Infinite,control,0,0,0,1,2024-12,29191,10.281615721568997,1,0,0,0,0,0,0,0,0,0
421,2073620,Arena Breakout: Infinite,control,0,0,0,2,2025-01,29191,10.281615721568997,0,1,0,0,0,0,0,0,0,0
421,2073620,Arena Breakout: Infinite,control,0,0,0,3,2025-02,29191,10.281615721568997,0,0,1,0,0,0,0,0,0,0
421,2073620,Arena Breakout: Infinite,control,0,0,0,4,2025-03,29191,10.281615721568997,0,0,0,1,0,0,0,0,0,0
421,2073620,Arena Breakout: Infinite,control,0,0,0,5,2025-04,29191,10.281615721568997,0,0,0,0,1,0,0,0,0,0
422,2807960,Battlefield™ 6,control,0,0,0,1,2024-12,44133,10.694963080918322,1,0,0,0,0,0,0,0,0,0
422,2807960,Battlefield™ 6,control,0,0,0,2,2025-01,44133,10.694963080918322,0,1,0,0,0,0,0,0,0,0
422,2807960,Battlefield™ 6,control,0,0,0,3,2025-02,44133,10.694963080918322,0,0,1,0,0,0,0,0,0,0
422,2807960,Battlefield™ 6,control,0,0,0,4,2025-03,44133,10.694963080918322,0,0,0,1,0,0,0,0,0,0
422,2807960,Battlefield™ 6,control,0,0,0,5,2025-04,44133,10.694963080918322,0,0,0,0,1,0,0,0,0,0
423,2592160,Dispatch,control,0,0,0,1,2024-12,2572,7.85243908535751,1,0,0,0,0,0,0,0,0,0
423,2592160,Dispatch,control,0,0,0,2,2025-01,2572,7.85243908535751,0,1,0,0,0,0,0,0,0,0
423,2592160,Dispatch,control,0,0,0,3,2025-02,2572,7.85243908535751,0,0,1,0,0,0,0,0,0,0
423,2592160,Dispatch,control,0,0,0,4,2025-03,2572,7.85243908535751,0,0,0,1,0,0,0,0,0,0
423,2592160,Dispatch,control,0,0,0,5,2025-04,2572,7.85243908535751,0,0,0,0,1,0,0,0,0,0
424,4318580,Dead by Daylight: Stranger Things Chapter 2,control,0,0,0,1,2024-12,1000,6.907755278982137,1,0,0,0,0,0,0,0,0,0
424,4318580,Dead by Daylight: Stranger Things Chapter 2,control,0,0,0,2,2025-01,1000,6.907755278982137,0,1,0,0,0,0,0,0,0,0
424,4318580,Dead by Daylight: Stranger Things Chapter 2,control,0,0,0,3,2025-02,1000,6.907755278982137,0,0,1,0,0,0,0,0,0,0
424,4318580,Dead by Daylight: Stranger Things Chapter 2,control,0,0,0,4,2025-03,1000,6.907755278982137,0,0,0,1,0,0,0,0,0,0
424,4318580,Dead by Daylight: Stranger Things Chapter 2,control,0,0,0,5,2025-04,1000,6.907755278982137,0,0,0,0,1,0,0,0,0,0
425,3274580,Anno 117: Pax Romana,control,0,0,0,1,2024-12,2813,7.9420068084898565,1,0,0,0,0,0,0,0,0,0
425,3274580,Anno 117: Pax Romana,control,0,0,0,2,2025-01,2813,7.9420068084898565,0,1,0,0,0,0,0,0,0,0
425,3274580,Anno 117: Pax Romana,control,0,0,0,3,2025-02,2813,7.9420068084898565,0,0,1,0,0,0,0,0,0,0
425,3274580,Anno 117: Pax Romana,control,0,0,0,4,2025-03,2813,7.9420068084898565,0,0,0,1,0,0,0,0,0,0
425,3274580,Anno 117: Pax Romana,control,0,0,0,5,2025-04,2813,7.9420068084898565,0,0,0,0,1,0,0,0,0,0
426,1675200,Steam Deck,control,0,0,0,1,2024-12,1000,6.907755278982137,1,0,0,0,0,0,0,0,0,0
426,1675200,Steam Deck,control,0,0,0,2,2025-01,1000,6.907755278982137,0,1,0,0,0,0,0,0,0,0
426,1675200,Steam Deck,control,0,0,0,3,2025-02,1000,6.907755278982137,0,0,1,0,0,0,0,0,0,0
426,1675200,Steam Deck,control,0,0,0,4,2025-03,1000,6.907755278982137,0,0,0,1,0,0,0,0,0,0
426,1675200,Steam Deck,control,0,0,0,5,2025-04,1000,6.907755278982137,0,0,0,0,1,0,0,0,0,0
427,1085660,Destiny 2,control,0,0,0,1,2024-12,13656,9.521934264474277,1,0,0,0,0,0,0,0,0,0
427,1085660,Destiny 2,control,0,0,0,2,2025-01,13656,9.521934264474277,0,1,0,0,0,0,0,0,0,0
427,1085660,Destiny 2,control,0,0,0,3,2025-02,13656,9.521934264474277,0,0,1,0,0,0,0,0,0,0
427,1085660,Destiny 2,control,0,0,0,4,2025-03,13656,9.521934264474277,0,0,0,1,0,0,0,0,0,0
427,1085660,Destiny 2,control,0,0,0,5,2025-04,13656,9.521934264474277,0,0,0,0,1,0,0,0,0,0
428,2139460,Once Human,control,0,0,0,1,2024-12,18365,9.818201958253768,1,0,0,0,0,0,0,0,0,0
428,2139460,Once Human,control,0,0,0,2,2025-01,18365,9.818201958253768,0,1,0,0,0,0,0,0,0,0
428,2139460,Once Human,control,0,0,0,3,2025-02,18365,9.818201958253768,0,0,1,0,0,0,0,0,0,0
428,2139460,Once Human,control,0,0,0,4,2025-03,18365,9.818201958253768,0,0,0,1,0,0,0,0,0,0
428,2139460,Once Human,control,0,0,0,5,2025-04,18365,9.818201958253768,0,0,0,0,1,0,0,0,0,0
429,3472040,NBA 2K26,control,0,0,0,1,2024-12,24961,10.125069885783383,1,0,0,0,0,0,0,0,0,0
429,3472040,NBA 2K26,control,0,0,0,2,2025-01,24961,10.125069885783383,0,1,0,0,0,0,0,0,0,0
429,3472040,NBA 2K26,control,0,0,0,3,2025-02,24961,10.125069885783383,0,0,1,0,0,0,0,0,0,0
429,3472040,NBA 2K26,control,0,0,0,4,2025-03,24961,10.125069885783383,0,0,0,1,0,0,0,0,0,0
429,3472040,NBA 2K26,control,0,0,0,5,2025-04,24961,10.125069885783383,0,0,0,0,1,0,0,0,0,0
430,2840770,Avatar: Frontiers of Pandora™,control,0,0,0,1,2024-12,4089,8.316055720364643,1,0,0,0,0,0,0,0,0,0
430,2840770,Avatar: Frontiers of Pandora™,control,0,0,0,2,2025-01,4089,8.316055720364643,0,1,0,0,0,0,0,0,0,0
430,2840770,Avatar: Frontiers of Pandora™,control,0,0,0,3,2025-02,4089,8.316055720364643,0,0,1,0,0,0,0,0,0,0
430,2840770,Avatar: Frontiers of Pandora™,control,0,0,0,4,2025-03,4089,8.316055720364643,0,0,0,1,0,0,0,0,0,0
430,2840770,Avatar: Frontiers of Pandora™,control,0,0,0,5,2025-04,4089,8.316055720364643,0,0,0,0,1,0,0,0,0,0
431,1326470,Sons Of The Forest,control,0,0,0,1,2024-12,12906,9.465447598495786,1,0,0,0,0,0,0,0,0,0
431,1326470,Sons Of The Forest,control,0,0,0,2,2025-01,12906,9.465447598495786,0,1,0,0,0,0,0,0,0,0
431,1326470,Sons Of The Forest,control,0,0,0,3,2025-02,12906,9.465447598495786,0,0,1,0,0,0,0,0,0,0
431,1326470,Sons Of The Forest,control,0,0,0,4,2025-03,12906,9.465447598495786,0,0,0,1,0,0,0,0,0,0
431,1326470,Sons Of The Forest,control,0,0,0,5,2025-04,12906,9.465447598495786,0,0,0,0,1,0,0,0,0,0
432,1903340,Clair Obscur: Expedition 33,control,0,0,0,1,2024-12,14055,9.550733483340633,1,0,0,0,0,0,0,0,0,0
432,1903340,Clair Obscur: Expedition 33,control,0,0,0,2,2025-01,14055,9.550733483340633,0,1,0,0,0,0,0,0,0,0
432,1903340,Clair Obscur: Expedition 33,control,0,0,0,3,2025-02,14055,9.550733483340633,0,0,1,0,0,0,0,0,0,0
432,1903340,Clair Obscur: Expedition 33,control,0,0,0,4,2025-03,14055,9.550733483340633,0,0,0,1,0,0,0,0,0,0
432,1903340,Clair Obscur: Expedition 33,control,0,0,0,5,2025-04,14055,9.550733483340633,0,0,0,0,1,0,0,0,0,0
433,2483190,Forza Horizon 6,control,0,0,0,1,2024-12,1000,6.907755278982137,1,0,0,0,0,0,0,0,0,0
433,2483190,Forza Horizon 6,control,0,0,0,2,2025-01,1000,6.907755278982137,0,1,0,0,0,0,0,0,0,0
433,2483190,Forza Horizon 6,control,0,0,0,3,2025-02,1000,6.907755278982137,0,0,1,0,0,0,0,0,0,0
433,2483190,Forza Horizon 6,control,0,0,0,4,2025-03,1000,6.907755278982137,0,0,0,1,0,0,0,0,0,0
433,2483190,Forza Horizon 6,control,0,0,0,5,2025-04,1000,6.907755278982137,0,0,0,0,1,0,0,0,0,0
434,1449850,Yu-Gi-Oh! Master Duel,control,0,0,0,1,2024-12,18468,9.82379478362688,1,0,0,0,0,0,0,0,0,0
434,1449850,Yu-Gi-Oh! Master Duel,control,0,0,0,2,2025-01,18468,9.82379478362688,0,1,0,0,0,0,0,0,0,0
434,1449850,Yu-Gi-Oh! Master Duel,control,0,0,0,3,2025-02,18468,9.82379478362688,0,0,1,0,0,0,0,0,0,0
434,1449850,Yu-Gi-Oh! Master Duel,control,0,0,0,4,2025-03,18468,9.82379478362688,0,0,0,1,0,0,0,0,0,0
434,1449850,Yu-Gi-Oh! Master Duel,control,0,0,0,5,2025-04,18468,9.82379478362688,0,0,0,0,1,0,0,0,0,0
435,3241660,R.E.P.O.,control,0,0,0,1,2024-12,48370,10.786635065817029,1,0,0,0,0,0,0,0,0,0
435,3241660,R.E.P.O.,control,0,0,0,2,2025-01,48370,10.786635065817029,0,1,0,0,0,0,0,0,0,0
435,3241660,R.E.P.O.,control,0,0,0,3,2025-02,48370,10.786635065817029,0,0,1,0,0,0,0,0,0,0
435,3241660,R.E.P.O.,control,0,0,0,4,2025-03,48370,10.786635065817029,0,0,0,1,0,0,0,0,0,0
435,3241660,R.E.P.O.,control,0,0,0,5,2025-04,48370,10.786635065817029,0,0,0,0,1,0,0,0,0,0
436,3840050,Cult of the Lamb: Woolhaven,control,0,0,0,1,2024-12,1000,6.907755278982137,1,0,0,0,0,0,0,0,0,0
436,3840050,Cult of the Lamb: Woolhaven,control,0,0,0,2,2025-01,1000,6.907755278982137,0,1,0,0,0,0,0,0,0,0
436,3840050,Cult of the Lamb: Woolhaven,control,0,0,0,3,2025-02,1000,6.907755278982137,0,0,1,0,0,0,0,0,0,0
436,3840050,Cult of the Lamb: Woolhaven,control,0,0,0,4,2025-03,1000,6.907755278982137,0,0,0,1,0,0,0,0,0,0
436,3840050,Cult of the Lamb: Woolhaven,control,0,0,0,5,2025-04,1000,6.907755278982137,0,0,0,0,1,0,0,0,0,0
437,4210150,ARC Raiders - The Bonecrown Set,control,0,0,0,1,2024-12,1000,6.907755278982137,1,0,0,0,0,0,0,0,0,0
437,4210150,ARC Raiders - The Bonecrown Set,control,0,0,0,2,2025-01,1000,6.907755278982137,0,1,0,0,0,0,0,0,0,0
437,4210150,ARC Raiders - The Bonecrown Set,control,0,0,0,3,2025-02,1000,6.907755278982137,0,0,1,0,0,0,0,0,0,0
437,4210150,ARC Raiders - The Bonecrown Set,control,0,0,0,4,2025-03,1000,6.907755278982137,0,0,0,1,0,0,0,0,0,0
437,4210150,ARC Raiders - The Bonecrown Set,control,0,0,0,5,2025-04,1000,6.907755278982137,0,0,0,0,1,0,0,0,0,0
438,3527290,PEAK,control,0,0,0,1,2024-12,24165,10.092660584279184,1,0,0,0,0,0,0,0,0,0
438,3527290,PEAK,control,0,0,0,2,2025-01,24165,10.092660584279184,0,1,0,0,0,0,0,0,0,0
438,3527290,PEAK,control,0,0,0,3,2025-02,24165,10.092660584279184,0,0,1,0,0,0,0,0,0,0
438,3527290,PEAK,control,0,0,0,4,2025-03,24165,10.092660584279184,0,0,0,1,0,0,0,0,0,0
438,3527290,PEAK,control,0,0,0,5,2025-04,24165,10.092660584279184,0,0,0,0,1,0,0,0,0,0
439,2780810,Euro Truck Simulator 2 - Nordic Horizons,control,0,0,0,1,2024-12,1000,6.907755278982137,1,0,0,0,0,0,0,0,0,0
439,2780810,Euro Truck Simulator 2 - Nordic Horizons,control,0,0,0,2,2025-01,1000,6.907755278982137,0,1,0,0,0,0,0,0,0,0
439,2780810,Euro Truck Simulator 2 - Nordic Horizons,control,0,0,0,3,2025-02,1000,6.907755278982137,0,0,1,0,0,0,0,0,0,0
439,2780810,Euro Truck Simulator 2 - Nordic Horizons,control,0,0,0,4,2025-03,1000,6.907755278982137,0,0,0,1,0,0,0,0,0,0
439,2780810,Euro Truck Simulator 2 - Nordic Horizons,control,0,0,0,5,2025-04,1000,6.907755278982137,0,0,0,0,1,0,0,0,0,0
440,427520,Factorio,control,0,0,0,1,2024-12,19365,9.871222591948852,1,0,0,0,0,0,0,0,0,0
440,427520,Factorio,control,0,0,0,2,2025-01,19365,9.871222591948852,0,1,0,0,0,0,0,0,0,0
440,427520,Factorio,control,0,0,0,3,2025-02,19365,9.871222591948852,0,0,1,0,0,0,0,0,0,0
440,427520,Factorio,control,0,0,0,4,2025-03,19365,9.871222591948852,0,0,0,1,0,0,0,0,0,0
440,427520,Factorio,control,0,0,0,5,2025-04,19365,9.871222591948852,0,0,0,0,1,0,0,0,0,0
441,2947440,SILENT HILL f,control,0,0,0,1,2024-12,1005,6.912742820493176,1,0,0,0,0,0,0,0,0,0
441,2947440,SILENT HILL f,control,0,0,0,2,2025-01,1005,6.912742820493176,0,1,0,0,0,0,0,0,0,0
441,2947440,SILENT HILL f,control,0,0,0,3,2025-02,1005,6.912742820493176,0,0,1,0,0,0,0,0,0,0
441,2947440,SILENT HILL f,control,0,0,0,4,2025-03,1005,6.912742820493176,0,0,0,1,0,0,0,0,0,0
441,2947440,SILENT HILL f,control,0,0,0,5,2025-04,1005,6.912742820493176,0,0,0,0,1,0,0,0,0,0
442,2668510,Red Dead Redemption,control,0,0,0,1,2024-12,1650,7.408530566894626,1,0,0,0,0,0,0,0,0,0
442,2668510,Red Dead Redemption,control,0,0,0,2,2025-01,1650,7.408530566894626,0,1,0,0,0,0,0,0,0,0
442,2668510,Red Dead Redemption,control,0,0,0,3,2025-02,1650,7.408530566894626,0,0,1,0,0,0,0,0,0,0
442,2668510,Red Dead Redemption,control,0,0,0,4,2025-03,1650,7.408530566894626,0,0,0,1,0,0,0,0,0,0
442,2668510,Red Dead Redemption,control,0,0,0,5,2025-04,1650,7.408530566894626,0,0,0,0,1,0,0,0,0,0
443,2141910,Magic: The Gathering Arena,control,0,0,0,1,2024-12,8836,9.086589564540008,1,0,0,0,0,0,0,0,0,0
443,2141910,Magic: The Gathering Arena,control,0,0,0,2,2025-01,8836,9.086589564540008,0,1,0,0,0,0,0,0,0,0
443,2141910,Magic: The Gathering Arena,control,0,0,0,3,2025-02,8836,9.086589564540008,0,0,1,0,0,0,0,0,0,0
443,2141910,Magic: The Gathering Arena,control,0,0,0,4,2025-03,8836,9.086589564540008,0,0,0,1,0,0,0,0,0,0
443,2141910,Magic: The Gathering Arena,control,0,0,0,5,2025-04,8836,9.086589564540008,0,0,0,0,1,0,0,0,0,0
444,3764200,Resident Evil Requiem,control,0,0,0,1,2024-12,1000,6.907755278982137,1,0,0,0,0,0,0,0,0,0
444,3764200,Resident Evil Requiem,control,0,0,0,2,2025-01,1000,6.907755278982137,0,1,0,0,0,0,0,0,0,0
444,3764200,Resident Evil Requiem,control,0,0,0,3,2025-02,1000,6.907755278982137,0,0,1,0,0,0,0,0,0,0
444,3764200,Resident Evil Requiem,control,0,0,0,4,2025-03,1000,6.907755278982137,0,0,0,1,0,0,0,0,0,0
444,3764200,Resident Evil Requiem,control,0,0,0,5,2025-04,1000,6.907755278982137,0,0,0,0,1,0,0,0,0,0
445,270880,American Truck Simulator,control,0,0,0,1,2024-12,6779,8.821584877430965,1,0,0,0,0,0,0,0,0,0
445,270880,American Truck Simulator,control,0,0,0,2,2025-01,6779,8.821584877430965,0,1,0,0,0,0,0,0,0,0
445,270880,American Truck Simulator,control,0,0,0,3,2025-02,6779,8.821584877430965,0,0,1,0,0,0,0,0,0,0
445,270880,American Truck Simulator,control,0,0,0,4,2025-03,6779,8.821584877430965,0,0,0,1,0,0,0,0,0,0
445,270880,American Truck Simulator,control,0,0,0,5,2025-04,6779,8.821584877430965,0,0,0,0,1,0,0,0,0,0
446,2622380,ELDEN RING NIGHTREIGN,control,0,0,0,1,2024-12,53684,10.890870284517696,1,0,0,0,0,0,0,0,0,0
446,2622380,ELDEN RING NIGHTREIGN,control,0,0,0,2,2025-01,53684,10.890870284517696,0,1,0,0,0,0,0,0,0,0
446,2622380,ELDEN RING NIGHTREIGN,control,0,0,0,3,2025-02,53684,10.890870284517696,0,0,1,0,0,0,0,0,0,0
446,2622380,ELDEN RING NIGHTREIGN,control,0,0,0,4,2025-03,53684,10.890870284517696,0,0,0,1,0,0,0,0,0,0
446,2622380,ELDEN RING NIGHTREIGN,control,0,0,0,5,2025-04,53684,10.890870284517696,0,0,0,0,1,0,0,0,0,0
447,2001120,Split Fiction,control,0,0,0,1,2024-12,8105,9.000236434169777,1,0,0,0,0,0,0,0,0,0
447,2001120,Split Fiction,control,0,0,0,2,2025-01,8105,9.000236434169777,0,1,0,0,0,0,0,0,0,0
447,2001120,Split Fiction,control,0,0,0,3,2025-02,8105,9.000236434169777,0,0,1,0,0,0,0,0,0,0
447,2001120,Split Fiction,control,0,0,0,4,2025-03,8105,9.000236434169777,0,0,0,1,0,0,0,0,0,0
447,2001120,Split Fiction,control,0,0,0,5,2025-04,8105,9.000236434169777,0,0,0,0,1,0,0,0,0,0
448,648800,Raft,control,0,0,0,1,2024-12,10111,9.2213792190914,1,0,0,0,0,0,0,0,0,0
448,648800,Raft,control,0,0,0,2,2025-01,10111,9.2213792190914,0,1,0,0,0,0,0,0,0,0
448,648800,Raft,control,0,0,0,3,2025-02,10111,9.2213792190914,0,0,1,0,0,0,0,0,0,0
448,648800,Raft,control,0,0,0,4,2025-03,10111,9.2213792190914,0,0,0,1,0,0,0,0,0,0
448,648800,Raft,control,0,0,0,5,2025-04,10111,9.2213792190914,0,0,0,0,1,0,0,0,0,0
449,440,Team Fortress 2,control,0,0,0,1,2024-12,60099,11.003748481449762,1,0,0,0,0,0,0,0,0,0
449,440,Team Fortress 2,control,0,0,0,2,2025-01,60099,11.003748481449762,0,1,0,0,0,0,0,0,0,0
449,440,Team Fortress 2,control,0,0,0,3,2025-02,60099,11.003748481449762,0,0,1,0,0,0,0,0,0,0
449,440,Team Fortress 2,control,0,0,0,4,2025-03,60099,11.003748481449762,0,0,0,1,0,0,0,0,0,0
449,440,Team Fortress 2,control,0,0,0,5,2025-04,60099,11.003748481449762,0,0,0,0,1,0,0,0,0,0
450,2827200,MIMESIS,control,0,0,0,1,2024-12,1679,7.425953657077541,1,0,0,0,0,0,0,0,0,0
450,2827200,MIMESIS,control,0,0,0,2,2025-01,1679,7.425953657077541,0,1,0,0,0,0,0,0,0,0
450,2827200,MIMESIS,control,0,0,0,3,2025-02,1679,7.425953657077541,0,0,1,0,0,0,0,0,0,0
450,2827200,MIMESIS,control,0,0,0,4,2025-03,1679,7.425953657077541,0,0,0,1,0,0,0,0,0,0
450,2827200,MIMESIS,control,0,0,0,5,2025-04,1679,7.425953657077541,0,0,0,0,1,0,0,0,0,0
451,3656800,Train Sim World® 6,control,0,0,0,1,2024-12,923,6.827629234502852,1,0,0,0,0,0,0,0,0,0
451,3656800,Train Sim World® 6,control,0,0,0,2,2025-01,923,6.827629234502852,0,1,0,0,0,0,0,0,0,0
451,3656800,Train Sim World® 6,control,0,0,0,3,2025-02,923,6.827629234502852,0,0,1,0,0,0,0,0,0,0
451,3656800,Train Sim World® 6,control,0,0,0,4,2025-03,923,6.827629234502852,0,0,0,1,0,0,0,0,0,0
451,3656800,Train Sim World® 6,control,0,0,0,5,2025-04,923,6.827629234502852,0,0,0,0,1,0,0,0,0,0
452,2138330,Cyberpunk 2077: Phantom Liberty,control,0,0,0,1,2024-12,1000,6.907755278982137,1,0,0,0,0,0,0,0,0,0
452,2138330,Cyberpunk 2077: Phantom Liberty,control,0,0,0,2,2025-01,1000,6.907755278982137,0,1,0,0,0,0,0,0,0,0
452,2138330,Cyberpunk 2077: Phantom Liberty,control,0,0,0,3,2025-02,1000,6.907755278982137,0,0,1,0,0,0,0,0,0,0
452,2138330,Cyberpunk 2077: Phantom Liberty,control,0,0,0,4,2025-03,1000,6.907755278982137,0,0,0,1,0,0,0,0,0,0
452,2138330,Cyberpunk 2077: Phantom Liberty,control,0,0,0,5,2025-04,1000,6.907755278982137,0,0,0,0,1,0,0,0,0,0
453,3606480,Call of Duty®: Black Ops 7,control,0,0,0,1,2024-12,1000,6.907755278982137,1,0,0,0,0,0,0,0,0,0
453,3606480,Call of Duty®: Black Ops 7,control,0,0,0,2,2025-01,1000,6.907755278982137,0,1,0,0,0,0,0,0,0,0
453,3606480,Call of Duty®: Black Ops 7,control,0,0,0,3,2025-02,1000,6.907755278982137,0,0,1,0,0,0,0,0,0,0
453,3606480,Call of Duty®: Black Ops 7,control,0,0,0,4,2025-03,1000,6.907755278982137,0,0,0,1,0,0,0,0,0,0
453,3606480,Call of Duty®: Black Ops 7,control,0,0,0,5,2025-04,1000,6.907755278982137,0,0,0,0,1,0,0,0,0,0
454,2001120,Split Fiction,control,0,0,0,1,2024-12,8105,9.000236434169777,1,0,0,0,0,0,0,0,0,0
454,2001120,Split Fiction,control,0,0,0,2,2025-01,8105,9.000236434169777,0,1,0,0,0,0,0,0,0,0
454,2001120,Split Fiction,control,0,0,0,3,2025-02,8105,9.000236434169777,0,0,1,0,0,0,0,0,0,0
454,2001120,Split Fiction,control,0,0,0,4,2025-03,8105,9.000236434169777,0,0,0,1,0,0,0,0,0,0
454,2001120,Split Fiction,control,0,0,0,5,2025-04,8105,9.000236434169777,0,0,0,0,1,0,0,0,0,0
455,2956680,LORT,control,0,0,0,1,2024-12,2858,7.957877358489813,1,0,0,0,0,0,0,0,0,0
455,2956680,LORT,control,0,0,0,2,2025-01,2858,7.957877358489813,0,1,0,0,0,0,0,0,0,0
455,2956680,LORT,control,0,0,0,3,2025-02,2858,7.957877358489813,0,0,1,0,0,0,0,0,0,0
455,2956680,LORT,control,0,0,0,4,2025-03,2858,7.957877358489813,0,0,0,1,0,0,0,0,0,0
455,2956680,LORT,control,0,0,0,5,2025-04,2858,7.957877358489813,0,0,0,0,1,0,0,0,0,0
456,2661300,Grounded 2,control,0,0,0,1,2024-12,8532,9.05157907959124,1,0,0,0,0,0,0,0,0,0
456,2661300,Grounded 2,control,0,0,0,2,2025-01,8532,9.05157907959124,0,1,0,0,0,0,0,0,0,0
456,2661300,Grounded 2,control,0,0,0,3,2025-02,8532,9.05157907959124,0,0,1,0,0,0,0,0,0,0
456,2661300,Grounded 2,control,0,0,0,4,2025-03,8532,9.05157907959124,0,0,0,1,0,0,0,0,0,0
456,2661300,Grounded 2,control,0,0,0,5,2025-04,8532,9.05157907959124,0,0,0,0,1,0,0,0,0,0
457,281990,Stellaris,control,0,0,0,1,2024-12,18288,9.814000386034591,1,0,0,0,0,0,0,0,0,0
457,281990,Stellaris,control,0,0,0,2,2025-01,18288,9.814000386034591,0,1,0,0,0,0,0,0,0,0
457,281990,Stellaris,control,0,0,0,3,2025-02,18288,9.814000386034591,0,0,1,0,0,0,0,0,0,0
457,281990,Stellaris,control,0,0,0,4,2025-03,18288,9.814000386034591,0,0,0,1,0,0,0,0,0,0
457,281990,Stellaris,control,0,0,0,5,2025-04,18288,9.814000386034591,0,0,0,0,1,0,0,0,0,0
458,431960,Wallpaper Engine,control,0,0,0,1,2024-12,127797,11.758198346471644,1,0,0,0,0,0,0,0,0,0
458,431960,Wallpaper Engine,control,0,0,0,2,2025-01,127797,11.758198346471644,0,1,0,0,0,0,0,0,0,0
458,431960,Wallpaper Engine,control,0,0,0,3,2025-02,127797,11.758198346471644,0,0,1,0,0,0,0,0,0,0
458,431960,Wallpaper Engine,control,0,0,0,4,2025-03,127797,11.758198346471644,0,0,0,1,0,0,0,0,0,0
458,431960,Wallpaper Engine,control,0,0,0,5,2025-04,127797,11.758198346471644,0,0,0,0,1,0,0,0,0,0
459,594650,Hunt: Showdown 1896,control,0,0,0,1,2024-12,23854,10.079707197138614,1,0,0,0,0,0,0,0,0,0
459,594650,Hunt: Showdown 1896,control,0,0,0,2,2025-01,23854,10.079707197138614,0,1,0,0,0,0,0,0,0,0
459,594650,Hunt: Showdown 1896,control,0,0,0,3,2025-02,23854,10.079707197138614,0,0,1,0,0,0,0,0,0,0
459,594650,Hunt: Showdown 1896,control,0,0,0,4,2025-03,23854,10.079707197138614,0,0,0,1,0,0,0,0,0,0
459,594650,Hunt: Showdown 1896,control,0,0,0,5,2025-04,23854,10.079707197138614,0,0,0,0,1,0,0,0,0,0
460,2062430,BALL x PIT,control,0,0,0,1,2024-12,5945,8.690305809124883,1,0,0,0,0,0,0,0,0,0
460,2062430,BALL x PIT,control,0,0,0,2,2025-01,5945,8.690305809124883,0,1,0,0,0,0,0,0,0,0
460,2062430,BALL x PIT,control,0,0,0,3,2025-02,5945,8.690305809124883,0,0,1,0,0,0,0,0,0,0
460,2062430,BALL x PIT,control,0,0,0,4,2025-03,5945,8.690305809124883,0,0,0,1,0,0,0,0,0,0
460,2062430,BALL x PIT,control,0,0,0,5,2025-04,5945,8.690305809124883,0,0,0,0,1,0,0,0,0,0
461,546560,Half-Life: Alyx,control,0,0,0,1,2024-12,600,6.396929655216146,1,0,0,0,0,0,0,0,0,0
461,546560,Half-Life: Alyx,control,0,0,0,2,2025-01,600,6.396929655216146,0,1,0,0,0,0,0,0,0,0
461,546560,Half-Life: Alyx,control,0,0,0,3,2025-02,600,6.396929655216146,0,0,1,0,0,0,0,0,0,0
461,546560,Half-Life: Alyx,control,0,0,0,4,2025-03,600,6.396929655216146,0,0,0,1,0,0,0,0,0,0
461,546560,Half-Life: Alyx,control,0,0,0,5,2025-04,600,6.396929655216146,0,0,0,0,1,0,0,0,0,0
462,3948510,ARC Raiders - Upgrade to Deluxe Edition,control,0,0,0,1,2024-12,1000,6.907755278982137,1,0,0,0,0,0,0,0,0,0
462,3948510,ARC Raiders - Upgrade to Deluxe Edition,control,0,0,0,2,2025-01,1000,6.907755278982137,0,1,0,0,0,0,0,0,0,0
462,3948510,ARC Raiders - Upgrade to Deluxe Edition,control,0,0,0,3,2025-02,1000,6.907755278982137,0,0,1,0,0,0,0,0,0,0
462,3948510,ARC Raiders - Upgrade to Deluxe Edition,control,0,0,0,4,2025-03,1000,6.907755278982137,0,0,0,1,0,0,0,0,0,0
462,3948510,ARC Raiders - Upgrade to Deluxe Edition,control,0,0,0,5,2025-04,1000,6.907755278982137,0,0,0,0,1,0,0,0,0,0
463,3669570,Alchemy Factory,control,0,0,0,1,2024-12,2918,7.978653729082731,1,0,0,0,0,0,0,0,0,0
463,3669570,Alchemy Factory,control,0,0,0,2,2025-01,2918,7.978653729082731,0,1,0,0,0,0,0,0,0,0
463,3669570,Alchemy Factory,control,0,0,0,3,2025-02,2918,7.978653729082731,0,0,1,0,0,0,0,0,0,0
463,3669570,Alchemy Factory,control,0,0,0,4,2025-03,2918,7.978653729082731,0,0,0,1,0,0,0,0,0,0
463,3669570,Alchemy Factory,control,0,0,0,5,2025-04,2918,7.978653729082731,0,0,0,0,1,0,0,0,0,0
464,1783560,The Last Caretaker,control,0,0,0,1,2024-12,1965,7.583247524303362,1,0,0,0,0,0,0,0,0,0
464,1783560,The Last Caretaker,control,0,0,0,2,2025-01,1965,7.583247524303362,0,1,0,0,0,0,0,0,0,0
464,1783560,The Last Caretaker,control,0,0,0,3,2025-02,1965,7.583247524303362,0,0,1,0,0,0,0,0,0,0
464,1783560,The Last Caretaker,control,0,0,0,4,2025-03,1965,7.583247524303362,0,0,0,1,0,0,0,0,0,0
464,1783560,The Last Caretaker,control,0,0,0,5,2025-04,1965,7.583247524303362,0,0,0,0,1,0,0,0,0,0
465,2958130,Jurassic World Evolution 3,control,0,0,0,1,2024-12,1635,7.399398083331354,1,0,0,0,0,0,0,0,0,0
465,2958130,Jurassic World Evolution 3,control,0,0,0,2,2025-01,1635,7.399398083331354,0,1,0,0,0,0,0,0,0,0
465,2958130,Jurassic World Evolution 3,control,0,0,0,3,2025-02,1635,7.399398083331354,0,0,1,0,0,0,0,0,0,0
465,2958130,Jurassic World Evolution 3,control,0,0,0,4,2025-03,1635,7.399398083331354,0,0,0,1,0,0,0,0,0,0
465,2958130,Jurassic World Evolution 3,control,0,0,0,5,2025-04,1635,7.399398083331354,0,0,0,0,1,0,0,0,0,0
466,1547000,Grand Theft Auto: San Andreas – The Definitive Edition,control,0,0,0,1,2024-12,1634,7.3987862754199485,1,0,0,0,0,0,0,0,0,0
466,1547000,Grand Theft Auto: San Andreas – The Definitive Edition,control,0,0,0,2,2025-01,1634,7.3987862754199485,0,1,0,0,0,0,0,0,0,0
466,1547000,Grand Theft Auto: San Andreas – The Definitive Edition,control,0,0,0,3,2025-02,1634,7.3987862754199485,0,0,1,0,0,0,0,0,0,0
466,1547000,Grand Theft Auto: San Andreas – The Definitive Edition,control,0,0,0,4,2025-03,1634,7.3987862754199485,0,0,0,1,0,0,0,0,0,0
466,1547000,Grand Theft Auto: San Andreas – The Definitive Edition,control,0,0,0,5,2025-04,1634,7.3987862754199485,0,0,0,0,1,0,0,0,0,0
467,3681010,Nioh 3,control,0,0,0,1,2024-12,1000,6.907755278982137,1,0,0,0,0,0,0,0,0,0
467,3681010,Nioh 3,control,0,0,0,2,2025-01,1000,6.907755278982137,0,1,0,0,0,0,0,0,0,0
467,3681010,Nioh 3,control,0,0,0,3,2025-02,1000,6.907755278982137,0,0,1,0,0,0,0,0,0,0
467,3681010,Nioh 3,control,0,0,0,4,2025-03,1000,6.907755278982137,0,0,0,1,0,0,0,0,0,0
467,3681010,Nioh 3,control,0,0,0,5,2025-04,1000,6.907755278982137,0,0,0,0,1,0,0,0,0,0
468,2948190,World of Sea Battle,control,0,0,0,1,2024-12,3350,8.116715624819111,1,0,0,0,0,0,0,0,0,0
468,2948190,World of Sea Battle,control,0,0,0,2,2025-01,3350,8.116715624819111,0,1,0,0,0,0,0,0,0,0
468,2948190,World of Sea Battle,control,0,0,0,3,2025-02,3350,8.116715624819111,0,0,1,0,0,0,0,0,0,0
468,2948190,World of Sea Battle,control,0,0,0,4,2025-03,3350,8.116715624819111,0,0,0,1,0,0,0,0,0,0
468,2948190,World of Sea Battle,control,0,0,0,5,2025-04,3350,8.116715624819111,0,0,0,0,1,0,0,0,0,0
469,250900,The Binding of Isaac: Rebirth,control,0,0,0,1,2024-12,25617,10.151011472575716,1,0,0,0,0,0,0,0,0,0
469,250900,The Binding of Isaac: Rebirth,control,0,0,0,2,2025-01,25617,10.151011472575716,0,1,0,0,0,0,0,0,0,0
469,250900,The Binding of Isaac: Rebirth,control,0,0,0,3,2025-02,25617,10.151011472575716,0,0,1,0,0,0,0,0,0,0
469,250900,The Binding of Isaac: Rebirth,control,0,0,0,4,2025-03,25617,10.151011472575716,0,0,0,1,0,0,0,0,0,0
469,250900,The Binding of Isaac: Rebirth,control,0,0,0,5,2025-04,25617,10.151011472575716,0,0,0,0,1,0,0,0,0,0
470,3932890,Escape from Tarkov,control,0,0,0,1,2024-12,20423,9.924416995717158,1,0,0,0,0,0,0,0,0,0
470,3932890,Escape from Tarkov,control,0,0,0,2,2025-01,20423,9.924416995717158,0,1,0,0,0,0,0,0,0,0
470,3932890,Escape from Tarkov,control,0,0,0,3,2025-02,20423,9.924416995717158,0,0,1,0,0,0,0,0,0,0
470,3932890,Escape from Tarkov,control,0,0,0,4,2025-03,20423,9.924416995717158,0,0,0,1,0,0,0,0,0,0
470,3932890,Escape from Tarkov,control,0,0,0,5,2025-04,20423,9.924416995717158,0,0,0,0,1,0,0,0,0,0
471,3028330,Battlefield™ REDSEC,control,0,0,0,1,2024-12,1,0.0,1,0,0,0,0,0,0,0,0,0
471,3028330,Battlefield™ REDSEC,control,0,0,0,2,2025-01,1,0.0,0,1,0,0,0,0,0,0,0,0
471,3028330,Battlefield™ REDSEC,control,0,0,0,3,2025-02,1,0.0,0,0,1,0,0,0,0,0,0,0
471,3028330,Battlefield™ REDSEC,control,0,0,0,4,2025-03,1,0.0,0,0,0,1,0,0,0,0,0,0
471,3028330,Battlefield™ REDSEC,control,0,0,0,5,2025-04,1,0.0,0,0,0,0,1,0,0,0,0,0
472,3008130,Dying Light: The Beast,control,0,0,0,1,2024-12,2717,7.907283609426348,1,0,0,0,0,0,0,0,0,0
472,3008130,Dying Light: The Beast,control,0,0,0,2,2025-01,2717,7.907283609426348,0,1,0,0,0,0,0,0,0,0
472,3008130,Dying Light: The Beast,control,0,0,0,3,2025-02,2717,7.907283609426348,0,0,1,0,0,0,0,0,0,0
472,3008130,Dying Light: The Beast,control,0,0,0,4,2025-03,2717,7.907283609426348,0,0,0,1,0,0,0,0,0,0
472,3008130,Dying Light: The Beast,control,0,0,0,5,2025-04,2717,7.907283609426348,0,0,0,0,1,0,0,0,0,0
473,3097560,Liar's Bar,control,0,0,0,1,2024-12,1170,7.064759027791802,1,0,0,0,0,0,0,0,0,0
473,3097560,Liar's Bar,control,0,0,0,2,2025-01,1170,7.064759027791802,0,1,0,0,0,0,0,0,0,0
473,3097560,Liar's Bar,control,0,0,0,3,2025-02,1170,7.064759027791802,0,0,1,0,0,0,0,0,0,0
473,3097560,Liar's Bar,control,0,0,0,4,2025-03,1170,7.064759027791802,0,0,0,1,0,0,0,0,0,0
473,3097560,Liar's Bar,control,0,0,0,5,2025-04,1170,7.064759027791802,0,0,0,0,1,0,0,0,0,0
474,3846120,MineMogul,control,0,0,0,1,2024-12,1283,7.1569563646156364,1,0,0,0,0,0,0,0,0,0
474,3846120,MineMogul,control,0,0,0,2,2025-01,1283,7.1569563646156364,0,1,0,0,0,0,0,0,0,0
474,3846120,MineMogul,control,0,0,0,3,2025-02,1283,7.1569563646156364,0,0,1,0,0,0,0,0,0,0
474,3846120,MineMogul,control,0,0,0,4,2025-03,1283,7.1569563646156364,0,0,0,1,0,0,0,0,0,0
474,3846120,MineMogul,control,0,0,0,5,2025-04,1283,7.1569563646156364,0,0,0,0,1,0,0,0,0,0
475,4025700,Heartopia,control,0,0,0,1,2024-12,50043,10.820637914822164,1,0,0,0,0,0,0,0,0,0
475,4025700,Heartopia,control,0,0,0,2,2025-01,50043,10.820637914822164,0,1,0,0,0,0,0,0,0,0
475,4025700,Heartopia,control,0,0,0,3,2025-02,50043,10.820637914822164,0,0,1,0,0,0,0,0,0,0
475,4025700,Heartopia,control,0,0,0,4,2025-03,50043,10.820637914822164,0,0,0,1,0,0,0,0,0,0
475,4025700,Heartopia,control,0,0,0,5,2025-04,50043,10.820637914822164,0,0,0,0,1,0,0,0,0,0
476,322170,Geometry Dash,control,0,0,0,1,2024-12,67702,11.122871000561496,1,0,0,0,0,0,0,0,0,0
476,322170,Geometry Dash,control,0,0,0,2,2025-01,67702,11.122871000561496,0,1,0,0,0,0,0,0,0,0
476,322170,Geometry Dash,control,0,0,0,3,2025-02,67702,11.122871000561496,0,0,1,0,0,0,0,0,0,0
476,322170,Geometry Dash,control,0,0,0,4,2025-03,67702,11.122871000561496,0,0,0,1,0,0,0,0,0,0
476,322170,Geometry Dash,control,0,0,0,5,2025-04,67702,11.122871000561496,0,0,0,0,1,0,0,0,0,0
477,1029690,Sniper Elite 5,control,0,0,0,1,2024-12,3362,8.120291313968561,1,0,0,0,0,0,0,0,0,0
477,1029690,Sniper Elite 5,control,0,0,0,2,2025-01,3362,8.120291313968561,0,1,0,0,0,0,0,0,0,0
477,1029690,Sniper Elite 5,control,0,0,0,3,2025-02,3362,8.120291313968561,0,0,1,0,0,0,0,0,0,0
477,1029690,Sniper Elite 5,control,0,0,0,4,2025-03,3362,8.120291313968561,0,0,0,1,0,0,0,0,0,0
477,1029690,Sniper Elite 5,control,0,0,0,5,2025-04,3362,8.120291313968561,0,0,0,0,1,0,0,0,0,0
478,2074920,The First Descendant,control,0,0,0,1,2024-12,5042,8.525558107747866,1,0,0,0,0,0,0,0,0,0
478,2074920,The First Descendant,control,0,0,0,2,2025-01,5042,8.525558107747866,0,1,0,0,0,0,0,0,0,0
478,2074920,The First Descendant,control,0,0,0,3,2025-02,5042,8.525558107747866,0,0,1,0,0,0,0,0,0,0
478,2074920,The First Descendant,control,0,0,0,4,2025-03,5042,8.525558107747866,0,0,0,1,0,0,0,0,0,0
478,2074920,The First Descendant,control,0,0,0,5,2025-04,5042,8.525558107747866,0,0,0,0,1,0,0,0,0,0
479,3720100,ARK: Lost Colony Expansion Pass,control,0,0,0,1,2024-12,1000,6.907755278982137,1,0,0,0,0,0,0,0,0,0
479,3720100,ARK: Lost Colony Expansion Pass,control,0,0,0,2,2025-01,1000,6.907755278982137,0,1,0,0,0,0,0,0,0,0
479,3720100,ARK: Lost Colony Expansion Pass,control,0,0,0,3,2025-02,1000,6.907755278982137,0,0,1,0,0,0,0,0,0,0
479,3720100,ARK: Lost Colony Expansion Pass,control,0,0,0,4,2025-03,1000,6.907755278982137,0,0,0,1,0,0,0,0,0,0
479,3720100,ARK: Lost Colony Expansion Pass,control,0,0,0,5,2025-04,1000,6.907755278982137,0,0,0,0,1,0,0,0,0,0
480,2552430,KINGDOM HEARTS -HD 1.5+2.5 ReMIX-,control,0,0,0,1,2024-12,1206,7.095064377287131,1,0,0,0,0,0,0,0,0,0
480,2552430,KINGDOM HEARTS -HD 1.5+2.5 ReMIX-,control,0,0,0,2,2025-01,1206,7.095064377287131,0,1,0,0,0,0,0,0,0,0
480,2552430,KINGDOM HEARTS -HD 1.5+2.5 ReMIX-,control,0,0,0,3,2025-02,1206,7.095064377287131,0,0,1,0,0,0,0,0,0,0
480,2552430,KINGDOM HEARTS -HD 1.5+2.5 ReMIX-,control,0,0,0,4,2025-03,1206,7.095064377287131,0,0,0,1,0,0,0,0,0,0
480,2552430,KINGDOM HEARTS -HD 1.5+2.5 ReMIX-,control,0,0,0,5,2025-04,1206,7.095064377287131,0,0,0,0,1,0,0,0,0,0
481,1665460,eFootball™,control,0,0,0,1,2024-12,19003,9.852352140421358,1,0,0,0,0,0,0,0,0,0
481,1665460,eFootball™,control,0,0,0,2,2025-01,19003,9.852352140421358,0,1,0,0,0,0,0,0,0,0
481,1665460,eFootball™,control,0,0,0,3,2025-02,19003,9.852352140421358,0,0,1,0,0,0,0,0,0,0
481,1665460,eFootball™,control,0,0,0,4,2025-03,19003,9.852352140421358,0,0,0,1,0,0,0,0,0,0
481,1665460,eFootball™,control,0,0,0,5,2025-04,19003,9.852352140421358,0,0,0,0,1,0,0,0,0,0
482,3450310,Europa Universalis V,control,0,0,0,1,2024-12,9843,9.194515821629212,1,0,0,0,0,0,0,0,0,0
482,3450310,Europa Universalis V,control,0,0,0,2,2025-01,9843,9.194515821629212,0,1,0,0,0,0,0,0,0,0
482,3450310,Europa Universalis V,control,0,0,0,3,2025-02,9843,9.194515821629212,0,0,1,0,0,0,0,0,0,0
482,3450310,Europa Universalis V,control,0,0,0,4,2025-03,9843,9.194515821629212,0,0,0,1,0,0,0,0,0,0
482,3450310,Europa Universalis V,control,0,0,0,5,2025-04,9843,9.194515821629212,0,0,0,0,1,0,0,0,0,0
483,2373990,Solo Leveling: ARISE OVERDRIVE,control,0,0,0,1,2024-12,911,6.814542897259958,1,0,0,0,0,0,0,0,0,0
483,2373990,Solo Leveling: ARISE OVERDRIVE,control,0,0,0,2,2025-01,911,6.814542897259958,0,1,0,0,0,0,0,0,0,0
483,2373990,Solo Leveling: ARISE OVERDRIVE,control,0,0,0,3,2025-02,911,6.814542897259958,0,0,1,0,0,0,0,0,0,0
483,2373990,Solo Leveling: ARISE OVERDRIVE,control,0,0,0,4,2025-03,911,6.814542897259958,0,0,0,1,0,0,0,0,0,0
483,2373990,Solo Leveling: ARISE OVERDRIVE,control,0,0,0,5,2025-04,911,6.814542897259958,0,0,0,0,1,0,0,0,0,0
484,3224770,Umamusume: Pretty Derby,control,0,0,0,1,2024-12,17671,9.779680156808055,1,0,0,0,0,0,0,0,0,0
484,3224770,Umamusume: Pretty Derby,control,0,0,0,2,2025-01,17671,9.779680156808055,0,1,0,0,0,0,0,0,0,0
484,3224770,Umamusume: Pretty Derby,control,0,0,0,3,2025-02,17671,9.779680156808055,0,0,1,0,0,0,0,0,0,0
484,3224770,Umamusume: Pretty Derby,control,0,0,0,4,2025-03,17671,9.779680156808055,0,0,0,1,0,0,0,0,0,0
484,3224770,Umamusume: Pretty Derby,control,0,0,0,5,2025-04,17671,9.779680156808055,0,0,0,0,1,0,0,0,0,0
485,1426210,It Takes Two,control,0,0,0,1,2024-12,17560,9.773378867189107,1,0,0,0,0,0,0,0,0,0
485,1426210,It Takes Two,control,0,0,0,2,2025-01,17560,9.773378867189107,0,1,0,0,0,0,0,0,0,0
485,1426210,It Takes Two,control,0,0,0,3,2025-02,17560,9.773378867189107,0,0,1,0,0,0,0,0,0,0
485,1426210,It Takes Two,control,0,0,0,4,2025-03,17560,9.773378867189107,0,0,0,1,0,0,0,0,0,0
485,1426210,It Takes Two,control,0,0,0,5,2025-04,17560,9.773378867189107,0,0,0,0,1,0,0,0,0,0
486,1984270,Digimon Story Time Stranger,control,0,0,0,1,2024-12,2028,7.614805364711073,1,0,0,0,0,0,0,0,0,0
486,1984270,Digimon Story Time Stranger,control,0,0,0,2,2025-01,2028,7.614805364711073,0,1,0,0,0,0,0,0,0,0
486,1984270,Digimon Story Time Stranger,control,0,0,0,3,2025-02,2028,7.614805364711073,0,0,1,0,0,0,0,0,0,0
486,1984270,Digimon Story Time Stranger,control,0,0,0,4,2025-03,2028,7.614805364711073,0,0,0,1,0,0,0,0,0,0
486,1984270,Digimon Story Time Stranger,control,0,0,0,5,2025-04,2028,7.614805364711073,0,0,0,0,1,0,0,0,0,0
487,4124950,Ashes of Creation,control,0,0,0,1,2024-12,11968,9.389991700214258,1,0,0,0,0,0,0,0,0,0
487,4124950,Ashes of Creation,control,0,0,0,2,2025-01,11968,9.389991700214258,0,1,0,0,0,0,0,0,0,0
487,4124950,Ashes of Creation,control,0,0,0,3,2025-02,11968,9.389991700214258,0,0,1,0,0,0,0,0,0,0
487,4124950,Ashes of Creation,control,0,0,0,4,2025-03,11968,9.389991700214258,0,0,0,1,0,0,0,0,0,0
487,4124950,Ashes of Creation,control,0,0,0,5,2025-04,11968,9.389991700214258,0,0,0,0,1,0,0,0,0,0
488,2737070,Crime Simulator,control,0,0,0,1,2024-12,1203,7.0925737159746784,1,0,0,0,0,0,0,0,0,0
488,2737070,Crime Simulator,control,0,0,0,2,2025-01,1203,7.0925737159746784,0,1,0,0,0,0,0,0,0,0
488,2737070,Crime Simulator,control,0,0,0,3,2025-02,1203,7.0925737159746784,0,0,1,0,0,0,0,0,0,0
488,2737070,Crime Simulator,control,0,0,0,4,2025-03,1203,7.0925737159746784,0,0,0,1,0,0,0,0,0,0
488,2737070,Crime Simulator,control,0,0,0,5,2025-04,1203,7.0925737159746784,0,0,0,0,1,0,0,0,0,0
489,288470,Fable Anniversary,control,0,0,0,1,2024-12,1370,7.222566018822171,1,0,0,0,0,0,0,0,0,0
489,288470,Fable Anniversary,control,0,0,0,2,2025-01,1370,7.222566018822171,0,1,0,0,0,0,0,0,0,0
489,288470,Fable Anniversary,control,0,0,0,3,2025-02,1370,7.222566018822171,0,0,1,0,0,0,0,0,0,0
489,288470,Fable Anniversary,control,0,0,0,4,2025-03,1370,7.222566018822171,0,0,0,1,0,0,0,0,0,0
489,288470,Fable Anniversary,control,0,0,0,5,2025-04,1370,7.222566018822171,0,0,0,0,1,0,0,0,0,0
490,1030300,Hollow Knight: Silksong,control,0,0,0,1,2024-12,15550,9.65181591760738,1,0,0,0,0,0,0,0,0,0
490,1030300,Hollow Knight: Silksong,control,0,0,0,2,2025-01,15550,9.65181591760738,0,1,0,0,0,0,0,0,0,0
490,1030300,Hollow Knight: Silksong,control,0,0,0,3,2025-02,15550,9.65181591760738,0,0,1,0,0,0,0,0,0,0
490,1030300,Hollow Knight: Silksong,control,0,0,0,4,2025-03,15550,9.65181591760738,0,0,0,1,0,0,0,0,0,0
490,1030300,Hollow Knight: Silksong,control,0,0,0,5,2025-04,15550,9.65181591760738,0,0,0,0,1,0,0,0,0,0
491,2357570,Overwatch® 2,control,0,0,0,1,2024-12,29970,10.307952160310709,1,0,0,0,0,0,0,0,0,0
491,2357570,Overwatch® 2,control,0,0,0,2,2025-01,29970,10.307952160310709,0,1,0,0,0,0,0,0,0,0
491,2357570,Overwatch® 2,control,0,0,0,3,2025-02,29970,10.307952160310709,0,0,1,0,0,0,0,0,0,0
491,2357570,Overwatch® 2,control,0,0,0,4,2025-03,29970,10.307952160310709,0,0,0,1,0,0,0,0,0,0
491,2357570,Overwatch® 2,control,0,0,0,5,2025-04,29970,10.307952160310709,0,0,0,0,1,0,0,0,0,0
492,766570,Russian Fishing 4,control,0,0,0,1,2024-12,20677,9.93677725040077,1,0,0,0,0,0,0,0,0,0
492,766570,Russian Fishing 4,control,0,0,0,2,2025-01,20677,9.93677725040077,0,1,0,0,0,0,0,0,0,0
492,766570,Russian Fishing 4,control,0,0,0,3,2025-02,20677,9.93677725040077,0,0,1,0,0,0,0,0,0,0
492,766570,Russian Fishing 4,control,0,0,0,4,2025-03,20677,9.93677725040077,0,0,0,1,0,0,0,0,0,0
492,766570,Russian Fishing 4,control,0,0,0,5,2025-04,20677,9.93677725040077,0,0,0,0,1,0,0,0,0,0
493,2995920,It Takes Two Friend's Pass,control,0,0,0,1,2024-12,1000,6.907755278982137,1,0,0,0,0,0,0,0,0,0
493,2995920,It Takes Two Friend's Pass,control,0,0,0,2,2025-01,1000,6.907755278982137,0,1,0,0,0,0,0,0,0,0
493,2995920,It Takes Two Friend's Pass,control,0,0,0,3,2025-02,1000,6.907755278982137,0,0,1,0,0,0,0,0,0,0
493,2995920,It Takes Two Friend's Pass,control,0,0,0,4,2025-03,1000,6.907755278982137,0,0,0,1,0,0,0,0,0,0
493,2995920,It Takes Two Friend's Pass,control,0,0,0,5,2025-04,1000,6.907755278982137,0,0,0,0,1,0,0,0,0,0
494,3058630,Assetto Corsa EVO,control,0,0,0,1,2024-12,1305,7.173958319756794,1,0,0,0,0,0,0,0,0,0
494,3058630,Assetto Corsa EVO,control,0,0,0,2,2025-01,1305,7.173958319756794,0,1,0,0,0,0,0,0,0,0
494,3058630,Assetto Corsa EVO,control,0,0,0,3,2025-02,1305,7.173958319756794,0,0,1,0,0,0,0,0,0,0
494,3058630,Assetto Corsa EVO,control,0,0,0,4,2025-03,1305,7.173958319756794,0,0,0,1,0,0,0,0,0,0
494,3058630,Assetto Corsa EVO,control,0,0,0,5,2025-04,1305,7.173958319756794,0,0,0,0,1,0,0,0,0,0
495,2305640,Bladesong,control,0,0,0,1,2024-12,750,6.620073206530356,1,0,0,0,0,0,0,0,0,0
495,2305640,Bladesong,control,0,0,0,2,2025-01,750,6.620073206530356,0,1,0,0,0,0,0,0,0,0
495,2305640,Bladesong,control,0,0,0,3,2025-02,750,6.620073206530356,0,0,1,0,0,0,0,0,0,0
495,2305640,Bladesong,control,0,0,0,4,2025-03,750,6.620073206530356,0,0,0,1,0,0,0,0,0,0
495,2305640,Bladesong,control,0,0,0,5,2025-04,750,6.620073206530356,0,0,0,0,1,0,0,0,0,0
496,12210,Grand Theft Auto IV: The Complete Edition,control,0,0,0,1,2024-12,5565,8.624252263709645,1,0,0,0,0,0,0,0,0,0
496,12210,Grand Theft Auto IV: The Complete Edition,control,0,0,0,2,2025-01,5565,8.624252263709645,0,1,0,0,0,0,0,0,0,0
496,12210,Grand Theft Auto IV: The Complete Edition,control,0,0,0,3,2025-02,5565,8.624252263709645,0,0,1,0,0,0,0,0,0,0
496,12210,Grand Theft Auto IV: The Complete Edition,control,0,0,0,4,2025-03,5565,8.624252263709645,0,0,0,1,0,0,0,0,0,0
496,12210,Grand Theft Auto IV: The Complete Edition,control,0,0,0,5,2025-04,5565,8.624252263709645,0,0,0,0,1,0,0,0,0,0
497,1222700,A Way Out,control,0,0,0,1,2024-12,3060,8.026170194946426,1,0,0,0,0,0,0,0,0,0
497,1222700,A Way Out,control,0,0,0,2,2025-01,3060,8.026170194946426,0,1,0,0,0,0,0,0,0,0
497,1222700,A Way Out,control,0,0,0,3,2025-02,3060,8.026170194946426,0,0,1,0,0,0,0,0,0,0
497,1222700,A Way Out,control,0,0,0,4,2025-03,3060,8.026170194946426,0,0,0,1,0,0,0,0,0,0
497,1222700,A Way Out,control,0,0,0,5,2025-04,3060,8.026170194946426,0,0,0,0,1,0,0,0,0,0
498,438100,VRChat,control,0,0,0,1,2024-12,51974,10.858498872521881,1,0,0,0,0,0,0,0,0,0
498,438100,VRChat,control,0,0,0,2,2025-01,51974,10.858498872521881,0,1,0,0,0,0,0,0,0,0
498,438100,VRChat,control,0,0,0,3,2025-02,51974,10.858498872521881,0,0,1,0,0,0,0,0,0,0
498,438100,VRChat,control,0,0,0,4,2025-03,51974,10.858498872521881,0,0,0,1,0,0,0,0,0,0
498,438100,VRChat,control,0,0,0,5,2025-04,51974,10.858498872521881,0,0,0,0,1,0,0,0,0,0
499,1973530,Limbus Company,control,0,0,0,1,2024-12,33310,10.413612931187725,1,0,0,0,0,0,0,0,0,0
499,1973530,Limbus Company,control,0,0,0,2,2025-01,33310,10.413612931187725,0,1,0,0,0,0,0,0,0,0
499,1973530,Limbus Company,control,0,0,0,3,2025-02,33310,10.413612931187725,0,0,1,0,0,0,0,0,0,0
499,1973530,Limbus Company,control,0,0,0,4,2025-03,33310,10.413612931187725,0,0,0,1,0,0,0,0,0,0
499,1973530,Limbus Company,control,0,0,0,5,2025-04,33310,10.413612931187725,0,0,0,0,1,0,0,0,0,0
500,489830,The Elder Scrolls V: Skyrim Special Edition,control,0,0,0,1,2024-12,25665,10.152883474994404,1,0,0,0,0,0,0,0,0,0
500,489830,The Elder Scrolls V: Skyrim Special Edition,control,0,0,0,2,2025-01,25665,10.152883474994404,0,1,0,0,0,0,0,0,0,0
500,489830,The Elder Scrolls V: Skyrim Special Edition,control,0,0,0,3,2025-02,25665,10.152883474994404,0,0,1,0,0,0,0,0,0,0
500,489830,The Elder Scrolls V: Skyrim Special Edition,control,0,0,0,4,2025-03,25665,10.152883474994404,0,0,0,1,0,0,0,0,0,0
500,489830,The Elder Scrolls V: Skyrim Special Edition,control,0,0,0,5,2025-04,25665,10.152883474994404,0,0,0,0,1,0,0,0,0,0
