appid,name,month,treatment_group,treated,post,did,rel_time,players,ln_players,genre_category,age_years,price_usd,is_free,review_score
730,Counter-Strike 2,2024-10,jan,1,0,0,-3,829438.76,13.628504558280252,Other,2.0,20.0,0,5.0
730,Counter-Strike 2,2024-11,jan,1,0,0,-2,852164.3,13.655534627595724,Other,2.0,20.0,0,5.0
730,Counter-Strike 2,2024-12,jan,1,0,0,-1,913953.36,13.725534820687901,Other,2.0,20.0,0,5.0
730,Counter-Strike 2,2025-01,jan,1,1,1,0,914092.22,13.725686742501873,Other,2.0,20.0,0,5.0
730,Counter-Strike 2,2025-02,jan,1,1,1,1,1003570.56,13.819074758647968,Other,2.0,20.0,0,5.0
730,Counter-Strike 2,2025-03,jan,1,1,1,2,1039662.81,13.854406997392667,Other,2.0,20.0,0,5.0
730,Counter-Strike 2,2025-04,jan,1,1,1,3,1045701.65,13.860198653475843,Other,2.0,20.0,0,5.0
2399830,ARK: Survival Ascended,2024-10,jan,1,0,0,-3,16036.0,9.682591473762397,Other,2.0,20.0,0,5.0
2399830,ARK: Survival Ascended,2024-11,jan,1,0,0,-2,16391.5,9.704518186769283,Other,2.0,20.0,0,5.0
2399830,ARK: Survival Ascended,2024-12,jan,1,0,0,-1,20175.57,9.91222774552715,Other,2.0,20.0,0,5.0
2399830,ARK: Survival Ascended,2025-01,jan,1,1,1,0,24055.83,10.088132657799365,Other,2.0,20.0,0,5.0
2399830,ARK: Survival Ascended,2025-02,jan,1,1,1,1,21100.28,9.95704158951829,Other,2.0,20.0,0,5.0
2399830,ARK: Survival Ascended,2025-03,jan,1,1,1,2,19411.79,9.873635892415901,Other,2.0,20.0,0,5.0
2399830,ARK: Survival Ascended,2025-04,jan,1,1,1,3,16600.82,9.717207370714975,Other,2.0,20.0,0,5.0
1313140,Cult of the Lamb,2024-10,jan,1,0,0,-3,2455.3,7.806004232355527,Other,2.0,20.0,0,5.0
1313140,Cult of the Lamb,2024-11,jan,1,0,0,-2,3045.4,8.021387534406632,Other,2.0,20.0,0,5.0
1313140,Cult of the Lamb,2024-12,jan,1,0,0,-1,3149.92,8.055132334671777,Other,2.0,20.0,0,5.0
1313140,Cult of the Lamb,2025-01,jan,1,1,1,0,2489.9,7.819997828009723,Other,2.0,20.0,0,5.0
1313140,Cult of the Lamb,2025-02,jan,1,1,1,1,2469.8,7.811892454683722,Other,2.0,20.0,0,5.0
1313140,Cult of the Lamb,2025-03,jan,1,1,1,2,1972.47,7.587041843478894,Other,2.0,20.0,0,5.0
1313140,Cult of the Lamb,2025-04,jan,1,1,1,3,2272.16,7.728486199896703,Other,2.0,20.0,0,5.0
1203620,Enshrouded,2024-10,jan,1,0,0,-3,3325.99,8.109522653133801,Other,2.0,20.0,0,5.0
1203620,Enshrouded,2024-11,jan,1,0,0,-2,17551.9,9.772917485142354,Other,2.0,20.0,0,5.0
1203620,Enshrouded,2024-12,jan,1,0,0,-1,12359.78,9.42220293150052,Other,2.0,20.0,0,5.0
1203620,Enshrouded,2025-01,jan,1,1,1,0,11521.37,9.351958850790142,Other,2.0,20.0,0,5.0
1203620,Enshrouded,2025-02,jan,1,1,1,1,16917.37,9.736096183726332,Other,2.0,20.0,0,5.0
1203620,Enshrouded,2025-03,jan,1,1,1,2,9981.59,9.208497675252918,Other,2.0,20.0,0,5.0
1203620,Enshrouded,2025-04,jan,1,1,1,3,8520.48,9.050227956264603,Other,2.0,20.0,0,5.0
377160,Fallout 4,2024-10,jan,1,0,0,-3,13089.15,9.479538921730638,Other,2.0,20.0,0,5.0
377160,Fallout 4,2024-11,jan,1,0,0,-2,13939.0,9.542445945729886,Other,2.0,20.0,0,5.0
377160,Fallout 4,2024-12,jan,1,0,0,-1,13235.68,9.490671492260882,Other,2.0,20.0,0,5.0
377160,Fallout 4,2025-01,jan,1,1,1,0,13919.43,9.541040984774146,Other,2.0,20.0,0,5.0
377160,Fallout 4,2025-02,jan,1,1,1,1,13117.63,9.481712405936763,Other,2.0,20.0,0,5.0
377160,Fallout 4,2025-03,jan,1,1,1,2,13207.09,9.488509085588618,Other,2.0,20.0,0,5.0
377160,Fallout 4,2025-04,jan,1,1,1,3,13041.35,9.475880357729393,Other,2.0,20.0,0,5.0
252490,Rust,2024-10,jan,1,0,0,-3,89776.59,11.405079529881473,Other,2.0,20.0,0,5.0
252490,Rust,2024-11,jan,1,0,0,-2,95865.05,11.470696752319142,Other,2.0,20.0,0,5.0
252490,Rust,2024-12,jan,1,0,0,-1,112605.48,11.631645661354284,Other,2.0,20.0,0,5.0
252490,Rust,2025-01,jan,1,1,1,0,124496.12,11.732029829742636,Other,2.0,20.0,0,5.0
252490,Rust,2025-02,jan,1,1,1,1,121569.09,11.708238022122465,Other,2.0,20.0,0,5.0
252490,Rust,2025-03,jan,1,1,1,2,111583.76,11.622530798627064,Other,2.0,20.0,0,5.0
252490,Rust,2025-04,jan,1,1,1,3,97804.56,11.490726480702833,Other,2.0,20.0,0,5.0
570,Dota 2,2024-10,jan,1,0,0,-3,410681.51,12.925573278234816,Other,2.0,20.0,0,5.0
570,Dota 2,2024-11,jan,1,0,0,-2,454956.21,13.02795645154331,Other,2.0,20.0,0,5.0
570,Dota 2,2024-12,jan,1,0,0,-1,437635.69,12.989142085265108,Other,2.0,20.0,0,5.0
570,Dota 2,2025-01,jan,1,1,1,0,446491.16,13.009174880670448,Other,2.0,20.0,0,5.0
570,Dota 2,2025-02,jan,1,1,1,1,431748.69,12.975598961841033,Other,2.0,20.0,0,5.0
570,Dota 2,2025-03,jan,1,1,1,2,402851.23,12.906322616446305,Other,2.0,20.0,0,5.0
570,Dota 2,2025-04,jan,1,1,1,3,393173.22,12.882005557102541,Other,2.0,20.0,0,5.0
1466060,Tainted Grail: The Fall of Avalon,2024-10,jan,1,0,0,-3,44.83,3.802877558167348,Other,2.0,20.0,0,5.0
1466060,Tainted Grail: The Fall of Avalon,2024-11,jan,1,0,0,-2,98.04,4.585375558659912,Other,2.0,20.0,0,5.0
1466060,Tainted Grail: The Fall of Avalon,2024-12,jan,1,0,0,-1,62.24,4.130997879870137,Other,2.0,20.0,0,5.0
1466060,Tainted Grail: The Fall of Avalon,2025-01,jan,1,1,1,0,80.16,4.384024637336554,Other,2.0,20.0,0,5.0
1466060,Tainted Grail: The Fall of Avalon,2025-02,jan,1,1,1,1,40.32,3.696847623763113,Other,2.0,20.0,0,5.0
1466060,Tainted Grail: The Fall of Avalon,2025-03,jan,1,1,1,2,180.76,5.197170184543078,Other,2.0,20.0,0,5.0
1466060,Tainted Grail: The Fall of Avalon,2025-04,jan,1,1,1,3,416.45,6.031766406381349,Other,2.0,20.0,0,5.0
1245620,ELDEN RING,2024-10,jan,1,0,0,-3,32692.51,10.394901278661164,Other,2.0,20.0,0,5.0
1245620,ELDEN RING,2024-11,jan,1,0,0,-2,27544.73,10.223566507716827,Other,2.0,20.0,0,5.0
1245620,ELDEN RING,2024-12,jan,1,0,0,-1,36631.95,10.50867608940916,Other,2.0,20.0,0,5.0
1245620,ELDEN RING,2025-01,jan,1,1,1,0,49013.49,10.799850845325436,Other,2.0,20.0,0,5.0
1245620,ELDEN RING,2025-02,jan,1,1,1,1,42583.1,10.659212739930775,Other,2.0,20.0,0,5.0
1245620,ELDEN RING,2025-03,jan,1,1,1,2,40065.85,10.598279629511897,Other,2.0,20.0,0,5.0
1245620,ELDEN RING,2025-04,jan,1,1,1,3,35063.01,10.464902007613814,Other,2.0,20.0,0,5.0
1407200,World of Tanks,2024-10,jan,1,0,0,-3,3536.29,8.170833433969266,Other,2.0,20.0,0,5.0
1407200,World of Tanks,2024-11,jan,1,0,0,-2,3272.16,8.093205596282585,Other,2.0,20.0,0,5.0
1407200,World of Tanks,2024-12,jan,1,0,0,-1,4619.34,8.438007116727874,Other,2.0,20.0,0,5.0
1407200,World of Tanks,2025-01,jan,1,1,1,0,4657.19,8.446167540947638,Other,2.0,20.0,0,5.0
1407200,World of Tanks,2025-02,jan,1,1,1,1,4245.1,8.353520655594014,Other,2.0,20.0,0,5.0
1407200,World of Tanks,2025-03,jan,1,1,1,2,4592.17,8.432107958220069,Other,2.0,20.0,0,5.0
1407200,World of Tanks,2025-04,jan,1,1,1,3,4695.79,8.454421641598302,Other,2.0,20.0,0,5.0
1091500,Cyberpunk 2077,2024-10,jan,1,0,0,-3,26655.95,10.19076766921451,Other,2.0,20.0,0,5.0
1091500,Cyberpunk 2077,2024-11,jan,1,0,0,-2,28574.69,10.260276639960244,Other,2.0,20.0,0,5.0
1091500,Cyberpunk 2077,2024-12,jan,1,0,0,-1,42891.48,10.666428483793638,Other,2.0,20.0,0,5.0
1091500,Cyberpunk 2077,2025-01,jan,1,1,1,0,43016.58,10.669340901753644,Other,2.0,20.0,0,5.0
1091500,Cyberpunk 2077,2025-02,jan,1,1,1,1,32860.34,10.400021738464083,Other,2.0,20.0,0,5.0
1091500,Cyberpunk 2077,2025-03,jan,1,1,1,2,29383.03,10.288172575792085,Other,2.0,20.0,0,5.0
1091500,Cyberpunk 2077,2025-04,jan,1,1,1,3,24943.4,10.124364537127565,Other,2.0,20.0,0,5.0
1974050,Torchlight: Infinite,2024-10,jan,1,0,0,-3,1963.68,7.582575542849198,Other,2.0,20.0,0,5.0
1974050,Torchlight: Infinite,2024-11,jan,1,0,0,-2,4247.0,8.353968130313271,Other,2.0,20.0,0,5.0
1974050,Torchlight: Infinite,2024-12,jan,1,0,0,-1,716.11,6.573833786445484,Other,2.0,20.0,0,5.0
1974050,Torchlight: Infinite,2025-01,jan,1,1,1,0,4219.16,8.34739133508385,Other,2.0,20.0,0,5.0
1974050,Torchlight: Infinite,2025-02,jan,1,1,1,1,1678.58,7.425703476886933,Other,2.0,20.0,0,5.0
1974050,Torchlight: Infinite,2025-03,jan,1,1,1,2,494.12,6.202778402668613,Other,2.0,20.0,0,5.0
1974050,Torchlight: Infinite,2025-04,jan,1,1,1,3,3451.6,8.146593170634153,Other,2.0,20.0,0,5.0
1465360,SnowRunner,2024-10,jan,1,0,0,-3,3899.87,8.268698498228837,Other,2.0,20.0,0,5.0
1465360,SnowRunner,2024-11,jan,1,0,0,-2,3659.88,8.205185638972665,Other,2.0,20.0,0,5.0
1465360,SnowRunner,2024-12,jan,1,0,0,-1,4118.12,8.32315202752256,Other,2.0,20.0,0,5.0
1465360,SnowRunner,2025-01,jan,1,1,1,0,4729.68,8.461612825920437,Other,2.0,20.0,0,5.0
1465360,SnowRunner,2025-02,jan,1,1,1,1,4618.76,8.437881549782125,Other,2.0,20.0,0,5.0
1465360,SnowRunner,2025-03,jan,1,1,1,2,4755.21,8.466996138042143,Other,2.0,20.0,0,5.0
1465360,SnowRunner,2025-04,jan,1,1,1,3,4263.84,8.3579254416895,Other,2.0,20.0,0,5.0
1599340,Lost Ark,2024-10,jan,1,0,0,-3,17973.62,9.796660406345783,Other,2.0,20.0,0,5.0
1599340,Lost Ark,2024-11,jan,1,0,0,-2,17040.34,9.743338753235891,Other,2.0,20.0,0,5.0
1599340,Lost Ark,2024-12,jan,1,0,0,-1,22378.75,10.015867126865484,Other,2.0,20.0,0,5.0
1599340,Lost Ark,2025-01,jan,1,1,1,0,26813.01,10.196642496468497,Other,2.0,20.0,0,5.0
1599340,Lost Ark,2025-02,jan,1,1,1,1,17243.98,9.755218376042645,Other,2.0,20.0,0,5.0
1599340,Lost Ark,2025-03,jan,1,1,1,2,13108.49,9.481015390871628,Other,2.0,20.0,0,5.0
1599340,Lost Ark,2025-04,jan,1,1,1,3,14348.04,9.571368626493284,Other,2.0,20.0,0,5.0
2186680,"Warhammer 40,000: Rogue Trader",2024-10,jan,1,0,0,-3,7188.22,8.880198854001579,Other,2.0,20.0,0,5.0
2186680,"Warhammer 40,000: Rogue Trader",2024-11,jan,1,0,0,-2,4217.88,8.347087911131892,Other,2.0,20.0,0,5.0
2186680,"Warhammer 40,000: Rogue Trader",2024-12,jan,1,0,0,-1,4836.96,8.484041703200202,Other,2.0,20.0,0,5.0
2186680,"Warhammer 40,000: Rogue Trader",2025-01,jan,1,1,1,0,6049.05,8.707656513901815,Other,2.0,20.0,0,5.0
2186680,"Warhammer 40,000: Rogue Trader",2025-02,jan,1,1,1,1,3697.83,8.215501440095357,Other,2.0,20.0,0,5.0
2186680,"Warhammer 40,000: Rogue Trader",2025-03,jan,1,1,1,2,3245.51,8.085027781658116,Other,2.0,20.0,0,5.0
2186680,"Warhammer 40,000: Rogue Trader",2025-04,jan,1,1,1,3,2835.09,7.949828961689704,Other,2.0,20.0,0,5.0
39210,FINAL FANTASY XIV Online,2024-10,jan,1,0,0,-3,17479.52,9.768785188878262,Other,2.0,20.0,0,5.0
39210,FINAL FANTASY XIV Online,2024-11,jan,1,0,0,-2,19734.22,9.890109463626988,Other,2.0,20.0,0,5.0
39210,FINAL FANTASY XIV Online,2024-12,jan,1,0,0,-1,17566.3,9.773737572778227,Other,2.0,20.0,0,5.0
39210,FINAL FANTASY XIV Online,2025-01,jan,1,1,1,0,17099.19,9.74678637294778,Other,2.0,20.0,0,5.0
39210,FINAL FANTASY XIV Online,2025-02,jan,1,1,1,1,16385.4,9.704145973407408,Other,2.0,20.0,0,5.0
39210,FINAL FANTASY XIV Online,2025-03,jan,1,1,1,2,16653.1,9.72035166426428,Other,2.0,20.0,0,5.0
39210,FINAL FANTASY XIV Online,2025-04,jan,1,1,1,3,20324.91,9.919602506361928,Other,2.0,20.0,0,5.0
2344520,Diablo® IV,2024-10,jan,1,0,0,-3,21041.6,9.9542567095877,Other,2.0,20.0,0,5.0
2344520,Diablo® IV,2024-11,jan,1,0,0,-2,10120.76,9.222344038835912,Other,2.0,20.0,0,5.0
2344520,Diablo® IV,2024-12,jan,1,0,0,-1,7865.62,8.970256642646085,Other,2.0,20.0,0,5.0
2344520,Diablo® IV,2025-01,jan,1,1,1,0,10185.56,9.228726309967277,Other,2.0,20.0,0,5.0
2344520,Diablo® IV,2025-02,jan,1,1,1,1,11996.7,9.392386890950704,Other,2.0,20.0,0,5.0
2344520,Diablo® IV,2025-03,jan,1,1,1,2,6844.32,8.83117439020192,Other,2.0,20.0,0,5.0
2344520,Diablo® IV,2025-04,jan,1,1,1,3,5920.04,8.686098484611982,Other,2.0,20.0,0,5.0
1284210,Guild Wars 2®,2024-10,jan,1,0,0,-3,2963.76,7.994214011477677,Other,2.0,20.0,0,5.0
1284210,Guild Wars 2®,2024-11,jan,1,0,0,-2,2885.08,7.967307908193789,Other,2.0,20.0,0,5.0
1284210,Guild Wars 2®,2024-12,jan,1,0,0,-1,2919.24,7.979078587412576,Other,2.0,20.0,0,5.0
1284210,Guild Wars 2®,2025-01,jan,1,1,1,0,3167.5,8.060697912195295,Other,2.0,20.0,0,5.0
1284210,Guild Wars 2®,2025-02,jan,1,1,1,1,3154.98,8.056737435811005,Other,2.0,20.0,0,5.0
1284210,Guild Wars 2®,2025-03,jan,1,1,1,2,3402.35,8.13222164832239,Other,2.0,20.0,0,5.0
1284210,Guild Wars 2®,2025-04,jan,1,1,1,3,3267.35,8.091734537788168,Other,2.0,20.0,0,5.0
739630,Phasmophobia,2024-10,jan,1,0,0,-3,14070.88,9.551862692573367,Other,2.0,20.0,0,5.0
739630,Phasmophobia,2024-11,jan,1,0,0,-2,22577.42,10.024705570767996,Other,2.0,20.0,0,5.0
739630,Phasmophobia,2024-12,jan,1,0,0,-1,19453.71,9.875793076358267,Other,2.0,20.0,0,5.0
739630,Phasmophobia,2025-01,jan,1,1,1,0,22224.74,10.008961361775993,Other,2.0,20.0,0,5.0
739630,Phasmophobia,2025-02,jan,1,1,1,1,19726.02,9.889693855403722,Other,2.0,20.0,0,5.0
739630,Phasmophobia,2025-03,jan,1,1,1,2,16944.88,9.73772100228105,Other,2.0,20.0,0,5.0
739630,Phasmophobia,2025-04,jan,1,1,1,3,12273.43,9.415192042242207,Other,2.0,20.0,0,5.0
2073850,THE FINALS,2024-10,jan,1,0,0,-3,15495.2,9.64828557752803,Other,2.0,20.0,0,5.0
2073850,THE FINALS,2024-11,jan,1,0,0,-2,14260.01,9.565214395230313,Other,2.0,20.0,0,5.0
2073850,THE FINALS,2024-12,jan,1,0,0,-1,13486.57,9.509449654455029,Other,2.0,20.0,0,5.0
2073850,THE FINALS,2025-01,jan,1,1,1,0,11981.93,9.391154960530328,Other,2.0,20.0,0,5.0
2073850,THE FINALS,2025-02,jan,1,1,1,1,11760.75,9.37252299492925,Other,2.0,20.0,0,5.0
2073850,THE FINALS,2025-03,jan,1,1,1,2,12601.74,9.441590178643395,Other,2.0,20.0,0,5.0
2073850,THE FINALS,2025-04,jan,1,1,1,3,12483.03,9.432125400916608,Other,2.0,20.0,0,5.0
1149460,ICARUS,2024-10,jan,1,0,0,-3,1755.78,7.470668481608232,Other,2.0,20.0,0,5.0
1149460,ICARUS,2024-11,jan,1,0,0,-2,4765.97,8.46925636305222,Other,2.0,20.0,0,5.0
1149460,ICARUS,2024-12,jan,1,0,0,-1,3097.24,8.038266671320041,Other,2.0,20.0,0,5.0
1149460,ICARUS,2025-01,jan,1,1,1,0,5702.85,8.648721328864292,Other,2.0,20.0,0,5.0
1149460,ICARUS,2025-02,jan,1,1,1,1,4616.49,8.437389955067154,Other,2.0,20.0,0,5.0
1149460,ICARUS,2025-03,jan,1,1,1,2,2947.5,7.988712632411526,Other,2.0,20.0,0,5.0
1149460,ICARUS,2025-04,jan,1,1,1,3,2230.07,7.709788254096034,Other,2.0,20.0,0,5.0
394360,Hearts of Iron IV,2024-10,jan,1,0,0,-3,35953.56,10.48998338467199,Other,2.0,20.0,0,5.0
394360,Hearts of Iron IV,2024-11,jan,1,0,0,-2,41614.67,10.636208028315762,Other,2.0,20.0,0,5.0
394360,Hearts of Iron IV,2024-12,jan,1,0,0,-1,39547.17,10.58524941564194,Other,2.0,20.0,0,5.0
394360,Hearts of Iron IV,2025-01,jan,1,1,1,0,39856.99,10.593053076615387,Other,2.0,20.0,0,5.0
394360,Hearts of Iron IV,2025-02,jan,1,1,1,1,37157.74,10.52292737299432,Other,2.0,20.0,0,5.0
394360,Hearts of Iron IV,2025-03,jan,1,1,1,2,38764.75,10.565266607515793,Other,2.0,20.0,0,5.0
394360,Hearts of Iron IV,2025-04,jan,1,1,1,3,34676.35,10.453813177373975,Other,2.0,20.0,0,5.0
2183900,"Warhammer 40,000: Space Marine 2",2024-10,jan,1,0,0,-3,25447.32,10.144365711915095,Other,2.0,20.0,0,5.0
2183900,"Warhammer 40,000: Space Marine 2",2024-11,jan,1,0,0,-2,10723.97,9.280236701888304,Other,2.0,20.0,0,5.0
2183900,"Warhammer 40,000: Space Marine 2",2024-12,jan,1,0,0,-1,9950.65,9.205393154652112,Other,2.0,20.0,0,5.0
2183900,"Warhammer 40,000: Space Marine 2",2025-01,jan,1,1,1,0,8462.6,9.043411733989707,Other,2.0,20.0,0,5.0
2183900,"Warhammer 40,000: Space Marine 2",2025-02,jan,1,1,1,1,8455.29,9.0425475599757,Other,2.0,20.0,0,5.0
2183900,"Warhammer 40,000: Space Marine 2",2025-03,jan,1,1,1,2,6652.42,8.802735977225234,Other,2.0,20.0,0,5.0
2183900,"Warhammer 40,000: Space Marine 2",2025-04,jan,1,1,1,3,7842.28,8.967284887392113,Other,2.0,20.0,0,5.0
304390,FOR HONOR™,2024-10,jan,1,0,0,-3,3006.15,8.008415469267547,Other,2.0,20.0,0,5.0
304390,FOR HONOR™,2024-11,jan,1,0,0,-2,2560.4,7.847918775267848,Other,2.0,20.0,0,5.0
304390,FOR HONOR™,2024-12,jan,1,0,0,-1,2691.9,7.8980025429721215,Other,2.0,20.0,0,5.0
304390,FOR HONOR™,2025-01,jan,1,1,1,0,2704.19,7.902557700966486,Other,2.0,20.0,0,5.0
304390,FOR HONOR™,2025-02,jan,1,1,1,1,2714.67,7.906425678019279,Other,2.0,20.0,0,5.0
304390,FOR HONOR™,2025-03,jan,1,1,1,2,3399.18,8.131289505045942,Other,2.0,20.0,0,5.0
304390,FOR HONOR™,2025-04,jan,1,1,1,3,2941.92,7.986817708405531,Other,2.0,20.0,0,5.0
1401590,Disney Dreamlight Valley,2024-10,jan,1,0,0,-3,2410.08,7.787415220954505,Other,2.0,20.0,0,5.0
1401590,Disney Dreamlight Valley,2024-11,jan,1,0,0,-2,3514.06,8.16452734316018,Other,2.0,20.0,0,5.0
1401590,Disney Dreamlight Valley,2024-12,jan,1,0,0,-1,4244.63,8.353409933580362,Other,2.0,20.0,0,5.0
1401590,Disney Dreamlight Valley,2025-01,jan,1,1,1,0,3356.67,8.118704690092665,Other,2.0,20.0,0,5.0
1401590,Disney Dreamlight Valley,2025-02,jan,1,1,1,1,2599.82,7.863197490843782,Other,2.0,20.0,0,5.0
1401590,Disney Dreamlight Valley,2025-03,jan,1,1,1,2,3636.0,8.19863945529737,Other,2.0,20.0,0,5.0
1401590,Disney Dreamlight Valley,2025-04,jan,1,1,1,3,3398.08,8.130965845215481,Other,2.0,20.0,0,5.0
1623730,Palworld,2024-10,jan,1,0,0,-3,16112.39,9.687343820226467,Other,2.0,20.0,0,5.0
1623730,Palworld,2024-11,jan,1,0,0,-2,15395.77,9.64184807534687,Other,2.0,20.0,0,5.0
1623730,Palworld,2024-12,jan,1,0,0,-1,54911.26,10.913473706649604,Other,2.0,20.0,0,5.0
1623730,Palworld,2025-01,jan,1,1,1,0,97429.31,11.486882368386715,Other,2.0,20.0,0,5.0
1623730,Palworld,2025-02,jan,1,1,1,1,52080.77,10.860551061719391,Other,2.0,20.0,0,5.0
1623730,Palworld,2025-03,jan,1,1,1,2,33419.82,10.41690441613847,Other,2.0,20.0,0,5.0
1623730,Palworld,2025-04,jan,1,1,1,3,24443.08,10.10410242825857,Other,2.0,20.0,0,5.0
22380,Fallout: New Vegas,2024-10,jan,1,0,0,-3,3019.44,8.012826662710985,Other,2.0,20.0,0,5.0
22380,Fallout: New Vegas,2024-11,jan,1,0,0,-2,3126.01,8.047512709952633,Other,2.0,20.0,0,5.0
22380,Fallout: New Vegas,2024-12,jan,1,0,0,-1,3176.57,8.063557277296773,Other,2.0,20.0,0,5.0
22380,Fallout: New Vegas,2025-01,jan,1,1,1,0,3482.03,8.1553707360291,Other,2.0,20.0,0,5.0
22380,Fallout: New Vegas,2025-02,jan,1,1,1,1,3431.07,8.140627444865425,Other,2.0,20.0,0,5.0
22380,Fallout: New Vegas,2025-03,jan,1,1,1,2,3853.0,8.256607344626158,Other,2.0,20.0,0,5.0
22380,Fallout: New Vegas,2025-04,jan,1,1,1,3,4113.75,8.32209030025755,Other,2.0,20.0,0,5.0
286160,Tabletop Simulator,2024-10,jan,1,0,0,-3,4830.48,8.482701120590852,Other,2.0,20.0,0,5.0
286160,Tabletop Simulator,2024-11,jan,1,0,0,-2,4836.35,8.483915582978518,Other,2.0,20.0,0,5.0
286160,Tabletop Simulator,2024-12,jan,1,0,0,-1,4677.86,8.450596019376926,Other,2.0,20.0,0,5.0
286160,Tabletop Simulator,2025-01,jan,1,1,1,0,5672.69,8.643418711024742,Other,2.0,20.0,0,5.0
286160,Tabletop Simulator,2025-02,jan,1,1,1,1,5573.25,8.625733645705688,Other,2.0,20.0,0,5.0
286160,Tabletop Simulator,2025-03,jan,1,1,1,2,5456.63,8.604586662065453,Other,2.0,20.0,0,5.0
286160,Tabletop Simulator,2025-04,jan,1,1,1,3,5125.06,8.541897511255153,Other,2.0,20.0,0,5.0
1401590,Disney Dreamlight Valley,2024-10,jan,1,0,0,-3,2410.08,7.787415220954505,Other,2.0,20.0,0,5.0
1401590,Disney Dreamlight Valley,2024-11,jan,1,0,0,-2,3514.06,8.16452734316018,Other,2.0,20.0,0,5.0
1401590,Disney Dreamlight Valley,2024-12,jan,1,0,0,-1,4244.63,8.353409933580362,Other,2.0,20.0,0,5.0
1401590,Disney Dreamlight Valley,2025-01,jan,1,1,1,0,3356.67,8.118704690092665,Other,2.0,20.0,0,5.0
1401590,Disney Dreamlight Valley,2025-02,jan,1,1,1,1,2599.82,7.863197490843782,Other,2.0,20.0,0,5.0
1401590,Disney Dreamlight Valley,2025-03,jan,1,1,1,2,3636.0,8.19863945529737,Other,2.0,20.0,0,5.0
1401590,Disney Dreamlight Valley,2025-04,jan,1,1,1,3,3398.08,8.130965845215481,Other,2.0,20.0,0,5.0
813780,Age of Empires II: Definitive Edition,2024-10,jan,1,0,0,-3,15344.14,9.638488921169186,Other,2.0,20.0,0,5.0
813780,Age of Empires II: Definitive Edition,2024-11,jan,1,0,0,-2,17156.78,9.750148709746652,Other,2.0,20.0,0,5.0
813780,Age of Empires II: Definitive Edition,2024-12,jan,1,0,0,-1,16924.32,9.736506919720764,Other,2.0,20.0,0,5.0
813780,Age of Empires II: Definitive Edition,2025-01,jan,1,1,1,0,17888.51,9.791913886281854,Other,2.0,20.0,0,5.0
813780,Age of Empires II: Definitive Edition,2025-02,jan,1,1,1,1,17135.89,9.748930373432566,Other,2.0,20.0,0,5.0
813780,Age of Empires II: Definitive Edition,2025-03,jan,1,1,1,2,17106.62,9.747220802076448,Other,2.0,20.0,0,5.0
813780,Age of Empires II: Definitive Edition,2025-04,jan,1,1,1,3,17446.69,9.76690522482438,Other,2.0,20.0,0,5.0
266410,iRacing,2024-10,jan,1,0,0,-3,192.76,5.261445891772132,Other,2.0,20.0,0,5.0
266410,iRacing,2024-11,jan,1,0,0,-2,199.97,5.298167355296911,Other,2.0,20.0,0,5.0
266410,iRacing,2024-12,jan,1,0,0,-1,208.73,5.341041550757815,Other,2.0,20.0,0,5.0
266410,iRacing,2025-01,jan,1,1,1,0,249.74,5.5204203766869995,Other,2.0,20.0,0,5.0
266410,iRacing,2025-02,jan,1,1,1,1,257.61,5.551446813352503,Other,2.0,20.0,0,5.0
266410,iRacing,2025-03,jan,1,1,1,2,268.24,5.591882102157973,Other,2.0,20.0,0,5.0
266410,iRacing,2025-04,jan,1,1,1,3,286.76,5.658645628984671,Other,2.0,20.0,0,5.0
690830,Foundation,2024-10,jan,1,0,0,-3,274.61,5.615351909276774,Other,2.0,20.0,0,5.0
690830,Foundation,2024-11,jan,1,0,0,-2,245.7,5.504111279527133,Other,2.0,20.0,0,5.0
690830,Foundation,2024-12,jan,1,0,0,-1,454.56,6.119329918105878,Other,2.0,20.0,0,5.0
690830,Foundation,2025-01,jan,1,1,1,0,577.93,6.359452754071865,Other,2.0,20.0,0,5.0
690830,Foundation,2025-02,jan,1,1,1,1,7892.46,8.973663152316675,Other,2.0,20.0,0,5.0
690830,Foundation,2025-03,jan,1,1,1,2,3386.06,8.12742228255971,Other,2.0,20.0,0,5.0
690830,Foundation,2025-04,jan,1,1,1,3,1828.67,7.511344205649506,Other,2.0,20.0,0,5.0
1129580,Medieval Dynasty,2024-10,jan,1,0,0,-3,2187.64,7.690578616183857,Other,2.0,20.0,0,5.0
1129580,Medieval Dynasty,2024-11,jan,1,0,0,-2,2852.64,7.95600016028646,Other,2.0,20.0,0,5.0
1129580,Medieval Dynasty,2024-12,jan,1,0,0,-1,4881.42,8.493191440126232,Other,2.0,20.0,0,5.0
1129580,Medieval Dynasty,2025-01,jan,1,1,1,0,4146.22,8.329952354781362,Other,2.0,20.0,0,5.0
1129580,Medieval Dynasty,2025-02,jan,1,1,1,1,3945.11,8.280232116287944,Other,2.0,20.0,0,5.0
1129580,Medieval Dynasty,2025-03,jan,1,1,1,2,2743.0,7.916807490937603,Other,2.0,20.0,0,5.0
1129580,Medieval Dynasty,2025-04,jan,1,1,1,3,2207.94,7.699815233114725,Other,2.0,20.0,0,5.0
2399420,Le Mans Ultimate,2024-10,jan,1,0,0,-3,323.71,5.779848053257003,Other,2.0,20.0,0,5.0
2399420,Le Mans Ultimate,2024-11,jan,1,0,0,-2,284.55,5.650908985049133,Other,2.0,20.0,0,5.0
2399420,Le Mans Ultimate,2024-12,jan,1,0,0,-1,665.8,6.5009893251409245,Other,2.0,20.0,0,5.0
2399420,Le Mans Ultimate,2025-01,jan,1,1,1,0,659.28,6.491148330455128,Other,2.0,20.0,0,5.0
2399420,Le Mans Ultimate,2025-02,jan,1,1,1,1,845.72,6.740188335556668,Other,2.0,20.0,0,5.0
2399420,Le Mans Ultimate,2025-03,jan,1,1,1,2,1216.24,7.103519411472581,Other,2.0,20.0,0,5.0
2399420,Le Mans Ultimate,2025-04,jan,1,1,1,3,1134.3,7.033770999564997,Other,2.0,20.0,0,5.0
1144200,Ready or Not,2024-10,jan,1,0,0,-3,3957.54,8.283377899095118,Other,2.0,20.0,0,5.0
1144200,Ready or Not,2024-11,jan,1,0,0,-2,4175.08,8.33688879877802,Other,2.0,20.0,0,5.0
1144200,Ready or Not,2024-12,jan,1,0,0,-1,9047.74,9.110270281750896,Other,2.0,20.0,0,5.0
1144200,Ready or Not,2025-01,jan,1,1,1,0,9764.2,9.186477914711508,Other,2.0,20.0,0,5.0
1144200,Ready or Not,2025-02,jan,1,1,1,1,6028.02,8.704173877590915,Other,2.0,20.0,0,5.0
1144200,Ready or Not,2025-03,jan,1,1,1,2,7047.85,8.860477884756166,Other,2.0,20.0,0,5.0
1144200,Ready or Not,2025-04,jan,1,1,1,3,6613.26,8.796832003399597,Other,2.0,20.0,0,5.0
1172620,Sea of Thieves: 2025 Edition,2024-10,jan,1,0,0,-3,6850.43,8.832066703008712,Other,2.0,20.0,0,5.0
1172620,Sea of Thieves: 2025 Edition,2024-11,jan,1,0,0,-2,5838.65,8.672254884716107,Other,2.0,20.0,0,5.0
1172620,Sea of Thieves: 2025 Edition,2024-12,jan,1,0,0,-1,6079.6,8.712694183322306,Other,2.0,20.0,0,5.0
1172620,Sea of Thieves: 2025 Edition,2025-01,jan,1,1,1,0,6230.53,8.737216680394202,Other,2.0,20.0,0,5.0
1172620,Sea of Thieves: 2025 Edition,2025-02,jan,1,1,1,1,8619.32,9.061761474235146,Other,2.0,20.0,0,5.0
1172620,Sea of Thieves: 2025 Edition,2025-03,jan,1,1,1,2,8820.05,9.08478281791901,Other,2.0,20.0,0,5.0
1172620,Sea of Thieves: 2025 Edition,2025-04,jan,1,1,1,3,5966.56,8.693925825905968,Other,2.0,20.0,0,5.0
1363080,Manor Lords,2024-10,jan,1,0,0,-3,4023.18,8.299827913678168,Other,2.0,20.0,0,5.0
1363080,Manor Lords,2024-11,jan,1,0,0,-2,2923.19,7.980430764709298,Other,2.0,20.0,0,5.0
1363080,Manor Lords,2024-12,jan,1,0,0,-1,4871.53,8.491163335113908,Other,2.0,20.0,0,5.0
1363080,Manor Lords,2025-01,jan,1,1,1,0,7074.11,8.864196919545574,Other,2.0,20.0,0,5.0
1363080,Manor Lords,2025-02,jan,1,1,1,1,4620.4,8.438236560414525,Other,2.0,20.0,0,5.0
1363080,Manor Lords,2025-03,jan,1,1,1,2,3371.15,8.123009211425936,Other,2.0,20.0,0,5.0
1363080,Manor Lords,2025-04,jan,1,1,1,3,2782.33,7.931043985146687,Other,2.0,20.0,0,5.0
400750,Call to Arms - Gates of Hell: Ostfront,2024-10,jan,1,0,0,-3,3107.13,8.041454749521922,Other,2.0,20.0,0,5.0
400750,Call to Arms - Gates of Hell: Ostfront,2024-11,jan,1,0,0,-2,2867.68,7.961258619483287,Other,2.0,20.0,0,5.0
400750,Call to Arms - Gates of Hell: Ostfront,2024-12,jan,1,0,0,-1,2773.21,7.927760773004428,Other,2.0,20.0,0,5.0
400750,Call to Arms - Gates of Hell: Ostfront,2025-01,jan,1,1,1,0,3044.28,8.021019698982562,Other,2.0,20.0,0,5.0
400750,Call to Arms - Gates of Hell: Ostfront,2025-02,jan,1,1,1,1,2646.76,7.881091529434921,Other,2.0,20.0,0,5.0
400750,Call to Arms - Gates of Hell: Ostfront,2025-03,jan,1,1,1,2,3454.71,8.147493796354752,Other,2.0,20.0,0,5.0
400750,Call to Arms - Gates of Hell: Ostfront,2025-04,jan,1,1,1,3,3081.12,8.033048446231577,Other,2.0,20.0,0,5.0
1466860,Age of Empires IV: Anniversary Edition,2024-10,jan,1,0,0,-3,8065.54,8.9953559443005,Other,2.0,20.0,0,5.0
1466860,Age of Empires IV: Anniversary Edition,2024-11,jan,1,0,0,-2,8240.09,9.016766545173967,Other,2.0,20.0,0,5.0
1466860,Age of Empires IV: Anniversary Edition,2024-12,jan,1,0,0,-1,8581.41,9.057353514644717,Other,2.0,20.0,0,5.0
1466860,Age of Empires IV: Anniversary Edition,2025-01,jan,1,1,1,0,9131.18,9.119450209487422,Other,2.0,20.0,0,5.0
1466860,Age of Empires IV: Anniversary Edition,2025-02,jan,1,1,1,1,9239.46,9.131238721369513,Other,2.0,20.0,0,5.0
1466860,Age of Empires IV: Anniversary Edition,2025-03,jan,1,1,1,2,9421.77,9.150778248008946,Other,2.0,20.0,0,5.0
1466860,Age of Empires IV: Anniversary Edition,2025-04,jan,1,1,1,3,11023.25,9.307761957557352,Other,2.0,20.0,0,5.0
108600,Project Zomboid,2024-10,jan,1,0,0,-3,22579.71,10.024806994397085,Other,2.0,20.0,0,5.0
108600,Project Zomboid,2024-11,jan,1,0,0,-2,25707.07,10.154521330327258,Other,2.0,20.0,0,5.0
108600,Project Zomboid,2024-12,jan,1,0,0,-1,30337.71,10.320146772136981,Other,2.0,20.0,0,5.0
108600,Project Zomboid,2025-01,jan,1,1,1,0,36837.84,10.5142808567285,Other,2.0,20.0,0,5.0
108600,Project Zomboid,2025-02,jan,1,1,1,1,29856.97,10.304173592401192,Other,2.0,20.0,0,5.0
108600,Project Zomboid,2025-03,jan,1,1,1,2,23310.06,10.056640306029065,Other,2.0,20.0,0,5.0
108600,Project Zomboid,2025-04,jan,1,1,1,3,19200.4,9.862686391132195,Other,2.0,20.0,0,5.0
1284190,The Planet Crafter,2024-10,jan,1,0,0,-3,6531.94,8.784459268500097,Other,2.0,20.0,0,5.0
1284190,The Planet Crafter,2024-11,jan,1,0,0,-2,3596.63,8.187752574907453,Other,2.0,20.0,0,5.0
1284190,The Planet Crafter,2024-12,jan,1,0,0,-1,3362.33,8.120389465011197,Other,2.0,20.0,0,5.0
1284190,The Planet Crafter,2025-01,jan,1,1,1,0,3172.2,8.06218063246946,Other,2.0,20.0,0,5.0
1284190,The Planet Crafter,2025-02,jan,1,1,1,1,2486.33,7.818563006623868,Other,2.0,20.0,0,5.0
1284190,The Planet Crafter,2025-03,jan,1,1,1,2,2913.81,7.977216782158546,Other,2.0,20.0,0,5.0
1284190,The Planet Crafter,2025-04,jan,1,1,1,3,2307.68,7.7439979698352,Other,2.0,20.0,0,5.0
275850,No Man's Sky,2024-10,jan,1,0,0,-3,9980.6,9.208398487738842,Other,2.0,20.0,0,5.0
275850,No Man's Sky,2024-11,jan,1,0,0,-2,10889.2,9.295526751336906,Other,2.0,20.0,0,5.0
275850,No Man's Sky,2024-12,jan,1,0,0,-1,11499.01,9.350016223689124,Other,2.0,20.0,0,5.0
275850,No Man's Sky,2025-01,jan,1,1,1,0,9252.59,9.132658791313787,Other,2.0,20.0,0,5.0
275850,No Man's Sky,2025-02,jan,1,1,1,1,22574.66,10.024583317263685,Other,2.0,20.0,0,5.0
275850,No Man's Sky,2025-03,jan,1,1,1,2,10968.11,9.302747250367643,Other,2.0,20.0,0,5.0
275850,No Man's Sky,2025-04,jan,1,1,1,3,9641.27,9.173808121665868,Other,2.0,20.0,0,5.0
2155180,Pioneers of Pagonia,2024-10,jan,1,0,0,-3,157.2,5.057518879995106,Other,2.0,20.0,0,5.0
2155180,Pioneers of Pagonia,2024-11,jan,1,0,0,-2,220.57,5.396215104824496,Other,2.0,20.0,0,5.0
2155180,Pioneers of Pagonia,2024-12,jan,1,0,0,-1,276.38,5.6217767303753385,Other,2.0,20.0,0,5.0
2155180,Pioneers of Pagonia,2025-01,jan,1,1,1,0,224.2,5.4125385106380595,Other,2.0,20.0,0,5.0
2155180,Pioneers of Pagonia,2025-02,jan,1,1,1,1,198.01,5.288317534469703,Other,2.0,20.0,0,5.0
2155180,Pioneers of Pagonia,2025-03,jan,1,1,1,2,162.13,5.088398482561978,Other,2.0,20.0,0,5.0
2155180,Pioneers of Pagonia,2025-04,jan,1,1,1,3,162.97,5.093566134787897,Other,2.0,20.0,0,5.0
291550,Brawlhalla,2024-10,jan,1,0,0,-3,10443.6,9.253744629583469,Other,2.0,20.0,0,5.0
291550,Brawlhalla,2024-11,jan,1,0,0,-2,10351.47,9.24488381759386,Other,2.0,20.0,0,5.0
291550,Brawlhalla,2024-12,jan,1,0,0,-1,9661.05,9.175857616951793,Other,2.0,20.0,0,5.0
291550,Brawlhalla,2025-01,jan,1,1,1,0,9758.22,9.185865285725242,Other,2.0,20.0,0,5.0
291550,Brawlhalla,2025-02,jan,1,1,1,1,10483.44,9.257552148289477,Other,2.0,20.0,0,5.0
291550,Brawlhalla,2025-03,jan,1,1,1,2,10107.86,9.221068617996654,Other,2.0,20.0,0,5.0
291550,Brawlhalla,2025-04,jan,1,1,1,3,9544.21,9.163689966888574,Other,2.0,20.0,0,5.0
1288320,Way of the Hunter,2024-10,jan,1,0,0,-3,282.88,5.645022779449278,Other,2.0,20.0,0,5.0
1288320,Way of the Hunter,2024-11,jan,1,0,0,-2,299.86,5.703315699066757,Other,2.0,20.0,0,5.0
1288320,Way of the Hunter,2024-12,jan,1,0,0,-1,438.98,6.0844538539508095,Other,2.0,20.0,0,5.0
1288320,Way of the Hunter,2025-01,jan,1,1,1,0,405.71,6.0056386186638635,Other,2.0,20.0,0,5.0
1288320,Way of the Hunter,2025-02,jan,1,1,1,1,256.7,5.5479080878770946,Other,2.0,20.0,0,5.0
1288320,Way of the Hunter,2025-03,jan,1,1,1,2,454.34,6.1188458164350745,Other,2.0,20.0,0,5.0
1288320,Way of the Hunter,2025-04,jan,1,1,1,3,274.24,5.614003635409415,Other,2.0,20.0,0,5.0
107410,Arma 3,2024-10,jan,1,0,0,-3,8847.49,9.087889081956193,Other,2.0,20.0,0,5.0
107410,Arma 3,2024-11,jan,1,0,0,-2,9691.98,9.179054018376714,Other,2.0,20.0,0,5.0
107410,Arma 3,2024-12,jan,1,0,0,-1,9740.18,9.184014876958631,Other,2.0,20.0,0,5.0
107410,Arma 3,2025-01,jan,1,1,1,0,10805.22,9.287784629677713,Other,2.0,20.0,0,5.0
107410,Arma 3,2025-02,jan,1,1,1,1,9709.95,9.180906411941526,Other,2.0,20.0,0,5.0
107410,Arma 3,2025-03,jan,1,1,1,2,9458.1,9.15462679620777,Other,2.0,20.0,0,5.0
107410,Arma 3,2025-04,jan,1,1,1,3,8195.57,9.011349043365588,Other,2.0,20.0,0,5.0
440900,Conan Exiles,2024-10,jan,1,0,0,-3,7029.44,8.85786232302582,Other,2.0,20.0,0,5.0
440900,Conan Exiles,2024-11,jan,1,0,0,-2,7447.34,8.91561220063729,Other,2.0,20.0,0,5.0
440900,Conan Exiles,2024-12,jan,1,0,0,-1,6373.11,8.7598428554823,Other,2.0,20.0,0,5.0
440900,Conan Exiles,2025-01,jan,1,1,1,0,6505.34,8.780378657067256,Other,2.0,20.0,0,5.0
440900,Conan Exiles,2025-02,jan,1,1,1,1,6029.95,8.70449399781289,Other,2.0,20.0,0,5.0
440900,Conan Exiles,2025-03,jan,1,1,1,2,9053.09,9.110861414881896,Other,2.0,20.0,0,5.0
440900,Conan Exiles,2025-04,jan,1,1,1,3,9395.6,9.14799677356568,Other,2.0,20.0,0,5.0
2515020,FINAL FANTASY XVI,2024-10,jan,1,0,0,-3,4922.62,8.501596188072925,Other,2.0,20.0,0,5.0
2515020,FINAL FANTASY XVI,2024-11,jan,1,0,0,-2,2066.59,7.633655184902778,Other,2.0,20.0,0,5.0
2515020,FINAL FANTASY XVI,2024-12,jan,1,0,0,-1,3455.55,8.147736913112771,Other,2.0,20.0,0,5.0
2515020,FINAL FANTASY XVI,2025-01,jan,1,1,1,0,3146.53,8.05405553732484,Other,2.0,20.0,0,5.0
2515020,FINAL FANTASY XVI,2025-02,jan,1,1,1,1,1730.76,7.456315897383419,Other,2.0,20.0,0,5.0
2515020,FINAL FANTASY XVI,2025-03,jan,1,1,1,2,1486.52,7.304193096770784,Other,2.0,20.0,0,5.0
2515020,FINAL FANTASY XVI,2025-04,jan,1,1,1,3,1092.5,6.996223926969745,Other,2.0,20.0,0,5.0
292030,The Witcher 3: Wild Hunt,2024-10,jan,1,0,0,-3,11447.59,9.345534506478943,Other,2.0,20.0,0,5.0
292030,The Witcher 3: Wild Hunt,2024-11,jan,1,0,0,-2,12698.93,9.449273016928782,Other,2.0,20.0,0,5.0
292030,The Witcher 3: Wild Hunt,2024-12,jan,1,0,0,-1,21388.19,9.970594179515231,Other,2.0,20.0,0,5.0
292030,The Witcher 3: Wild Hunt,2025-01,jan,1,1,1,0,21688.04,9.984516235514683,Other,2.0,20.0,0,5.0
292030,The Witcher 3: Wild Hunt,2025-02,jan,1,1,1,1,16543.11,9.713724979922999,Other,2.0,20.0,0,5.0
292030,The Witcher 3: Wild Hunt,2025-03,jan,1,1,1,2,13603.54,9.518085331971154,Other,2.0,20.0,0,5.0
292030,The Witcher 3: Wild Hunt,2025-04,jan,1,1,1,3,11039.54,9.30923865229634,Other,2.0,20.0,0,5.0
1938090,Call of Duty®,2024-10,jan,1,0,0,-3,84236.44,11.341382885705942,Other,2.0,20.0,0,5.0
1938090,Call of Duty®,2024-11,jan,1,0,0,-2,165668.43,12.017743660217189,Other,2.0,20.0,0,5.0
1938090,Call of Duty®,2024-12,jan,1,0,0,-1,93505.58,11.445776392640434,Other,2.0,20.0,0,5.0
1938090,Call of Duty®,2025-01,jan,1,1,1,0,61340.37,11.0241934696031,Other,2.0,20.0,0,5.0
1938090,Call of Duty®,2025-02,jan,1,1,1,1,54575.28,10.907336311959266,Other,2.0,20.0,0,5.0
1938090,Call of Duty®,2025-03,jan,1,1,1,2,44613.25,10.705786179088879,Other,2.0,20.0,0,5.0
1938090,Call of Duty®,2025-04,jan,1,1,1,3,69431.38,11.148094205684027,Other,2.0,20.0,0,5.0
767560,War Robots,2024-10,jan,1,0,0,-3,1418.5,7.257355254248906,Other,2.0,20.0,0,5.0
767560,War Robots,2024-11,jan,1,0,0,-2,1502.55,7.314918943725883,Other,2.0,20.0,0,5.0
767560,War Robots,2024-12,jan,1,0,0,-1,1474.31,7.295945362712781,Other,2.0,20.0,0,5.0
767560,War Robots,2025-01,jan,1,1,1,0,1572.8,7.360612749392902,Other,2.0,20.0,0,5.0
767560,War Robots,2025-02,jan,1,1,1,1,1670.41,7.420824384260438,Other,2.0,20.0,0,5.0
767560,War Robots,2025-03,jan,1,1,1,2,1553.03,7.347963140412204,Other,2.0,20.0,0,5.0
767560,War Robots,2025-04,jan,1,1,1,3,1537.71,7.3380495757195945,Other,2.0,20.0,0,5.0
780310,The Riftbreaker,2024-10,jan,1,0,0,-3,356.62,5.8766707891059005,Other,2.0,20.0,0,5.0
780310,The Riftbreaker,2024-11,jan,1,0,0,-2,383.64,5.94970461285975,Other,2.0,20.0,0,5.0
780310,The Riftbreaker,2024-12,jan,1,0,0,-1,351.98,5.863574355802065,Other,2.0,20.0,0,5.0
780310,The Riftbreaker,2025-01,jan,1,1,1,0,345.85,5.846005155046594,Other,2.0,20.0,0,5.0
780310,The Riftbreaker,2025-02,jan,1,1,1,1,427.16,6.057158650303345,Other,2.0,20.0,0,5.0
780310,The Riftbreaker,2025-03,jan,1,1,1,2,386.27,5.956536606806695,Other,2.0,20.0,0,5.0
780310,The Riftbreaker,2025-04,jan,1,1,1,3,411.81,6.020562077931678,Other,2.0,20.0,0,5.0
1669000,Age of Wonders 4,2024-10,jan,1,0,0,-3,1905.91,7.552714863791831,Other,2.0,20.0,0,5.0
1669000,Age of Wonders 4,2024-11,jan,1,0,0,-2,4773.44,8.470822497965566,Other,2.0,20.0,0,5.0
1669000,Age of Wonders 4,2024-12,jan,1,0,0,-1,2533.4,7.837317553049532,Other,2.0,20.0,0,5.0
1669000,Age of Wonders 4,2025-01,jan,1,1,1,0,2038.03,7.61973893398836,Other,2.0,20.0,0,5.0
1669000,Age of Wonders 4,2025-02,jan,1,1,1,1,1790.06,7.490004417826106,Other,2.0,20.0,0,5.0
1669000,Age of Wonders 4,2025-03,jan,1,1,1,2,1846.99,7.521312565999418,Other,2.0,20.0,0,5.0
1669000,Age of Wonders 4,2025-04,jan,1,1,1,3,3843.66,8.254180316646554,Other,2.0,20.0,0,5.0
784150,Workers & Resources: Soviet Republic,2024-10,jan,1,0,0,-3,2414.73,7.789342758594212,Other,2.0,20.0,0,5.0
784150,Workers & Resources: Soviet Republic,2024-11,jan,1,0,0,-2,2246.36,7.717066407405152,Other,2.0,20.0,0,5.0
784150,Workers & Resources: Soviet Republic,2024-12,jan,1,0,0,-1,2379.39,7.7745994312934075,Other,2.0,20.0,0,5.0
784150,Workers & Resources: Soviet Republic,2025-01,jan,1,1,1,0,2767.37,7.925652689676417,Other,2.0,20.0,0,5.0
784150,Workers & Resources: Soviet Republic,2025-02,jan,1,1,1,1,2337.94,7.75702547874292,Other,2.0,20.0,0,5.0
784150,Workers & Resources: Soviet Republic,2025-03,jan,1,1,1,2,2176.06,7.685271181125102,Other,2.0,20.0,0,5.0
784150,Workers & Resources: Soviet Republic,2025-04,jan,1,1,1,3,2129.03,7.663421755916794,Other,2.0,20.0,0,5.0
1604030,V Rising,2024-10,jan,1,0,0,-3,4155.25,8.332127873951219,Other,2.0,20.0,0,5.0
1604030,V Rising,2024-11,jan,1,0,0,-2,4233.37,8.350753645158386,Other,2.0,20.0,0,5.0
1604030,V Rising,2024-12,jan,1,0,0,-1,3958.27,8.28356234010673,Other,2.0,20.0,0,5.0
1604030,V Rising,2025-01,jan,1,1,1,0,4936.34,8.504379444898564,Other,2.0,20.0,0,5.0
1604030,V Rising,2025-02,jan,1,1,1,1,4242.6,8.352931567838251,Other,2.0,20.0,0,5.0
1604030,V Rising,2025-03,jan,1,1,1,2,3932.93,8.277139974154936,Other,2.0,20.0,0,5.0
1604030,V Rising,2025-04,jan,1,1,1,3,7038.67,8.859174510849826,Other,2.0,20.0,0,5.0
1898300,ASKA,2024-10,jan,1,0,0,-3,956.99,6.863792942077565,Other,2.0,20.0,0,5.0
1898300,ASKA,2024-11,jan,1,0,0,-2,823.26,6.713272068161139,Other,2.0,20.0,0,5.0
1898300,ASKA,2024-12,jan,1,0,0,-1,1222.86,7.108947656526343,Other,2.0,20.0,0,5.0
1898300,ASKA,2025-01,jan,1,1,1,0,917.51,6.821663479051891,Other,2.0,20.0,0,5.0
1898300,ASKA,2025-02,jan,1,1,1,1,866.82,6.764831342769345,Other,2.0,20.0,0,5.0
1898300,ASKA,2025-03,jan,1,1,1,2,1444.63,7.275608512395439,Other,2.0,20.0,0,5.0
1898300,ASKA,2025-04,jan,1,1,1,3,1346.41,7.205197070062324,Other,2.0,20.0,0,5.0
1649950,News Tower,2024-10,jan,1,0,0,-3,62.6,4.136765278106052,Other,2.0,20.0,0,5.0
1649950,News Tower,2024-11,jan,1,0,0,-2,74.11,4.305550475963267,Other,2.0,20.0,0,5.0
1649950,News Tower,2024-12,jan,1,0,0,-1,87.15,4.46763077196603,Other,2.0,20.0,0,5.0
1649950,News Tower,2025-01,jan,1,1,1,0,69.68,4.243913332544247,Other,2.0,20.0,0,5.0
1649950,News Tower,2025-02,jan,1,1,1,1,140.92,4.948192353473037,Other,2.0,20.0,0,5.0
1649950,News Tower,2025-03,jan,1,1,1,2,109.43,4.695285075430352,Other,2.0,20.0,0,5.0
1649950,News Tower,2025-04,jan,1,1,1,3,67.91,4.2181832991257,Other,2.0,20.0,0,5.0
1604030,V Rising,2024-10,jan,1,0,0,-3,4155.25,8.332127873951219,Other,2.0,20.0,0,5.0
1604030,V Rising,2024-11,jan,1,0,0,-2,4233.37,8.350753645158386,Other,2.0,20.0,0,5.0
1604030,V Rising,2024-12,jan,1,0,0,-1,3958.27,8.28356234010673,Other,2.0,20.0,0,5.0
1604030,V Rising,2025-01,jan,1,1,1,0,4936.34,8.504379444898564,Other,2.0,20.0,0,5.0
1604030,V Rising,2025-02,jan,1,1,1,1,4242.6,8.352931567838251,Other,2.0,20.0,0,5.0
1604030,V Rising,2025-03,jan,1,1,1,2,3932.93,8.277139974154936,Other,2.0,20.0,0,5.0
1604030,V Rising,2025-04,jan,1,1,1,3,7038.67,8.859174510849826,Other,2.0,20.0,0,5.0
620980,Beat Saber,2024-10,jan,1,0,0,-3,462.9,6.137511048037225,Other,2.0,20.0,0,5.0
620980,Beat Saber,2024-11,jan,1,0,0,-2,480.71,6.175264177679167,Other,2.0,20.0,0,5.0
620980,Beat Saber,2024-12,jan,1,0,0,-1,534.7,6.281705841954686,Other,2.0,20.0,0,5.0
620980,Beat Saber,2025-01,jan,1,1,1,0,612.84,6.4181038904475525,Other,2.0,20.0,0,5.0
620980,Beat Saber,2025-02,jan,1,1,1,1,550.0,6.309918278226516,Other,2.0,20.0,0,5.0
620980,Beat Saber,2025-03,jan,1,1,1,2,502.89,6.220371458311297,Other,2.0,20.0,0,5.0
620980,Beat Saber,2025-04,jan,1,1,1,3,463.24,6.138245278316177,Other,2.0,20.0,0,5.0
1898300,ASKA,2024-10,jan,1,0,0,-3,956.99,6.863792942077565,Other,2.0,20.0,0,5.0
1898300,ASKA,2024-11,jan,1,0,0,-2,823.26,6.713272068161139,Other,2.0,20.0,0,5.0
1898300,ASKA,2024-12,jan,1,0,0,-1,1222.86,7.108947656526343,Other,2.0,20.0,0,5.0
1898300,ASKA,2025-01,jan,1,1,1,0,917.51,6.821663479051891,Other,2.0,20.0,0,5.0
1898300,ASKA,2025-02,jan,1,1,1,1,866.82,6.764831342769345,Other,2.0,20.0,0,5.0
1898300,ASKA,2025-03,jan,1,1,1,2,1444.63,7.275608512395439,Other,2.0,20.0,0,5.0
1898300,ASKA,2025-04,jan,1,1,1,3,1346.41,7.205197070062324,Other,2.0,20.0,0,5.0
1995520,Pax Dei,2024-10,jan,1,0,0,-3,334.28,5.811978965133235,Other,2.0,20.0,0,5.0
1995520,Pax Dei,2024-11,jan,1,0,0,-2,973.69,6.881092977828245,Other,2.0,20.0,0,5.0
1995520,Pax Dei,2024-12,jan,1,0,0,-1,861.27,6.758408044119198,Other,2.0,20.0,0,5.0
1995520,Pax Dei,2025-01,jan,1,1,1,0,788.99,6.670753646494326,Other,2.0,20.0,0,5.0
1995520,Pax Dei,2025-02,jan,1,1,1,1,760.98,6.634607076307393,Other,2.0,20.0,0,5.0
1995520,Pax Dei,2025-03,jan,1,1,1,2,919.92,6.824286709740409,Other,2.0,20.0,0,5.0
1995520,Pax Dei,2025-04,jan,1,1,1,3,462.45,6.136538443000269,Other,2.0,20.0,0,5.0
529340,Victoria 3,2024-10,jan,1,0,0,-3,5747.93,8.65659506897584,Other,2.0,20.0,0,5.0
529340,Victoria 3,2024-11,jan,1,0,0,-2,6858.55,8.833251328115699,Other,2.0,20.0,0,5.0
529340,Victoria 3,2024-12,jan,1,0,0,-1,6998.65,8.853472552295264,Other,2.0,20.0,0,5.0
529340,Victoria 3,2025-01,jan,1,1,1,0,6438.04,8.769979424949113,Other,2.0,20.0,0,5.0
529340,Victoria 3,2025-02,jan,1,1,1,1,5477.21,8.608351126206795,Other,2.0,20.0,0,5.0
529340,Victoria 3,2025-03,jan,1,1,1,2,5234.33,8.562994130395651,Other,2.0,20.0,0,5.0
529340,Victoria 3,2025-04,jan,1,1,1,3,5649.15,8.639260370345006,Other,2.0,20.0,0,5.0
392160,X4: Foundations,2024-10,jan,1,0,0,-3,2289.62,7.7361411439142795,Other,2.0,20.0,0,5.0
392160,X4: Foundations,2024-11,jan,1,0,0,-2,2019.49,7.610600283270485,Other,2.0,20.0,0,5.0
392160,X4: Foundations,2024-12,jan,1,0,0,-1,2341.79,7.758670873186017,Other,2.0,20.0,0,5.0
392160,X4: Foundations,2025-01,jan,1,1,1,0,2530.34,7.836108960044173,Other,2.0,20.0,0,5.0
392160,X4: Foundations,2025-02,jan,1,1,1,1,3005.28,8.00812602066511,Other,2.0,20.0,0,5.0
392160,X4: Foundations,2025-03,jan,1,1,1,2,4040.03,8.3040073966702,Other,2.0,20.0,0,5.0
392160,X4: Foundations,2025-04,jan,1,1,1,3,3488.85,8.157327448001187,Other,2.0,20.0,0,5.0
359320,Elite Dangerous,2024-10,jan,1,0,0,-3,3122.45,8.046373229061277,Other,2.0,20.0,0,5.0
359320,Elite Dangerous,2024-11,jan,1,0,0,-2,5344.66,8.583853210584627,Other,2.0,20.0,0,5.0
359320,Elite Dangerous,2024-12,jan,1,0,0,-1,5904.14,8.683409078736293,Other,2.0,20.0,0,5.0
359320,Elite Dangerous,2025-01,jan,1,1,1,0,5464.95,8.606110251437952,Other,2.0,20.0,0,5.0
359320,Elite Dangerous,2025-02,jan,1,1,1,1,4519.1,8.416068137955996,Other,2.0,20.0,0,5.0
359320,Elite Dangerous,2025-03,jan,1,1,1,2,6895.16,8.83857499517934,Other,2.0,20.0,0,5.0
359320,Elite Dangerous,2025-04,jan,1,1,1,3,5695.51,8.647433424110526,Other,2.0,20.0,0,5.0
1940340,Darkest Dungeon® II,2024-10,jan,1,0,0,-3,889.86,6.791064146981927,Other,2.0,20.0,0,5.0
1940340,Darkest Dungeon® II,2024-11,jan,1,0,0,-2,928.01,6.833042508590211,Other,2.0,20.0,0,5.0
1940340,Darkest Dungeon® II,2024-12,jan,1,0,0,-1,1084.3,6.988689896478136,Other,2.0,20.0,0,5.0
1940340,Darkest Dungeon® II,2025-01,jan,1,1,1,0,1747.39,7.465878525059477,Other,2.0,20.0,0,5.0
1940340,Darkest Dungeon® II,2025-02,jan,1,1,1,1,3186.33,8.066625063260572,Other,2.0,20.0,0,5.0
1940340,Darkest Dungeon® II,2025-03,jan,1,1,1,2,1351.39,7.208888971357086,Other,2.0,20.0,0,5.0
1940340,Darkest Dungeon® II,2025-04,jan,1,1,1,3,1553.95,7.3485553553777905,Other,2.0,20.0,0,5.0
1290000,PowerWash Simulator,2024-10,jan,1,0,0,-3,3876.38,8.262657007420813,Other,2.0,20.0,0,5.0
1290000,PowerWash Simulator,2024-11,jan,1,0,0,-2,2131.68,7.664665680211901,Other,2.0,20.0,0,5.0
1290000,PowerWash Simulator,2024-12,jan,1,0,0,-1,2235.46,7.712202302425157,Other,2.0,20.0,0,5.0
1290000,PowerWash Simulator,2025-01,jan,1,1,1,0,2126.87,7.662406694385525,Other,2.0,20.0,0,5.0
1290000,PowerWash Simulator,2025-02,jan,1,1,1,1,1845.31,7.520402564040783,Other,2.0,20.0,0,5.0
1290000,PowerWash Simulator,2025-03,jan,1,1,1,2,2652.48,7.883250330403161,Other,2.0,20.0,0,5.0
1290000,PowerWash Simulator,2025-04,jan,1,1,1,3,2023.58,7.612623498992779,Other,2.0,20.0,0,5.0
1435790,Escape Simulator,2024-10,jan,1,0,0,-3,553.66,6.3165507799334994,Other,2.0,20.0,0,5.0
1435790,Escape Simulator,2024-11,jan,1,0,0,-2,601.15,6.398844487420918,Other,2.0,20.0,0,5.0
1435790,Escape Simulator,2024-12,jan,1,0,0,-1,1157.91,7.054371934905315,Other,2.0,20.0,0,5.0
1435790,Escape Simulator,2025-01,jan,1,1,1,0,866.77,6.764773659003271,Other,2.0,20.0,0,5.0
1435790,Escape Simulator,2025-02,jan,1,1,1,1,594.3,6.387384242372615,Other,2.0,20.0,0,5.0
1435790,Escape Simulator,2025-03,jan,1,1,1,2,606.75,6.4081168446067105,Other,2.0,20.0,0,5.0
1435790,Escape Simulator,2025-04,jan,1,1,1,3,581.99,6.366453265453239,Other,2.0,20.0,0,5.0
2009350,Out of Ore,2024-10,jan,1,0,0,-3,317.17,5.75943790773436,Other,2.0,20.0,0,5.0
2009350,Out of Ore,2024-11,jan,1,0,0,-2,259.93,5.560412363997187,Other,2.0,20.0,0,5.0
2009350,Out of Ore,2024-12,jan,1,0,0,-1,470.22,6.153200670292828,Other,2.0,20.0,0,5.0
2009350,Out of Ore,2025-01,jan,1,1,1,0,685.63,6.53033812361913,Other,2.0,20.0,0,5.0
2009350,Out of Ore,2025-02,jan,1,1,1,1,551.93,6.313421226641622,Other,2.0,20.0,0,5.0
2009350,Out of Ore,2025-03,jan,1,1,1,2,451.62,6.1128411182744955,Other,2.0,20.0,0,5.0
2009350,Out of Ore,2025-04,jan,1,1,1,3,576.3,6.35662835844262,Other,2.0,20.0,0,5.0
1203220,NARAKA: BLADEPOINT,2024-10,jan,1,0,0,-3,110587.71,11.613564240738635,Other,2.0,20.0,0,5.0
1203220,NARAKA: BLADEPOINT,2024-11,jan,1,0,0,-2,98397.91,11.496774842977377,Other,2.0,20.0,0,5.0
1203220,NARAKA: BLADEPOINT,2024-12,jan,1,0,0,-1,104117.75,11.553277749193873,Other,2.0,20.0,0,5.0
1203220,NARAKA: BLADEPOINT,2025-01,jan,1,1,1,0,85473.2,11.355958155496642,Other,2.0,20.0,0,5.0
1203220,NARAKA: BLADEPOINT,2025-02,jan,1,1,1,1,82431.42,11.319721953896734,Other,2.0,20.0,0,5.0
1203220,NARAKA: BLADEPOINT,2025-03,jan,1,1,1,2,65644.59,11.092010469633115,Other,2.0,20.0,0,5.0
1203220,NARAKA: BLADEPOINT,2025-04,jan,1,1,1,3,57267.43,10.955487329228198,Other,2.0,20.0,0,5.0
223750,DCS World Steam Edition,2024-10,jan,1,0,0,-3,821.96,6.711691732071669,Other,2.0,20.0,0,5.0
223750,DCS World Steam Edition,2024-11,jan,1,0,0,-2,843.16,6.737156738331694,Other,2.0,20.0,0,5.0
223750,DCS World Steam Edition,2024-12,jan,1,0,0,-1,1044.41,6.951207411654662,Other,2.0,20.0,0,5.0
223750,DCS World Steam Edition,2025-01,jan,1,1,1,0,1061.74,6.96766435073603,Other,2.0,20.0,0,5.0
223750,DCS World Steam Edition,2025-02,jan,1,1,1,1,1003.42,6.911169444081925,Other,2.0,20.0,0,5.0
223750,DCS World Steam Edition,2025-03,jan,1,1,1,2,909.97,6.813411631934504,Other,2.0,20.0,0,5.0
223750,DCS World Steam Edition,2025-04,jan,1,1,1,3,903.21,6.805955084519068,Other,2.0,20.0,0,5.0
211500,RaceRoom Racing Experience,2024-10,jan,1,0,0,-3,442.88,6.09329885298925,Other,2.0,20.0,0,5.0
211500,RaceRoom Racing Experience,2024-11,jan,1,0,0,-2,557.21,6.322942188621851,Other,2.0,20.0,0,5.0
211500,RaceRoom Racing Experience,2024-12,jan,1,0,0,-1,602.15,6.4005065837064885,Other,2.0,20.0,0,5.0
211500,RaceRoom Racing Experience,2025-01,jan,1,1,1,0,498.89,6.212385630569092,Other,2.0,20.0,0,5.0
211500,RaceRoom Racing Experience,2025-02,jan,1,1,1,1,441.11,6.089294277450157,Other,2.0,20.0,0,5.0
211500,RaceRoom Racing Experience,2025-03,jan,1,1,1,2,459.97,6.13116126996509,Other,2.0,20.0,0,5.0
211500,RaceRoom Racing Experience,2025-04,jan,1,1,1,3,591.39,6.382475698245996,Other,2.0,20.0,0,5.0
2016590,Dark and Darker,2024-10,jan,1,0,0,-3,13760.3,9.529542913575249,Other,2.0,20.0,0,5.0
2016590,Dark and Darker,2024-11,jan,1,0,0,-2,10732.8,9.281059752188835,Other,2.0,20.0,0,5.0
2016590,Dark and Darker,2024-12,jan,1,0,0,-1,9794.96,9.18962324665412,Other,2.0,20.0,0,5.0
2016590,Dark and Darker,2025-01,jan,1,1,1,0,11704.79,9.367753438713235,Other,2.0,20.0,0,5.0
2016590,Dark and Darker,2025-02,jan,1,1,1,1,10857.34,9.29259662794304,Other,2.0,20.0,0,5.0
2016590,Dark and Darker,2025-03,jan,1,1,1,2,7597.27,8.935544251216552,Other,2.0,20.0,0,5.0
2016590,Dark and Darker,2025-04,jan,1,1,1,3,10666.9,9.274900767874499,Other,2.0,20.0,0,5.0
1621690,Core Keeper,2024-10,jan,1,0,0,-3,10165.67,9.22677163633498,Other,2.0,20.0,0,5.0
1621690,Core Keeper,2024-11,jan,1,0,0,-2,8360.58,9.031283081662636,Other,2.0,20.0,0,5.0
1621690,Core Keeper,2024-12,jan,1,0,0,-1,5768.25,8.660124020605274,Other,2.0,20.0,0,5.0
1621690,Core Keeper,2025-01,jan,1,1,1,0,5192.73,8.555014849425042,Other,2.0,20.0,0,5.0
1621690,Core Keeper,2025-02,jan,1,1,1,1,4536.03,8.419807459142332,Other,2.0,20.0,0,5.0
1621690,Core Keeper,2025-03,jan,1,1,1,2,5395.4,8.593302017668544,Other,2.0,20.0,0,5.0
1621690,Core Keeper,2025-04,jan,1,1,1,3,5508.51,8.61404944815471,Other,2.0,20.0,0,5.0
1114150,CarX Street,2024-10,jan,1,0,0,-3,1090.09,6.994015540621913,Other,2.0,20.0,0,5.0
1114150,CarX Street,2024-11,jan,1,0,0,-2,902.94,6.8056561060266825,Other,2.0,20.0,0,5.0
1114150,CarX Street,2024-12,jan,1,0,0,-1,866.12,6.764023467092089,Other,2.0,20.0,0,5.0
1114150,CarX Street,2025-01,jan,1,1,1,0,664.33,6.498779013970632,Other,2.0,20.0,0,5.0
1114150,CarX Street,2025-02,jan,1,1,1,1,563.19,6.33361704900438,Other,2.0,20.0,0,5.0
1114150,CarX Street,2025-03,jan,1,1,1,2,546.12,6.302838731816551,Other,2.0,20.0,0,5.0
1114150,CarX Street,2025-04,jan,1,1,1,3,510.56,6.235508162529934,Other,2.0,20.0,0,5.0
262060,Darkest Dungeon®,2024-10,jan,1,0,0,-3,3329.59,8.110604452271092,Other,2.0,20.0,0,5.0
262060,Darkest Dungeon®,2024-11,jan,1,0,0,-2,2867.04,7.961035417652106,Other,2.0,20.0,0,5.0
262060,Darkest Dungeon®,2024-12,jan,1,0,0,-1,5900.45,8.682783898171753,Other,2.0,20.0,0,5.0
262060,Darkest Dungeon®,2025-01,jan,1,1,1,0,3719.28,8.22128538014719,Other,2.0,20.0,0,5.0
262060,Darkest Dungeon®,2025-02,jan,1,1,1,1,4426.45,8.395353187381298,Other,2.0,20.0,0,5.0
262060,Darkest Dungeon®,2025-03,jan,1,1,1,2,3693.53,8.214337919312955,Other,2.0,20.0,0,5.0
262060,Darkest Dungeon®,2025-04,jan,1,1,1,3,3948.03,8.280971999308695,Other,2.0,20.0,0,5.0
1079260,Fireworks Mania - An Explosive Simulator,2024-10,jan,1,0,0,-3,54.47,3.9976500913955832,Other,2.0,20.0,0,5.0
1079260,Fireworks Mania - An Explosive Simulator,2024-11,jan,1,0,0,-2,65.75,4.185859671057874,Other,2.0,20.0,0,5.0
1079260,Fireworks Mania - An Explosive Simulator,2024-12,jan,1,0,0,-1,184.1,5.215479088239032,Other,2.0,20.0,0,5.0
1079260,Fireworks Mania - An Explosive Simulator,2025-01,jan,1,1,1,0,246.61,5.50780814140846,Other,2.0,20.0,0,5.0
1079260,Fireworks Mania - An Explosive Simulator,2025-02,jan,1,1,1,1,99.96,4.604770105966751,Other,2.0,20.0,0,5.0
1079260,Fireworks Mania - An Explosive Simulator,2025-03,jan,1,1,1,2,62.43,4.134045929073653,Other,2.0,20.0,0,5.0
1079260,Fireworks Mania - An Explosive Simulator,2025-04,jan,1,1,1,3,50.13,3.914619631275412,Other,2.0,20.0,0,5.0
1114150,CarX Street,2024-10,jan,1,0,0,-3,1090.09,6.994015540621913,Other,2.0,20.0,0,5.0
1114150,CarX Street,2024-11,jan,1,0,0,-2,902.94,6.8056561060266825,Other,2.0,20.0,0,5.0
1114150,CarX Street,2024-12,jan,1,0,0,-1,866.12,6.764023467092089,Other,2.0,20.0,0,5.0
1114150,CarX Street,2025-01,jan,1,1,1,0,664.33,6.498779013970632,Other,2.0,20.0,0,5.0
1114150,CarX Street,2025-02,jan,1,1,1,1,563.19,6.33361704900438,Other,2.0,20.0,0,5.0
1114150,CarX Street,2025-03,jan,1,1,1,2,546.12,6.302838731816551,Other,2.0,20.0,0,5.0
1114150,CarX Street,2025-04,jan,1,1,1,3,510.56,6.235508162529934,Other,2.0,20.0,0,5.0
993090,Lossless Scaling,2024-10,jan,1,0,0,-3,2667.45,7.888878238857779,Other,2.0,20.0,0,5.0
993090,Lossless Scaling,2024-11,jan,1,0,0,-2,2765.69,7.925045430744966,Other,2.0,20.0,0,5.0
993090,Lossless Scaling,2024-12,jan,1,0,0,-1,2784.22,7.931723041320664,Other,2.0,20.0,0,5.0
993090,Lossless Scaling,2025-01,jan,1,1,1,0,4466.85,8.404438741204698,Other,2.0,20.0,0,5.0
993090,Lossless Scaling,2025-02,jan,1,1,1,1,6995.12,8.852968042063228,Other,2.0,20.0,0,5.0
993090,Lossless Scaling,2025-03,jan,1,1,1,2,9810.72,9.191230944361577,Other,2.0,20.0,0,5.0
993090,Lossless Scaling,2025-04,jan,1,1,1,3,7081.97,8.865307396571378,Other,2.0,20.0,0,5.0
2071280,Ravenswatch,2024-10,jan,1,0,0,-3,2836.56,7.950347329372095,Other,2.0,20.0,0,5.0
2071280,Ravenswatch,2024-11,jan,1,0,0,-2,1308.18,7.176392137228012,Other,2.0,20.0,0,5.0
2071280,Ravenswatch,2024-12,jan,1,0,0,-1,1157.32,7.05386226630844,Other,2.0,20.0,0,5.0
2071280,Ravenswatch,2025-01,jan,1,1,1,0,1109.87,7.011998170330518,Other,2.0,20.0,0,5.0
2071280,Ravenswatch,2025-02,jan,1,1,1,1,1654.69,7.411368959087986,Other,2.0,20.0,0,5.0
2071280,Ravenswatch,2025-03,jan,1,1,1,2,2054.82,7.627943531853123,Other,2.0,20.0,0,5.0
2071280,Ravenswatch,2025-04,jan,1,1,1,3,1173.29,7.0675670474238546,Other,2.0,20.0,0,5.0
1611600,WARNO,2024-10,jan,1,0,0,-3,1159.21,7.055494017608325,Other,2.0,20.0,0,5.0
1611600,WARNO,2024-11,jan,1,0,0,-2,1052.49,6.958914064323752,Other,2.0,20.0,0,5.0
1611600,WARNO,2024-12,jan,1,0,0,-1,1243.82,7.125942568296098,Other,2.0,20.0,0,5.0
1611600,WARNO,2025-01,jan,1,1,1,0,1264.94,7.142779969206703,Other,2.0,20.0,0,5.0
1611600,WARNO,2025-02,jan,1,1,1,1,1103.78,7.006495931616748,Other,2.0,20.0,0,5.0
1611600,WARNO,2025-03,jan,1,1,1,2,1225.53,7.111128682472703,Other,2.0,20.0,0,5.0
1611600,WARNO,2025-04,jan,1,1,1,3,1145.74,7.043805995443661,Other,2.0,20.0,0,5.0
1258080,Shop Titans,2024-10,jan,1,0,0,-3,3780.58,8.23763271599649,Other,2.0,20.0,0,5.0
1258080,Shop Titans,2024-11,jan,1,0,0,-2,3777.78,8.2368918144972,Other,2.0,20.0,0,5.0
1258080,Shop Titans,2024-12,jan,1,0,0,-1,3714.82,8.220085503757286,Other,2.0,20.0,0,5.0
1258080,Shop Titans,2025-01,jan,1,1,1,0,3739.62,8.226739280968438,Other,2.0,20.0,0,5.0
1258080,Shop Titans,2025-02,jan,1,1,1,1,3792.23,8.240709515543971,Other,2.0,20.0,0,5.0
1258080,Shop Titans,2025-03,jan,1,1,1,2,3819.93,8.247987376825394,Other,2.0,20.0,0,5.0
1258080,Shop Titans,2025-04,jan,1,1,1,3,3778.32,8.237034745374483,Other,2.0,20.0,0,5.0
1676840,For The King II,2024-10,jan,1,0,0,-3,884.07,6.784536245022998,Other,2.0,20.0,0,5.0
1676840,For The King II,2024-11,jan,1,0,0,-2,737.89,6.60379476200068,Other,2.0,20.0,0,5.0
1676840,For The King II,2024-12,jan,1,0,0,-1,832.5,6.724433221854599,Other,2.0,20.0,0,5.0
1676840,For The King II,2025-01,jan,1,1,1,0,868.28,6.766514243287562,Other,2.0,20.0,0,5.0
1676840,For The King II,2025-02,jan,1,1,1,1,828.56,6.719689254280623,Other,2.0,20.0,0,5.0
1676840,For The King II,2025-03,jan,1,1,1,2,656.22,6.48649609857519,Other,2.0,20.0,0,5.0
1676840,For The King II,2025-04,jan,1,1,1,3,476.28,6.166005916582974,Other,2.0,20.0,0,5.0
427410,Abiotic Factor,2024-10,jan,1,0,0,-3,2652.2,7.883144763243498,Other,2.0,20.0,0,5.0
427410,Abiotic Factor,2024-11,jan,1,0,0,-2,1695.87,7.4359511624706185,Other,2.0,20.0,0,5.0
427410,Abiotic Factor,2024-12,jan,1,0,0,-1,2308.66,7.744422548620437,Other,2.0,20.0,0,5.0
427410,Abiotic Factor,2025-01,jan,1,1,1,0,2207.62,7.699670291136557,Other,2.0,20.0,0,5.0
427410,Abiotic Factor,2025-02,jan,1,1,1,1,5466.65,8.606421276359045,Other,2.0,20.0,0,5.0
427410,Abiotic Factor,2025-03,jan,1,1,1,2,2701.31,7.901492119513332,Other,2.0,20.0,0,5.0
427410,Abiotic Factor,2025-04,jan,1,1,1,3,2881.1,7.965927444652224,Other,2.0,20.0,0,5.0
3070070,TCG Card Shop Simulator,2024-10,jan,1,0,0,-3,33692.48,10.42502994603922,Other,2.0,20.0,0,5.0
3070070,TCG Card Shop Simulator,2024-11,jan,1,0,0,-2,11775.34,9.373762793202358,Other,2.0,20.0,0,5.0
3070070,TCG Card Shop Simulator,2024-12,jan,1,0,0,-1,5805.88,8.666626476096784,Other,2.0,20.0,0,5.0
3070070,TCG Card Shop Simulator,2025-01,jan,1,1,1,0,4466.18,8.404288736110962,Other,2.0,20.0,0,5.0
3070070,TCG Card Shop Simulator,2025-02,jan,1,1,1,1,2887.86,7.968271022383402,Other,2.0,20.0,0,5.0
3070070,TCG Card Shop Simulator,2025-03,jan,1,1,1,2,3075.7,8.031287796610469,Other,2.0,20.0,0,5.0
3070070,TCG Card Shop Simulator,2025-04,jan,1,1,1,3,2098.71,7.649078149246457,Other,2.0,20.0,0,5.0
2604480,City Transport Simulator®,2024-10,jan,1,0,0,-3,14.71,2.688527534613346,Other,2.0,20.0,0,5.0
2604480,City Transport Simulator®,2024-11,jan,1,0,0,-2,22.07,3.094219220268645,Other,2.0,20.0,0,5.0
2604480,City Transport Simulator®,2024-12,jan,1,0,0,-1,25.49,3.238286218388024,Other,2.0,20.0,0,5.0
2604480,City Transport Simulator®,2025-01,jan,1,1,1,0,41.09,3.7157647828953184,Other,2.0,20.0,0,5.0
2604480,City Transport Simulator®,2025-02,jan,1,1,1,1,59.46,4.085303817569952,Other,2.0,20.0,0,5.0
2604480,City Transport Simulator®,2025-03,jan,1,1,1,2,29.64,3.389124800427886,Other,2.0,20.0,0,5.0
2604480,City Transport Simulator®,2025-04,jan,1,1,1,3,24.47,3.19744787745458,Other,2.0,20.0,0,5.0
457140,Oxygen Not Included,2024-10,jan,1,0,0,-3,6684.47,8.807542204418493,Other,2.0,20.0,0,5.0
457140,Oxygen Not Included,2024-11,jan,1,0,0,-2,8269.01,9.02027007105751,Other,2.0,20.0,0,5.0
457140,Oxygen Not Included,2024-12,jan,1,0,0,-1,10290.04,9.238931716089734,Other,2.0,20.0,0,5.0
457140,Oxygen Not Included,2025-01,jan,1,1,1,0,8920.91,9.0961532383078,Other,2.0,20.0,0,5.0
457140,Oxygen Not Included,2025-02,jan,1,1,1,1,7316.65,8.897907851928284,Other,2.0,20.0,0,5.0
457140,Oxygen Not Included,2025-03,jan,1,1,1,2,7636.83,8.940737874590868,Other,2.0,20.0,0,5.0
457140,Oxygen Not Included,2025-04,jan,1,1,1,3,7749.04,8.95532424370701,Other,2.0,20.0,0,5.0
1465460,Infection Free Zone,2024-10,jan,1,0,0,-3,714.32,6.571331041208961,Other,2.0,20.0,0,5.0
1465460,Infection Free Zone,2024-11,jan,1,0,0,-2,876.34,6.775754143488141,Other,2.0,20.0,0,5.0
1465460,Infection Free Zone,2024-12,jan,1,0,0,-1,712.6,6.5689202531717354,Other,2.0,20.0,0,5.0
1465460,Infection Free Zone,2025-01,jan,1,1,1,0,709.84,6.565039592527082,Other,2.0,20.0,0,5.0
1465460,Infection Free Zone,2025-02,jan,1,1,1,1,520.82,6.255404492614761,Other,2.0,20.0,0,5.0
1465460,Infection Free Zone,2025-03,jan,1,1,1,2,1048.32,6.954944161784595,Other,2.0,20.0,0,5.0
1465460,Infection Free Zone,2025-04,jan,1,1,1,3,823.48,6.713539262741108,Other,2.0,20.0,0,5.0
236850,Europa Universalis IV,2024-10,jan,1,0,0,-3,13924.77,9.541424547603421,Other,2.0,20.0,0,5.0
236850,Europa Universalis IV,2024-11,jan,1,0,0,-2,13590.85,9.517152051178968,Other,2.0,20.0,0,5.0
236850,Europa Universalis IV,2024-12,jan,1,0,0,-1,14427.87,9.576917031725005,Other,2.0,20.0,0,5.0
236850,Europa Universalis IV,2025-01,jan,1,1,1,0,15964.36,9.678114016653524,Other,2.0,20.0,0,5.0
236850,Europa Universalis IV,2025-02,jan,1,1,1,1,15138.13,9.624972005492431,Other,2.0,20.0,0,5.0
236850,Europa Universalis IV,2025-03,jan,1,1,1,2,14482.04,9.580664539994393,Other,2.0,20.0,0,5.0
236850,Europa Universalis IV,2025-04,jan,1,1,1,3,13664.1,9.522527234502743,Other,2.0,20.0,0,5.0
582660,Black Desert,2024-11,feb,1,0,0,-3,12309.3,9.418110353223724,Other,2.0,20.0,0,5.0
582660,Black Desert,2024-12,feb,1,0,0,-2,14600.98,9.588843928731432,Other,2.0,20.0,0,5.0
582660,Black Desert,2025-01,feb,1,0,0,-1,19247.09,9.865115159457602,Other,2.0,20.0,0,5.0
582660,Black Desert,2025-02,feb,1,1,1,0,16490.78,9.710556715829753,Other,2.0,20.0,0,5.0
582660,Black Desert,2025-03,feb,1,1,1,1,16347.06,9.70180334364271,Other,2.0,20.0,0,5.0
582660,Black Desert,2025-04,feb,1,1,1,2,15033.34,9.618025680281542,Other,2.0,20.0,0,5.0
582660,Black Desert,2025-05,feb,1,1,1,3,15079.0,9.621058326365796,Other,2.0,20.0,0,5.0
1222670,The Sims™ 4,2024-11,feb,1,0,0,-3,27025.81,10.204547614306168,Other,2.0,20.0,0,5.0
1222670,The Sims™ 4,2024-12,feb,1,0,0,-2,27845.23,10.234416956000429,Other,2.0,20.0,0,5.0
1222670,The Sims™ 4,2025-01,feb,1,0,0,-1,31539.74,10.359003616982735,Other,2.0,20.0,0,5.0
1222670,The Sims™ 4,2025-02,feb,1,1,1,0,34961.7,10.462008455589507,Other,2.0,20.0,0,5.0
1222670,The Sims™ 4,2025-03,feb,1,1,1,1,33790.88,10.427946222577267,Other,2.0,20.0,0,5.0
1222670,The Sims™ 4,2025-04,feb,1,1,1,2,29096.98,10.278389667705332,Other,2.0,20.0,0,5.0
1222670,The Sims™ 4,2025-05,feb,1,1,1,3,27350.81,10.21650142349933,Other,2.0,20.0,0,5.0
359550,Tom Clancy's Rainbow Six® Siege X,2024-11,feb,1,0,0,-3,35763.66,10.484687573043438,Other,2.0,20.0,0,5.0
359550,Tom Clancy's Rainbow Six® Siege X,2024-12,feb,1,0,0,-2,47517.59,10.768855237262237,Other,2.0,20.0,0,5.0
359550,Tom Clancy's Rainbow Six® Siege X,2025-01,feb,1,0,0,-1,56015.67,10.933386752003143,Other,2.0,20.0,0,5.0
359550,Tom Clancy's Rainbow Six® Siege X,2025-02,feb,1,1,1,0,60258.5,11.006398920240393,Other,2.0,20.0,0,5.0
359550,Tom Clancy's Rainbow Six® Siege X,2025-03,feb,1,1,1,1,80494.73,11.295946995425163,Other,2.0,20.0,0,5.0
359550,Tom Clancy's Rainbow Six® Siege X,2025-04,feb,1,1,1,2,62010.19,11.035054005361161,Other,2.0,20.0,0,5.0
359550,Tom Clancy's Rainbow Six® Siege X,2025-05,feb,1,1,1,3,51085.1,10.841248148545386,Other,2.0,20.0,0,5.0
2426960,Summoners War,2024-11,feb,1,0,0,-3,8256.96,9.018811760031225,Other,2.0,20.0,0,5.0
2426960,Summoners War,2024-12,feb,1,0,0,-2,7636.6,8.940707756929017,Other,2.0,20.0,0,5.0
2426960,Summoners War,2025-01,feb,1,0,0,-1,9953.45,9.205674503722754,Other,2.0,20.0,0,5.0
2426960,Summoners War,2025-02,feb,1,1,1,0,8627.57,9.062718168529507,Other,2.0,20.0,0,5.0
2426960,Summoners War,2025-03,feb,1,1,1,1,7151.91,8.875134732881556,Other,2.0,20.0,0,5.0
2426960,Summoners War,2025-04,feb,1,1,1,2,9859.0,9.196140022575042,Other,2.0,20.0,0,5.0
2426960,Summoners War,2025-05,feb,1,1,1,3,9759.62,9.186008744222944,Other,2.0,20.0,0,5.0
1158310,Crusader Kings III,2024-11,feb,1,0,0,-3,16951.41,9.738106295189555,Other,2.0,20.0,0,5.0
1158310,Crusader Kings III,2024-12,feb,1,0,0,-2,16592.97,9.716734390669831,Other,2.0,20.0,0,5.0
1158310,Crusader Kings III,2025-01,feb,1,0,0,-1,17927.73,9.794103955126392,Other,2.0,20.0,0,5.0
1158310,Crusader Kings III,2025-02,feb,1,1,1,0,16690.06,9.722568611616465,Other,2.0,20.0,0,5.0
1158310,Crusader Kings III,2025-03,feb,1,1,1,1,18326.06,9.816079369556686,Other,2.0,20.0,0,5.0
1158310,Crusader Kings III,2025-04,feb,1,1,1,2,16413.79,9.705877114151434,Other,2.0,20.0,0,5.0
1158310,Crusader Kings III,2025-05,feb,1,1,1,3,18120.93,9.804822902783224,Other,2.0,20.0,0,5.0
548430,Deep Rock Galactic,2024-11,feb,1,0,0,-3,9601.53,9.169677739757082,Other,2.0,20.0,0,5.0
548430,Deep Rock Galactic,2024-12,feb,1,0,0,-2,10443.28,9.253713988338818,Other,2.0,20.0,0,5.0
548430,Deep Rock Galactic,2025-01,feb,1,0,0,-1,9064.58,9.112129790069257,Other,2.0,20.0,0,5.0
548430,Deep Rock Galactic,2025-02,feb,1,1,1,0,10597.5,9.268373403226793,Other,2.0,20.0,0,5.0
548430,Deep Rock Galactic,2025-03,feb,1,1,1,1,9185.35,9.125365102530195,Other,2.0,20.0,0,5.0
548430,Deep Rock Galactic,2025-04,feb,1,1,1,2,7682.69,8.946725025231524,Other,2.0,20.0,0,5.0
548430,Deep Rock Galactic,2025-05,feb,1,1,1,3,8336.88,9.028444324640237,Other,2.0,20.0,0,5.0
1286830,STAR WARS™: The Old Republic™,2024-11,feb,1,0,0,-3,3292.48,8.099396359187445,Other,2.0,20.0,0,5.0
1286830,STAR WARS™: The Old Republic™,2024-12,feb,1,0,0,-2,3905.37,8.27010780810536,Other,2.0,20.0,0,5.0
1286830,STAR WARS™: The Old Republic™,2025-01,feb,1,0,0,-1,4308.56,8.368359020543167,Other,2.0,20.0,0,5.0
1286830,STAR WARS™: The Old Republic™,2025-02,feb,1,1,1,0,3983.3,8.289865900455696,Other,2.0,20.0,0,5.0
1286830,STAR WARS™: The Old Republic™,2025-03,feb,1,1,1,1,3702.0,8.216628493133443,Other,2.0,20.0,0,5.0
1286830,STAR WARS™: The Old Republic™,2025-04,feb,1,1,1,2,3624.72,8.195532322926196,Other,2.0,20.0,0,5.0
1286830,STAR WARS™: The Old Republic™,2025-05,feb,1,1,1,3,4853.57,8.487469795629918,Other,2.0,20.0,0,5.0
1142710,Total War: WARHAMMER III,2024-11,feb,1,0,0,-3,19932.38,9.900100824039953,Other,2.0,20.0,0,5.0
1142710,Total War: WARHAMMER III,2024-12,feb,1,0,0,-2,27189.75,10.210595343027423,Other,2.0,20.0,0,5.0
1142710,Total War: WARHAMMER III,2025-01,feb,1,0,0,-1,24552.48,10.108568146450597,Other,2.0,20.0,0,5.0
1142710,Total War: WARHAMMER III,2025-02,feb,1,1,1,0,20542.3,9.930241453844598,Other,2.0,20.0,0,5.0
1142710,Total War: WARHAMMER III,2025-03,feb,1,1,1,1,20783.64,9.941921417744204,Other,2.0,20.0,0,5.0
1142710,Total War: WARHAMMER III,2025-04,feb,1,1,1,2,21410.09,9.97161758521805,Other,2.0,20.0,0,5.0
1142710,Total War: WARHAMMER III,2025-05,feb,1,1,1,3,19026.78,9.85360273945713,Other,2.0,20.0,0,5.0
2205850,"Dwarves: Glory, Death and Loot",2024-11,feb,1,0,0,-3,38.6,3.653252276470785,Other,2.0,20.0,0,5.0
2205850,"Dwarves: Glory, Death and Loot",2024-12,feb,1,0,0,-2,43.48,3.7723010622530087,Other,2.0,20.0,0,5.0
2205850,"Dwarves: Glory, Death and Loot",2025-01,feb,1,0,0,-1,36.23,3.5898875049069856,Other,2.0,20.0,0,5.0
2205850,"Dwarves: Glory, Death and Loot",2025-02,feb,1,1,1,0,127.46,4.847802589886148,Other,2.0,20.0,0,5.0
2205850,"Dwarves: Glory, Death and Loot",2025-03,feb,1,1,1,1,1011.79,6.919476318432833,Other,2.0,20.0,0,5.0
2205850,"Dwarves: Glory, Death and Loot",2025-04,feb,1,1,1,2,313.81,5.748787707222662,Other,2.0,20.0,0,5.0
2205850,"Dwarves: Glory, Death and Loot",2025-05,feb,1,1,1,3,176.99,5.176093233802662,Other,2.0,20.0,0,5.0
1145350,Hades II,2024-11,feb,1,0,0,-3,3947.94,8.280949202869499,Other,2.0,20.0,0,5.0
1145350,Hades II,2024-12,feb,1,0,0,-2,2848.97,7.954712804431937,Other,2.0,20.0,0,5.0
1145350,Hades II,2025-01,feb,1,0,0,-1,2492.82,7.8211698787507915,Other,2.0,20.0,0,5.0
1145350,Hades II,2025-02,feb,1,1,1,0,5135.23,8.543879912011972,Other,2.0,20.0,0,5.0
1145350,Hades II,2025-03,feb,1,1,1,1,5380.13,8.59046781643267,Other,2.0,20.0,0,5.0
1145350,Hades II,2025-04,feb,1,1,1,2,2996.46,8.005186870902085,Other,2.0,20.0,0,5.0
1145350,Hades II,2025-05,feb,1,1,1,3,2245.01,7.716465254509418,Other,2.0,20.0,0,5.0
1527950,Wartales,2024-11,feb,1,0,0,-3,1803.9,7.4977062667136325,Other,2.0,20.0,0,5.0
1527950,Wartales,2024-12,feb,1,0,0,-2,3690.81,8.213601225140419,Other,2.0,20.0,0,5.0
1527950,Wartales,2025-01,feb,1,0,0,-1,3294.59,8.10003700823844,Other,2.0,20.0,0,5.0
1527950,Wartales,2025-02,feb,1,1,1,0,2014.77,7.608260323945275,Other,2.0,20.0,0,5.0
1527950,Wartales,2025-03,feb,1,1,1,1,2386.01,7.7773777937639155,Other,2.0,20.0,0,5.0
1527950,Wartales,2025-04,feb,1,1,1,2,1922.74,7.561506531039488,Other,2.0,20.0,0,5.0
1527950,Wartales,2025-05,feb,1,1,1,3,2129.55,7.663665968777693,Other,2.0,20.0,0,5.0
1934680,Age of Mythology: Retold,2024-11,feb,1,0,0,-3,3840.67,8.25340210952872,Other,2.0,20.0,0,5.0
1934680,Age of Mythology: Retold,2024-12,feb,1,0,0,-2,3091.29,8.0363437585012,Other,2.0,20.0,0,5.0
1934680,Age of Mythology: Retold,2025-01,feb,1,0,0,-1,2779.81,7.930137859025294,Other,2.0,20.0,0,5.0
1934680,Age of Mythology: Retold,2025-02,feb,1,1,1,0,2364.41,7.768283798344079,Other,2.0,20.0,0,5.0
1934680,Age of Mythology: Retold,2025-03,feb,1,1,1,1,3320.41,8.107843548261684,Other,2.0,20.0,0,5.0
1934680,Age of Mythology: Retold,2025-04,feb,1,1,1,2,2154.72,7.675416063701731,Other,2.0,20.0,0,5.0
1934680,Age of Mythology: Retold,2025-05,feb,1,1,1,3,1933.82,7.567252600327127,Other,2.0,20.0,0,5.0
2406770,Bodycam,2024-11,feb,1,0,0,-3,787.79,6.669231556879192,Other,2.0,20.0,0,5.0
2406770,Bodycam,2024-12,feb,1,0,0,-2,868.89,6.767216534974699,Other,2.0,20.0,0,5.0
2406770,Bodycam,2025-01,feb,1,0,0,-1,607.79,6.409829427566824,Other,2.0,20.0,0,5.0
2406770,Bodycam,2025-02,feb,1,1,1,0,477.96,6.169527046981553,Other,2.0,20.0,0,5.0
2406770,Bodycam,2025-03,feb,1,1,1,1,486.69,6.187627370090417,Other,2.0,20.0,0,5.0
2406770,Bodycam,2025-04,feb,1,1,1,2,408.5,6.012491914300058,Other,2.0,20.0,0,5.0
2406770,Bodycam,2025-05,feb,1,1,1,3,336.15,5.817557488915045,Other,2.0,20.0,0,5.0
2221490,Tom Clancy’s The Division® 2,2024-11,feb,1,0,0,-3,2192.57,7.692829650760627,Other,2.0,20.0,0,5.0
2221490,Tom Clancy’s The Division® 2,2024-12,feb,1,0,0,-2,2254.17,7.720537113228603,Other,2.0,20.0,0,5.0
2221490,Tom Clancy’s The Division® 2,2025-01,feb,1,0,0,-1,2339.67,7.757765172765671,Other,2.0,20.0,0,5.0
2221490,Tom Clancy’s The Division® 2,2025-02,feb,1,1,1,0,2115.7,7.6571410059892715,Other,2.0,20.0,0,5.0
2221490,Tom Clancy’s The Division® 2,2025-03,feb,1,1,1,1,4054.35,8.307545657769799,Other,2.0,20.0,0,5.0
2221490,Tom Clancy’s The Division® 2,2025-04,feb,1,1,1,2,2781.59,7.930777985633982,Other,2.0,20.0,0,5.0
2221490,Tom Clancy’s The Division® 2,2025-05,feb,1,1,1,3,3655.64,8.204026459454388,Other,2.0,20.0,0,5.0
699130,World War Z,2024-11,feb,1,0,0,-3,1782.79,7.485934831902529,Other,2.0,20.0,0,5.0
699130,World War Z,2024-12,feb,1,0,0,-2,2545.6,7.842121657583522,Other,2.0,20.0,0,5.0
699130,World War Z,2025-01,feb,1,0,0,-1,1781.52,7.485222211477401,Other,2.0,20.0,0,5.0
699130,World War Z,2025-02,feb,1,1,1,0,2097.25,7.648382241726404,Other,2.0,20.0,0,5.0
699130,World War Z,2025-03,feb,1,1,1,1,1888.37,7.543469302081208,Other,2.0,20.0,0,5.0
699130,World War Z,2025-04,feb,1,1,1,2,1544.3,7.3423260122289555,Other,2.0,20.0,0,5.0
699130,World War Z,2025-05,feb,1,1,1,3,1435.21,7.2690664589502685,Other,2.0,20.0,0,5.0
960090,Bloons TD 6,2024-11,feb,1,0,0,-3,8432.01,9.039790456738695,Other,2.0,20.0,0,5.0
960090,Bloons TD 6,2024-12,feb,1,0,0,-2,9424.95,9.151115707262353,Other,2.0,20.0,0,5.0
960090,Bloons TD 6,2025-01,feb,1,0,0,-1,8659.76,9.066442287546586,Other,2.0,20.0,0,5.0
960090,Bloons TD 6,2025-02,feb,1,1,1,0,9546.48,9.163927779142682,Other,2.0,20.0,0,5.0
960090,Bloons TD 6,2025-03,feb,1,1,1,1,8755.17,9.077399662007164,Other,2.0,20.0,0,5.0
960090,Bloons TD 6,2025-04,feb,1,1,1,2,9752.74,9.185303550152609,Other,2.0,20.0,0,5.0
960090,Bloons TD 6,2025-05,feb,1,1,1,3,7970.2,8.983464865572294,Other,2.0,20.0,0,5.0
1190970,House Flipper 2,2024-11,feb,1,0,0,-3,1543.29,7.341671780264202,Other,2.0,20.0,0,5.0
1190970,House Flipper 2,2024-12,feb,1,0,0,-2,2132.78,7.665181572036141,Other,2.0,20.0,0,5.0
1190970,House Flipper 2,2025-01,feb,1,0,0,-1,1981.63,7.591675017341941,Other,2.0,20.0,0,5.0
1190970,House Flipper 2,2025-02,feb,1,1,1,0,1698.3,7.437383029710724,Other,2.0,20.0,0,5.0
1190970,House Flipper 2,2025-03,feb,1,1,1,1,1745.17,7.4646072510948285,Other,2.0,20.0,0,5.0
1190970,House Flipper 2,2025-04,feb,1,1,1,2,1515.33,7.323388516005927,Other,2.0,20.0,0,5.0
1190970,House Flipper 2,2025-05,feb,1,1,1,3,3807.71,8.244783237549097,Other,2.0,20.0,0,5.0
1627720,Lies of P,2024-11,feb,1,0,0,-3,1175.65,7.069576465113615,Other,2.0,20.0,0,5.0
1627720,Lies of P,2024-12,feb,1,0,0,-2,1346.22,7.205055944099741,Other,2.0,20.0,0,5.0
1627720,Lies of P,2025-01,feb,1,0,0,-1,1342.58,7.202348414924161,Other,2.0,20.0,0,5.0
1627720,Lies of P,2025-02,feb,1,1,1,0,1607.02,7.382136811210783,Other,2.0,20.0,0,5.0
1627720,Lies of P,2025-03,feb,1,1,1,1,2220.24,7.7053705771311725,Other,2.0,20.0,0,5.0
1627720,Lies of P,2025-04,feb,1,1,1,2,1560.68,7.352876902703792,Other,2.0,20.0,0,5.0
1627720,Lies of P,2025-05,feb,1,1,1,3,1443.32,7.274701294410468,Other,2.0,20.0,0,5.0
376210,The Isle,2024-11,feb,1,0,0,-3,4860.62,8.488921280774383,Other,2.0,20.0,0,5.0
376210,The Isle,2024-12,feb,1,0,0,-2,5513.41,8.614938585496082,Other,2.0,20.0,0,5.0
376210,The Isle,2025-01,feb,1,0,0,-1,6554.31,8.78787812749935,Other,2.0,20.0,0,5.0
376210,The Isle,2025-02,feb,1,1,1,0,7576.28,8.93277759300027,Other,2.0,20.0,0,5.0
376210,The Isle,2025-03,feb,1,1,1,1,8485.47,9.046110568002256,Other,2.0,20.0,0,5.0
376210,The Isle,2025-04,feb,1,1,1,2,6645.98,8.801767439581091,Other,2.0,20.0,0,5.0
376210,The Isle,2025-05,feb,1,1,1,3,6563.98,8.789352405282731,Other,2.0,20.0,0,5.0
221100,DayZ,2024-11,feb,1,0,0,-3,39133.82,10.574742333746538,Other,2.0,20.0,0,5.0
221100,DayZ,2024-12,feb,1,0,0,-2,37801.82,10.540112528596742,Other,2.0,20.0,0,5.0
221100,DayZ,2025-01,feb,1,0,0,-1,40047.56,10.597823026795378,Other,2.0,20.0,0,5.0
221100,DayZ,2025-02,feb,1,1,1,0,39534.43,10.584927216796439,Other,2.0,20.0,0,5.0
221100,DayZ,2025-03,feb,1,1,1,1,41396.66,10.630955480230394,Other,2.0,20.0,0,5.0
221100,DayZ,2025-04,feb,1,1,1,2,36205.95,10.496978748948358,Other,2.0,20.0,0,5.0
221100,DayZ,2025-05,feb,1,1,1,3,35310.29,10.471929701859535,Other,2.0,20.0,0,5.0
1562430,DREDGE,2024-11,feb,1,0,0,-3,833.1,6.725153682980864,Other,2.0,20.0,0,5.0
1562430,DREDGE,2024-12,feb,1,0,0,-2,1245.74,7.1274850098365,Other,2.0,20.0,0,5.0
1562430,DREDGE,2025-01,feb,1,0,0,-1,1004.38,6.912125714699672,Other,2.0,20.0,0,5.0
1562430,DREDGE,2025-02,feb,1,1,1,0,576.11,6.35629861468524,Other,2.0,20.0,0,5.0
1562430,DREDGE,2025-03,feb,1,1,1,1,1469.35,7.292575405113014,Other,2.0,20.0,0,5.0
1562430,DREDGE,2025-04,feb,1,1,1,2,1075.54,6.980578140019898,Other,2.0,20.0,0,5.0
1562430,DREDGE,2025-05,feb,1,1,1,3,852.15,6.747762567671246,Other,2.0,20.0,0,5.0
1476970,IdleOn,2024-11,feb,1,0,0,-3,7654.23,8.94301371518141,Other,2.0,20.0,0,5.0
1476970,IdleOn,2024-12,feb,1,0,0,-2,8549.51,9.053629250347008,Other,2.0,20.0,0,5.0
1476970,IdleOn,2025-01,feb,1,0,0,-1,9231.21,9.130345413162651,Other,2.0,20.0,0,5.0
1476970,IdleOn,2025-02,feb,1,1,1,0,13014.42,9.473813252471007,Other,2.0,20.0,0,5.0
1476970,IdleOn,2025-03,feb,1,1,1,1,11401.46,9.34149669635774,Other,2.0,20.0,0,5.0
1476970,IdleOn,2025-04,feb,1,1,1,2,13426.81,9.505008733380498,Other,2.0,20.0,0,5.0
1476970,IdleOn,2025-05,feb,1,1,1,3,12594.22,9.440993257531971,Other,2.0,20.0,0,5.0
2698940,The Crew Motorfest,2024-11,feb,1,0,0,-3,550.4,6.310645286619134,Other,2.0,20.0,0,5.0
2698940,The Crew Motorfest,2024-12,feb,1,0,0,-2,1140.04,7.03881862849228,Other,2.0,20.0,0,5.0
2698940,The Crew Motorfest,2025-01,feb,1,0,0,-1,1028.29,6.935652507399373,Other,2.0,20.0,0,5.0
2698940,The Crew Motorfest,2025-02,feb,1,1,1,0,622.3,6.433422291575172,Other,2.0,20.0,0,5.0
2698940,The Crew Motorfest,2025-03,feb,1,1,1,1,1101.1,7.004064959119545,Other,2.0,20.0,0,5.0
2698940,The Crew Motorfest,2025-04,feb,1,1,1,2,610.83,6.414818688051886,Other,2.0,20.0,0,5.0
2698940,The Crew Motorfest,2025-05,feb,1,1,1,3,753.38,6.624569748582247,Other,2.0,20.0,0,5.0
3156770,Witchfire,2024-11,feb,1,0,0,-3,426.84,6.056409235748364,Other,2.0,20.0,0,5.0
3156770,Witchfire,2024-12,feb,1,0,0,-2,560.05,6.328026065457748,Other,2.0,20.0,0,5.0
3156770,Witchfire,2025-01,feb,1,0,0,-1,433.31,6.071453407177916,Other,2.0,20.0,0,5.0
3156770,Witchfire,2025-02,feb,1,1,1,0,251.44,5.527204392489312,Other,2.0,20.0,0,5.0
3156770,Witchfire,2025-03,feb,1,1,1,1,346.26,5.8471899379509304,Other,2.0,20.0,0,5.0
3156770,Witchfire,2025-04,feb,1,1,1,2,217.58,5.382566598992937,Other,2.0,20.0,0,5.0
3156770,Witchfire,2025-05,feb,1,1,1,3,169.69,5.133973242984735,Other,2.0,20.0,0,5.0
1455630,THE GAME OF LIFE 2,2024-11,feb,1,0,0,-3,65.45,4.181286492355909,Other,2.0,20.0,0,5.0
1455630,THE GAME OF LIFE 2,2024-12,feb,1,0,0,-2,92.52,4.527424837363238,Other,2.0,20.0,0,5.0
1455630,THE GAME OF LIFE 2,2025-01,feb,1,0,0,-1,73.44,4.296468746312235,Other,2.0,20.0,0,5.0
1455630,THE GAME OF LIFE 2,2025-02,feb,1,1,1,0,82.99,4.418720118610357,Other,2.0,20.0,0,5.0
1455630,THE GAME OF LIFE 2,2025-03,feb,1,1,1,1,60.27,4.098834467494953,Other,2.0,20.0,0,5.0
1455630,THE GAME OF LIFE 2,2025-04,feb,1,1,1,2,64.08,4.160132302760104,Other,2.0,20.0,0,5.0
1455630,THE GAME OF LIFE 2,2025-05,feb,1,1,1,3,56.11,4.0273140497628805,Other,2.0,20.0,0,5.0
3156770,Witchfire,2024-11,feb,1,0,0,-3,426.84,6.056409235748364,Other,2.0,20.0,0,5.0
3156770,Witchfire,2024-12,feb,1,0,0,-2,560.05,6.328026065457748,Other,2.0,20.0,0,5.0
3156770,Witchfire,2025-01,feb,1,0,0,-1,433.31,6.071453407177916,Other,2.0,20.0,0,5.0
3156770,Witchfire,2025-02,feb,1,1,1,0,251.44,5.527204392489312,Other,2.0,20.0,0,5.0
3156770,Witchfire,2025-03,feb,1,1,1,1,346.26,5.8471899379509304,Other,2.0,20.0,0,5.0
3156770,Witchfire,2025-04,feb,1,1,1,2,217.58,5.382566598992937,Other,2.0,20.0,0,5.0
3156770,Witchfire,2025-05,feb,1,1,1,3,169.69,5.133973242984735,Other,2.0,20.0,0,5.0
1677280,Company of Heroes 3,2024-11,feb,1,0,0,-3,2401.41,7.783811343825476,Other,2.0,20.0,0,5.0
1677280,Company of Heroes 3,2024-12,feb,1,0,0,-2,2664.91,7.887925564922746,Other,2.0,20.0,0,5.0
1677280,Company of Heroes 3,2025-01,feb,1,0,0,-1,2611.08,7.867519207831431,Other,2.0,20.0,0,5.0
1677280,Company of Heroes 3,2025-02,feb,1,1,1,0,2933.63,7.983995843047888,Other,2.0,20.0,0,5.0
1677280,Company of Heroes 3,2025-03,feb,1,1,1,1,4535.19,8.419622258033241,Other,2.0,20.0,0,5.0
1677280,Company of Heroes 3,2025-04,feb,1,1,1,2,3154.66,8.056636003716536,Other,2.0,20.0,0,5.0
1677280,Company of Heroes 3,2025-05,feb,1,1,1,3,2925.32,7.981159155391428,Other,2.0,20.0,0,5.0
2437170,SMITE 2,2024-11,feb,1,0,0,-3,1227.1,7.112408940982502,Other,2.0,20.0,0,5.0
2437170,SMITE 2,2024-12,feb,1,0,0,-2,961.54,6.868536165827575,Other,2.0,20.0,0,5.0
2437170,SMITE 2,2025-01,feb,1,0,0,-1,6203.17,8.732815730691403,Other,2.0,20.0,0,5.0
2437170,SMITE 2,2025-02,feb,1,1,1,0,7216.47,8.884121192659089,Other,2.0,20.0,0,5.0
2437170,SMITE 2,2025-03,feb,1,1,1,1,4993.9,8.5159724466104,Other,2.0,20.0,0,5.0
2437170,SMITE 2,2025-04,feb,1,1,1,2,4067.6,8.310808423916983,Other,2.0,20.0,0,5.0
2437170,SMITE 2,2025-05,feb,1,1,1,3,3890.01,8.266167007303276,Other,2.0,20.0,0,5.0
9900,Star Trek Online,2024-11,feb,1,0,0,-3,862.15,6.759429269446141,Other,2.0,20.0,0,5.0
9900,Star Trek Online,2024-12,feb,1,0,0,-2,890.66,6.791962760930473,Other,2.0,20.0,0,5.0
9900,Star Trek Online,2025-01,feb,1,0,0,-1,943.71,6.849818915559043,Other,2.0,20.0,0,5.0
9900,Star Trek Online,2025-02,feb,1,1,1,0,1297.85,7.1684643281824885,Other,2.0,20.0,0,5.0
9900,Star Trek Online,2025-03,feb,1,1,1,1,1137.89,7.036930949205884,Other,2.0,20.0,0,5.0
9900,Star Trek Online,2025-04,feb,1,1,1,2,967.67,6.874891120062954,Other,2.0,20.0,0,5.0
9900,Star Trek Online,2025-05,feb,1,1,1,3,932.35,6.837708280670102,Other,2.0,20.0,0,5.0
1422130,SimRail - The Railway Simulator,2024-11,feb,1,0,0,-3,175.0,5.1647859739235145,Other,2.0,20.0,0,5.0
1422130,SimRail - The Railway Simulator,2024-12,feb,1,0,0,-2,403.33,5.999755085425717,Other,2.0,20.0,0,5.0
1422130,SimRail - The Railway Simulator,2025-01,feb,1,0,0,-1,271.24,5.603004037815642,Other,2.0,20.0,0,5.0
1422130,SimRail - The Railway Simulator,2025-02,feb,1,1,1,0,219.14,5.389710794977248,Other,2.0,20.0,0,5.0
1422130,SimRail - The Railway Simulator,2025-03,feb,1,1,1,1,230.7,5.441118165179708,Other,2.0,20.0,0,5.0
1422130,SimRail - The Railway Simulator,2025-04,feb,1,1,1,2,205.6,5.32593253358101,Other,2.0,20.0,0,5.0
1422130,SimRail - The Railway Simulator,2025-05,feb,1,1,1,3,294.72,5.686025753066942,Other,2.0,20.0,0,5.0
1119730,"Ranch Simulator: Build, Hunt, Farm",2024-11,feb,1,0,0,-3,765.53,6.640568404401676,Other,2.0,20.0,0,5.0
1119730,"Ranch Simulator: Build, Hunt, Farm",2024-12,feb,1,0,0,-2,1346.38,7.205174788339649,Other,2.0,20.0,0,5.0
1119730,"Ranch Simulator: Build, Hunt, Farm",2025-01,feb,1,0,0,-1,809.37,6.696256167262644,Other,2.0,20.0,0,5.0
1119730,"Ranch Simulator: Build, Hunt, Farm",2025-02,feb,1,1,1,0,2590.21,7.859494232487771,Other,2.0,20.0,0,5.0
1119730,"Ranch Simulator: Build, Hunt, Farm",2025-03,feb,1,1,1,1,2423.32,7.792893779781045,Other,2.0,20.0,0,5.0
1119730,"Ranch Simulator: Build, Hunt, Farm",2025-04,feb,1,1,1,2,1273.9,7.149838340115741,Other,2.0,20.0,0,5.0
1119730,"Ranch Simulator: Build, Hunt, Farm",2025-05,feb,1,1,1,3,729.8,6.592770524002347,Other,2.0,20.0,0,5.0
1929610,Demonologist,2024-11,feb,1,0,0,-3,450.4,6.110136076825481,Other,2.0,20.0,0,5.0
1929610,Demonologist,2024-12,feb,1,0,0,-2,441.23,6.0895662814412255,Other,2.0,20.0,0,5.0
1929610,Demonologist,2025-01,feb,1,0,0,-1,783.58,6.663873162518527,Other,2.0,20.0,0,5.0
1929610,Demonologist,2025-02,feb,1,1,1,0,500.71,6.216027091175606,Other,2.0,20.0,0,5.0
1929610,Demonologist,2025-03,feb,1,1,1,1,382.33,5.94628411002744,Other,2.0,20.0,0,5.0
1929610,Demonologist,2025-04,feb,1,1,1,2,242.77,5.492114493067016,Other,2.0,20.0,0,5.0
1929610,Demonologist,2025-05,feb,1,1,1,3,223.22,5.408157832227569,Other,2.0,20.0,0,5.0
361420,ASTRONEER,2024-11,feb,1,0,0,-3,4723.55,8.460315914524182,Other,2.0,20.0,0,5.0
361420,ASTRONEER,2024-12,feb,1,0,0,-2,3131.44,8.049248241635015,Other,2.0,20.0,0,5.0
361420,ASTRONEER,2025-01,feb,1,0,0,-1,2095.63,7.647609503140701,Other,2.0,20.0,0,5.0
361420,ASTRONEER,2025-02,feb,1,1,1,0,1810.65,7.501441175815246,Other,2.0,20.0,0,5.0
361420,ASTRONEER,2025-03,feb,1,1,1,1,1640.76,7.40291482810899,Other,2.0,20.0,0,5.0
361420,ASTRONEER,2025-04,feb,1,1,1,2,2403.33,7.784610554647371,Other,2.0,20.0,0,5.0
361420,ASTRONEER,2025-05,feb,1,1,1,3,1334.33,7.196184572194938,Other,2.0,20.0,0,5.0
293760,Automation - The Car Company Tycoon Game,2024-11,feb,1,0,0,-3,528.79,6.270591377617365,Other,2.0,20.0,0,5.0
293760,Automation - The Car Company Tycoon Game,2024-12,feb,1,0,0,-2,662.21,6.495582726177016,Other,2.0,20.0,0,5.0
293760,Automation - The Car Company Tycoon Game,2025-01,feb,1,0,0,-1,675.29,6.515142228237775,Other,2.0,20.0,0,5.0
293760,Automation - The Car Company Tycoon Game,2025-02,feb,1,1,1,0,524.66,6.262750433748206,Other,2.0,20.0,0,5.0
293760,Automation - The Car Company Tycoon Game,2025-03,feb,1,1,1,1,505.97,6.226477378992281,Other,2.0,20.0,0,5.0
293760,Automation - The Car Company Tycoon Game,2025-04,feb,1,1,1,2,491.77,6.198011127514822,Other,2.0,20.0,0,5.0
293760,Automation - The Car Company Tycoon Game,2025-05,feb,1,1,1,3,503.82,6.222219061423527,Other,2.0,20.0,0,5.0
585420,Trailmakers,2024-11,feb,1,0,0,-3,1031.25,6.9385269376488905,Other,2.0,20.0,0,5.0
585420,Trailmakers,2024-12,feb,1,0,0,-2,1248.51,7.129706119299285,Other,2.0,20.0,0,5.0
585420,Trailmakers,2025-01,feb,1,0,0,-1,1181.11,7.07420995326556,Other,2.0,20.0,0,5.0
585420,Trailmakers,2025-02,feb,1,1,1,0,1016.9,6.924514062797091,Other,2.0,20.0,0,5.0
585420,Trailmakers,2025-03,feb,1,1,1,1,1514.67,7.322952872434682,Other,2.0,20.0,0,5.0
585420,Trailmakers,2025-04,feb,1,1,1,2,869.54,6.76796433618647,Other,2.0,20.0,0,5.0
585420,Trailmakers,2025-05,feb,1,1,1,3,992.01,6.8997331878792245,Other,2.0,20.0,0,5.0
466560,Northgard: Definitive Edition,2024-11,feb,1,0,0,-3,2113.06,7.6558924128589085,Other,2.0,20.0,0,5.0
466560,Northgard: Definitive Edition,2024-12,feb,1,0,0,-2,4018.23,8.298596786145755,Other,2.0,20.0,0,5.0
466560,Northgard: Definitive Edition,2025-01,feb,1,0,0,-1,2684.37,7.895201342539919,Other,2.0,20.0,0,5.0
466560,Northgard: Definitive Edition,2025-02,feb,1,1,1,0,2126.45,7.662209201602773,Other,2.0,20.0,0,5.0
466560,Northgard: Definitive Edition,2025-03,feb,1,1,1,1,2047.36,7.624306437321098,Other,2.0,20.0,0,5.0
466560,Northgard: Definitive Edition,2025-04,feb,1,1,1,2,1864.53,7.530764289594017,Other,2.0,20.0,0,5.0
466560,Northgard: Definitive Edition,2025-05,feb,1,1,1,3,1549.6,7.345752112092786,Other,2.0,20.0,0,5.0
1721470,Poppy Playtime,2024-11,feb,1,0,0,-3,518.66,6.251248562517183,Other,2.0,20.0,0,5.0
1721470,Poppy Playtime,2024-12,feb,1,0,0,-2,526.65,6.266536191282551,Other,2.0,20.0,0,5.0
1721470,Poppy Playtime,2025-01,feb,1,0,0,-1,1318.16,7.183992103749176,Other,2.0,20.0,0,5.0
1721470,Poppy Playtime,2025-02,feb,1,1,1,0,4875.66,8.492010758883662,Other,2.0,20.0,0,5.0
1721470,Poppy Playtime,2025-03,feb,1,1,1,1,1878.25,7.53809577124927,Other,2.0,20.0,0,5.0
1721470,Poppy Playtime,2025-04,feb,1,1,1,2,975.14,6.882581050433417,Other,2.0,20.0,0,5.0
1721470,Poppy Playtime,2025-05,feb,1,1,1,3,686.78,6.532014008040194,Other,2.0,20.0,0,5.0
1422130,SimRail - The Railway Simulator,2024-11,feb,1,0,0,-3,175.0,5.1647859739235145,Other,2.0,20.0,0,5.0
1422130,SimRail - The Railway Simulator,2024-12,feb,1,0,0,-2,403.33,5.999755085425717,Other,2.0,20.0,0,5.0
1422130,SimRail - The Railway Simulator,2025-01,feb,1,0,0,-1,271.24,5.603004037815642,Other,2.0,20.0,0,5.0
1422130,SimRail - The Railway Simulator,2025-02,feb,1,1,1,0,219.14,5.389710794977248,Other,2.0,20.0,0,5.0
1422130,SimRail - The Railway Simulator,2025-03,feb,1,1,1,1,230.7,5.441118165179708,Other,2.0,20.0,0,5.0
1422130,SimRail - The Railway Simulator,2025-04,feb,1,1,1,2,205.6,5.32593253358101,Other,2.0,20.0,0,5.0
1422130,SimRail - The Railway Simulator,2025-05,feb,1,1,1,3,294.72,5.686025753066942,Other,2.0,20.0,0,5.0
427410,Abiotic Factor,2024-11,feb,1,0,0,-3,1695.87,7.4359511624706185,Other,2.0,20.0,0,5.0
427410,Abiotic Factor,2024-12,feb,1,0,0,-2,2308.66,7.744422548620437,Other,2.0,20.0,0,5.0
427410,Abiotic Factor,2025-01,feb,1,0,0,-1,2207.62,7.699670291136557,Other,2.0,20.0,0,5.0
427410,Abiotic Factor,2025-02,feb,1,1,1,0,5466.65,8.606421276359045,Other,2.0,20.0,0,5.0
427410,Abiotic Factor,2025-03,feb,1,1,1,1,2701.31,7.901492119513332,Other,2.0,20.0,0,5.0
427410,Abiotic Factor,2025-04,feb,1,1,1,2,2881.1,7.965927444652224,Other,2.0,20.0,0,5.0
427410,Abiotic Factor,2025-05,feb,1,1,1,3,2720.21,7.908464362192175,Other,2.0,20.0,0,5.0
1611600,WARNO,2024-11,feb,1,0,0,-3,1052.49,6.958914064323752,Other,2.0,20.0,0,5.0
1611600,WARNO,2024-12,feb,1,0,0,-2,1243.82,7.125942568296098,Other,2.0,20.0,0,5.0
1611600,WARNO,2025-01,feb,1,0,0,-1,1264.94,7.142779969206703,Other,2.0,20.0,0,5.0
1611600,WARNO,2025-02,feb,1,1,1,0,1103.78,7.006495931616748,Other,2.0,20.0,0,5.0
1611600,WARNO,2025-03,feb,1,1,1,1,1225.53,7.111128682472703,Other,2.0,20.0,0,5.0
1611600,WARNO,2025-04,feb,1,1,1,2,1145.74,7.043805995443661,Other,2.0,20.0,0,5.0
1611600,WARNO,2025-05,feb,1,1,1,3,1133.15,7.032756644144939,Other,2.0,20.0,0,5.0
585420,Trailmakers,2024-11,feb,1,0,0,-3,1031.25,6.9385269376488905,Other,2.0,20.0,0,5.0
585420,Trailmakers,2024-12,feb,1,0,0,-2,1248.51,7.129706119299285,Other,2.0,20.0,0,5.0
585420,Trailmakers,2025-01,feb,1,0,0,-1,1181.11,7.07420995326556,Other,2.0,20.0,0,5.0
585420,Trailmakers,2025-02,feb,1,1,1,0,1016.9,6.924514062797091,Other,2.0,20.0,0,5.0
585420,Trailmakers,2025-03,feb,1,1,1,1,1514.67,7.322952872434682,Other,2.0,20.0,0,5.0
585420,Trailmakers,2025-04,feb,1,1,1,2,869.54,6.76796433618647,Other,2.0,20.0,0,5.0
585420,Trailmakers,2025-05,feb,1,1,1,3,992.01,6.8997331878792245,Other,2.0,20.0,0,5.0
1676840,For The King II,2024-11,feb,1,0,0,-3,737.89,6.60379476200068,Other,2.0,20.0,0,5.0
1676840,For The King II,2024-12,feb,1,0,0,-2,832.5,6.724433221854599,Other,2.0,20.0,0,5.0
1676840,For The King II,2025-01,feb,1,0,0,-1,868.28,6.766514243287562,Other,2.0,20.0,0,5.0
1676840,For The King II,2025-02,feb,1,1,1,0,828.56,6.719689254280623,Other,2.0,20.0,0,5.0
1676840,For The King II,2025-03,feb,1,1,1,1,656.22,6.48649609857519,Other,2.0,20.0,0,5.0
1676840,For The King II,2025-04,feb,1,1,1,2,476.28,6.166005916582974,Other,2.0,20.0,0,5.0
1676840,For The King II,2025-05,feb,1,1,1,3,772.09,6.6491011235407,Other,2.0,20.0,0,5.0
1601580,Frostpunk 2,2024-11,feb,1,0,0,-3,1064.72,6.9704671327783005,Other,2.0,20.0,0,5.0
1601580,Frostpunk 2,2024-12,feb,1,0,0,-2,1264.92,7.1427641580550985,Other,2.0,20.0,0,5.0
1601580,Frostpunk 2,2025-01,feb,1,0,0,-1,884.12,6.784592800031241,Other,2.0,20.0,0,5.0
1601580,Frostpunk 2,2025-02,feb,1,1,1,0,564.37,6.335710064774309,Other,2.0,20.0,0,5.0
1601580,Frostpunk 2,2025-03,feb,1,1,1,1,530.61,6.274027288114812,Other,2.0,20.0,0,5.0
1601580,Frostpunk 2,2025-04,feb,1,1,1,2,426.02,6.054486293524138,Other,2.0,20.0,0,5.0
1601580,Frostpunk 2,2025-05,feb,1,1,1,3,1083.94,6.988357829914188,Other,2.0,20.0,0,5.0
1929610,Demonologist,2024-11,feb,1,0,0,-3,450.4,6.110136076825481,Other,2.0,20.0,0,5.0
1929610,Demonologist,2024-12,feb,1,0,0,-2,441.23,6.0895662814412255,Other,2.0,20.0,0,5.0
1929610,Demonologist,2025-01,feb,1,0,0,-1,783.58,6.663873162518527,Other,2.0,20.0,0,5.0
1929610,Demonologist,2025-02,feb,1,1,1,0,500.71,6.216027091175606,Other,2.0,20.0,0,5.0
1929610,Demonologist,2025-03,feb,1,1,1,1,382.33,5.94628411002744,Other,2.0,20.0,0,5.0
1929610,Demonologist,2025-04,feb,1,1,1,2,242.77,5.492114493067016,Other,2.0,20.0,0,5.0
1929610,Demonologist,2025-05,feb,1,1,1,3,223.22,5.408157832227569,Other,2.0,20.0,0,5.0
1114150,CarX Street,2024-11,feb,1,0,0,-3,902.94,6.8056561060266825,Other,2.0,20.0,0,5.0
1114150,CarX Street,2024-12,feb,1,0,0,-2,866.12,6.764023467092089,Other,2.0,20.0,0,5.0
1114150,CarX Street,2025-01,feb,1,0,0,-1,664.33,6.498779013970632,Other,2.0,20.0,0,5.0
1114150,CarX Street,2025-02,feb,1,1,1,0,563.19,6.33361704900438,Other,2.0,20.0,0,5.0
1114150,CarX Street,2025-03,feb,1,1,1,1,546.12,6.302838731816551,Other,2.0,20.0,0,5.0
1114150,CarX Street,2025-04,feb,1,1,1,2,510.56,6.235508162529934,Other,2.0,20.0,0,5.0
1114150,CarX Street,2025-05,feb,1,1,1,3,479.51,6.172764749163381,Other,2.0,20.0,0,5.0
361420,ASTRONEER,2024-11,feb,1,0,0,-3,4723.55,8.460315914524182,Other,2.0,20.0,0,5.0
361420,ASTRONEER,2024-12,feb,1,0,0,-2,3131.44,8.049248241635015,Other,2.0,20.0,0,5.0
361420,ASTRONEER,2025-01,feb,1,0,0,-1,2095.63,7.647609503140701,Other,2.0,20.0,0,5.0
361420,ASTRONEER,2025-02,feb,1,1,1,0,1810.65,7.501441175815246,Other,2.0,20.0,0,5.0
361420,ASTRONEER,2025-03,feb,1,1,1,1,1640.76,7.40291482810899,Other,2.0,20.0,0,5.0
361420,ASTRONEER,2025-04,feb,1,1,1,2,2403.33,7.784610554647371,Other,2.0,20.0,0,5.0
361420,ASTRONEER,2025-05,feb,1,1,1,3,1334.33,7.196184572194938,Other,2.0,20.0,0,5.0
289070,Sid Meier’s Civilization® VI,2024-11,feb,1,0,0,-3,41316.4,10.629014794558989,Other,2.0,20.0,0,5.0
289070,Sid Meier’s Civilization® VI,2024-12,feb,1,0,0,-2,47101.43,10.760058640477808,Other,2.0,20.0,0,5.0
289070,Sid Meier’s Civilization® VI,2025-01,feb,1,0,0,-1,49598.72,10.811720305928414,Other,2.0,20.0,0,5.0
289070,Sid Meier’s Civilization® VI,2025-02,feb,1,1,1,0,42252.55,10.651419985993615,Other,2.0,20.0,0,5.0
289070,Sid Meier’s Civilization® VI,2025-03,feb,1,1,1,1,32970.95,10.40338214972406,Other,2.0,20.0,0,5.0
289070,Sid Meier’s Civilization® VI,2025-04,feb,1,1,1,2,28176.21,10.246233283859832,Other,2.0,20.0,0,5.0
289070,Sid Meier’s Civilization® VI,2025-05,feb,1,1,1,3,27873.35,10.235426314185343,Other,2.0,20.0,0,5.0
457140,Oxygen Not Included,2024-11,feb,1,0,0,-3,8269.01,9.02027007105751,Other,2.0,20.0,0,5.0
457140,Oxygen Not Included,2024-12,feb,1,0,0,-2,10290.04,9.238931716089734,Other,2.0,20.0,0,5.0
457140,Oxygen Not Included,2025-01,feb,1,0,0,-1,8920.91,9.0961532383078,Other,2.0,20.0,0,5.0
457140,Oxygen Not Included,2025-02,feb,1,1,1,0,7316.65,8.897907851928284,Other,2.0,20.0,0,5.0
457140,Oxygen Not Included,2025-03,feb,1,1,1,1,7636.83,8.940737874590868,Other,2.0,20.0,0,5.0
457140,Oxygen Not Included,2025-04,feb,1,1,1,2,7749.04,8.95532424370701,Other,2.0,20.0,0,5.0
457140,Oxygen Not Included,2025-05,feb,1,1,1,3,7342.16,8.901388356246459,Other,2.0,20.0,0,5.0
1575940,Sins of a Solar Empire II,2024-11,feb,1,0,0,-3,774.95,6.65279851114306,Other,2.0,20.0,0,5.0
1575940,Sins of a Solar Empire II,2024-12,feb,1,0,0,-2,1097.23,7.000544101015574,Other,2.0,20.0,0,5.0
1575940,Sins of a Solar Empire II,2025-01,feb,1,0,0,-1,991.42,6.8991382588750225,Other,2.0,20.0,0,5.0
1575940,Sins of a Solar Empire II,2025-02,feb,1,1,1,0,763.69,6.638161947661693,Other,2.0,20.0,0,5.0
1575940,Sins of a Solar Empire II,2025-03,feb,1,1,1,1,758.76,6.631685521858522,Other,2.0,20.0,0,5.0
1575940,Sins of a Solar Empire II,2025-04,feb,1,1,1,2,840.05,6.733461413875411,Other,2.0,20.0,0,5.0
1575940,Sins of a Solar Empire II,2025-05,feb,1,1,1,3,693.64,6.541953093930348,Other,2.0,20.0,0,5.0
1721470,Poppy Playtime,2024-11,feb,1,0,0,-3,518.66,6.251248562517183,Other,2.0,20.0,0,5.0
1721470,Poppy Playtime,2024-12,feb,1,0,0,-2,526.65,6.266536191282551,Other,2.0,20.0,0,5.0
1721470,Poppy Playtime,2025-01,feb,1,0,0,-1,1318.16,7.183992103749176,Other,2.0,20.0,0,5.0
1721470,Poppy Playtime,2025-02,feb,1,1,1,0,4875.66,8.492010758883662,Other,2.0,20.0,0,5.0
1721470,Poppy Playtime,2025-03,feb,1,1,1,1,1878.25,7.53809577124927,Other,2.0,20.0,0,5.0
1721470,Poppy Playtime,2025-04,feb,1,1,1,2,975.14,6.882581050433417,Other,2.0,20.0,0,5.0
1721470,Poppy Playtime,2025-05,feb,1,1,1,3,686.78,6.532014008040194,Other,2.0,20.0,0,5.0
293760,Automation - The Car Company Tycoon Game,2024-11,feb,1,0,0,-3,528.79,6.270591377617365,Other,2.0,20.0,0,5.0
293760,Automation - The Car Company Tycoon Game,2024-12,feb,1,0,0,-2,662.21,6.495582726177016,Other,2.0,20.0,0,5.0
293760,Automation - The Car Company Tycoon Game,2025-01,feb,1,0,0,-1,675.29,6.515142228237775,Other,2.0,20.0,0,5.0
293760,Automation - The Car Company Tycoon Game,2025-02,feb,1,1,1,0,524.66,6.262750433748206,Other,2.0,20.0,0,5.0
293760,Automation - The Car Company Tycoon Game,2025-03,feb,1,1,1,1,505.97,6.226477378992281,Other,2.0,20.0,0,5.0
293760,Automation - The Car Company Tycoon Game,2025-04,feb,1,1,1,2,491.77,6.198011127514822,Other,2.0,20.0,0,5.0
293760,Automation - The Car Company Tycoon Game,2025-05,feb,1,1,1,3,503.82,6.222219061423527,Other,2.0,20.0,0,5.0
466560,Northgard: Definitive Edition,2024-11,feb,1,0,0,-3,2113.06,7.6558924128589085,Other,2.0,20.0,0,5.0
466560,Northgard: Definitive Edition,2024-12,feb,1,0,0,-2,4018.23,8.298596786145755,Other,2.0,20.0,0,5.0
466560,Northgard: Definitive Edition,2025-01,feb,1,0,0,-1,2684.37,7.895201342539919,Other,2.0,20.0,0,5.0
466560,Northgard: Definitive Edition,2025-02,feb,1,1,1,0,2126.45,7.662209201602773,Other,2.0,20.0,0,5.0
466560,Northgard: Definitive Edition,2025-03,feb,1,1,1,1,2047.36,7.624306437321098,Other,2.0,20.0,0,5.0
466560,Northgard: Definitive Edition,2025-04,feb,1,1,1,2,1864.53,7.530764289594017,Other,2.0,20.0,0,5.0
466560,Northgard: Definitive Edition,2025-05,feb,1,1,1,3,1549.6,7.345752112092786,Other,2.0,20.0,0,5.0
293760,Automation - The Car Company Tycoon Game,2024-11,feb,1,0,0,-3,528.79,6.270591377617365,Other,2.0,20.0,0,5.0
293760,Automation - The Car Company Tycoon Game,2024-12,feb,1,0,0,-2,662.21,6.495582726177016,Other,2.0,20.0,0,5.0
293760,Automation - The Car Company Tycoon Game,2025-01,feb,1,0,0,-1,675.29,6.515142228237775,Other,2.0,20.0,0,5.0
293760,Automation - The Car Company Tycoon Game,2025-02,feb,1,1,1,0,524.66,6.262750433748206,Other,2.0,20.0,0,5.0
293760,Automation - The Car Company Tycoon Game,2025-03,feb,1,1,1,1,505.97,6.226477378992281,Other,2.0,20.0,0,5.0
293760,Automation - The Car Company Tycoon Game,2025-04,feb,1,1,1,2,491.77,6.198011127514822,Other,2.0,20.0,0,5.0
293760,Automation - The Car Company Tycoon Game,2025-05,feb,1,1,1,3,503.82,6.222219061423527,Other,2.0,20.0,0,5.0
457140,Oxygen Not Included,2024-11,feb,1,0,0,-3,8269.01,9.02027007105751,Other,2.0,20.0,0,5.0
457140,Oxygen Not Included,2024-12,feb,1,0,0,-2,10290.04,9.238931716089734,Other,2.0,20.0,0,5.0
457140,Oxygen Not Included,2025-01,feb,1,0,0,-1,8920.91,9.0961532383078,Other,2.0,20.0,0,5.0
457140,Oxygen Not Included,2025-02,feb,1,1,1,0,7316.65,8.897907851928284,Other,2.0,20.0,0,5.0
457140,Oxygen Not Included,2025-03,feb,1,1,1,1,7636.83,8.940737874590868,Other,2.0,20.0,0,5.0
457140,Oxygen Not Included,2025-04,feb,1,1,1,2,7749.04,8.95532424370701,Other,2.0,20.0,0,5.0
457140,Oxygen Not Included,2025-05,feb,1,1,1,3,7342.16,8.901388356246459,Other,2.0,20.0,0,5.0
1105420,Game of Thrones Winter is Coming,2024-11,feb,1,0,0,-3,610.48,6.4142455329813775,Other,2.0,20.0,0,5.0
1105420,Game of Thrones Winter is Coming,2024-12,feb,1,0,0,-2,618.89,6.427927550915635,Other,2.0,20.0,0,5.0
1105420,Game of Thrones Winter is Coming,2025-01,feb,1,0,0,-1,609.13,6.412031709625774,Other,2.0,20.0,0,5.0
1105420,Game of Thrones Winter is Coming,2025-02,feb,1,1,1,0,594.19,6.387199133536505,Other,2.0,20.0,0,5.0
1105420,Game of Thrones Winter is Coming,2025-03,feb,1,1,1,1,632.06,6.448984326349514,Other,2.0,20.0,0,5.0
1105420,Game of Thrones Winter is Coming,2025-04,feb,1,1,1,2,597.04,6.391984112823132,Other,2.0,20.0,0,5.0
1105420,Game of Thrones Winter is Coming,2025-05,feb,1,1,1,3,589.25,6.378850541816241,Other,2.0,20.0,0,5.0
1868140,DAVE THE DIVER,2024-11,feb,1,0,0,-3,4489.55,8.409507752996518,Other,2.0,20.0,0,5.0
1868140,DAVE THE DIVER,2024-12,feb,1,0,0,-2,4763.95,8.468832435038081,Other,2.0,20.0,0,5.0
1868140,DAVE THE DIVER,2025-01,feb,1,0,0,-1,4785.52,8.473349970918838,Other,2.0,20.0,0,5.0
1868140,DAVE THE DIVER,2025-02,feb,1,1,1,0,3576.89,8.182248986759326,Other,2.0,20.0,0,5.0
1868140,DAVE THE DIVER,2025-03,feb,1,1,1,1,4055.86,8.307918027910016,Other,2.0,20.0,0,5.0
1868140,DAVE THE DIVER,2025-04,feb,1,1,1,2,5964.9,8.693647569932144,Other,2.0,20.0,0,5.0
1868140,DAVE THE DIVER,2025-05,feb,1,1,1,3,3821.34,8.248356425430142,Other,2.0,20.0,0,5.0
492720,Tropico 6,2024-11,feb,1,0,0,-3,773.55,6.650990309165078,Other,2.0,20.0,0,5.0
492720,Tropico 6,2024-12,feb,1,0,0,-2,976.46,6.883933786856135,Other,2.0,20.0,0,5.0
492720,Tropico 6,2025-01,feb,1,0,0,-1,899.77,6.80213917510887,Other,2.0,20.0,0,5.0
492720,Tropico 6,2025-02,feb,1,1,1,0,880.93,6.780978167614865,Other,2.0,20.0,0,5.0
492720,Tropico 6,2025-03,feb,1,1,1,1,1067.95,6.973496201944814,Other,2.0,20.0,0,5.0
492720,Tropico 6,2025-04,feb,1,1,1,2,922.48,6.827065695462861,Other,2.0,20.0,0,5.0
492720,Tropico 6,2025-05,feb,1,1,1,3,834.97,6.727395796061712,Other,2.0,20.0,0,5.0
975370,Dwarf Fortress,2024-11,feb,1,0,0,-3,844.98,6.739312958438014,Other,2.0,20.0,0,5.0
975370,Dwarf Fortress,2024-12,feb,1,0,0,-2,914.66,6.818552411521367,Other,2.0,20.0,0,5.0
975370,Dwarf Fortress,2025-01,feb,1,0,0,-1,1087.89,6.991995319363465,Other,2.0,20.0,0,5.0
975370,Dwarf Fortress,2025-02,feb,1,1,1,0,1046.82,6.953512276319866,Other,2.0,20.0,0,5.0
975370,Dwarf Fortress,2025-03,feb,1,1,1,1,1140.76,7.039449985931702,Other,2.0,20.0,0,5.0
975370,Dwarf Fortress,2025-04,feb,1,1,1,2,1065.65,6.971340220607248,Other,2.0,20.0,0,5.0
975370,Dwarf Fortress,2025-05,feb,1,1,1,3,919.8,6.824156255105823,Other,2.0,20.0,0,5.0
1575940,Sins of a Solar Empire II,2024-11,feb,1,0,0,-3,774.95,6.65279851114306,Other,2.0,20.0,0,5.0
1575940,Sins of a Solar Empire II,2024-12,feb,1,0,0,-2,1097.23,7.000544101015574,Other,2.0,20.0,0,5.0
1575940,Sins of a Solar Empire II,2025-01,feb,1,0,0,-1,991.42,6.8991382588750225,Other,2.0,20.0,0,5.0
1575940,Sins of a Solar Empire II,2025-02,feb,1,1,1,0,763.69,6.638161947661693,Other,2.0,20.0,0,5.0
1575940,Sins of a Solar Empire II,2025-03,feb,1,1,1,1,758.76,6.631685521858522,Other,2.0,20.0,0,5.0
1575940,Sins of a Solar Empire II,2025-04,feb,1,1,1,2,840.05,6.733461413875411,Other,2.0,20.0,0,5.0
1575940,Sins of a Solar Empire II,2025-05,feb,1,1,1,3,693.64,6.541953093930348,Other,2.0,20.0,0,5.0
2333480,RAID: Shadow Legends,2024-11,feb,1,0,0,-3,697.79,6.54791819789619,Other,2.0,20.0,0,5.0
2333480,RAID: Shadow Legends,2024-12,feb,1,0,0,-2,804.78,6.690568948142054,Other,2.0,20.0,0,5.0
2333480,RAID: Shadow Legends,2025-01,feb,1,0,0,-1,863.18,6.760623244074023,Other,2.0,20.0,0,5.0
2333480,RAID: Shadow Legends,2025-02,feb,1,1,1,0,872.69,6.771580395412197,Other,2.0,20.0,0,5.0
2333480,RAID: Shadow Legends,2025-03,feb,1,1,1,1,873.69,6.772725621662263,Other,2.0,20.0,0,5.0
2333480,RAID: Shadow Legends,2025-04,feb,1,1,1,2,853.29,6.749099466266087,Other,2.0,20.0,0,5.0
2333480,RAID: Shadow Legends,2025-05,feb,1,1,1,3,843.17,6.737168598406531,Other,2.0,20.0,0,5.0
2198150,Tiny Glade,2024-11,feb,1,0,0,-3,821.35,6.710949327987209,Other,2.0,20.0,0,5.0
2198150,Tiny Glade,2024-12,feb,1,0,0,-2,819.07,6.70816955028618,Other,2.0,20.0,0,5.0
2198150,Tiny Glade,2025-01,feb,1,0,0,-1,720.07,6.579348429506549,Other,2.0,20.0,0,5.0
2198150,Tiny Glade,2025-02,feb,1,1,1,0,447.87,6.104503011733608,Other,2.0,20.0,0,5.0
2198150,Tiny Glade,2025-03,feb,1,1,1,1,464.67,6.141327476227777,Other,2.0,20.0,0,5.0
2198150,Tiny Glade,2025-04,feb,1,1,1,2,276.65,5.622753169344119,Other,2.0,20.0,0,5.0
2198150,Tiny Glade,2025-05,feb,1,1,1,3,246.89,5.508942893303274,Other,2.0,20.0,0,5.0
3092660,Reverse: 1999,2024-11,feb,1,0,0,-3,509.41,6.233253193291032,Other,2.0,20.0,0,5.0
3092660,Reverse: 1999,2024-12,feb,1,0,0,-2,483.1,6.180223671560361,Other,2.0,20.0,0,5.0
3092660,Reverse: 1999,2025-01,feb,1,0,0,-1,820.09,6.7094140903331,Other,2.0,20.0,0,5.0
3092660,Reverse: 1999,2025-02,feb,1,1,1,0,734.05,6.59857714618547,Other,2.0,20.0,0,5.0
3092660,Reverse: 1999,2025-03,feb,1,1,1,1,680.89,6.523400765936662,Other,2.0,20.0,0,5.0
3092660,Reverse: 1999,2025-04,feb,1,1,1,2,850.02,6.745259878619315,Other,2.0,20.0,0,5.0
3092660,Reverse: 1999,2025-05,feb,1,1,1,3,968.07,6.875304398711629,Other,2.0,20.0,0,5.0
342940,Project: Gorgon,2024-11,feb,1,0,0,-3,83.36,4.423168578005057,Other,2.0,20.0,0,5.0
342940,Project: Gorgon,2024-12,feb,1,0,0,-2,83.29,4.42232849394725,Other,2.0,20.0,0,5.0
342940,Project: Gorgon,2025-01,feb,1,0,0,-1,93.75,4.54063166485052,Other,2.0,20.0,0,5.0
342940,Project: Gorgon,2025-02,feb,1,1,1,0,118.37,4.773815311965802,Other,2.0,20.0,0,5.0
342940,Project: Gorgon,2025-03,feb,1,1,1,1,163.86,5.099012404713669,Other,2.0,20.0,0,5.0
342940,Project: Gorgon,2025-04,feb,1,1,1,2,161.86,5.086731764067556,Other,2.0,20.0,0,5.0
342940,Project: Gorgon,2025-05,feb,1,1,1,3,147.97,4.997009550514443,Other,2.0,20.0,0,5.0
613100,House Flipper,2024-11,feb,1,0,0,-3,2147.33,7.671980488908884,Other,2.0,20.0,0,5.0
613100,House Flipper,2024-12,feb,1,0,0,-2,5437.47,8.60106915814034,Other,2.0,20.0,0,5.0
613100,House Flipper,2025-01,feb,1,0,0,-1,3560.65,8.17769839144926,Other,2.0,20.0,0,5.0
613100,House Flipper,2025-02,feb,1,1,1,0,2206.32,7.699081248223609,Other,2.0,20.0,0,5.0
613100,House Flipper,2025-03,feb,1,1,1,1,2040.51,7.62095505559347,Other,2.0,20.0,0,5.0
613100,House Flipper,2025-04,feb,1,1,1,2,1662.46,7.416053712090183,Other,2.0,20.0,0,5.0
613100,House Flipper,2025-05,feb,1,1,1,3,1492.4,7.308140841347003,Other,2.0,20.0,0,5.0
322330,Don't Starve Together,2024-11,feb,1,0,0,-3,31241.11,10.349490134692436,Other,2.0,20.0,0,5.0
322330,Don't Starve Together,2024-12,feb,1,0,0,-2,31550.35,10.359339961410203,Other,2.0,20.0,0,5.0
322330,Don't Starve Together,2025-01,feb,1,0,0,-1,31071.35,10.344041451716732,Other,2.0,20.0,0,5.0
322330,Don't Starve Together,2025-02,feb,1,1,1,0,27036.93,10.204958988208299,Other,2.0,20.0,0,5.0
322330,Don't Starve Together,2025-03,feb,1,1,1,1,31717.94,10.364637730386413,Other,2.0,20.0,0,5.0
322330,Don't Starve Together,2025-04,feb,1,1,1,2,27537.41,10.223300722834718,Other,2.0,20.0,0,5.0
322330,Don't Starve Together,2025-05,feb,1,1,1,3,24930.84,10.123860870294125,Other,2.0,20.0,0,5.0
1184370,Pathfinder: Wrath of the Righteous - Enhanced Edition,2024-11,feb,1,0,0,-3,2647.86,7.881507045568592,Other,2.0,20.0,0,5.0
1184370,Pathfinder: Wrath of the Righteous - Enhanced Edition,2024-12,feb,1,0,0,-2,2780.58,7.930414818017351,Other,2.0,20.0,0,5.0
1184370,Pathfinder: Wrath of the Righteous - Enhanced Edition,2025-01,feb,1,0,0,-1,2527.12,7.834835593399616,Other,2.0,20.0,0,5.0
1184370,Pathfinder: Wrath of the Righteous - Enhanced Edition,2025-02,feb,1,1,1,0,2364.19,7.768190747546735,Other,2.0,20.0,0,5.0
1184370,Pathfinder: Wrath of the Righteous - Enhanced Edition,2025-03,feb,1,1,1,1,3289.93,8.098621566937323,Other,2.0,20.0,0,5.0
1184370,Pathfinder: Wrath of the Righteous - Enhanced Edition,2025-04,feb,1,1,1,2,2815.79,7.942998140633528,Other,2.0,20.0,0,5.0
1184370,Pathfinder: Wrath of the Righteous - Enhanced Edition,2025-05,feb,1,1,1,3,2360.98,7.766832066062764,Other,2.0,20.0,0,5.0
1139980,Travellers Rest,2024-11,feb,1,0,0,-3,816.3,6.70478193445731,Other,2.0,20.0,0,5.0
1139980,Travellers Rest,2024-12,feb,1,0,0,-2,876.31,6.775719909613719,Other,2.0,20.0,0,5.0
1139980,Travellers Rest,2025-01,feb,1,0,0,-1,831.92,6.723736282351977,Other,2.0,20.0,0,5.0
1139980,Travellers Rest,2025-02,feb,1,1,1,0,730.45,6.593660782578523,Other,2.0,20.0,0,5.0
1139980,Travellers Rest,2025-03,feb,1,1,1,1,2266.38,7.725939123909774,Other,2.0,20.0,0,5.0
1139980,Travellers Rest,2025-04,feb,1,1,1,2,889.49,6.7906482647717565,Other,2.0,20.0,0,5.0
1139980,Travellers Rest,2025-05,feb,1,1,1,3,817.08,6.705737009282876,Other,2.0,20.0,0,5.0
1054490,Wingspan,2024-11,feb,1,0,0,-3,578.89,6.361112476795148,Other,2.0,20.0,0,5.0
1054490,Wingspan,2024-12,feb,1,0,0,-2,578.4,6.360265670844555,Other,2.0,20.0,0,5.0
1054490,Wingspan,2025-01,feb,1,0,0,-1,697.17,6.5470292834601835,Other,2.0,20.0,0,5.0
1054490,Wingspan,2025-02,feb,1,1,1,0,637.1,6.456926629122442,Other,2.0,20.0,0,5.0
1054490,Wingspan,2025-03,feb,1,1,1,1,602.05,6.400340498338228,Other,2.0,20.0,0,5.0
1054490,Wingspan,2025-04,feb,1,1,1,2,568.8,6.343528878489031,Other,2.0,20.0,0,5.0
1054490,Wingspan,2025-05,feb,1,1,1,3,562.87,6.333048695615371,Other,2.0,20.0,0,5.0
1259420,Days Gone,2024-11,feb,1,0,0,-3,2754.62,7.921034781039172,Other,2.0,20.0,0,5.0
1259420,Days Gone,2024-12,feb,1,0,0,-2,3793.85,8.24113661360374,Other,2.0,20.0,0,5.0
1259420,Days Gone,2025-01,feb,1,0,0,-1,3237.43,8.08253508415242,Other,2.0,20.0,0,5.0
1259420,Days Gone,2025-02,feb,1,1,1,0,2286.54,7.734795036931534,Other,2.0,20.0,0,5.0
1259420,Days Gone,2025-03,feb,1,1,1,1,1836.16,7.515431713352945,Other,2.0,20.0,0,5.0
1259420,Days Gone,2025-04,feb,1,1,1,2,1889.86,7.544258031235994,Other,2.0,20.0,0,5.0
1259420,Days Gone,2025-05,feb,1,1,1,3,2264.36,7.725047437282935,Other,2.0,20.0,0,5.0
2325290,Sky: Children of the Light,2024-11,feb,1,0,0,-3,3087.57,8.035139652744002,Other,2.0,20.0,0,5.0
2325290,Sky: Children of the Light,2024-12,feb,1,0,0,-2,2863.57,7.959824377143644,Other,2.0,20.0,0,5.0
2325290,Sky: Children of the Light,2025-01,feb,1,0,0,-1,3170.64,8.061688739238209,Other,2.0,20.0,0,5.0
2325290,Sky: Children of the Light,2025-02,feb,1,1,1,0,3391.27,8.12895976148616,Other,2.0,20.0,0,5.0
2325290,Sky: Children of the Light,2025-03,feb,1,1,1,1,3289.64,8.098533415279938,Other,2.0,20.0,0,5.0
2325290,Sky: Children of the Light,2025-04,feb,1,1,1,2,3192.59,8.068587778582161,Other,2.0,20.0,0,5.0
2325290,Sky: Children of the Light,2025-05,feb,1,1,1,3,3248.46,8.085936316869372,Other,2.0,20.0,0,5.0
2201940,Ship Graveyard Simulator 2,2024-11,feb,1,0,0,-3,543.61,6.29823207798711,Other,2.0,20.0,0,5.0
2201940,Ship Graveyard Simulator 2,2024-12,feb,1,0,0,-2,750.19,6.620326507780219,Other,2.0,20.0,0,5.0
2201940,Ship Graveyard Simulator 2,2025-01,feb,1,0,0,-1,679.73,6.521695660497896,Other,2.0,20.0,0,5.0
2201940,Ship Graveyard Simulator 2,2025-02,feb,1,1,1,0,470.03,6.152796522454304,Other,2.0,20.0,0,5.0
2201940,Ship Graveyard Simulator 2,2025-03,feb,1,1,1,1,506.19,6.226912092878356,Other,2.0,20.0,0,5.0
2201940,Ship Graveyard Simulator 2,2025-04,feb,1,1,1,2,1093.04,6.996718084030232,Other,2.0,20.0,0,5.0
2201940,Ship Graveyard Simulator 2,2025-05,feb,1,1,1,3,493.97,6.202474786598918,Other,2.0,20.0,0,5.0
2967990,Train Sim World® 5,2024-11,feb,1,0,0,-3,630.85,6.44706811637375,Other,2.0,20.0,0,5.0
2967990,Train Sim World® 5,2024-12,feb,1,0,0,-2,806.8,6.693075806080056,Other,2.0,20.0,0,5.0
2967990,Train Sim World® 5,2025-01,feb,1,0,0,-1,690.49,6.537401490485245,Other,2.0,20.0,0,5.0
2967990,Train Sim World® 5,2025-02,feb,1,1,1,0,872.92,6.771843913610799,Other,2.0,20.0,0,5.0
2967990,Train Sim World® 5,2025-03,feb,1,1,1,1,923.64,6.828322385334227,Other,2.0,20.0,0,5.0
2967990,Train Sim World® 5,2025-04,feb,1,1,1,2,734.24,6.5988359506465235,Other,2.0,20.0,0,5.0
2967990,Train Sim World® 5,2025-05,feb,1,1,1,3,845.35,6.7397507427829755,Other,2.0,20.0,0,5.0
2967990,Train Sim World® 5,2024-11,feb,1,0,0,-3,630.85,6.44706811637375,Other,2.0,20.0,0,5.0
2967990,Train Sim World® 5,2024-12,feb,1,0,0,-2,806.8,6.693075806080056,Other,2.0,20.0,0,5.0
2967990,Train Sim World® 5,2025-01,feb,1,0,0,-1,690.49,6.537401490485245,Other,2.0,20.0,0,5.0
2967990,Train Sim World® 5,2025-02,feb,1,1,1,0,872.92,6.771843913610799,Other,2.0,20.0,0,5.0
2967990,Train Sim World® 5,2025-03,feb,1,1,1,1,923.64,6.828322385334227,Other,2.0,20.0,0,5.0
2967990,Train Sim World® 5,2025-04,feb,1,1,1,2,734.24,6.5988359506465235,Other,2.0,20.0,0,5.0
2967990,Train Sim World® 5,2025-05,feb,1,1,1,3,845.35,6.7397507427829755,Other,2.0,20.0,0,5.0
1062520,Dinkum,2024-11,feb,1,0,0,-3,830.36,6.721859341694594,Other,2.0,20.0,0,5.0
1062520,Dinkum,2024-12,feb,1,0,0,-2,685.64,6.530352708638857,Other,2.0,20.0,0,5.0
1062520,Dinkum,2025-01,feb,1,0,0,-1,686.02,6.5309067818198505,Other,2.0,20.0,0,5.0
1062520,Dinkum,2025-02,feb,1,1,1,0,1075.69,6.980717595122554,Other,2.0,20.0,0,5.0
1062520,Dinkum,2025-03,feb,1,1,1,1,1503.56,7.3155909085162625,Other,2.0,20.0,0,5.0
1062520,Dinkum,2025-04,feb,1,1,1,2,4440.6,8.398544781431475,Other,2.0,20.0,0,5.0
1062520,Dinkum,2025-05,feb,1,1,1,3,4644.7,8.443482063586313,Other,2.0,20.0,0,5.0
960170,DJMAX RESPECT V,2024-11,feb,1,0,0,-3,660.97,6.493708453042598,Other,2.0,20.0,0,5.0
960170,DJMAX RESPECT V,2024-12,feb,1,0,0,-2,925.93,6.830798637836328,Other,2.0,20.0,0,5.0
960170,DJMAX RESPECT V,2025-01,feb,1,0,0,-1,726.19,6.587811688574215,Other,2.0,20.0,0,5.0
960170,DJMAX RESPECT V,2025-02,feb,1,1,1,0,617.18,6.425160715556972,Other,2.0,20.0,0,5.0
960170,DJMAX RESPECT V,2025-03,feb,1,1,1,1,686.41,6.531475116832198,Other,2.0,20.0,0,5.0
960170,DJMAX RESPECT V,2025-04,feb,1,1,1,2,816.14,6.704585908875345,Other,2.0,20.0,0,5.0
960170,DJMAX RESPECT V,2025-05,feb,1,1,1,3,705.8,6.55933191124117,Other,2.0,20.0,0,5.0
1149620,Gas Station Simulator,2024-11,feb,1,0,0,-3,358.27,5.8812868920865125,Other,2.0,20.0,0,5.0
1149620,Gas Station Simulator,2024-12,feb,1,0,0,-2,357.19,5.878267853089746,Other,2.0,20.0,0,5.0
1149620,Gas Station Simulator,2025-01,feb,1,0,0,-1,383.37,5.949000580288722,Other,2.0,20.0,0,5.0
1149620,Gas Station Simulator,2025-02,feb,1,1,1,0,305.23,5.72106559077876,Other,2.0,20.0,0,5.0
1149620,Gas Station Simulator,2025-03,feb,1,1,1,1,440.26,6.087365461485185,Other,2.0,20.0,0,5.0
1149620,Gas Station Simulator,2025-04,feb,1,1,1,2,328.62,5.794902068023685,Other,2.0,20.0,0,5.0
1149620,Gas Station Simulator,2025-05,feb,1,1,1,3,333.23,5.808832942254095,Other,2.0,20.0,0,5.0
2325290,Sky: Children of the Light,2024-11,feb,1,0,0,-3,3087.57,8.035139652744002,Other,2.0,20.0,0,5.0
2325290,Sky: Children of the Light,2024-12,feb,1,0,0,-2,2863.57,7.959824377143644,Other,2.0,20.0,0,5.0
2325290,Sky: Children of the Light,2025-01,feb,1,0,0,-1,3170.64,8.061688739238209,Other,2.0,20.0,0,5.0
2325290,Sky: Children of the Light,2025-02,feb,1,1,1,0,3391.27,8.12895976148616,Other,2.0,20.0,0,5.0
2325290,Sky: Children of the Light,2025-03,feb,1,1,1,1,3289.64,8.098533415279938,Other,2.0,20.0,0,5.0
2325290,Sky: Children of the Light,2025-04,feb,1,1,1,2,3192.59,8.068587778582161,Other,2.0,20.0,0,5.0
2325290,Sky: Children of the Light,2025-05,feb,1,1,1,3,3248.46,8.085936316869372,Other,2.0,20.0,0,5.0
1128920,EVERSPACE™ 2,2024-11,feb,1,0,0,-3,361.06,5.889044149508512,Other,2.0,20.0,0,5.0
1128920,EVERSPACE™ 2,2024-12,feb,1,0,0,-2,311.83,5.742458167518031,Other,2.0,20.0,0,5.0
1128920,EVERSPACE™ 2,2025-01,feb,1,0,0,-1,303.01,5.713765808265102,Other,2.0,20.0,0,5.0
1128920,EVERSPACE™ 2,2025-02,feb,1,1,1,0,265.44,5.581388826442135,Other,2.0,20.0,0,5.0
1128920,EVERSPACE™ 2,2025-03,feb,1,1,1,1,257.24,5.550009501266662,Other,2.0,20.0,0,5.0
1128920,EVERSPACE™ 2,2025-04,feb,1,1,1,2,245.96,5.505168921085269,Other,2.0,20.0,0,5.0
1128920,EVERSPACE™ 2,2025-05,feb,1,1,1,3,590.13,6.380342851611747,Other,2.0,20.0,0,5.0
451340,Gold Mining Simulator,2024-11,feb,1,0,0,-3,273.87,5.612653541245099,Other,2.0,20.0,0,5.0
451340,Gold Mining Simulator,2024-12,feb,1,0,0,-2,562.94,6.333173050524441,Other,2.0,20.0,0,5.0
451340,Gold Mining Simulator,2025-01,feb,1,0,0,-1,418.48,6.036629099062355,Other,2.0,20.0,0,5.0
451340,Gold Mining Simulator,2025-02,feb,1,1,1,0,503.17,6.220928085167009,Other,2.0,20.0,0,5.0
451340,Gold Mining Simulator,2025-03,feb,1,1,1,1,330.6,5.8009091853869235,Other,2.0,20.0,0,5.0
451340,Gold Mining Simulator,2025-04,feb,1,1,1,2,299.17,5.701011973693533,Other,2.0,20.0,0,5.0
451340,Gold Mining Simulator,2025-05,feb,1,1,1,3,218.24,5.3855953746550975,Other,2.0,20.0,0,5.0
1151340,Fallout 76,2024-12,mar,1,0,0,-3,9717.28,9.18166102290231,Other,2.0,20.0,0,5.0
1151340,Fallout 76,2025-01,mar,1,0,0,-2,7890.91,8.973466743057438,Other,2.0,20.0,0,5.0
1151340,Fallout 76,2025-02,mar,1,0,0,-1,7701.51,8.949171692512024,Other,2.0,20.0,0,5.0
1151340,Fallout 76,2025-03,mar,1,1,1,0,8053.92,8.993914208409498,Other,2.0,20.0,0,5.0
1151340,Fallout 76,2025-04,mar,1,1,1,1,8026.09,8.990452764319933,Other,2.0,20.0,0,5.0
1151340,Fallout 76,2025-05,mar,1,1,1,2,6279.71,8.745079080052042,Other,2.0,20.0,0,5.0
1151340,Fallout 76,2025-06,mar,1,1,1,3,7466.73,8.918212431281905,Other,2.0,20.0,0,5.0
1361210,"Warhammer 40,000: Darktide",2024-12,mar,1,0,0,-3,9938.88,9.204209617245859,Other,2.0,20.0,0,5.0
1361210,"Warhammer 40,000: Darktide",2025-01,mar,1,0,0,-2,6746.65,8.81680136437451,Other,2.0,20.0,0,5.0
1361210,"Warhammer 40,000: Darktide",2025-02,mar,1,0,0,-1,5258.28,8.567559256059122,Other,2.0,20.0,0,5.0
1361210,"Warhammer 40,000: Darktide",2025-03,mar,1,1,1,0,4952.11,8.507569027364895,Other,2.0,20.0,0,5.0
1361210,"Warhammer 40,000: Darktide",2025-04,mar,1,1,1,1,5589.31,8.628611123825625,Other,2.0,20.0,0,5.0
1361210,"Warhammer 40,000: Darktide",2025-05,mar,1,1,1,2,5728.1,8.65313916658865,Other,2.0,20.0,0,5.0
1361210,"Warhammer 40,000: Darktide",2025-06,mar,1,1,1,3,11593.25,9.358178311175227,Other,2.0,20.0,0,5.0
306130,The Elder Scrolls® Online,2024-12,mar,1,0,0,-3,10301.38,9.240033145825654,Other,2.0,20.0,0,5.0
306130,The Elder Scrolls® Online,2025-01,mar,1,0,0,-2,11098.14,9.314532805691844,Other,2.0,20.0,0,5.0
306130,The Elder Scrolls® Online,2025-02,mar,1,0,0,-1,11236.47,9.326920017181973,Other,2.0,20.0,0,5.0
306130,The Elder Scrolls® Online,2025-03,mar,1,1,1,0,10922.9,9.298616781807587,Other,2.0,20.0,0,5.0
306130,The Elder Scrolls® Online,2025-04,mar,1,1,1,1,12463.12,9.430529162280385,Other,2.0,20.0,0,5.0
306130,The Elder Scrolls® Online,2025-05,mar,1,1,1,2,13203.16,9.4882114738637,Other,2.0,20.0,0,5.0
306130,The Elder Scrolls® Online,2025-06,mar,1,1,1,3,13157.71,9.484763177579381,Other,2.0,20.0,0,5.0
251570,7 Days to Die,2024-12,mar,1,0,0,-3,24204.84,10.094307892147445,Other,2.0,20.0,0,5.0
251570,7 Days to Die,2025-01,mar,1,0,0,-2,26806.29,10.1963918404534,Other,2.0,20.0,0,5.0
251570,7 Days to Die,2025-02,mar,1,0,0,-1,25106.59,10.130885640460505,Other,2.0,20.0,0,5.0
251570,7 Days to Die,2025-03,mar,1,1,1,0,25007.08,10.126914263756788,Other,2.0,20.0,0,5.0
251570,7 Days to Die,2025-04,mar,1,1,1,1,23657.32,10.071427859772655,Other,2.0,20.0,0,5.0
251570,7 Days to Die,2025-05,mar,1,1,1,2,23818.1,10.07820107482446,Other,2.0,20.0,0,5.0
251570,7 Days to Die,2025-06,mar,1,1,1,3,30428.61,10.323138563241079,Other,2.0,20.0,0,5.0
518790,theHunter: Call of the Wild™,2024-12,mar,1,0,0,-3,10131.02,9.223357283190511,Other,2.0,20.0,0,5.0
518790,theHunter: Call of the Wild™,2025-01,mar,1,0,0,-2,5734.08,8.654182598212051,Other,2.0,20.0,0,5.0
518790,theHunter: Call of the Wild™,2025-02,mar,1,0,0,-1,4276.82,8.360965021767285,Other,2.0,20.0,0,5.0
518790,theHunter: Call of the Wild™,2025-03,mar,1,1,1,0,3656.46,8.204250745228224,Other,2.0,20.0,0,5.0
518790,theHunter: Call of the Wild™,2025-04,mar,1,1,1,1,3131.15,8.04915562819546,Other,2.0,20.0,0,5.0
518790,theHunter: Call of the Wild™,2025-05,mar,1,1,1,2,2706.85,7.903540876183919,Other,2.0,20.0,0,5.0
518790,theHunter: Call of the Wild™,2025-06,mar,1,1,1,3,4773.22,8.470776408547897,Other,2.0,20.0,0,5.0
526870,Satisfactory,2024-12,mar,1,0,0,-3,24058.56,10.0882461373635,Other,2.0,20.0,0,5.0
526870,Satisfactory,2025-01,mar,1,0,0,-2,19357.3,9.870824888294809,Other,2.0,20.0,0,5.0
526870,Satisfactory,2025-02,mar,1,0,0,-1,14485.87,9.580928970533034,Other,2.0,20.0,0,5.0
526870,Satisfactory,2025-03,mar,1,1,1,0,16023.33,9.68180106418992,Other,2.0,20.0,0,5.0
526870,Satisfactory,2025-04,mar,1,1,1,1,17456.44,9.767463913987994,Other,2.0,20.0,0,5.0
526870,Satisfactory,2025-05,mar,1,1,1,2,13920.97,9.541151615368646,Other,2.0,20.0,0,5.0
526870,Satisfactory,2025-06,mar,1,1,1,3,19497.07,9.878019476851957,Other,2.0,20.0,0,5.0
346110,ARK: Survival Evolved,2024-12,mar,1,0,0,-3,24609.4,10.110883762754698,Other,2.0,20.0,0,5.0
346110,ARK: Survival Evolved,2025-01,mar,1,0,0,-2,26843.72,10.197787180587461,Other,2.0,20.0,0,5.0
346110,ARK: Survival Evolved,2025-02,mar,1,0,0,-1,25759.44,10.156556440851556,Other,2.0,20.0,0,5.0
346110,ARK: Survival Evolved,2025-03,mar,1,1,1,0,24287.83,10.097730680829622,Other,2.0,20.0,0,5.0
346110,ARK: Survival Evolved,2025-04,mar,1,1,1,1,22275.51,10.011243147699805,Other,2.0,20.0,0,5.0
346110,ARK: Survival Evolved,2025-05,mar,1,1,1,2,23453.42,10.062771605457968,Other,2.0,20.0,0,5.0
346110,ARK: Survival Evolved,2025-06,mar,1,1,1,3,32486.34,10.388574972271485,Other,2.0,20.0,0,5.0
413150,Stardew Valley,2024-12,mar,1,0,0,-3,66412.98,11.103647798288133,Other,2.0,20.0,0,5.0
413150,Stardew Valley,2025-01,mar,1,0,0,-2,72807.99,11.195580980909638,Other,2.0,20.0,0,5.0
413150,Stardew Valley,2025-02,mar,1,0,0,-1,59383.38,10.991769668220181,Other,2.0,20.0,0,5.0
413150,Stardew Valley,2025-03,mar,1,1,1,0,61862.88,11.032675601896358,Other,2.0,20.0,0,5.0
413150,Stardew Valley,2025-04,mar,1,1,1,1,58163.07,10.971005896233832,Other,2.0,20.0,0,5.0
413150,Stardew Valley,2025-05,mar,1,1,1,2,54791.41,10.911288708824438,Other,2.0,20.0,0,5.0
413150,Stardew Valley,2025-06,mar,1,1,1,3,58664.26,10.979585961783451,Other,2.0,20.0,0,5.0
261550,Mount & Blade II: Bannerlord,2024-12,mar,1,0,0,-3,18569.43,9.82927195920684,Other,2.0,20.0,0,5.0
261550,Mount & Blade II: Bannerlord,2025-01,mar,1,0,0,-2,22767.61,10.03309419087864,Other,2.0,20.0,0,5.0
261550,Mount & Blade II: Bannerlord,2025-02,mar,1,0,0,-1,17719.88,9.782442452127112,Other,2.0,20.0,0,5.0
261550,Mount & Blade II: Bannerlord,2025-03,mar,1,1,1,0,17238.63,9.754908074702758,Other,2.0,20.0,0,5.0
261550,Mount & Blade II: Bannerlord,2025-04,mar,1,1,1,1,17384.65,9.763342911941347,Other,2.0,20.0,0,5.0
261550,Mount & Blade II: Bannerlord,2025-05,mar,1,1,1,2,15561.02,9.652524348283126,Other,2.0,20.0,0,5.0
261550,Mount & Blade II: Bannerlord,2025-06,mar,1,1,1,3,20413.36,9.923944867438385,Other,2.0,20.0,0,5.0
105600,Terraria,2024-12,mar,1,0,0,-3,28796.58,10.268011909072698,Other,2.0,20.0,0,5.0
105600,Terraria,2025-01,mar,1,0,0,-2,29151.93,10.280276398849338,Other,2.0,20.0,0,5.0
105600,Terraria,2025-02,mar,1,0,0,-1,26793.89,10.195929155431774,Other,2.0,20.0,0,5.0
105600,Terraria,2025-03,mar,1,1,1,0,28333.97,10.25181671714012,Other,2.0,20.0,0,5.0
105600,Terraria,2025-04,mar,1,1,1,1,26045.66,10.167606430614603,Other,2.0,20.0,0,5.0
105600,Terraria,2025-05,mar,1,1,1,2,25858.26,10.160385364679255,Other,2.0,20.0,0,5.0
105600,Terraria,2025-06,mar,1,1,1,3,26254.06,10.17557592272678,Other,2.0,20.0,0,5.0
1874880,Arma Reforger,2024-12,mar,1,0,0,-3,3595.5,8.18743834254255,Other,2.0,20.0,0,5.0
1874880,Arma Reforger,2025-01,mar,1,0,0,-2,9327.59,9.140731953936461,Other,2.0,20.0,0,5.0
1874880,Arma Reforger,2025-02,mar,1,0,0,-1,9953.78,9.205707657506583,Other,2.0,20.0,0,5.0
1874880,Arma Reforger,2025-03,mar,1,1,1,0,10319.08,9.241749887774876,Other,2.0,20.0,0,5.0
1874880,Arma Reforger,2025-04,mar,1,1,1,1,10031.59,9.213494392819031,Other,2.0,20.0,0,5.0
1874880,Arma Reforger,2025-05,mar,1,1,1,2,10173.32,9.227523886113435,Other,2.0,20.0,0,5.0
1874880,Arma Reforger,2025-06,mar,1,1,1,3,9510.79,9.160182222541433,Other,2.0,20.0,0,5.0
945360,Among Us,2024-12,mar,1,0,0,-3,4849.05,8.486538088456603,Other,2.0,20.0,0,5.0
945360,Among Us,2025-01,mar,1,0,0,-2,5556.31,8.62268949785408,Other,2.0,20.0,0,5.0
945360,Among Us,2025-02,mar,1,0,0,-1,4862.45,8.489297705097483,Other,2.0,20.0,0,5.0
945360,Among Us,2025-03,mar,1,1,1,0,4408.91,8.391382772357577,Other,2.0,20.0,0,5.0
945360,Among Us,2025-04,mar,1,1,1,1,3391.75,8.129101291365417,Other,2.0,20.0,0,5.0
945360,Among Us,2025-05,mar,1,1,1,2,3334.13,8.111967054752123,Other,2.0,20.0,0,5.0
945360,Among Us,2025-06,mar,1,1,1,3,4453.76,8.401503962216431,Other,2.0,20.0,0,5.0
1282100,REMNANT II®,2024-12,mar,1,0,0,-3,2499.45,7.823825986652742,Other,2.0,20.0,0,5.0
1282100,REMNANT II®,2025-01,mar,1,0,0,-2,2018.02,7.609872111667218,Other,2.0,20.0,0,5.0
1282100,REMNANT II®,2025-02,mar,1,0,0,-1,1818.94,7.50600919281742,Other,2.0,20.0,0,5.0
1282100,REMNANT II®,2025-03,mar,1,1,1,0,1569.18,7.358308468906227,Other,2.0,20.0,0,5.0
1282100,REMNANT II®,2025-04,mar,1,1,1,1,1320.88,7.186053460123577,Other,2.0,20.0,0,5.0
1282100,REMNANT II®,2025-05,mar,1,1,1,2,1715.36,7.4473782501079295,Other,2.0,20.0,0,5.0
1282100,REMNANT II®,2025-06,mar,1,1,1,3,1814.35,7.503482555834499,Other,2.0,20.0,0,5.0
1304930,The Outlast Trials,2024-12,mar,1,0,0,-3,3343.95,8.114908021939698,Other,2.0,20.0,0,5.0
1304930,The Outlast Trials,2025-01,mar,1,0,0,-2,2170.23,7.682588431701289,Other,2.0,20.0,0,5.0
1304930,The Outlast Trials,2025-02,mar,1,0,0,-1,2447.21,7.802703879131058,Other,2.0,20.0,0,5.0
1304930,The Outlast Trials,2025-03,mar,1,1,1,0,2406.56,7.785953620906903,Other,2.0,20.0,0,5.0
1304930,The Outlast Trials,2025-04,mar,1,1,1,1,3058.16,8.025568706899211,Other,2.0,20.0,0,5.0
1304930,The Outlast Trials,2025-05,mar,1,1,1,2,2403.87,7.784835217653808,Other,2.0,20.0,0,5.0
1304930,The Outlast Trials,2025-06,mar,1,1,1,3,3017.95,8.012333071927467,Other,2.0,20.0,0,5.0
632360,Risk of Rain 2,2024-12,mar,1,0,0,-3,6865.68,8.834290366464876,Other,2.0,20.0,0,5.0
632360,Risk of Rain 2,2025-01,mar,1,0,0,-2,6232.19,8.737483074890719,Other,2.0,20.0,0,5.0
632360,Risk of Rain 2,2025-02,mar,1,0,0,-1,7511.19,8.92414918759826,Other,2.0,20.0,0,5.0
632360,Risk of Rain 2,2025-03,mar,1,1,1,0,6343.45,8.755178063465566,Other,2.0,20.0,0,5.0
632360,Risk of Rain 2,2025-04,mar,1,1,1,1,6431.99,8.769039256131226,Other,2.0,20.0,0,5.0
632360,Risk of Rain 2,2025-05,mar,1,1,1,2,10521.08,9.261136142619318,Other,2.0,20.0,0,5.0
632360,Risk of Rain 2,2025-06,mar,1,1,1,3,7151.16,8.87502986029117,Other,2.0,20.0,0,5.0
444200,World of Tanks Blitz,2024-12,mar,1,0,0,-3,9073.24,9.113084700930436,Other,2.0,20.0,0,5.0
444200,World of Tanks Blitz,2025-01,mar,1,0,0,-2,8624.39,9.062349514760774,Other,2.0,20.0,0,5.0
444200,World of Tanks Blitz,2025-02,mar,1,0,0,-1,7023.18,8.856971385903194,Other,2.0,20.0,0,5.0
444200,World of Tanks Blitz,2025-03,mar,1,1,1,0,6062.79,8.709925369153225,Other,2.0,20.0,0,5.0
444200,World of Tanks Blitz,2025-04,mar,1,1,1,1,5583.27,8.627529905237186,Other,2.0,20.0,0,5.0
444200,World of Tanks Blitz,2025-05,mar,1,1,1,2,5519.06,8.615962834915106,Other,2.0,20.0,0,5.0
444200,World of Tanks Blitz,2025-06,mar,1,1,1,3,5712.41,8.650396280154936,Other,2.0,20.0,0,5.0
1335830,Len's Island,2024-12,mar,1,0,0,-3,83.31,4.422568589986818,Other,2.0,20.0,0,5.0
1335830,Len's Island,2025-01,mar,1,0,0,-2,78.02,4.35696520407851,Other,2.0,20.0,0,5.0
1335830,Len's Island,2025-02,mar,1,0,0,-1,47.98,3.8707842574115485,Other,2.0,20.0,0,5.0
1335830,Len's Island,2025-03,mar,1,1,1,0,49.96,3.911222685257377,Other,2.0,20.0,0,5.0
1335830,Len's Island,2025-04,mar,1,1,1,1,85.3,4.446174454497633,Other,2.0,20.0,0,5.0
1335830,Len's Island,2025-05,mar,1,1,1,2,47.91,3.8693242508950307,Other,2.0,20.0,0,5.0
1335830,Len's Island,2025-06,mar,1,1,1,3,1765.38,7.476121243644652,Other,2.0,20.0,0,5.0
2933130,The Lord of the Rings: Return to Moria™,2024-12,mar,1,0,0,-3,2139.33,7.668247974882685,Other,2.0,20.0,0,5.0
2933130,The Lord of the Rings: Return to Moria™,2025-01,mar,1,0,0,-2,1949.06,7.57510248405167,Other,2.0,20.0,0,5.0
2933130,The Lord of the Rings: Return to Moria™,2025-02,mar,1,0,0,-1,1499.34,7.312780290261897,Other,2.0,20.0,0,5.0
2933130,The Lord of the Rings: Return to Moria™,2025-03,mar,1,1,1,0,1612.85,7.385758079380625,Other,2.0,20.0,0,5.0
2933130,The Lord of the Rings: Return to Moria™,2025-04,mar,1,1,1,1,1059.09,6.965165327826009,Other,2.0,20.0,0,5.0
2933130,The Lord of the Rings: Return to Moria™,2025-05,mar,1,1,1,2,585.68,6.372773565338387,Other,2.0,20.0,0,5.0
2933130,The Lord of the Rings: Return to Moria™,2025-06,mar,1,1,1,3,578.6,6.360611392542035,Other,2.0,20.0,0,5.0
255710,Cities: Skylines,2024-12,mar,1,0,0,-3,15277.69,9.634148873281493,Other,2.0,20.0,0,5.0
255710,Cities: Skylines,2025-01,mar,1,0,0,-2,10582.6,9.26696642191339,Other,2.0,20.0,0,5.0
255710,Cities: Skylines,2025-02,mar,1,0,0,-1,8908.55,9.094766768725437,Other,2.0,20.0,0,5.0
255710,Cities: Skylines,2025-03,mar,1,1,1,0,12076.01,9.398976118915158,Other,2.0,20.0,0,5.0
255710,Cities: Skylines,2025-04,mar,1,1,1,1,10339.38,9.243715184949387,Other,2.0,20.0,0,5.0
255710,Cities: Skylines,2025-05,mar,1,1,1,2,9256.31,9.133060760101785,Other,2.0,20.0,0,5.0
255710,Cities: Skylines,2025-06,mar,1,1,1,3,8872.6,9.090723155237638,Other,2.0,20.0,0,5.0
1066890,Automobilista 2,2024-12,mar,1,0,0,-3,1325.66,7.1896657276106675,Other,2.0,20.0,0,5.0
1066890,Automobilista 2,2025-01,mar,1,0,0,-2,1018.9,6.926478892980239,Other,2.0,20.0,0,5.0
1066890,Automobilista 2,2025-02,mar,1,0,0,-1,734.54,6.599244452946626,Other,2.0,20.0,0,5.0
1066890,Automobilista 2,2025-03,mar,1,1,1,0,743.74,6.611691511391299,Other,2.0,20.0,0,5.0
1066890,Automobilista 2,2025-04,mar,1,1,1,1,675.76,6.5158379834192415,Other,2.0,20.0,0,5.0
1066890,Automobilista 2,2025-05,mar,1,1,1,2,636.87,6.4565655531120205,Other,2.0,20.0,0,5.0
1066890,Automobilista 2,2025-06,mar,1,1,1,3,681.68,6.5245603395197005,Other,2.0,20.0,0,5.0
1716740,Starfield,2024-12,mar,1,0,0,-3,4312.99,8.369386678073395,Other,2.0,20.0,0,5.0
1716740,Starfield,2025-01,mar,1,0,0,-2,4233.22,8.350718211766663,Other,2.0,20.0,0,5.0
1716740,Starfield,2025-02,mar,1,0,0,-1,3365.06,8.121201072529077,Other,2.0,20.0,0,5.0
1716740,Starfield,2025-03,mar,1,1,1,0,3193.52,8.068879035703185,Other,2.0,20.0,0,5.0
1716740,Starfield,2025-04,mar,1,1,1,1,2967.57,7.995498715085138,Other,2.0,20.0,0,5.0
1716740,Starfield,2025-05,mar,1,1,1,2,3204.47,8.07230198906554,Other,2.0,20.0,0,5.0
1716740,Starfield,2025-06,mar,1,1,1,3,3539.75,8.17181138216508,Other,2.0,20.0,0,5.0
588650,Dead Cells,2024-12,mar,1,0,0,-3,3186.98,8.06682903890345,Other,2.0,20.0,0,5.0
588650,Dead Cells,2025-01,mar,1,0,0,-2,2856.03,7.957187827605987,Other,2.0,20.0,0,5.0
588650,Dead Cells,2025-02,mar,1,0,0,-1,2552.3,7.844750192414584,Other,2.0,20.0,0,5.0
588650,Dead Cells,2025-03,mar,1,1,1,0,2776.49,7.928942819018414,Other,2.0,20.0,0,5.0
588650,Dead Cells,2025-04,mar,1,1,1,1,2281.8,7.732719884162269,Other,2.0,20.0,0,5.0
588650,Dead Cells,2025-05,mar,1,1,1,2,2681.83,7.894254676299492,Other,2.0,20.0,0,5.0
588650,Dead Cells,2025-06,mar,1,1,1,3,2328.18,7.752842125449952,Other,2.0,20.0,0,5.0
2141730,Backrooms: Escape Together,2024-12,mar,1,0,0,-3,1601.39,7.378627281083006,Other,2.0,20.0,0,5.0
2141730,Backrooms: Escape Together,2025-01,mar,1,0,0,-2,1431.5,7.266478124538169,Other,2.0,20.0,0,5.0
2141730,Backrooms: Escape Together,2025-02,mar,1,0,0,-1,922.24,6.826805493371102,Other,2.0,20.0,0,5.0
2141730,Backrooms: Escape Together,2025-03,mar,1,1,1,0,1469.1,7.292405247376381,Other,2.0,20.0,0,5.0
2141730,Backrooms: Escape Together,2025-04,mar,1,1,1,1,810.78,6.69799674727805,Other,2.0,20.0,0,5.0
2141730,Backrooms: Escape Together,2025-05,mar,1,1,1,2,895.02,6.796846064393894,Other,2.0,20.0,0,5.0
2141730,Backrooms: Escape Together,2025-06,mar,1,1,1,3,699.48,6.550337201845458,Other,2.0,20.0,0,5.0
686810,Hell Let Loose,2024-12,mar,1,0,0,-3,4569.17,8.427086848137458,Other,2.0,20.0,0,5.0
686810,Hell Let Loose,2025-01,mar,1,0,0,-2,9192.83,9.126179111361648,Other,2.0,20.0,0,5.0
686810,Hell Let Loose,2025-02,mar,1,0,0,-1,6952.86,8.84690836470286,Other,2.0,20.0,0,5.0
686810,Hell Let Loose,2025-03,mar,1,1,1,0,5618.09,8.633747027471792,Other,2.0,20.0,0,5.0
686810,Hell Let Loose,2025-04,mar,1,1,1,1,4810.22,8.478498100099593,Other,2.0,20.0,0,5.0
686810,Hell Let Loose,2025-05,mar,1,1,1,2,4170.33,8.335750448352352,Other,2.0,20.0,0,5.0
686810,Hell Let Loose,2025-06,mar,1,1,1,3,4137.19,8.327772092407042,Other,2.0,20.0,0,5.0
997010,Police Simulator: Patrol Officers,2024-12,mar,1,0,0,-3,323.54,5.779322753901548,Other,2.0,20.0,0,5.0
997010,Police Simulator: Patrol Officers,2025-01,mar,1,0,0,-2,287.46,5.661083720123085,Other,2.0,20.0,0,5.0
997010,Police Simulator: Patrol Officers,2025-02,mar,1,0,0,-1,211.61,5.35474495784668,Other,2.0,20.0,0,5.0
997010,Police Simulator: Patrol Officers,2025-03,mar,1,1,1,0,232.51,5.448933234855163,Other,2.0,20.0,0,5.0
997010,Police Simulator: Patrol Officers,2025-04,mar,1,1,1,1,219.53,5.391488897435831,Other,2.0,20.0,0,5.0
997010,Police Simulator: Patrol Officers,2025-05,mar,1,1,1,2,351.48,5.862152810627642,Other,2.0,20.0,0,5.0
997010,Police Simulator: Patrol Officers,2025-06,mar,1,1,1,3,270.52,5.600346032706739,Other,2.0,20.0,0,5.0
2225070,Trackmania,2024-12,mar,1,0,0,-3,868.3,6.7665372770665995,Other,2.0,20.0,0,5.0
2225070,Trackmania,2025-01,mar,1,0,0,-2,1358.01,7.21377567186178,Other,2.0,20.0,0,5.0
2225070,Trackmania,2025-02,mar,1,0,0,-1,1223.23,7.109250180147978,Other,2.0,20.0,0,5.0
2225070,Trackmania,2025-03,mar,1,1,1,0,1258.41,7.1376042983113495,Other,2.0,20.0,0,5.0
2225070,Trackmania,2025-04,mar,1,1,1,1,1821.66,7.507503452283499,Other,2.0,20.0,0,5.0
2225070,Trackmania,2025-05,mar,1,1,1,2,1638.86,7.401756157157743,Other,2.0,20.0,0,5.0
2225070,Trackmania,2025-06,mar,1,1,1,3,1522.11,7.327852809134613,Other,2.0,20.0,0,5.0
1594320,Captain of Industry,2024-12,mar,1,0,0,-3,800.46,6.68518656241877,Other,2.0,20.0,0,5.0
1594320,Captain of Industry,2025-01,mar,1,0,0,-2,888.53,6.789568411796776,Other,2.0,20.0,0,5.0
1594320,Captain of Industry,2025-02,mar,1,0,0,-1,882.91,6.783223270154415,Other,2.0,20.0,0,5.0
1594320,Captain of Industry,2025-03,mar,1,1,1,0,1056.86,6.963057526766792,Other,2.0,20.0,0,5.0
1594320,Captain of Industry,2025-04,mar,1,1,1,1,1174.54,7.068631860564591,Other,2.0,20.0,0,5.0
1594320,Captain of Industry,2025-05,mar,1,1,1,2,3926.53,8.275511363177948,Other,2.0,20.0,0,5.0
1594320,Captain of Industry,2025-06,mar,1,1,1,3,4538.05,8.420252683348723,Other,2.0,20.0,0,5.0
219990,Grim Dawn,2024-12,mar,1,0,0,-3,4434.91,8.397262601414885,Other,2.0,20.0,0,5.0
219990,Grim Dawn,2025-01,mar,1,0,0,-2,5572.46,8.625591887127486,Other,2.0,20.0,0,5.0
219990,Grim Dawn,2025-02,mar,1,0,0,-1,3732.77,8.224905864372461,Other,2.0,20.0,0,5.0
219990,Grim Dawn,2025-03,mar,1,1,1,0,2989.92,8.003001910173944,Other,2.0,20.0,0,5.0
219990,Grim Dawn,2025-04,mar,1,1,1,1,2407.33,7.786273528510345,Other,2.0,20.0,0,5.0
219990,Grim Dawn,2025-05,mar,1,1,1,2,1949.14,7.575143528636356,Other,2.0,20.0,0,5.0
219990,Grim Dawn,2025-06,mar,1,1,1,3,2350.82,7.76251948244435,Other,2.0,20.0,0,5.0
2141730,Backrooms: Escape Together,2024-12,mar,1,0,0,-3,1601.39,7.378627281083006,Other,2.0,20.0,0,5.0
2141730,Backrooms: Escape Together,2025-01,mar,1,0,0,-2,1431.5,7.266478124538169,Other,2.0,20.0,0,5.0
2141730,Backrooms: Escape Together,2025-02,mar,1,0,0,-1,922.24,6.826805493371102,Other,2.0,20.0,0,5.0
2141730,Backrooms: Escape Together,2025-03,mar,1,1,1,0,1469.1,7.292405247376381,Other,2.0,20.0,0,5.0
2141730,Backrooms: Escape Together,2025-04,mar,1,1,1,1,810.78,6.69799674727805,Other,2.0,20.0,0,5.0
2141730,Backrooms: Escape Together,2025-05,mar,1,1,1,2,895.02,6.796846064393894,Other,2.0,20.0,0,5.0
2141730,Backrooms: Escape Together,2025-06,mar,1,1,1,3,699.48,6.550337201845458,Other,2.0,20.0,0,5.0
993090,Lossless Scaling,2024-12,mar,1,0,0,-3,2784.22,7.931723041320664,Other,2.0,20.0,0,5.0
993090,Lossless Scaling,2025-01,mar,1,0,0,-2,4466.85,8.404438741204698,Other,2.0,20.0,0,5.0
993090,Lossless Scaling,2025-02,mar,1,0,0,-1,6995.12,8.852968042063228,Other,2.0,20.0,0,5.0
993090,Lossless Scaling,2025-03,mar,1,1,1,0,9810.72,9.191230944361577,Other,2.0,20.0,0,5.0
993090,Lossless Scaling,2025-04,mar,1,1,1,1,7081.97,8.865307396571378,Other,2.0,20.0,0,5.0
993090,Lossless Scaling,2025-05,mar,1,1,1,2,5956.04,8.69216110969807,Other,2.0,20.0,0,5.0
993090,Lossless Scaling,2025-06,mar,1,1,1,3,5817.43,8.668613862443976,Other,2.0,20.0,0,5.0
2071280,Ravenswatch,2024-12,mar,1,0,0,-3,1157.32,7.05386226630844,Other,2.0,20.0,0,5.0
2071280,Ravenswatch,2025-01,mar,1,0,0,-2,1109.87,7.011998170330518,Other,2.0,20.0,0,5.0
2071280,Ravenswatch,2025-02,mar,1,0,0,-1,1654.69,7.411368959087986,Other,2.0,20.0,0,5.0
2071280,Ravenswatch,2025-03,mar,1,1,1,0,2054.82,7.627943531853123,Other,2.0,20.0,0,5.0
2071280,Ravenswatch,2025-04,mar,1,1,1,1,1173.29,7.0675670474238546,Other,2.0,20.0,0,5.0
2071280,Ravenswatch,2025-05,mar,1,1,1,2,1465.31,7.289822103161742,Other,2.0,20.0,0,5.0
2071280,Ravenswatch,2025-06,mar,1,1,1,3,2183.54,7.688702691970095,Other,2.0,20.0,0,5.0
1621690,Core Keeper,2024-12,mar,1,0,0,-3,5768.25,8.660124020605274,Other,2.0,20.0,0,5.0
1621690,Core Keeper,2025-01,mar,1,0,0,-2,5192.73,8.555014849425042,Other,2.0,20.0,0,5.0
1621690,Core Keeper,2025-02,mar,1,0,0,-1,4536.03,8.419807459142332,Other,2.0,20.0,0,5.0
1621690,Core Keeper,2025-03,mar,1,1,1,0,5395.4,8.593302017668544,Other,2.0,20.0,0,5.0
1621690,Core Keeper,2025-04,mar,1,1,1,1,5508.51,8.61404944815471,Other,2.0,20.0,0,5.0
1621690,Core Keeper,2025-05,mar,1,1,1,2,3950.03,8.281478452803036,Other,2.0,20.0,0,5.0
1621690,Core Keeper,2025-06,mar,1,1,1,3,3542.19,8.17250045891426,Other,2.0,20.0,0,5.0
686810,Hell Let Loose,2024-12,mar,1,0,0,-3,4569.17,8.427086848137458,Other,2.0,20.0,0,5.0
686810,Hell Let Loose,2025-01,mar,1,0,0,-2,9192.83,9.126179111361648,Other,2.0,20.0,0,5.0
686810,Hell Let Loose,2025-02,mar,1,0,0,-1,6952.86,8.84690836470286,Other,2.0,20.0,0,5.0
686810,Hell Let Loose,2025-03,mar,1,1,1,0,5618.09,8.633747027471792,Other,2.0,20.0,0,5.0
686810,Hell Let Loose,2025-04,mar,1,1,1,1,4810.22,8.478498100099593,Other,2.0,20.0,0,5.0
686810,Hell Let Loose,2025-05,mar,1,1,1,2,4170.33,8.335750448352352,Other,2.0,20.0,0,5.0
686810,Hell Let Loose,2025-06,mar,1,1,1,3,4137.19,8.327772092407042,Other,2.0,20.0,0,5.0
2225070,Trackmania,2024-12,mar,1,0,0,-3,868.3,6.7665372770665995,Other,2.0,20.0,0,5.0
2225070,Trackmania,2025-01,mar,1,0,0,-2,1358.01,7.21377567186178,Other,2.0,20.0,0,5.0
2225070,Trackmania,2025-02,mar,1,0,0,-1,1223.23,7.109250180147978,Other,2.0,20.0,0,5.0
2225070,Trackmania,2025-03,mar,1,1,1,0,1258.41,7.1376042983113495,Other,2.0,20.0,0,5.0
2225070,Trackmania,2025-04,mar,1,1,1,1,1821.66,7.507503452283499,Other,2.0,20.0,0,5.0
2225070,Trackmania,2025-05,mar,1,1,1,2,1638.86,7.401756157157743,Other,2.0,20.0,0,5.0
2225070,Trackmania,2025-06,mar,1,1,1,3,1522.11,7.327852809134613,Other,2.0,20.0,0,5.0
997010,Police Simulator: Patrol Officers,2024-12,mar,1,0,0,-3,323.54,5.779322753901548,Other,2.0,20.0,0,5.0
997010,Police Simulator: Patrol Officers,2025-01,mar,1,0,0,-2,287.46,5.661083720123085,Other,2.0,20.0,0,5.0
997010,Police Simulator: Patrol Officers,2025-02,mar,1,0,0,-1,211.61,5.35474495784668,Other,2.0,20.0,0,5.0
997010,Police Simulator: Patrol Officers,2025-03,mar,1,1,1,0,232.51,5.448933234855163,Other,2.0,20.0,0,5.0
997010,Police Simulator: Patrol Officers,2025-04,mar,1,1,1,1,219.53,5.391488897435831,Other,2.0,20.0,0,5.0
997010,Police Simulator: Patrol Officers,2025-05,mar,1,1,1,2,351.48,5.862152810627642,Other,2.0,20.0,0,5.0
997010,Police Simulator: Patrol Officers,2025-06,mar,1,1,1,3,270.52,5.600346032706739,Other,2.0,20.0,0,5.0
236850,Europa Universalis IV,2024-12,mar,1,0,0,-3,14427.87,9.576917031725005,Other,2.0,20.0,0,5.0
236850,Europa Universalis IV,2025-01,mar,1,0,0,-2,15964.36,9.678114016653524,Other,2.0,20.0,0,5.0
236850,Europa Universalis IV,2025-02,mar,1,0,0,-1,15138.13,9.624972005492431,Other,2.0,20.0,0,5.0
236850,Europa Universalis IV,2025-03,mar,1,1,1,0,14482.04,9.580664539994393,Other,2.0,20.0,0,5.0
236850,Europa Universalis IV,2025-04,mar,1,1,1,1,13664.1,9.522527234502743,Other,2.0,20.0,0,5.0
236850,Europa Universalis IV,2025-05,mar,1,1,1,2,14847.26,9.605570615421941,Other,2.0,20.0,0,5.0
236850,Europa Universalis IV,2025-06,mar,1,1,1,3,13961.06,9.544027304665825,Other,2.0,20.0,0,5.0
1594320,Captain of Industry,2024-12,mar,1,0,0,-3,800.46,6.68518656241877,Other,2.0,20.0,0,5.0
1594320,Captain of Industry,2025-01,mar,1,0,0,-2,888.53,6.789568411796776,Other,2.0,20.0,0,5.0
1594320,Captain of Industry,2025-02,mar,1,0,0,-1,882.91,6.783223270154415,Other,2.0,20.0,0,5.0
1594320,Captain of Industry,2025-03,mar,1,1,1,0,1056.86,6.963057526766792,Other,2.0,20.0,0,5.0
1594320,Captain of Industry,2025-04,mar,1,1,1,1,1174.54,7.068631860564591,Other,2.0,20.0,0,5.0
1594320,Captain of Industry,2025-05,mar,1,1,1,2,3926.53,8.275511363177948,Other,2.0,20.0,0,5.0
1594320,Captain of Industry,2025-06,mar,1,1,1,3,4538.05,8.420252683348723,Other,2.0,20.0,0,5.0
1442430,Storage Hunter Simulator,2024-12,mar,1,0,0,-3,500.49,6.215587618535692,Other,2.0,20.0,0,5.0
1442430,Storage Hunter Simulator,2025-01,mar,1,0,0,-2,649.7,6.476510717886486,Other,2.0,20.0,0,5.0
1442430,Storage Hunter Simulator,2025-02,mar,1,0,0,-1,722.14,6.582219025912698,Other,2.0,20.0,0,5.0
1442430,Storage Hunter Simulator,2025-03,mar,1,1,1,0,566.43,6.339353507078551,Other,2.0,20.0,0,5.0
1442430,Storage Hunter Simulator,2025-04,mar,1,1,1,1,351.93,5.863432292185738,Other,2.0,20.0,0,5.0
1442430,Storage Hunter Simulator,2025-05,mar,1,1,1,2,238.33,5.473656267914107,Other,2.0,20.0,0,5.0
1442430,Storage Hunter Simulator,2025-06,mar,1,1,1,3,251.84,5.528793965229038,Other,2.0,20.0,0,5.0
2225070,Trackmania,2024-12,mar,1,0,0,-3,868.3,6.7665372770665995,Other,2.0,20.0,0,5.0
2225070,Trackmania,2025-01,mar,1,0,0,-2,1358.01,7.21377567186178,Other,2.0,20.0,0,5.0
2225070,Trackmania,2025-02,mar,1,0,0,-1,1223.23,7.109250180147978,Other,2.0,20.0,0,5.0
2225070,Trackmania,2025-03,mar,1,1,1,0,1258.41,7.1376042983113495,Other,2.0,20.0,0,5.0
2225070,Trackmania,2025-04,mar,1,1,1,1,1821.66,7.507503452283499,Other,2.0,20.0,0,5.0
2225070,Trackmania,2025-05,mar,1,1,1,2,1638.86,7.401756157157743,Other,2.0,20.0,0,5.0
2225070,Trackmania,2025-06,mar,1,1,1,3,1522.11,7.327852809134613,Other,2.0,20.0,0,5.0
570940,DARK SOULS™: REMASTERED,2024-12,mar,1,0,0,-3,2900.97,7.972800442806299,Other,2.0,20.0,0,5.0
570940,DARK SOULS™: REMASTERED,2025-01,mar,1,0,0,-2,2890.57,7.969208993492747,Other,2.0,20.0,0,5.0
570940,DARK SOULS™: REMASTERED,2025-02,mar,1,0,0,-1,3443.72,8.144307561429523,Other,2.0,20.0,0,5.0
570940,DARK SOULS™: REMASTERED,2025-03,mar,1,1,1,0,2463.21,7.809220656361712,Other,2.0,20.0,0,5.0
570940,DARK SOULS™: REMASTERED,2025-04,mar,1,1,1,1,2605.72,7.865464307553061,Other,2.0,20.0,0,5.0
570940,DARK SOULS™: REMASTERED,2025-05,mar,1,1,1,2,4318.43,8.370647189257024,Other,2.0,20.0,0,5.0
570940,DARK SOULS™: REMASTERED,2025-06,mar,1,1,1,3,3056.07,8.02488505578324,Other,2.0,20.0,0,5.0
219990,Grim Dawn,2024-12,mar,1,0,0,-3,4434.91,8.397262601414885,Other,2.0,20.0,0,5.0
219990,Grim Dawn,2025-01,mar,1,0,0,-2,5572.46,8.625591887127486,Other,2.0,20.0,0,5.0
219990,Grim Dawn,2025-02,mar,1,0,0,-1,3732.77,8.224905864372461,Other,2.0,20.0,0,5.0
219990,Grim Dawn,2025-03,mar,1,1,1,0,2989.92,8.003001910173944,Other,2.0,20.0,0,5.0
219990,Grim Dawn,2025-04,mar,1,1,1,1,2407.33,7.786273528510345,Other,2.0,20.0,0,5.0
219990,Grim Dawn,2025-05,mar,1,1,1,2,1949.14,7.575143528636356,Other,2.0,20.0,0,5.0
219990,Grim Dawn,2025-06,mar,1,1,1,3,2350.82,7.76251948244435,Other,2.0,20.0,0,5.0
1794680,Vampire Survivors,2024-12,mar,1,0,0,-3,5149.97,8.546746168398096,Other,2.0,20.0,0,5.0
1794680,Vampire Survivors,2025-01,mar,1,0,0,-2,4540.42,8.42077479776973,Other,2.0,20.0,0,5.0
1794680,Vampire Survivors,2025-02,mar,1,0,0,-1,3721.02,8.221753103231398,Other,2.0,20.0,0,5.0
1794680,Vampire Survivors,2025-03,mar,1,1,1,0,3462.6,8.149775030944976,Other,2.0,20.0,0,5.0
1794680,Vampire Survivors,2025-04,mar,1,1,1,1,5190.9,8.554662371530712,Other,2.0,20.0,0,5.0
1794680,Vampire Survivors,2025-05,mar,1,1,1,2,3686.14,8.212335119060306,Other,2.0,20.0,0,5.0
1794680,Vampire Survivors,2025-06,mar,1,1,1,3,3276.65,8.094576837990177,Other,2.0,20.0,0,5.0
1272080,PAYDAY 3,2024-12,mar,1,0,0,-3,895.59,6.79748271896329,Other,2.0,20.0,0,5.0
1272080,PAYDAY 3,2025-01,mar,1,0,0,-2,763.54,6.637965513594156,Other,2.0,20.0,0,5.0
1272080,PAYDAY 3,2025-02,mar,1,0,0,-1,1071.46,6.976777483372208,Other,2.0,20.0,0,5.0
1272080,PAYDAY 3,2025-03,mar,1,1,1,0,826.46,6.717151519235709,Other,2.0,20.0,0,5.0
1272080,PAYDAY 3,2025-04,mar,1,1,1,1,497.09,6.208771096221559,Other,2.0,20.0,0,5.0
1272080,PAYDAY 3,2025-05,mar,1,1,1,2,620.54,6.43059006670876,Other,2.0,20.0,0,5.0
1272080,PAYDAY 3,2025-06,mar,1,1,1,3,682.83,6.526245926686203,Other,2.0,20.0,0,5.0
323190,Frostpunk,2024-12,mar,1,0,0,-3,2564.25,7.84942131718752,Other,2.0,20.0,0,5.0
323190,Frostpunk,2025-01,mar,1,0,0,-2,2844.57,7.953167192782265,Other,2.0,20.0,0,5.0
323190,Frostpunk,2025-02,mar,1,0,0,-1,2653.95,7.883804375227122,Other,2.0,20.0,0,5.0
323190,Frostpunk,2025-03,mar,1,1,1,0,1940.16,7.570525722883366,Other,2.0,20.0,0,5.0
323190,Frostpunk,2025-04,mar,1,1,1,1,2108.13,7.65355657758897,Other,2.0,20.0,0,5.0
323190,Frostpunk,2025-05,mar,1,1,1,2,2298.96,7.740212125742746,Other,2.0,20.0,0,5.0
323190,Frostpunk,2025-06,mar,1,1,1,3,1756.83,7.471266327672142,Other,2.0,20.0,0,5.0
1272080,PAYDAY 3,2024-12,mar,1,0,0,-3,895.59,6.79748271896329,Other,2.0,20.0,0,5.0
1272080,PAYDAY 3,2025-01,mar,1,0,0,-2,763.54,6.637965513594156,Other,2.0,20.0,0,5.0
1272080,PAYDAY 3,2025-02,mar,1,0,0,-1,1071.46,6.976777483372208,Other,2.0,20.0,0,5.0
1272080,PAYDAY 3,2025-03,mar,1,1,1,0,826.46,6.717151519235709,Other,2.0,20.0,0,5.0
1272080,PAYDAY 3,2025-04,mar,1,1,1,1,497.09,6.208771096221559,Other,2.0,20.0,0,5.0
1272080,PAYDAY 3,2025-05,mar,1,1,1,2,620.54,6.43059006670876,Other,2.0,20.0,0,5.0
1272080,PAYDAY 3,2025-06,mar,1,1,1,3,682.83,6.526245926686203,Other,2.0,20.0,0,5.0
534380,Dying Light 2 Stay Human: Reloaded Edition,2024-12,mar,1,0,0,-3,4791.76,8.474653055068613,Other,2.0,20.0,0,5.0
534380,Dying Light 2 Stay Human: Reloaded Edition,2025-01,mar,1,0,0,-2,4586.77,8.430931351635216,Other,2.0,20.0,0,5.0
534380,Dying Light 2 Stay Human: Reloaded Edition,2025-02,mar,1,0,0,-1,10265.24,9.236518709598615,Other,2.0,20.0,0,5.0
534380,Dying Light 2 Stay Human: Reloaded Edition,2025-03,mar,1,1,1,0,5770.1,8.660444690374495,Other,2.0,20.0,0,5.0
534380,Dying Light 2 Stay Human: Reloaded Edition,2025-04,mar,1,1,1,1,4827.59,8.482102657318944,Other,2.0,20.0,0,5.0
534380,Dying Light 2 Stay Human: Reloaded Edition,2025-05,mar,1,1,1,2,3954.95,8.282723237896809,Other,2.0,20.0,0,5.0
534380,Dying Light 2 Stay Human: Reloaded Edition,2025-06,mar,1,1,1,3,6639.53,8.800796456832705,Other,2.0,20.0,0,5.0
961200,Predecessor,2024-12,mar,1,0,0,-3,1004.11,6.911856856003212,Other,2.0,20.0,0,5.0
961200,Predecessor,2025-01,mar,1,0,0,-2,992.18,6.899904542437423,Other,2.0,20.0,0,5.0
961200,Predecessor,2025-02,mar,1,0,0,-1,917.04,6.821151091806754,Other,2.0,20.0,0,5.0
961200,Predecessor,2025-03,mar,1,1,1,0,1182.19,7.075123929548877,Other,2.0,20.0,0,5.0
961200,Predecessor,2025-04,mar,1,1,1,1,1174.99,7.069014915903746,Other,2.0,20.0,0,5.0
961200,Predecessor,2025-05,mar,1,1,1,2,1453.43,7.281681559224496,Other,2.0,20.0,0,5.0
961200,Predecessor,2025-06,mar,1,1,1,3,1810.01,7.501087649106488,Other,2.0,20.0,0,5.0
2124120,SULFUR,2024-12,mar,1,0,0,-3,468.32,6.149151822943575,Other,2.0,20.0,0,5.0
2124120,SULFUR,2025-01,mar,1,0,0,-2,324.99,5.783794412625586,Other,2.0,20.0,0,5.0
2124120,SULFUR,2025-02,mar,1,0,0,-1,328.59,5.794810773003765,Other,2.0,20.0,0,5.0
2124120,SULFUR,2025-03,mar,1,1,1,0,355.42,5.87330018875734,Other,2.0,20.0,0,5.0
2124120,SULFUR,2025-04,mar,1,1,1,1,404.25,6.002033498457216,Other,2.0,20.0,0,5.0
2124120,SULFUR,2025-05,mar,1,1,1,2,359.81,5.885576114348663,Other,2.0,20.0,0,5.0
2124120,SULFUR,2025-06,mar,1,1,1,3,351.98,5.863574355802065,Other,2.0,20.0,0,5.0
356190,Middle-earth™: Shadow of War™,2024-12,mar,1,0,0,-3,2246.46,7.717110922876512,Other,2.0,20.0,0,5.0
356190,Middle-earth™: Shadow of War™,2025-01,mar,1,0,0,-2,2011.52,7.606645934169148,Other,2.0,20.0,0,5.0
356190,Middle-earth™: Shadow of War™,2025-02,mar,1,0,0,-1,1522.56,7.328148407674538,Other,2.0,20.0,0,5.0
356190,Middle-earth™: Shadow of War™,2025-03,mar,1,1,1,0,2648.51,7.88175249669956,Other,2.0,20.0,0,5.0
356190,Middle-earth™: Shadow of War™,2025-04,mar,1,1,1,1,1977.74,7.589710057637933,Other,2.0,20.0,0,5.0
356190,Middle-earth™: Shadow of War™,2025-05,mar,1,1,1,2,2251.93,7.719542905295129,Other,2.0,20.0,0,5.0
356190,Middle-earth™: Shadow of War™,2025-06,mar,1,1,1,3,1610.01,7.383995669139344,Other,2.0,20.0,0,5.0
768200,Smalland: Survive the Wilds,2024-12,mar,1,0,0,-3,336.86,5.81966741377024,Other,2.0,20.0,0,5.0
768200,Smalland: Survive the Wilds,2025-01,mar,1,0,0,-2,354.52,5.8707647618701975,Other,2.0,20.0,0,5.0
768200,Smalland: Survive the Wilds,2025-02,mar,1,0,0,-1,220.97,5.398026945697014,Other,2.0,20.0,0,5.0
768200,Smalland: Survive the Wilds,2025-03,mar,1,1,1,0,364.11,5.89745601978638,Other,2.0,20.0,0,5.0
768200,Smalland: Survive the Wilds,2025-04,mar,1,1,1,1,225.95,5.420313735857289,Other,2.0,20.0,0,5.0
768200,Smalland: Survive the Wilds,2025-05,mar,1,1,1,2,245.03,5.501380652028055,Other,2.0,20.0,0,5.0
768200,Smalland: Survive the Wilds,2025-06,mar,1,1,1,3,275.11,5.617171017687898,Other,2.0,20.0,0,5.0
1169040,Necesse,2024-12,mar,1,0,0,-3,551.86,6.313294390920889,Other,2.0,20.0,0,5.0
1169040,Necesse,2025-01,mar,1,0,0,-2,1759.15,7.472586016826634,Other,2.0,20.0,0,5.0
1169040,Necesse,2025-02,mar,1,0,0,-1,1255.68,7.1354325374968885,Other,2.0,20.0,0,5.0
1169040,Necesse,2025-03,mar,1,1,1,0,732.95,6.59707748673604,Other,2.0,20.0,0,5.0
1169040,Necesse,2025-04,mar,1,1,1,1,709.5,6.564560496600097,Other,2.0,20.0,0,5.0
1169040,Necesse,2025-05,mar,1,1,1,2,462.27,6.136149135961872,Other,2.0,20.0,0,5.0
1169040,Necesse,2025-06,mar,1,1,1,3,643.04,6.466206930700891,Other,2.0,20.0,0,5.0
1336490,Against the Storm,2024-12,mar,1,0,0,-3,2009.88,7.605830297778379,Other,2.0,20.0,0,5.0
1336490,Against the Storm,2025-01,mar,1,0,0,-2,2226.77,7.70830738397143,Other,2.0,20.0,0,5.0
1336490,Against the Storm,2025-02,mar,1,0,0,-1,2045.6,7.623446423976977,Other,2.0,20.0,0,5.0
1336490,Against the Storm,2025-03,mar,1,1,1,0,1690.2,7.432602144110382,Other,2.0,20.0,0,5.0
1336490,Against the Storm,2025-04,mar,1,1,1,1,1606.49,7.381806953824433,Other,2.0,20.0,0,5.0
1336490,Against the Storm,2025-05,mar,1,1,1,2,1359.59,7.214938462690469,Other,2.0,20.0,0,5.0
1336490,Against the Storm,2025-06,mar,1,1,1,3,1156.76,7.053378272660051,Other,2.0,20.0,0,5.0
1702010,Sengoku Dynasty,2024-12,mar,1,0,0,-3,669.2,6.506082969112669,Other,2.0,20.0,0,5.0
1702010,Sengoku Dynasty,2025-01,mar,1,0,0,-2,1057.5,6.963662910920433,Other,2.0,20.0,0,5.0
1702010,Sengoku Dynasty,2025-02,mar,1,0,0,-1,626.35,6.439909320290201,Other,2.0,20.0,0,5.0
1702010,Sengoku Dynasty,2025-03,mar,1,1,1,0,523.3,6.260154913378162,Other,2.0,20.0,0,5.0
1702010,Sengoku Dynasty,2025-04,mar,1,1,1,1,403.26,5.99958151520993,Other,2.0,20.0,0,5.0
1702010,Sengoku Dynasty,2025-05,mar,1,1,1,2,355.7,5.874087678954409,Other,2.0,20.0,0,5.0
1702010,Sengoku Dynasty,2025-06,mar,1,1,1,3,267.54,5.58926908786744,Other,2.0,20.0,0,5.0
412020,Metro Exodus,2024-12,mar,1,0,0,-3,2261.89,7.723956025962224,Other,2.0,20.0,0,5.0
412020,Metro Exodus,2025-01,mar,1,0,0,-2,2060.8,7.630849535910035,Other,2.0,20.0,0,5.0
412020,Metro Exodus,2025-02,mar,1,0,0,-1,1235.44,7.119182460914746,Other,2.0,20.0,0,5.0
412020,Metro Exodus,2025-03,mar,1,1,1,0,1067.1,6.972699967622519,Other,2.0,20.0,0,5.0
412020,Metro Exodus,2025-04,mar,1,1,1,1,1151.27,7.048620959839899,Other,2.0,20.0,0,5.0
412020,Metro Exodus,2025-05,mar,1,1,1,2,1014.32,6.921973716219693,Other,2.0,20.0,0,5.0
412020,Metro Exodus,2025-06,mar,1,1,1,3,961.61,6.868608963061313,Other,2.0,20.0,0,5.0
1169040,Necesse,2024-12,mar,1,0,0,-3,551.86,6.313294390920889,Other,2.0,20.0,0,5.0
1169040,Necesse,2025-01,mar,1,0,0,-2,1759.15,7.472586016826634,Other,2.0,20.0,0,5.0
1169040,Necesse,2025-02,mar,1,0,0,-1,1255.68,7.1354325374968885,Other,2.0,20.0,0,5.0
1169040,Necesse,2025-03,mar,1,1,1,0,732.95,6.59707748673604,Other,2.0,20.0,0,5.0
1169040,Necesse,2025-04,mar,1,1,1,1,709.5,6.564560496600097,Other,2.0,20.0,0,5.0
1169040,Necesse,2025-05,mar,1,1,1,2,462.27,6.136149135961872,Other,2.0,20.0,0,5.0
1169040,Necesse,2025-06,mar,1,1,1,3,643.04,6.466206930700891,Other,2.0,20.0,0,5.0
412020,Metro Exodus,2024-12,mar,1,0,0,-3,2261.89,7.723956025962224,Other,2.0,20.0,0,5.0
412020,Metro Exodus,2025-01,mar,1,0,0,-2,2060.8,7.630849535910035,Other,2.0,20.0,0,5.0
412020,Metro Exodus,2025-02,mar,1,0,0,-1,1235.44,7.119182460914746,Other,2.0,20.0,0,5.0
412020,Metro Exodus,2025-03,mar,1,1,1,0,1067.1,6.972699967622519,Other,2.0,20.0,0,5.0
412020,Metro Exodus,2025-04,mar,1,1,1,1,1151.27,7.048620959839899,Other,2.0,20.0,0,5.0
412020,Metro Exodus,2025-05,mar,1,1,1,2,1014.32,6.921973716219693,Other,2.0,20.0,0,5.0
412020,Metro Exodus,2025-06,mar,1,1,1,3,961.61,6.868608963061313,Other,2.0,20.0,0,5.0
933110,Age of Empires III: Definitive Edition,2024-12,mar,1,0,0,-3,4116.42,8.322739132564458,Other,2.0,20.0,0,5.0
933110,Age of Empires III: Definitive Edition,2025-01,mar,1,0,0,-2,4398.35,8.38898474957627,Other,2.0,20.0,0,5.0
933110,Age of Empires III: Definitive Edition,2025-02,mar,1,0,0,-1,4225.0,8.348774539791274,Other,2.0,20.0,0,5.0
933110,Age of Empires III: Definitive Edition,2025-03,mar,1,1,1,0,4143.06,8.329189924231768,Other,2.0,20.0,0,5.0
933110,Age of Empires III: Definitive Edition,2025-04,mar,1,1,1,1,3931.63,8.276809377144591,Other,2.0,20.0,0,5.0
933110,Age of Empires III: Definitive Edition,2025-05,mar,1,1,1,2,3880.6,8.263745059837172,Other,2.0,20.0,0,5.0
933110,Age of Empires III: Definitive Edition,2025-06,mar,1,1,1,3,3702.26,8.216698722974131,Other,2.0,20.0,0,5.0
1629520,A Little to the Left,2024-12,mar,1,0,0,-3,566.84,6.340077076956669,Other,2.0,20.0,0,5.0
1629520,A Little to the Left,2025-01,mar,1,0,0,-2,464.38,6.14070318257422,Other,2.0,20.0,0,5.0
1629520,A Little to the Left,2025-02,mar,1,0,0,-1,305.19,5.720934533473766,Other,2.0,20.0,0,5.0
1629520,A Little to the Left,2025-03,mar,1,1,1,0,483.53,6.181113360538282,Other,2.0,20.0,0,5.0
1629520,A Little to the Left,2025-04,mar,1,1,1,1,411.0,6.018593214496234,Other,2.0,20.0,0,5.0
1629520,A Little to the Left,2025-05,mar,1,1,1,2,314.85,5.752096334934752,Other,2.0,20.0,0,5.0
1629520,A Little to the Left,2025-06,mar,1,1,1,3,481.65,6.1772177092036324,Other,2.0,20.0,0,5.0
459820,Crush Crush,2024-12,mar,1,0,0,-3,1328.24,7.191610036599531,Other,2.0,20.0,0,5.0
459820,Crush Crush,2025-01,mar,1,0,0,-2,1439.88,7.272315055764298,Other,2.0,20.0,0,5.0
459820,Crush Crush,2025-02,mar,1,0,0,-1,1297.24,7.167994209603761,Other,2.0,20.0,0,5.0
459820,Crush Crush,2025-03,mar,1,1,1,0,1526.67,7.330844171843851,Other,2.0,20.0,0,5.0
459820,Crush Crush,2025-04,mar,1,1,1,1,1174.87,7.068912782159519,Other,2.0,20.0,0,5.0
459820,Crush Crush,2025-05,mar,1,1,1,2,1214.97,7.102474664111788,Other,2.0,20.0,0,5.0
459820,Crush Crush,2025-06,mar,1,1,1,3,1048.9,6.955497274967558,Other,2.0,20.0,0,5.0
2142790,Fields of Mistria,2024-12,mar,1,0,0,-3,2357.1,7.765187328849885,Other,2.0,20.0,0,5.0
2142790,Fields of Mistria,2025-01,mar,1,0,0,-2,1958.03,7.579694144729974,Other,2.0,20.0,0,5.0
2142790,Fields of Mistria,2025-02,mar,1,0,0,-1,1589.5,7.371174780350858,Other,2.0,20.0,0,5.0
2142790,Fields of Mistria,2025-03,mar,1,1,1,0,3367.56,8.12194372549773,Other,2.0,20.0,0,5.0
2142790,Fields of Mistria,2025-04,mar,1,1,1,1,1972.31,7.586960723619187,Other,2.0,20.0,0,5.0
2142790,Fields of Mistria,2025-05,mar,1,1,1,2,1402.73,7.246175616821366,Other,2.0,20.0,0,5.0
2142790,Fields of Mistria,2025-06,mar,1,1,1,3,1373.89,7.225401411353301,Other,2.0,20.0,0,5.0
1971870,Mortal Kombat 1,2024-12,mar,1,0,0,-3,1449.61,7.279049833719666,Other,2.0,20.0,0,5.0
1971870,Mortal Kombat 1,2025-01,mar,1,0,0,-2,1376.34,7.227183080994092,Other,2.0,20.0,0,5.0
1971870,Mortal Kombat 1,2025-02,mar,1,0,0,-1,1242.53,7.124904902548517,Other,2.0,20.0,0,5.0
1971870,Mortal Kombat 1,2025-03,mar,1,1,1,0,1872.76,7.5351685575547585,Other,2.0,20.0,0,5.0
1971870,Mortal Kombat 1,2025-04,mar,1,1,1,1,1886.52,7.542489140991423,Other,2.0,20.0,0,5.0
1971870,Mortal Kombat 1,2025-05,mar,1,1,1,2,1552.41,7.347563841112757,Other,2.0,20.0,0,5.0
1971870,Mortal Kombat 1,2025-06,mar,1,1,1,3,1173.73,7.067941990973679,Other,2.0,20.0,0,5.0
312520,Rain World,2024-12,mar,1,0,0,-3,936.3,6.841935937944843,Other,2.0,20.0,0,5.0
312520,Rain World,2025-01,mar,1,0,0,-2,1035.07,6.942224336262713,Other,2.0,20.0,0,5.0
312520,Rain World,2025-02,mar,1,0,0,-1,1072.9,6.978120541642701,Other,2.0,20.0,0,5.0
312520,Rain World,2025-03,mar,1,1,1,0,1625.23,7.3934046232097534,Other,2.0,20.0,0,5.0
312520,Rain World,2025-04,mar,1,1,1,1,1949.57,7.575364114420752,Other,2.0,20.0,0,5.0
312520,Rain World,2025-05,mar,1,1,1,2,1097.28,7.0005896692745555,Other,2.0,20.0,0,5.0
312520,Rain World,2025-06,mar,1,1,1,3,973.14,6.880527956727653,Other,2.0,20.0,0,5.0
2162800,shapez 2,2024-12,mar,1,0,0,-3,918.98,6.823264359333238,Other,2.0,20.0,0,5.0
2162800,shapez 2,2025-01,mar,1,0,0,-2,949.96,6.856419878444977,Other,2.0,20.0,0,5.0
2162800,shapez 2,2025-02,mar,1,0,0,-1,663.29,6.497212300283385,Other,2.0,20.0,0,5.0
2162800,shapez 2,2025-03,mar,1,1,1,0,603.04,6.401983529518826,Other,2.0,20.0,0,5.0
2162800,shapez 2,2025-04,mar,1,1,1,1,608.78,6.411456954496684,Other,2.0,20.0,0,5.0
2162800,shapez 2,2025-05,mar,1,1,1,2,474.87,6.163041082365757,Other,2.0,20.0,0,5.0
2162800,shapez 2,2025-06,mar,1,1,1,3,1809.3,7.50069530912505,Other,2.0,20.0,0,5.0
1217060,Gunfire Reborn,2024-12,mar,1,0,0,-3,1431.65,7.266582904238945,Other,2.0,20.0,0,5.0
1217060,Gunfire Reborn,2025-01,mar,1,0,0,-2,2278.55,7.731294554724741,Other,2.0,20.0,0,5.0
1217060,Gunfire Reborn,2025-02,mar,1,0,0,-1,1718.9,7.449439830334112,Other,2.0,20.0,0,5.0
1217060,Gunfire Reborn,2025-03,mar,1,1,1,0,1377.55,7.22806183800898,Other,2.0,20.0,0,5.0
1217060,Gunfire Reborn,2025-04,mar,1,1,1,1,1159.83,7.056028721636519,Other,2.0,20.0,0,5.0
1217060,Gunfire Reborn,2025-05,mar,1,1,1,2,2011.83,7.606800034608142,Other,2.0,20.0,0,5.0
1217060,Gunfire Reborn,2025-06,mar,1,1,1,3,1562.38,7.353965578661286,Other,2.0,20.0,0,5.0
573090,Stormworks: Build and Rescue,2024-12,mar,1,0,0,-3,1559.74,7.352274419686484,Other,2.0,20.0,0,5.0
573090,Stormworks: Build and Rescue,2025-01,mar,1,0,0,-2,1569.08,7.35824473932357,Other,2.0,20.0,0,5.0
573090,Stormworks: Build and Rescue,2025-02,mar,1,0,0,-1,1477.88,7.29836390741362,Other,2.0,20.0,0,5.0
573090,Stormworks: Build and Rescue,2025-03,mar,1,1,1,0,1580.67,7.365604086769864,Other,2.0,20.0,0,5.0
573090,Stormworks: Build and Rescue,2025-04,mar,1,1,1,1,1380.67,7.230324167577118,Other,2.0,20.0,0,5.0
573090,Stormworks: Build and Rescue,2025-05,mar,1,1,1,2,1395.44,7.2409650567098796,Other,2.0,20.0,0,5.0
573090,Stormworks: Build and Rescue,2025-06,mar,1,1,1,3,1498.47,7.312199866536295,Other,2.0,20.0,0,5.0
544550,Stationeers,2024-12,mar,1,0,0,-3,356.88,5.877399590820009,Other,2.0,20.0,0,5.0
544550,Stationeers,2025-01,mar,1,0,0,-2,375.71,5.9288175692073315,Other,2.0,20.0,0,5.0
544550,Stationeers,2025-02,mar,1,0,0,-1,347.08,5.849555300925289,Other,2.0,20.0,0,5.0
544550,Stationeers,2025-03,mar,1,1,1,0,391.09,5.968937712526371,Other,2.0,20.0,0,5.0
544550,Stationeers,2025-04,mar,1,1,1,1,340.38,5.830062640566531,Other,2.0,20.0,0,5.0
544550,Stationeers,2025-05,mar,1,1,1,2,279.04,5.631355140720615,Other,2.0,20.0,0,5.0
544550,Stationeers,2025-06,mar,1,1,1,3,248.47,5.515322113902837,Other,2.0,20.0,0,5.0
231430,Company of Heroes 2,2024-12,mar,1,0,0,-3,3043.82,8.020868584513064,Other,2.0,20.0,0,5.0
231430,Company of Heroes 2,2025-01,mar,1,0,0,-2,3208.3,8.073496480823513,Other,2.0,20.0,0,5.0
231430,Company of Heroes 2,2025-02,mar,1,0,0,-1,3129.48,8.048622135547083,Other,2.0,20.0,0,5.0
231430,Company of Heroes 2,2025-03,mar,1,1,1,0,3048.29,8.022336056637554,Other,2.0,20.0,0,5.0
231430,Company of Heroes 2,2025-04,mar,1,1,1,1,2798.76,7.936931740930253,Other,2.0,20.0,0,5.0
231430,Company of Heroes 2,2025-05,mar,1,1,1,2,2786.08,7.932390868931073,Other,2.0,20.0,0,5.0
231430,Company of Heroes 2,2025-06,mar,1,1,1,3,2709.2,7.904408667340748,Other,2.0,20.0,0,5.0
899770,Last Epoch,2024-12,mar,1,0,0,-3,1792.57,7.4914056233151864,Other,2.0,20.0,0,5.0
899770,Last Epoch,2025-01,mar,1,0,0,-2,1729.09,7.455350537538517,Other,2.0,20.0,0,5.0
899770,Last Epoch,2025-02,mar,1,0,0,-1,1466.94,7.290933877511061,Other,2.0,20.0,0,5.0
899770,Last Epoch,2025-03,mar,1,1,1,0,2254.91,7.720865339832097,Other,2.0,20.0,0,5.0
899770,Last Epoch,2025-04,mar,1,1,1,1,36199.94,10.496812740353926,Other,2.0,20.0,0,5.0
899770,Last Epoch,2025-05,mar,1,1,1,2,18666.49,9.834485216718676,Other,2.0,20.0,0,5.0
899770,Last Epoch,2025-06,mar,1,1,1,3,5170.04,8.550635704416452,Other,2.0,20.0,0,5.0
228380,Wreckfest,2024-12,mar,1,0,0,-3,460.8,6.132964109381682,Other,2.0,20.0,0,5.0
228380,Wreckfest,2025-01,mar,1,0,0,-2,502.94,6.220470878690567,Other,2.0,20.0,0,5.0
228380,Wreckfest,2025-02,mar,1,0,0,-1,486.28,6.186784589687593,Other,2.0,20.0,0,5.0
228380,Wreckfest,2025-03,mar,1,1,1,0,467.38,6.14714263128766,Other,2.0,20.0,0,5.0
228380,Wreckfest,2025-04,mar,1,1,1,1,423.1,6.047608557726022,Other,2.0,20.0,0,5.0
228380,Wreckfest,2025-05,mar,1,1,1,2,352.93,5.86626973698591,Other,2.0,20.0,0,5.0
228380,Wreckfest,2025-06,mar,1,1,1,3,310.27,5.7374428861488145,Other,2.0,20.0,0,5.0
632470,Disco Elysium - The Final Cut,2024-12,mar,1,0,0,-3,1671.46,7.421452774972556,Other,2.0,20.0,0,5.0
632470,Disco Elysium - The Final Cut,2025-01,mar,1,0,0,-2,2199.54,7.696003526574764,Other,2.0,20.0,0,5.0
632470,Disco Elysium - The Final Cut,2025-02,mar,1,0,0,-1,1616.7,7.388142313607561,Other,2.0,20.0,0,5.0
632470,Disco Elysium - The Final Cut,2025-03,mar,1,1,1,0,1658.73,7.413807528301685,Other,2.0,20.0,0,5.0
632470,Disco Elysium - The Final Cut,2025-04,mar,1,1,1,1,1255.91,7.1356156884097715,Other,2.0,20.0,0,5.0
632470,Disco Elysium - The Final Cut,2025-05,mar,1,1,1,2,1214.14,7.101791286222519,Other,2.0,20.0,0,5.0
632470,Disco Elysium - The Final Cut,2025-06,mar,1,1,1,3,1468.93,7.292289523574929,Other,2.0,20.0,0,5.0
1750770,Starcom: Unknown Space,2024-12,mar,1,0,0,-3,112.76,4.7252616662459115,Other,2.0,20.0,0,5.0
1750770,Starcom: Unknown Space,2025-01,mar,1,0,0,-2,630.44,6.44641798830734,Other,2.0,20.0,0,5.0
1750770,Starcom: Unknown Space,2025-02,mar,1,0,0,-1,235.66,5.462390088285194,Other,2.0,20.0,0,5.0
1750770,Starcom: Unknown Space,2025-03,mar,1,1,1,0,181.2,5.199601393608879,Other,2.0,20.0,0,5.0
1750770,Starcom: Unknown Space,2025-04,mar,1,1,1,1,119.29,4.781557503293855,Other,2.0,20.0,0,5.0
1750770,Starcom: Unknown Space,2025-05,mar,1,1,1,2,77.93,4.355810987855469,Other,2.0,20.0,0,5.0
1750770,Starcom: Unknown Space,2025-06,mar,1,1,1,3,58.26,4.064915751531289,Other,2.0,20.0,0,5.0
494840,UBOAT,2024-12,mar,1,0,0,-3,939.44,6.845283953056826,Other,2.0,20.0,0,5.0
494840,UBOAT,2025-01,mar,1,0,0,-2,1208.47,7.097110375673228,Other,2.0,20.0,0,5.0
494840,UBOAT,2025-02,mar,1,0,0,-1,1105.6,7.008143453013405,Other,2.0,20.0,0,5.0
494840,UBOAT,2025-03,mar,1,1,1,0,857.08,6.753531263132525,Other,2.0,20.0,0,5.0
494840,UBOAT,2025-04,mar,1,1,1,1,813.46,6.701296755198198,Other,2.0,20.0,0,5.0
494840,UBOAT,2025-05,mar,1,1,1,2,793.65,6.6766425580182505,Other,2.0,20.0,0,5.0
494840,UBOAT,2025-06,mar,1,1,1,3,745.62,6.614216087045958,Other,2.0,20.0,0,5.0
597180,Old World,2024-12,mar,1,0,0,-3,548.12,6.306494241078,Other,2.0,20.0,0,5.0
597180,Old World,2025-01,mar,1,0,0,-2,652.18,6.480320597444975,Other,2.0,20.0,0,5.0
597180,Old World,2025-02,mar,1,0,0,-1,546.19,6.3029669005600315,Other,2.0,20.0,0,5.0
597180,Old World,2025-03,mar,1,1,1,0,1075.66,6.980689705657798,Other,2.0,20.0,0,5.0
597180,Old World,2025-04,mar,1,1,1,1,596.27,6.390693584616937,Other,2.0,20.0,0,5.0
597180,Old World,2025-05,mar,1,1,1,2,446.24,6.100856923879179,Other,2.0,20.0,0,5.0
597180,Old World,2025-06,mar,1,1,1,3,502.07,6.218739552201641,Other,2.0,20.0,0,5.0
611790,House Party,2024-12,mar,1,0,0,-3,185.75,5.224401683597868,Other,2.0,20.0,0,5.0
611790,House Party,2025-01,mar,1,0,0,-2,201.29,5.3047466543129405,Other,2.0,20.0,0,5.0
611790,House Party,2025-02,mar,1,0,0,-1,170.55,5.139028508864655,Other,2.0,20.0,0,5.0
611790,House Party,2025-03,mar,1,1,1,0,159.76,5.07367268910756,Other,2.0,20.0,0,5.0
611790,House Party,2025-04,mar,1,1,1,1,206.56,5.330590927098332,Other,2.0,20.0,0,5.0
611790,House Party,2025-05,mar,1,1,1,2,166.73,5.116375737572367,Other,2.0,20.0,0,5.0
611790,House Party,2025-06,mar,1,1,1,3,163.94,5.099500507224884,Other,2.0,20.0,0,5.0
2290180,Riders Republic,2024-12,mar,1,0,0,-3,477.6,6.168773562078393,Other,2.0,20.0,0,5.0
2290180,Riders Republic,2025-01,mar,1,0,0,-2,349.97,5.857847436524066,Other,2.0,20.0,0,5.0
2290180,Riders Republic,2025-02,mar,1,0,0,-1,228.42,5.431186039622461,Other,2.0,20.0,0,5.0
2290180,Riders Republic,2025-03,mar,1,1,1,0,884.56,6.7850903462341465,Other,2.0,20.0,0,5.0
2290180,Riders Republic,2025-04,mar,1,1,1,1,242.71,5.491867315015168,Other,2.0,20.0,0,5.0
2290180,Riders Republic,2025-05,mar,1,1,1,2,235.12,5.460096022110662,Other,2.0,20.0,0,5.0
2290180,Riders Republic,2025-06,mar,1,1,1,3,702.2,6.554218263734332,Other,2.0,20.0,0,5.0
669330,Mechabellum,2024-12,mar,1,0,0,-3,1922.48,7.56137129820475,Other,2.0,20.0,0,5.0
669330,Mechabellum,2025-01,mar,1,0,0,-2,2084.97,7.642509745640178,Other,2.0,20.0,0,5.0
669330,Mechabellum,2025-02,mar,1,0,0,-1,1787.15,7.488377451200214,Other,2.0,20.0,0,5.0
669330,Mechabellum,2025-03,mar,1,1,1,0,2069.14,7.634888340995241,Other,2.0,20.0,0,5.0
669330,Mechabellum,2025-04,mar,1,1,1,1,2960.26,7.993032381298427,Other,2.0,20.0,0,5.0
669330,Mechabellum,2025-05,mar,1,1,1,2,2242.33,7.71527078280964,Other,2.0,20.0,0,5.0
669330,Mechabellum,2025-06,mar,1,1,1,3,2163.06,7.6792791648193734,Other,2.0,20.0,0,5.0
397540,Borderlands 3,2024-12,mar,1,0,0,-3,5071.14,8.531320923380797,Other,2.0,20.0,0,5.0
397540,Borderlands 3,2025-01,mar,1,0,0,-2,5046.92,8.52653343521404,Other,2.0,20.0,0,5.0
397540,Borderlands 3,2025-02,mar,1,0,0,-1,5679.31,8.644585025462801,Other,2.0,20.0,0,5.0
397540,Borderlands 3,2025-03,mar,1,1,1,0,4470.23,8.405195140422599,Other,2.0,20.0,0,5.0
397540,Borderlands 3,2025-04,mar,1,1,1,1,4720.17,8.459600094880159,Other,2.0,20.0,0,5.0
397540,Borderlands 3,2025-05,mar,1,1,1,2,4428.7,8.395861366248607,Other,2.0,20.0,0,5.0
397540,Borderlands 3,2025-06,mar,1,1,1,3,6054.42,8.708543862794713,Other,2.0,20.0,0,5.0
314650,SpaceEngine,2024-12,mar,1,0,0,-3,163.61,5.097485546994985,Other,2.0,20.0,0,5.0
314650,SpaceEngine,2025-01,mar,1,0,0,-2,159.66,5.073046554217653,Other,2.0,20.0,0,5.0
314650,SpaceEngine,2025-02,mar,1,0,0,-1,157.14,5.0571371277476755,Other,2.0,20.0,0,5.0
314650,SpaceEngine,2025-03,mar,1,1,1,0,178.9,5.186826990514674,Other,2.0,20.0,0,5.0
314650,SpaceEngine,2025-04,mar,1,1,1,1,147.23,4.991995989877317,Other,2.0,20.0,0,5.0
314650,SpaceEngine,2025-05,mar,1,1,1,2,146.91,4.989820154382335,Other,2.0,20.0,0,5.0
314650,SpaceEngine,2025-06,mar,1,1,1,3,143.34,4.9652194305657735,Other,2.0,20.0,0,5.0
1371980,No Rest for the Wicked,2025-01,apr,1,0,0,-3,149.18,5.005153630527017,Other,2.0,20.0,0,5.0
1371980,No Rest for the Wicked,2025-02,apr,1,0,0,-2,143.51,4.96640471918284,Other,2.0,20.0,0,5.0
1371980,No Rest for the Wicked,2025-03,apr,1,0,0,-1,680.9,6.523415452488921,Other,2.0,20.0,0,5.0
1371980,No Rest for the Wicked,2025-04,apr,1,1,1,0,472.28,6.157572030038909,Other,2.0,20.0,0,5.0
1371980,No Rest for the Wicked,2025-05,apr,1,1,1,1,4934.85,8.504077556268863,Other,2.0,20.0,0,5.0
1371980,No Rest for the Wicked,2025-06,apr,1,1,1,2,1150.38,7.047847601558355,Other,2.0,20.0,0,5.0
1371980,No Rest for the Wicked,2025-07,apr,1,1,1,3,1031.61,6.938875967639927,Other,2.0,20.0,0,5.0
1086940,Baldur's Gate 3,2025-01,apr,1,0,0,-3,66434.64,11.10397388618029,Other,2.0,20.0,0,5.0
1086940,Baldur's Gate 3,2025-02,apr,1,0,0,-2,58799.09,10.981881657576485,Other,2.0,20.0,0,5.0
1086940,Baldur's Gate 3,2025-03,apr,1,0,0,-1,50333.03,10.826416800620725,Other,2.0,20.0,0,5.0
1086940,Baldur's Gate 3,2025-04,apr,1,1,1,0,71448.86,11.176737228017291,Other,2.0,20.0,0,5.0
1086940,Baldur's Gate 3,2025-05,apr,1,1,1,1,72840.76,11.19603096761468,Other,2.0,20.0,0,5.0
1086940,Baldur's Gate 3,2025-06,apr,1,1,1,2,54291.78,10.902128113247265,Other,2.0,20.0,0,5.0
1086940,Baldur's Gate 3,2025-07,apr,1,1,1,3,51305.96,10.845562203747797,Other,2.0,20.0,0,5.0
1774580,STAR WARS Jedi: Survivor™,2025-01,apr,1,0,0,-3,2427.89,7.794777846375502,Other,2.0,20.0,0,5.0
1774580,STAR WARS Jedi: Survivor™,2025-02,apr,1,0,0,-2,1954.59,7.577935731755354,Other,2.0,20.0,0,5.0
1774580,STAR WARS Jedi: Survivor™,2025-03,apr,1,0,0,-1,1570.56,7.359187522642437,Other,2.0,20.0,0,5.0
1774580,STAR WARS Jedi: Survivor™,2025-04,apr,1,1,1,0,1196.27,7.0869636615406755,Other,2.0,20.0,0,5.0
1774580,STAR WARS Jedi: Survivor™,2025-05,apr,1,1,1,1,3466.52,8.150906487874051,Other,2.0,20.0,0,5.0
1774580,STAR WARS Jedi: Survivor™,2025-06,apr,1,1,1,2,2635.02,7.876646051079485,Other,2.0,20.0,0,5.0
1774580,STAR WARS Jedi: Survivor™,2025-07,apr,1,1,1,3,2589.19,7.859100364467079,Other,2.0,20.0,0,5.0
284160,BeamNG.drive,2025-01,apr,1,0,0,-3,16449.13,9.708027867256929,Other,2.0,20.0,0,5.0
284160,BeamNG.drive,2025-02,apr,1,0,0,-2,16332.99,9.70094226779556,Other,2.0,20.0,0,5.0
284160,BeamNG.drive,2025-03,apr,1,0,0,-1,15728.03,9.663199749811374,Other,2.0,20.0,0,5.0
284160,BeamNG.drive,2025-04,apr,1,1,1,0,16386.89,9.704236903885628,Other,2.0,20.0,0,5.0
284160,BeamNG.drive,2025-05,apr,1,1,1,1,15834.87,9.6699697492769,Other,2.0,20.0,0,5.0
284160,BeamNG.drive,2025-06,apr,1,1,1,2,16978.09,9.739678968261599,Other,2.0,20.0,0,5.0
284160,BeamNG.drive,2025-07,apr,1,1,1,3,17024.13,9.74238702839041,Other,2.0,20.0,0,5.0
1812450,Bellwright,2025-01,apr,1,0,0,-3,2417.1,7.7903237534512595,Other,2.0,20.0,0,5.0
1812450,Bellwright,2025-02,apr,1,0,0,-2,1480.56,7.300175673569493,Other,2.0,20.0,0,5.0
1812450,Bellwright,2025-03,apr,1,0,0,-1,1367.47,7.22071759621272,Other,2.0,20.0,0,5.0
1812450,Bellwright,2025-04,apr,1,1,1,0,1432.91,7.267462620552277,Other,2.0,20.0,0,5.0
1812450,Bellwright,2025-05,apr,1,1,1,1,1976.46,7.589062644737873,Other,2.0,20.0,0,5.0
1812450,Bellwright,2025-06,apr,1,1,1,2,1861.42,7.529094916294725,Other,2.0,20.0,0,5.0
1812450,Bellwright,2025-07,apr,1,1,1,3,1545.48,7.34308982069258,Other,2.0,20.0,0,5.0
962130,Grounded,2025-01,apr,1,0,0,-3,4314.85,8.369817840456752,Other,2.0,20.0,0,5.0
962130,Grounded,2025-02,apr,1,0,0,-2,3038.83,8.019227851898355,Other,2.0,20.0,0,5.0
962130,Grounded,2025-03,apr,1,0,0,-1,3839.47,8.253089615222688,Other,2.0,20.0,0,5.0
962130,Grounded,2025-04,apr,1,1,1,0,3586.12,8.184826117074236,Other,2.0,20.0,0,5.0
962130,Grounded,2025-05,apr,1,1,1,1,4830.73,8.482752873942669,Other,2.0,20.0,0,5.0
962130,Grounded,2025-06,apr,1,1,1,2,5881.6,8.679584112721313,Other,2.0,20.0,0,5.0
962130,Grounded,2025-07,apr,1,1,1,3,7045.91,8.86020258561495,Other,2.0,20.0,0,5.0
294100,RimWorld,2025-01,apr,1,0,0,-3,23633.22,10.07040862835401,Other,2.0,20.0,0,5.0
294100,RimWorld,2025-02,apr,1,0,0,-2,23681.62,10.072454498820099,Other,2.0,20.0,0,5.0
294100,RimWorld,2025-03,apr,1,0,0,-1,23397.62,10.06038958677133,Other,2.0,20.0,0,5.0
294100,RimWorld,2025-04,apr,1,1,1,0,24175.62,10.093099966321486,Other,2.0,20.0,0,5.0
294100,RimWorld,2025-05,apr,1,1,1,1,23299.97,10.056207351999316,Other,2.0,20.0,0,5.0
294100,RimWorld,2025-06,apr,1,1,1,2,25027.92,10.127747280693136,Other,2.0,20.0,0,5.0
294100,RimWorld,2025-07,apr,1,1,1,3,51133.98,10.842204525842574,Other,2.0,20.0,0,5.0
892970,Valheim,2025-01,apr,1,0,0,-3,24383.02,10.101642267390007,Other,2.0,20.0,0,5.0
892970,Valheim,2025-02,apr,1,0,0,-2,24535.96,10.107895075535177,Other,2.0,20.0,0,5.0
892970,Valheim,2025-03,apr,1,0,0,-1,23226.64,10.05305517475199,Other,2.0,20.0,0,5.0
892970,Valheim,2025-04,apr,1,1,1,0,21900.78,9.994277531608699,Other,2.0,20.0,0,5.0
892970,Valheim,2025-05,apr,1,1,1,1,18255.72,9.812233734560925,Other,2.0,20.0,0,5.0
892970,Valheim,2025-06,apr,1,1,1,2,15011.75,9.616588506772251,Other,2.0,20.0,0,5.0
892970,Valheim,2025-07,apr,1,1,1,3,14532.54,9.58414555202312,Other,2.0,20.0,0,5.0
2507950,Delta Force,2025-01,apr,1,0,0,-3,73111.11,11.199735617773666,Other,2.0,20.0,0,5.0
2507950,Delta Force,2025-02,apr,1,0,0,-2,65654.06,11.092154720926123,Other,2.0,20.0,0,5.0
2507950,Delta Force,2025-03,apr,1,0,0,-1,53638.2,10.890016779785585,Other,2.0,20.0,0,5.0
2507950,Delta Force,2025-04,apr,1,1,1,0,54864.73,10.912625980242646,Other,2.0,20.0,0,5.0
2507950,Delta Force,2025-05,apr,1,1,1,1,74248.72,11.215175817459112,Other,2.0,20.0,0,5.0
2507950,Delta Force,2025-06,apr,1,1,1,2,78939.86,11.276441575716406,Other,2.0,20.0,0,5.0
2507950,Delta Force,2025-07,apr,1,1,1,3,99220.14,11.50509629685989,Other,2.0,20.0,0,5.0
2707930,Palia,2025-01,apr,1,0,0,-3,4656.56,8.446032257092916,Other,2.0,20.0,0,5.0
2707930,Palia,2025-02,apr,1,0,0,-2,4833.88,8.48340473679312,Other,2.0,20.0,0,5.0
2707930,Palia,2025-03,apr,1,0,0,-1,4265.49,8.358312341954957,Other,2.0,20.0,0,5.0
2707930,Palia,2025-04,apr,1,1,1,0,4140.88,8.328663604618075,Other,2.0,20.0,0,5.0
2707930,Palia,2025-05,apr,1,1,1,1,7888.8,8.973199311018119,Other,2.0,20.0,0,5.0
2707930,Palia,2025-06,apr,1,1,1,2,9172.05,9.123916095336682,Other,2.0,20.0,0,5.0
2707930,Palia,2025-07,apr,1,1,1,3,7826.69,8.965294966530127,Other,2.0,20.0,0,5.0
380600,Fishing Planet,2025-01,apr,1,0,0,-3,2916.38,7.978098400138907,Other,2.0,20.0,0,5.0
380600,Fishing Planet,2025-02,apr,1,0,0,-2,2986.75,8.001941118697333,Other,2.0,20.0,0,5.0
380600,Fishing Planet,2025-03,apr,1,0,0,-1,2882.11,7.966277943770021,Other,2.0,20.0,0,5.0
380600,Fishing Planet,2025-04,apr,1,1,1,0,2597.69,7.86237786755523,Other,2.0,20.0,0,5.0
380600,Fishing Planet,2025-05,apr,1,1,1,1,3197.47,8.070115151079039,Other,2.0,20.0,0,5.0
380600,Fishing Planet,2025-06,apr,1,1,1,2,4191.15,8.340730438265263,Other,2.0,20.0,0,5.0
380600,Fishing Planet,2025-07,apr,1,1,1,3,4038.94,8.303737560290905,Other,2.0,20.0,0,5.0
703080,Planet Zoo,2025-01,apr,1,0,0,-3,3668.71,8.207595380620887,Other,2.0,20.0,0,5.0
703080,Planet Zoo,2025-02,apr,1,0,0,-2,2974.81,7.997935450394021,Other,2.0,20.0,0,5.0
703080,Planet Zoo,2025-03,apr,1,0,0,-1,2904.81,7.974123262672003,Other,2.0,20.0,0,5.0
703080,Planet Zoo,2025-04,apr,1,1,1,0,3449.07,8.14585990846878,Other,2.0,20.0,0,5.0
703080,Planet Zoo,2025-05,apr,1,1,1,1,2926.32,7.981500939920119,Other,2.0,20.0,0,5.0
703080,Planet Zoo,2025-06,apr,1,1,1,2,3033.07,8.017330586881537,Other,2.0,20.0,0,5.0
703080,Planet Zoo,2025-07,apr,1,1,1,3,3351.07,8.117034976805913,Other,2.0,20.0,0,5.0
2358720,Black Myth: Wukong,2025-01,apr,1,0,0,-3,33603.26,10.422378365054314,Other,2.0,20.0,0,5.0
2358720,Black Myth: Wukong,2025-02,apr,1,0,0,-2,24928.37,10.123761791307434,Other,2.0,20.0,0,5.0
2358720,Black Myth: Wukong,2025-03,apr,1,0,0,-1,17440.78,9.76656642123349,Other,2.0,20.0,0,5.0
2358720,Black Myth: Wukong,2025-04,apr,1,1,1,0,14182.18,9.55974152592837,Other,2.0,20.0,0,5.0
2358720,Black Myth: Wukong,2025-05,apr,1,1,1,1,13116.67,9.481639219307013,Other,2.0,20.0,0,5.0
2358720,Black Myth: Wukong,2025-06,apr,1,1,1,2,16640.32,9.719583944959522,Other,2.0,20.0,0,5.0
2358720,Black Myth: Wukong,2025-07,apr,1,1,1,3,20900.67,9.947536494855342,Other,2.0,20.0,0,5.0
1250410,Microsoft Flight Simulator (2020) 40th Anniversary Edition,2025-01,apr,1,0,0,-3,5017.71,8.520728933307366,Other,2.0,20.0,0,5.0
1250410,Microsoft Flight Simulator (2020) 40th Anniversary Edition,2025-02,apr,1,0,0,-2,4721.48,8.459877588752185,Other,2.0,20.0,0,5.0
1250410,Microsoft Flight Simulator (2020) 40th Anniversary Edition,2025-03,apr,1,0,0,-1,4799.1,8.47618367931566,Other,2.0,20.0,0,5.0
1250410,Microsoft Flight Simulator (2020) 40th Anniversary Edition,2025-04,apr,1,1,1,0,4284.15,8.362677444960266,Other,2.0,20.0,0,5.0
1250410,Microsoft Flight Simulator (2020) 40th Anniversary Edition,2025-05,apr,1,1,1,1,4257.88,8.356526662811113,Other,2.0,20.0,0,5.0
1250410,Microsoft Flight Simulator (2020) 40th Anniversary Edition,2025-06,apr,1,1,1,2,3910.12,8.271323343045552,Other,2.0,20.0,0,5.0
1250410,Microsoft Flight Simulator (2020) 40th Anniversary Edition,2025-07,apr,1,1,1,3,4190.45,8.34056340571739,Other,2.0,20.0,0,5.0
244850,Space Engineers,2025-01,apr,1,0,0,-3,5604.57,8.631337615346574,Other,2.0,20.0,0,5.0
244850,Space Engineers,2025-02,apr,1,0,0,-2,4430.22,8.396204523205643,Other,2.0,20.0,0,5.0
244850,Space Engineers,2025-03,apr,1,0,0,-1,3764.45,8.233357047225613,Other,2.0,20.0,0,5.0
244850,Space Engineers,2025-04,apr,1,1,1,0,3361.86,8.12024967122168,Other,2.0,20.0,0,5.0
244850,Space Engineers,2025-05,apr,1,1,1,1,4676.31,8.450264616373948,Other,2.0,20.0,0,5.0
244850,Space Engineers,2025-06,apr,1,1,1,2,3943.6,8.279849290700886,Other,2.0,20.0,0,5.0
244850,Space Engineers,2025-07,apr,1,1,1,3,3698.79,8.21576101812029,Other,2.0,20.0,0,5.0
2670630,Supermarket Simulator,2025-01,apr,1,0,0,-3,5530.52,8.618037122645326,Other,2.0,20.0,0,5.0
2670630,Supermarket Simulator,2025-02,apr,1,0,0,-2,6140.36,8.722638651344228,Other,2.0,20.0,0,5.0
2670630,Supermarket Simulator,2025-03,apr,1,0,0,-1,5617.01,8.633554772840622,Other,2.0,20.0,0,5.0
2670630,Supermarket Simulator,2025-04,apr,1,1,1,0,4295.22,8.365258055458108,Other,2.0,20.0,0,5.0
2670630,Supermarket Simulator,2025-05,apr,1,1,1,1,3663.69,8.206226115227748,Other,2.0,20.0,0,5.0
2670630,Supermarket Simulator,2025-06,apr,1,1,1,2,3542.48,8.172582325818482,Other,2.0,20.0,0,5.0
2670630,Supermarket Simulator,2025-07,apr,1,1,1,3,4103.74,8.319654032017219,Other,2.0,20.0,0,5.0
1167630,Teardown,2025-01,apr,1,0,0,-3,2388.67,7.778492004674465,Other,2.0,20.0,0,5.0
1167630,Teardown,2025-02,apr,1,0,0,-2,2437.9,7.798892291972752,Other,2.0,20.0,0,5.0
1167630,Teardown,2025-03,apr,1,0,0,-1,2294.98,7.738479407859724,Other,2.0,20.0,0,5.0
1167630,Teardown,2025-04,apr,1,1,1,0,2057.73,7.629358712451857,Other,2.0,20.0,0,5.0
1167630,Teardown,2025-05,apr,1,1,1,1,2088.07,7.643995473344797,Other,2.0,20.0,0,5.0
1167630,Teardown,2025-06,apr,1,1,1,2,2262.81,7.724362682762753,Other,2.0,20.0,0,5.0
1167630,Teardown,2025-07,apr,1,1,1,3,2244.4,7.716193503876817,Other,2.0,20.0,0,5.0
1044720,Farthest Frontier,2025-01,apr,1,0,0,-3,1557.94,7.351119714777704,Other,2.0,20.0,0,5.0
1044720,Farthest Frontier,2025-02,apr,1,0,0,-2,1394.9,7.24057800709819,Other,2.0,20.0,0,5.0
1044720,Farthest Frontier,2025-03,apr,1,0,0,-1,1159.96,7.0561408007472455,Other,2.0,20.0,0,5.0
1044720,Farthest Frontier,2025-04,apr,1,1,1,0,1322.09,7.186969096763068,Other,2.0,20.0,0,5.0
1044720,Farthest Frontier,2025-05,apr,1,1,1,1,1373.92,7.225423246924175,Other,2.0,20.0,0,5.0
1044720,Farthest Frontier,2025-06,apr,1,1,1,2,1147.9,7.045689465071451,Other,2.0,20.0,0,5.0
1044720,Farthest Frontier,2025-07,apr,1,1,1,3,1378.89,7.229034106663882,Other,2.0,20.0,0,5.0
1942280,Brotato,2025-01,apr,1,0,0,-3,8936.13,9.097857888539368,Other,2.0,20.0,0,5.0
1942280,Brotato,2025-02,apr,1,0,0,-2,7397.14,8.908848718000623,Other,2.0,20.0,0,5.0
1942280,Brotato,2025-03,apr,1,0,0,-1,6952.39,8.846840764336067,Other,2.0,20.0,0,5.0
1942280,Brotato,2025-04,apr,1,1,1,0,6254.01,8.740978136993164,Other,2.0,20.0,0,5.0
1942280,Brotato,2025-05,apr,1,1,1,1,5646.91,8.638863771879814,Other,2.0,20.0,0,5.0
1942280,Brotato,2025-06,apr,1,1,1,2,5900.74,8.682833045757727,Other,2.0,20.0,0,5.0
1942280,Brotato,2025-07,apr,1,1,1,3,5871.1,8.677797288792574,Other,2.0,20.0,0,5.0
1040200,Crime Scene Cleaner,2025-01,apr,1,0,0,-3,1417.37,7.256558320637841,Other,2.0,20.0,0,5.0
1040200,Crime Scene Cleaner,2025-02,apr,1,0,0,-2,1329.13,7.192279871837587,Other,2.0,20.0,0,5.0
1040200,Crime Scene Cleaner,2025-03,apr,1,0,0,-1,896.78,6.798810569992765,Other,2.0,20.0,0,5.0
1040200,Crime Scene Cleaner,2025-04,apr,1,1,1,0,858.58,6.755279861785171,Other,2.0,20.0,0,5.0
1040200,Crime Scene Cleaner,2025-05,apr,1,1,1,1,1091.78,6.995564670806545,Other,2.0,20.0,0,5.0
1040200,Crime Scene Cleaner,2025-06,apr,1,1,1,2,804.12,6.68974851177308,Other,2.0,20.0,0,5.0
1040200,Crime Scene Cleaner,2025-07,apr,1,1,1,3,1648.94,7.4078879362093275,Other,2.0,20.0,0,5.0
2440510,Forza Motorsport,2025-01,apr,1,0,0,-3,616.71,6.424398897205691,Other,2.0,20.0,0,5.0
2440510,Forza Motorsport,2025-02,apr,1,0,0,-2,564.56,6.3360466666925745,Other,2.0,20.0,0,5.0
2440510,Forza Motorsport,2025-03,apr,1,0,0,-1,543.61,6.29823207798711,Other,2.0,20.0,0,5.0
2440510,Forza Motorsport,2025-04,apr,1,1,1,0,535.53,6.28325691072757,Other,2.0,20.0,0,5.0
2440510,Forza Motorsport,2025-05,apr,1,1,1,1,907.46,6.8106494880325945,Other,2.0,20.0,0,5.0
2440510,Forza Motorsport,2025-06,apr,1,1,1,2,854.55,6.7505750145945145,Other,2.0,20.0,0,5.0
2440510,Forza Motorsport,2025-07,apr,1,1,1,3,776.24,6.654461750717044,Other,2.0,20.0,0,5.0
1167630,Teardown,2025-01,apr,1,0,0,-3,2388.67,7.778492004674465,Other,2.0,20.0,0,5.0
1167630,Teardown,2025-02,apr,1,0,0,-2,2437.9,7.798892291972752,Other,2.0,20.0,0,5.0
1167630,Teardown,2025-03,apr,1,0,0,-1,2294.98,7.738479407859724,Other,2.0,20.0,0,5.0
1167630,Teardown,2025-04,apr,1,1,1,0,2057.73,7.629358712451857,Other,2.0,20.0,0,5.0
1167630,Teardown,2025-05,apr,1,1,1,1,2088.07,7.643995473344797,Other,2.0,20.0,0,5.0
1167630,Teardown,2025-06,apr,1,1,1,2,2262.81,7.724362682762753,Other,2.0,20.0,0,5.0
1167630,Teardown,2025-07,apr,1,1,1,3,2244.4,7.716193503876817,Other,2.0,20.0,0,5.0
1044720,Farthest Frontier,2025-01,apr,1,0,0,-3,1557.94,7.351119714777704,Other,2.0,20.0,0,5.0
1044720,Farthest Frontier,2025-02,apr,1,0,0,-2,1394.9,7.24057800709819,Other,2.0,20.0,0,5.0
1044720,Farthest Frontier,2025-03,apr,1,0,0,-1,1159.96,7.0561408007472455,Other,2.0,20.0,0,5.0
1044720,Farthest Frontier,2025-04,apr,1,1,1,0,1322.09,7.186969096763068,Other,2.0,20.0,0,5.0
1044720,Farthest Frontier,2025-05,apr,1,1,1,1,1373.92,7.225423246924175,Other,2.0,20.0,0,5.0
1044720,Farthest Frontier,2025-06,apr,1,1,1,2,1147.9,7.045689465071451,Other,2.0,20.0,0,5.0
1044720,Farthest Frontier,2025-07,apr,1,1,1,3,1378.89,7.229034106663882,Other,2.0,20.0,0,5.0
2440510,Forza Motorsport,2025-01,apr,1,0,0,-3,616.71,6.424398897205691,Other,2.0,20.0,0,5.0
2440510,Forza Motorsport,2025-02,apr,1,0,0,-2,564.56,6.3360466666925745,Other,2.0,20.0,0,5.0
2440510,Forza Motorsport,2025-03,apr,1,0,0,-1,543.61,6.29823207798711,Other,2.0,20.0,0,5.0
2440510,Forza Motorsport,2025-04,apr,1,1,1,0,535.53,6.28325691072757,Other,2.0,20.0,0,5.0
2440510,Forza Motorsport,2025-05,apr,1,1,1,1,907.46,6.8106494880325945,Other,2.0,20.0,0,5.0
2440510,Forza Motorsport,2025-06,apr,1,1,1,2,854.55,6.7505750145945145,Other,2.0,20.0,0,5.0
2440510,Forza Motorsport,2025-07,apr,1,1,1,3,776.24,6.654461750717044,Other,2.0,20.0,0,5.0
1176470,Terra Invicta,2025-01,apr,1,0,0,-3,532.76,6.27807104133283,Other,2.0,20.0,0,5.0
1176470,Terra Invicta,2025-02,apr,1,0,0,-2,443.8,6.095374010498493,Other,2.0,20.0,0,5.0
1176470,Terra Invicta,2025-03,apr,1,0,0,-1,531.65,6.275985378097095,Other,2.0,20.0,0,5.0
1176470,Terra Invicta,2025-04,apr,1,1,1,0,901.88,6.804481473518312,Other,2.0,20.0,0,5.0
1176470,Terra Invicta,2025-05,apr,1,1,1,1,811.63,6.699044571290193,Other,2.0,20.0,0,5.0
1176470,Terra Invicta,2025-06,apr,1,1,1,2,587.92,6.376590884220616,Other,2.0,20.0,0,5.0
1176470,Terra Invicta,2025-07,apr,1,1,1,3,446.01,6.100341373293369,Other,2.0,20.0,0,5.0
1040200,Crime Scene Cleaner,2025-01,apr,1,0,0,-3,1417.37,7.256558320637841,Other,2.0,20.0,0,5.0
1040200,Crime Scene Cleaner,2025-02,apr,1,0,0,-2,1329.13,7.192279871837587,Other,2.0,20.0,0,5.0
1040200,Crime Scene Cleaner,2025-03,apr,1,0,0,-1,896.78,6.798810569992765,Other,2.0,20.0,0,5.0
1040200,Crime Scene Cleaner,2025-04,apr,1,1,1,0,858.58,6.755279861785171,Other,2.0,20.0,0,5.0
1040200,Crime Scene Cleaner,2025-05,apr,1,1,1,1,1091.78,6.995564670806545,Other,2.0,20.0,0,5.0
1040200,Crime Scene Cleaner,2025-06,apr,1,1,1,2,804.12,6.68974851177308,Other,2.0,20.0,0,5.0
1040200,Crime Scene Cleaner,2025-07,apr,1,1,1,3,1648.94,7.4078879362093275,Other,2.0,20.0,0,5.0
1942280,Brotato,2025-01,apr,1,0,0,-3,8936.13,9.097857888539368,Other,2.0,20.0,0,5.0
1942280,Brotato,2025-02,apr,1,0,0,-2,7397.14,8.908848718000623,Other,2.0,20.0,0,5.0
1942280,Brotato,2025-03,apr,1,0,0,-1,6952.39,8.846840764336067,Other,2.0,20.0,0,5.0
1942280,Brotato,2025-04,apr,1,1,1,0,6254.01,8.740978136993164,Other,2.0,20.0,0,5.0
1942280,Brotato,2025-05,apr,1,1,1,1,5646.91,8.638863771879814,Other,2.0,20.0,0,5.0
1942280,Brotato,2025-06,apr,1,1,1,2,5900.74,8.682833045757727,Other,2.0,20.0,0,5.0
1942280,Brotato,2025-07,apr,1,1,1,3,5871.1,8.677797288792574,Other,2.0,20.0,0,5.0
1942280,Brotato,2025-01,apr,1,0,0,-3,8936.13,9.097857888539368,Other,2.0,20.0,0,5.0
1942280,Brotato,2025-02,apr,1,0,0,-2,7397.14,8.908848718000623,Other,2.0,20.0,0,5.0
1942280,Brotato,2025-03,apr,1,0,0,-1,6952.39,8.846840764336067,Other,2.0,20.0,0,5.0
1942280,Brotato,2025-04,apr,1,1,1,0,6254.01,8.740978136993164,Other,2.0,20.0,0,5.0
1942280,Brotato,2025-05,apr,1,1,1,1,5646.91,8.638863771879814,Other,2.0,20.0,0,5.0
1942280,Brotato,2025-06,apr,1,1,1,2,5900.74,8.682833045757727,Other,2.0,20.0,0,5.0
1942280,Brotato,2025-07,apr,1,1,1,3,5871.1,8.677797288792574,Other,2.0,20.0,0,5.0
1778820,TEKKEN 8,2025-01,apr,1,0,0,-3,6354.18,8.756868143040112,Other,2.0,20.0,0,5.0
1778820,TEKKEN 8,2025-02,apr,1,0,0,-2,5945.14,8.690329358048613,Other,2.0,20.0,0,5.0
1778820,TEKKEN 8,2025-03,apr,1,0,0,-1,5424.7,8.598717877340414,Other,2.0,20.0,0,5.0
1778820,TEKKEN 8,2025-04,apr,1,1,1,0,5518.43,8.615848678526165,Other,2.0,20.0,0,5.0
1778820,TEKKEN 8,2025-05,apr,1,1,1,1,4630.84,8.440493556110628,Other,2.0,20.0,0,5.0
1778820,TEKKEN 8,2025-06,apr,1,1,1,2,4627.31,8.439730984717626,Other,2.0,20.0,0,5.0
1778820,TEKKEN 8,2025-07,apr,1,1,1,3,5315.13,8.57831274955501,Other,2.0,20.0,0,5.0
965580,Root,2025-01,apr,1,0,0,-3,232.22,5.44768519819886,Other,2.0,20.0,0,5.0
965580,Root,2025-02,apr,1,0,0,-2,236.91,5.467680322177599,Other,2.0,20.0,0,5.0
965580,Root,2025-03,apr,1,0,0,-1,175.54,5.167866937163971,Other,2.0,20.0,0,5.0
965580,Root,2025-04,apr,1,1,1,0,163.56,5.097179895496441,Other,2.0,20.0,0,5.0
965580,Root,2025-05,apr,1,1,1,1,141.51,4.95237038596428,Other,2.0,20.0,0,5.0
965580,Root,2025-06,apr,1,1,1,2,150.45,5.013630803076055,Other,2.0,20.0,0,5.0
965580,Root,2025-07,apr,1,1,1,3,162.95,5.093443405283571,Other,2.0,20.0,0,5.0
1205970,MX vs ATV Legends,2025-01,apr,1,0,0,-3,153.13,5.031287233827117,Other,2.0,20.0,0,5.0
1205970,MX vs ATV Legends,2025-02,apr,1,0,0,-2,169.81,5.13468016495821,Other,2.0,20.0,0,5.0
1205970,MX vs ATV Legends,2025-03,apr,1,0,0,-1,155.88,5.049086480470509,Other,2.0,20.0,0,5.0
1205970,MX vs ATV Legends,2025-04,apr,1,1,1,0,138.67,4.932097009765773,Other,2.0,20.0,0,5.0
1205970,MX vs ATV Legends,2025-05,apr,1,1,1,1,176.93,5.175754174124911,Other,2.0,20.0,0,5.0
1205970,MX vs ATV Legends,2025-06,apr,1,1,1,2,179.99,5.192901293791388,Other,2.0,20.0,0,5.0
1205970,MX vs ATV Legends,2025-07,apr,1,1,1,3,212.24,5.357717709829484,Other,2.0,20.0,0,5.0
1062090,Timberborn,2025-01,apr,1,0,0,-3,3310.05,8.1047185739972,Other,2.0,20.0,0,5.0
1062090,Timberborn,2025-02,apr,1,0,0,-2,3847.55,8.255191861080187,Other,2.0,20.0,0,5.0
1062090,Timberborn,2025-03,apr,1,0,0,-1,3136.68,8.050920194699305,Other,2.0,20.0,0,5.0
1062090,Timberborn,2025-04,apr,1,1,1,0,3126.54,8.047682240784459,Other,2.0,20.0,0,5.0
1062090,Timberborn,2025-05,apr,1,1,1,1,5835.98,8.671797482632007,Other,2.0,20.0,0,5.0
1062090,Timberborn,2025-06,apr,1,1,1,2,4286.84,8.363305143764796,Other,2.0,20.0,0,5.0
1062090,Timberborn,2025-07,apr,1,1,1,3,3231.58,8.080726460701639,Other,2.0,20.0,0,5.0
1205970,MX vs ATV Legends,2025-01,apr,1,0,0,-3,153.13,5.031287233827117,Other,2.0,20.0,0,5.0
1205970,MX vs ATV Legends,2025-02,apr,1,0,0,-2,169.81,5.13468016495821,Other,2.0,20.0,0,5.0
1205970,MX vs ATV Legends,2025-03,apr,1,0,0,-1,155.88,5.049086480470509,Other,2.0,20.0,0,5.0
1205970,MX vs ATV Legends,2025-04,apr,1,1,1,0,138.67,4.932097009765773,Other,2.0,20.0,0,5.0
1205970,MX vs ATV Legends,2025-05,apr,1,1,1,1,176.93,5.175754174124911,Other,2.0,20.0,0,5.0
1205970,MX vs ATV Legends,2025-06,apr,1,1,1,2,179.99,5.192901293791388,Other,2.0,20.0,0,5.0
1205970,MX vs ATV Legends,2025-07,apr,1,1,1,3,212.24,5.357717709829484,Other,2.0,20.0,0,5.0
2763740,Revolution Idle,2025-01,apr,1,0,0,-3,7368.55,8.904976222271877,Other,2.0,20.0,0,5.0
2763740,Revolution Idle,2025-02,apr,1,0,0,-2,7360.45,8.903876351158216,Other,2.0,20.0,0,5.0
2763740,Revolution Idle,2025-03,apr,1,0,0,-1,6401.8,8.764334479804397,Other,2.0,20.0,0,5.0
2763740,Revolution Idle,2025-04,apr,1,1,1,0,6660.88,8.804006886937886,Other,2.0,20.0,0,5.0
2763740,Revolution Idle,2025-05,apr,1,1,1,1,14651.74,9.592314378723515,Other,2.0,20.0,0,5.0
2763740,Revolution Idle,2025-06,apr,1,1,1,2,13699.14,9.525088336123236,Other,2.0,20.0,0,5.0
2763740,Revolution Idle,2025-07,apr,1,1,1,3,12089.87,9.400123190862855,Other,2.0,20.0,0,5.0
305620,The Long Dark,2025-01,apr,1,0,0,-3,4642.53,8.443014755241522,Other,2.0,20.0,0,5.0
305620,The Long Dark,2025-02,apr,1,0,0,-2,2975.84,7.998281631066817,Other,2.0,20.0,0,5.0
305620,The Long Dark,2025-03,apr,1,0,0,-1,2444.37,7.8015426999950295,Other,2.0,20.0,0,5.0
305620,The Long Dark,2025-04,apr,1,1,1,0,3022.9,8.013971914510181,Other,2.0,20.0,0,5.0
305620,The Long Dark,2025-05,apr,1,1,1,1,3771.44,8.235212170377533,Other,2.0,20.0,0,5.0
305620,The Long Dark,2025-06,apr,1,1,1,2,2706.11,7.903267458311032,Other,2.0,20.0,0,5.0
305620,The Long Dark,2025-07,apr,1,1,1,3,2194.89,7.693887210358312,Other,2.0,20.0,0,5.0
850190,Goat Simulator 3,2025-01,apr,1,0,0,-3,417.02,6.033134182279374,Other,2.0,20.0,0,5.0
850190,Goat Simulator 3,2025-02,apr,1,0,0,-2,351.97,5.863545944693319,Other,2.0,20.0,0,5.0
850190,Goat Simulator 3,2025-03,apr,1,0,0,-1,444.82,6.097669705954298,Other,2.0,20.0,0,5.0
850190,Goat Simulator 3,2025-04,apr,1,1,1,0,370.93,5.9160133655599845,Other,2.0,20.0,0,5.0
850190,Goat Simulator 3,2025-05,apr,1,1,1,1,232.78,5.45009380151383,Other,2.0,20.0,0,5.0
850190,Goat Simulator 3,2025-06,apr,1,1,1,2,392.97,5.973733273077667,Other,2.0,20.0,0,5.0
850190,Goat Simulator 3,2025-07,apr,1,1,1,3,485.32,6.1848084671836725,Other,2.0,20.0,0,5.0
1874170,Shredders,2025-01,apr,1,0,0,-3,252.69,5.532163440995382,Other,2.0,20.0,0,5.0
1874170,Shredders,2025-02,apr,1,0,0,-2,232.2,5.4475990692637914,Other,2.0,20.0,0,5.0
1874170,Shredders,2025-03,apr,1,0,0,-1,193.54,5.265484209452796,Other,2.0,20.0,0,5.0
1874170,Shredders,2025-04,apr,1,1,1,0,108.1,4.683056724645162,Other,2.0,20.0,0,5.0
1874170,Shredders,2025-05,apr,1,1,1,1,60.28,4.099000373758295,Other,2.0,20.0,0,5.0
1874170,Shredders,2025-06,apr,1,1,1,2,47.42,3.8590440806372595,Other,2.0,20.0,0,5.0
1874170,Shredders,2025-07,apr,1,1,1,3,42.87,3.7581722806098856,Other,2.0,20.0,0,5.0
1641960,Forever Skies,2025-01,apr,1,0,0,-3,639.82,6.461186886795519,Other,2.0,20.0,0,5.0
1641960,Forever Skies,2025-02,apr,1,0,0,-2,289.51,5.668189838730813,Other,2.0,20.0,0,5.0
1641960,Forever Skies,2025-03,apr,1,0,0,-1,419.25,6.038467400703318,Other,2.0,20.0,0,5.0
1641960,Forever Skies,2025-04,apr,1,1,1,0,1568.85,7.358098145868387,Other,2.0,20.0,0,5.0
1641960,Forever Skies,2025-05,apr,1,1,1,1,570.28,6.3461274682857605,Other,2.0,20.0,0,5.0
1641960,Forever Skies,2025-06,apr,1,1,1,2,245.87,5.504802940966104,Other,2.0,20.0,0,5.0
1641960,Forever Skies,2025-07,apr,1,1,1,3,230.6,5.440684607834958,Other,2.0,20.0,0,5.0
410340,Liftoff®: FPV Drone Racing,2025-01,apr,1,0,0,-3,484.92,6.183983928878383,Other,2.0,20.0,0,5.0
410340,Liftoff®: FPV Drone Racing,2025-02,apr,1,0,0,-2,512.02,6.238363686776588,Other,2.0,20.0,0,5.0
410340,Liftoff®: FPV Drone Racing,2025-03,apr,1,0,0,-1,477.19,6.167914734430007,Other,2.0,20.0,0,5.0
410340,Liftoff®: FPV Drone Racing,2025-04,apr,1,1,1,0,461.02,6.1334414260035315,Other,2.0,20.0,0,5.0
410340,Liftoff®: FPV Drone Racing,2025-05,apr,1,1,1,1,445.46,6.099107456123338,Other,2.0,20.0,0,5.0
410340,Liftoff®: FPV Drone Racing,2025-06,apr,1,1,1,2,424.14,6.050063589410918,Other,2.0,20.0,0,5.0
410340,Liftoff®: FPV Drone Racing,2025-07,apr,1,1,1,3,441.9,6.0910836121366945,Other,2.0,20.0,0,5.0
1096530,Solasta: Crown of the Magister,2025-01,apr,1,0,0,-3,597.81,6.393272977712602,Other,2.0,20.0,0,5.0
1096530,Solasta: Crown of the Magister,2025-02,apr,1,0,0,-2,491.1,6.196647773045199,Other,2.0,20.0,0,5.0
1096530,Solasta: Crown of the Magister,2025-03,apr,1,0,0,-1,622.39,6.433566905897062,Other,2.0,20.0,0,5.0
1096530,Solasta: Crown of the Magister,2025-04,apr,1,1,1,0,410.85,6.018228184377197,Other,2.0,20.0,0,5.0
1096530,Solasta: Crown of the Magister,2025-05,apr,1,1,1,1,427.12,6.057065004191931,Other,2.0,20.0,0,5.0
1096530,Solasta: Crown of the Magister,2025-06,apr,1,1,1,2,377.59,5.933808950869816,Other,2.0,20.0,0,5.0
1096530,Solasta: Crown of the Magister,2025-07,apr,1,1,1,3,385.49,5.954515252329704,Other,2.0,20.0,0,5.0
926990,WolfQuest: Anniversary Edition,2025-01,apr,1,0,0,-3,630.84,6.447052264619357,Other,2.0,20.0,0,5.0
926990,WolfQuest: Anniversary Edition,2025-02,apr,1,0,0,-2,442.72,6.092937516038615,Other,2.0,20.0,0,5.0
926990,WolfQuest: Anniversary Edition,2025-03,apr,1,0,0,-1,395.73,5.980732160528938,Other,2.0,20.0,0,5.0
926990,WolfQuest: Anniversary Edition,2025-04,apr,1,1,1,0,383.27,5.948739701647985,Other,2.0,20.0,0,5.0
926990,WolfQuest: Anniversary Edition,2025-05,apr,1,1,1,1,496.5,6.2075834834852275,Other,2.0,20.0,0,5.0
926990,WolfQuest: Anniversary Edition,2025-06,apr,1,1,1,2,544.5,6.299867942373015,Other,2.0,20.0,0,5.0
926990,WolfQuest: Anniversary Edition,2025-07,apr,1,1,1,3,533.26,6.279009110105771,Other,2.0,20.0,0,5.0
2195410,Songs of Silence,2025-01,apr,1,0,0,-3,75.84,4.328625857946767,Other,2.0,20.0,0,5.0
2195410,Songs of Silence,2025-02,apr,1,0,0,-2,47.0,3.8501476017100584,Other,2.0,20.0,0,5.0
2195410,Songs of Silence,2025-03,apr,1,0,0,-1,36.17,3.5882300459640066,Other,2.0,20.0,0,5.0
2195410,Songs of Silence,2025-04,apr,1,1,1,0,47.16,3.85354607566917,Other,2.0,20.0,0,5.0
2195410,Songs of Silence,2025-05,apr,1,1,1,1,67.98,4.21921354426797,Other,2.0,20.0,0,5.0
2195410,Songs of Silence,2025-06,apr,1,1,1,2,51.37,3.9390543444791764,Other,2.0,20.0,0,5.0
2195410,Songs of Silence,2025-07,apr,1,1,1,3,77.05,4.344454561766125,Other,2.0,20.0,0,5.0
1815780,Asphalt Legends,2025-01,apr,1,0,0,-3,1166.01,7.061342943202992,Other,2.0,20.0,0,5.0
1815780,Asphalt Legends,2025-02,apr,1,0,0,-2,1122.76,7.023545218630477,Other,2.0,20.0,0,5.0
1815780,Asphalt Legends,2025-03,apr,1,0,0,-1,1137.56,7.036640896686765,Other,2.0,20.0,0,5.0
1815780,Asphalt Legends,2025-04,apr,1,1,1,0,1208.74,7.0973337737239754,Other,2.0,20.0,0,5.0
1815780,Asphalt Legends,2025-05,apr,1,1,1,1,1183.96,7.076620031089482,Other,2.0,20.0,0,5.0
1815780,Asphalt Legends,2025-06,apr,1,1,1,2,1162.06,7.057949571190686,Other,2.0,20.0,0,5.0
1815780,Asphalt Legends,2025-07,apr,1,1,1,3,1181.91,7.074887052935105,Other,2.0,20.0,0,5.0
1643310,Dungeons 4,2025-01,apr,1,0,0,-3,195.97,5.277961586290963,Other,2.0,20.0,0,5.0
1643310,Dungeons 4,2025-02,apr,1,0,0,-2,139.64,4.939067682236836,Other,2.0,20.0,0,5.0
1643310,Dungeons 4,2025-03,apr,1,0,0,-1,116.52,4.758062932091234,Other,2.0,20.0,0,5.0
1643310,Dungeons 4,2025-04,apr,1,1,1,0,134.8,4.9037921984782065,Other,2.0,20.0,0,5.0
1643310,Dungeons 4,2025-05,apr,1,1,1,1,101.67,4.62173227428707,Other,2.0,20.0,0,5.0
1643310,Dungeons 4,2025-06,apr,1,1,1,2,161.24,5.082893938248965,Other,2.0,20.0,0,5.0
1643310,Dungeons 4,2025-07,apr,1,1,1,3,190.69,5.250649072846535,Other,2.0,20.0,0,5.0
784950,SUPREMACY: WORLD WAR 3,2025-01,apr,1,0,0,-3,625.43,6.438439413172899,Other,2.0,20.0,0,5.0
784950,SUPREMACY: WORLD WAR 3,2025-02,apr,1,0,0,-2,607.04,6.40859468674665,Other,2.0,20.0,0,5.0
784950,SUPREMACY: WORLD WAR 3,2025-03,apr,1,0,0,-1,587.65,6.376131532578863,Other,2.0,20.0,0,5.0
784950,SUPREMACY: WORLD WAR 3,2025-04,apr,1,1,1,0,558.02,6.324394804032898,Other,2.0,20.0,0,5.0
784950,SUPREMACY: WORLD WAR 3,2025-05,apr,1,1,1,1,520.13,6.254078780330681,Other,2.0,20.0,0,5.0
784950,SUPREMACY: WORLD WAR 3,2025-06,apr,1,1,1,2,512.68,6.239651868861623,Other,2.0,20.0,0,5.0
784950,SUPREMACY: WORLD WAR 3,2025-07,apr,1,1,1,3,650.58,6.477864272712146,Other,2.0,20.0,0,5.0
2646460,Soulmask,2025-01,apr,1,0,0,-3,3108.16,8.041786190213966,Other,2.0,20.0,0,5.0
2646460,Soulmask,2025-02,apr,1,0,0,-2,2977.5,7.998839301229455,Other,2.0,20.0,0,5.0
2646460,Soulmask,2025-03,apr,1,0,0,-1,2269.16,7.727164997939389,Other,2.0,20.0,0,5.0
2646460,Soulmask,2025-04,apr,1,1,1,0,2257.14,7.721853804136159,Other,2.0,20.0,0,5.0
2646460,Soulmask,2025-05,apr,1,1,1,1,2033.15,7.617341593493855,Other,2.0,20.0,0,5.0
2646460,Soulmask,2025-06,apr,1,1,1,2,3483.68,8.155844485304009,Other,2.0,20.0,0,5.0
2646460,Soulmask,2025-07,apr,1,1,1,3,2407.39,7.786298452078072,Other,2.0,20.0,0,5.0
2698780,ContractVille,2025-01,apr,1,0,0,-3,585.75,6.372893077387905,Other,2.0,20.0,0,5.0
2698780,ContractVille,2025-02,apr,1,0,0,-2,471.61,6.156152372848923,Other,2.0,20.0,0,5.0
2698780,ContractVille,2025-03,apr,1,0,0,-1,479.47,6.172681327194157,Other,2.0,20.0,0,5.0
2698780,ContractVille,2025-04,apr,1,1,1,0,316.47,5.757228450361827,Other,2.0,20.0,0,5.0
2698780,ContractVille,2025-05,apr,1,1,1,1,239.58,5.478887390303185,Other,2.0,20.0,0,5.0
2698780,ContractVille,2025-06,apr,1,1,1,2,244.8,5.500441550638171,Other,2.0,20.0,0,5.0
2698780,ContractVille,2025-07,apr,1,1,1,3,253.65,5.535955364012699,Other,2.0,20.0,0,5.0
1458140,Pacific Drive,2025-01,apr,1,0,0,-3,657.72,6.488779308846025,Other,2.0,20.0,0,5.0
1458140,Pacific Drive,2025-02,apr,1,0,0,-2,676.99,6.517656501754438,Other,2.0,20.0,0,5.0
1458140,Pacific Drive,2025-03,apr,1,0,0,-1,752.67,6.623626884729654,Other,2.0,20.0,0,5.0
1458140,Pacific Drive,2025-04,apr,1,1,1,0,911.1,6.814652660719813,Other,2.0,20.0,0,5.0
1458140,Pacific Drive,2025-05,apr,1,1,1,1,658.96,6.490662834632993,Other,2.0,20.0,0,5.0
1458140,Pacific Drive,2025-06,apr,1,1,1,2,488.89,6.1921375152948235,Other,2.0,20.0,0,5.0
1458140,Pacific Drive,2025-07,apr,1,1,1,3,462.28,6.136170768107241,Other,2.0,20.0,0,5.0
1324780,Easy Red 2,2025-01,apr,1,0,0,-3,171.99,5.147436335588401,Other,2.0,20.0,0,5.0
1324780,Easy Red 2,2025-02,apr,1,0,0,-2,186.26,5.227143547093512,Other,2.0,20.0,0,5.0
1324780,Easy Red 2,2025-03,apr,1,0,0,-1,999.59,6.907345194909157,Other,2.0,20.0,0,5.0
1324780,Easy Red 2,2025-04,apr,1,1,1,0,1463.59,7.288647600653823,Other,2.0,20.0,0,5.0
1324780,Easy Red 2,2025-05,apr,1,1,1,1,814.8,6.70294268435265,Other,2.0,20.0,0,5.0
1324780,Easy Red 2,2025-06,apr,1,1,1,2,526.92,6.267048734361627,Other,2.0,20.0,0,5.0
1324780,Easy Red 2,2025-07,apr,1,1,1,3,561.41,6.3304514763804685,Other,2.0,20.0,0,5.0
1705180,"Gunner, HEAT, PC!",2025-01,apr,1,0,0,-3,96.56,4.570164576789276,Other,2.0,20.0,0,5.0
1705180,"Gunner, HEAT, PC!",2025-02,apr,1,0,0,-2,127.51,4.848194792895451,Other,2.0,20.0,0,5.0
1705180,"Gunner, HEAT, PC!",2025-03,apr,1,0,0,-1,100.59,4.611052849146247,Other,2.0,20.0,0,5.0
1705180,"Gunner, HEAT, PC!",2025-04,apr,1,1,1,0,101.43,4.619368905387905,Other,2.0,20.0,0,5.0
1705180,"Gunner, HEAT, PC!",2025-05,apr,1,1,1,1,137.01,4.920053915865017,Other,2.0,20.0,0,5.0
1705180,"Gunner, HEAT, PC!",2025-06,apr,1,1,1,2,99.41,4.599252712224054,Other,2.0,20.0,0,5.0
1705180,"Gunner, HEAT, PC!",2025-07,apr,1,1,1,3,102.82,4.632979886627359,Other,2.0,20.0,0,5.0
2208570,Dark Hours,2025-01,apr,1,0,0,-3,308.08,5.730359489506653,Other,2.0,20.0,0,5.0
2208570,Dark Hours,2025-02,apr,1,0,0,-2,265.38,5.58116276110829,Other,2.0,20.0,0,5.0
2208570,Dark Hours,2025-03,apr,1,0,0,-1,408.45,6.012369507787878,Other,2.0,20.0,0,5.0
2208570,Dark Hours,2025-04,apr,1,1,1,0,186.79,5.229984991171212,Other,2.0,20.0,0,5.0
2208570,Dark Hours,2025-05,apr,1,1,1,1,213.89,5.365461864177367,Other,2.0,20.0,0,5.0
2208570,Dark Hours,2025-06,apr,1,1,1,2,156.9,5.055608659738987,Other,2.0,20.0,0,5.0
2208570,Dark Hours,2025-07,apr,1,1,1,3,144.04,4.970091038780675,Other,2.0,20.0,0,5.0
1357210,Galactic Civilizations IV,2025-01,apr,1,0,0,-3,351.14,5.8611850043410625,Other,2.0,20.0,0,5.0
1357210,Galactic Civilizations IV,2025-02,apr,1,0,0,-2,257.35,5.550437026098764,Other,2.0,20.0,0,5.0
1357210,Galactic Civilizations IV,2025-03,apr,1,0,0,-1,315.64,5.7546023236528345,Other,2.0,20.0,0,5.0
1357210,Galactic Civilizations IV,2025-04,apr,1,1,1,0,247.81,5.5126623235058965,Other,2.0,20.0,0,5.0
1357210,Galactic Civilizations IV,2025-05,apr,1,1,1,1,331.56,5.803808788723326,Other,2.0,20.0,0,5.0
1357210,Galactic Civilizations IV,2025-06,apr,1,1,1,2,336.44,5.818419827094236,Other,2.0,20.0,0,5.0
1357210,Galactic Civilizations IV,2025-07,apr,1,1,1,3,304.87,5.7198854562375985,Other,2.0,20.0,0,5.0
1533390,Gorilla Tag,2025-01,apr,1,0,0,-3,1183.31,7.076070875297084,Other,2.0,20.0,0,5.0
1533390,Gorilla Tag,2025-02,apr,1,0,0,-2,1094.96,6.998473111903011,Other,2.0,20.0,0,5.0
1533390,Gorilla Tag,2025-03,apr,1,0,0,-1,968.31,6.875552283942037,Other,2.0,20.0,0,5.0
1533390,Gorilla Tag,2025-04,apr,1,1,1,0,790.02,6.672058261596307,Other,2.0,20.0,0,5.0
1533390,Gorilla Tag,2025-05,apr,1,1,1,1,658.35,6.489736704802353,Other,2.0,20.0,0,5.0
1533390,Gorilla Tag,2025-06,apr,1,1,1,2,669.15,6.506008250242384,Other,2.0,20.0,0,5.0
1533390,Gorilla Tag,2025-07,apr,1,1,1,3,685.63,6.53033812361913,Other,2.0,20.0,0,5.0
2208570,Dark Hours,2025-01,apr,1,0,0,-3,308.08,5.730359489506653,Other,2.0,20.0,0,5.0
2208570,Dark Hours,2025-02,apr,1,0,0,-2,265.38,5.58116276110829,Other,2.0,20.0,0,5.0
2208570,Dark Hours,2025-03,apr,1,0,0,-1,408.45,6.012369507787878,Other,2.0,20.0,0,5.0
2208570,Dark Hours,2025-04,apr,1,1,1,0,186.79,5.229984991171212,Other,2.0,20.0,0,5.0
2208570,Dark Hours,2025-05,apr,1,1,1,1,213.89,5.365461864177367,Other,2.0,20.0,0,5.0
2208570,Dark Hours,2025-06,apr,1,1,1,2,156.9,5.055608659738987,Other,2.0,20.0,0,5.0
2208570,Dark Hours,2025-07,apr,1,1,1,3,144.04,4.970091038780675,Other,2.0,20.0,0,5.0
314650,SpaceEngine,2025-01,apr,1,0,0,-3,159.66,5.073046554217653,Other,2.0,20.0,0,5.0
314650,SpaceEngine,2025-02,apr,1,0,0,-2,157.14,5.0571371277476755,Other,2.0,20.0,0,5.0
314650,SpaceEngine,2025-03,apr,1,0,0,-1,178.9,5.186826990514674,Other,2.0,20.0,0,5.0
314650,SpaceEngine,2025-04,apr,1,1,1,0,147.23,4.991995989877317,Other,2.0,20.0,0,5.0
314650,SpaceEngine,2025-05,apr,1,1,1,1,146.91,4.989820154382335,Other,2.0,20.0,0,5.0
314650,SpaceEngine,2025-06,apr,1,1,1,2,143.34,4.9652194305657735,Other,2.0,20.0,0,5.0
314650,SpaceEngine,2025-07,apr,1,1,1,3,147.76,4.995589335890984,Other,2.0,20.0,0,5.0
702320,March of Empires,2025-01,apr,1,0,0,-3,911.32,6.81489409793085,Other,2.0,20.0,0,5.0
702320,March of Empires,2025-02,apr,1,0,0,-2,921.14,6.825612033389368,Other,2.0,20.0,0,5.0
702320,March of Empires,2025-03,apr,1,0,0,-1,907.52,6.810715604463653,Other,2.0,20.0,0,5.0
702320,March of Empires,2025-04,apr,1,1,1,0,875.09,6.774326738211038,Other,2.0,20.0,0,5.0
702320,March of Empires,2025-05,apr,1,1,1,1,866.6,6.764577509305809,Other,2.0,20.0,0,5.0
702320,March of Empires,2025-06,apr,1,1,1,2,866.29,6.7642197254842085,Other,2.0,20.0,0,5.0
702320,March of Empires,2025-07,apr,1,1,1,3,766.87,6.642317295476521,Other,2.0,20.0,0,5.0
2163330,Yet Another Zombie Survivors,2025-01,apr,1,0,0,-3,408.01,6.011291683907723,Other,2.0,20.0,0,5.0
2163330,Yet Another Zombie Survivors,2025-02,apr,1,0,0,-2,333.58,5.809882716649027,Other,2.0,20.0,0,5.0
2163330,Yet Another Zombie Survivors,2025-03,apr,1,0,0,-1,803.91,6.689487322614676,Other,2.0,20.0,0,5.0
2163330,Yet Another Zombie Survivors,2025-04,apr,1,1,1,0,545.58,6.301849448965877,Other,2.0,20.0,0,5.0
2163330,Yet Another Zombie Survivors,2025-05,apr,1,1,1,1,417.48,6.034236638951851,Other,2.0,20.0,0,5.0
2163330,Yet Another Zombie Survivors,2025-06,apr,1,1,1,2,389.87,5.965813350222454,Other,2.0,20.0,0,5.0
2163330,Yet Another Zombie Survivors,2025-07,apr,1,1,1,3,373.55,5.923051864421811,Other,2.0,20.0,0,5.0
1857090,Norland,2025-01,apr,1,0,0,-3,508.94,6.2323301314098085,Other,2.0,20.0,0,5.0
1857090,Norland,2025-02,apr,1,0,0,-2,392.31,5.972052343586521,Other,2.0,20.0,0,5.0
1857090,Norland,2025-03,apr,1,0,0,-1,420.69,6.041896220406669,Other,2.0,20.0,0,5.0
1857090,Norland,2025-04,apr,1,1,1,0,418.73,6.037226320804645,Other,2.0,20.0,0,5.0
1857090,Norland,2025-05,apr,1,1,1,1,389.68,5.9653258894982875,Other,2.0,20.0,0,5.0
1857090,Norland,2025-06,apr,1,1,1,2,306.42,5.724956709887608,Other,2.0,20.0,0,5.0
1857090,Norland,2025-07,apr,1,1,1,3,679.32,6.521092297836569,Other,2.0,20.0,0,5.0
1357210,Galactic Civilizations IV,2025-01,apr,1,0,0,-3,351.14,5.8611850043410625,Other,2.0,20.0,0,5.0
1357210,Galactic Civilizations IV,2025-02,apr,1,0,0,-2,257.35,5.550437026098764,Other,2.0,20.0,0,5.0
1357210,Galactic Civilizations IV,2025-03,apr,1,0,0,-1,315.64,5.7546023236528345,Other,2.0,20.0,0,5.0
1357210,Galactic Civilizations IV,2025-04,apr,1,1,1,0,247.81,5.5126623235058965,Other,2.0,20.0,0,5.0
1357210,Galactic Civilizations IV,2025-05,apr,1,1,1,1,331.56,5.803808788723326,Other,2.0,20.0,0,5.0
1357210,Galactic Civilizations IV,2025-06,apr,1,1,1,2,336.44,5.818419827094236,Other,2.0,20.0,0,5.0
1357210,Galactic Civilizations IV,2025-07,apr,1,1,1,3,304.87,5.7198854562375985,Other,2.0,20.0,0,5.0
1272320,Diplomacy is Not an Option,2025-01,apr,1,0,0,-3,716.18,6.573931532013848,Other,2.0,20.0,0,5.0
1272320,Diplomacy is Not an Option,2025-02,apr,1,0,0,-2,565.39,6.337515758509518,Other,2.0,20.0,0,5.0
1272320,Diplomacy is Not an Option,2025-03,apr,1,0,0,-1,720.85,6.580431071257912,Other,2.0,20.0,0,5.0
1272320,Diplomacy is Not an Option,2025-04,apr,1,1,1,0,792.2,6.674813885187817,Other,2.0,20.0,0,5.0
1272320,Diplomacy is Not an Option,2025-05,apr,1,1,1,1,859.67,6.756548594677606,Other,2.0,20.0,0,5.0
1272320,Diplomacy is Not an Option,2025-06,apr,1,1,1,2,487.6,6.189495397607116,Other,2.0,20.0,0,5.0
1272320,Diplomacy is Not an Option,2025-07,apr,1,1,1,3,508.33,6.231130842974854,Other,2.0,20.0,0,5.0
2111630,JR EAST Train Simulator,2025-01,apr,1,0,0,-3,79.64,4.377516479195996,Other,2.0,20.0,0,5.0
2111630,JR EAST Train Simulator,2025-02,apr,1,0,0,-2,80.74,4.391234115424795,Other,2.0,20.0,0,5.0
2111630,JR EAST Train Simulator,2025-03,apr,1,0,0,-1,93.24,4.535176814167556,Other,2.0,20.0,0,5.0
2111630,JR EAST Train Simulator,2025-04,apr,1,1,1,0,77.14,4.345621952780082,Other,2.0,20.0,0,5.0
2111630,JR EAST Train Simulator,2025-05,apr,1,1,1,1,84.51,4.436869870556391,Other,2.0,20.0,0,5.0
2111630,JR EAST Train Simulator,2025-06,apr,1,1,1,2,82.69,4.415098675734075,Other,2.0,20.0,0,5.0
2111630,JR EAST Train Simulator,2025-07,apr,1,1,1,3,77.88,4.3551691805039985,Other,2.0,20.0,0,5.0
919640,Steel Division 2,2025-01,apr,1,0,0,-3,475.94,6.16529179586623,Other,2.0,20.0,0,5.0
919640,Steel Division 2,2025-02,apr,1,0,0,-2,436.24,6.078192550617806,Other,2.0,20.0,0,5.0
919640,Steel Division 2,2025-03,apr,1,0,0,-1,419.24,6.038443548301976,Other,2.0,20.0,0,5.0
919640,Steel Division 2,2025-04,apr,1,1,1,0,386.2,5.956355369994414,Other,2.0,20.0,0,5.0
919640,Steel Division 2,2025-05,apr,1,1,1,1,424.78,6.0515713878401005,Other,2.0,20.0,0,5.0
919640,Steel Division 2,2025-06,apr,1,1,1,2,336.82,5.819548663027908,Other,2.0,20.0,0,5.0
919640,Steel Division 2,2025-07,apr,1,1,1,3,313.36,5.747352689357576,Other,2.0,20.0,0,5.0
919640,Steel Division 2,2025-01,apr,1,0,0,-3,475.94,6.16529179586623,Other,2.0,20.0,0,5.0
919640,Steel Division 2,2025-02,apr,1,0,0,-2,436.24,6.078192550617806,Other,2.0,20.0,0,5.0
919640,Steel Division 2,2025-03,apr,1,0,0,-1,419.24,6.038443548301976,Other,2.0,20.0,0,5.0
919640,Steel Division 2,2025-04,apr,1,1,1,0,386.2,5.956355369994414,Other,2.0,20.0,0,5.0
919640,Steel Division 2,2025-05,apr,1,1,1,1,424.78,6.0515713878401005,Other,2.0,20.0,0,5.0
919640,Steel Division 2,2025-06,apr,1,1,1,2,336.82,5.819548663027908,Other,2.0,20.0,0,5.0
919640,Steel Division 2,2025-07,apr,1,1,1,3,313.36,5.747352689357576,Other,2.0,20.0,0,5.0
2389040,ShapeHero Factory,2025-01,apr,1,0,0,-3,170.41,5.138207298119301,Other,2.0,20.0,0,5.0
2389040,ShapeHero Factory,2025-02,apr,1,0,0,-2,93.93,4.542549824006424,Other,2.0,20.0,0,5.0
2389040,ShapeHero Factory,2025-03,apr,1,0,0,-1,124.84,4.827032917402579,Other,2.0,20.0,0,5.0
2389040,ShapeHero Factory,2025-04,apr,1,1,1,0,69.65,4.243482700225814,Other,2.0,20.0,0,5.0
2389040,ShapeHero Factory,2025-05,apr,1,1,1,1,93.23,4.535069558308602,Other,2.0,20.0,0,5.0
2389040,ShapeHero Factory,2025-06,apr,1,1,1,2,61.62,4.120986493168521,Other,2.0,20.0,0,5.0
2389040,ShapeHero Factory,2025-07,apr,1,1,1,3,87.61,4.4728951466782725,Other,2.0,20.0,0,5.0
291480,Warface: Clutch,2025-01,apr,1,0,0,-3,327.66,5.791976485392118,Other,2.0,20.0,0,5.0
291480,Warface: Clutch,2025-02,apr,1,0,0,-2,307.11,5.727205989599789,Other,2.0,20.0,0,5.0
291480,Warface: Clutch,2025-03,apr,1,0,0,-1,310.72,5.73889218510296,Other,2.0,20.0,0,5.0
291480,Warface: Clutch,2025-04,apr,1,1,1,0,326.48,5.78836869109755,Other,2.0,20.0,0,5.0
291480,Warface: Clutch,2025-05,apr,1,1,1,1,291.31,5.674387992246747,Other,2.0,20.0,0,5.0
291480,Warface: Clutch,2025-06,apr,1,1,1,2,273.15,5.610021094841726,Other,2.0,20.0,0,5.0
291480,Warface: Clutch,2025-07,apr,1,1,1,3,256.82,5.548375450403128,Other,2.0,20.0,0,5.0
1548850,Six Days in Fallujah,2025-01,apr,1,0,0,-3,230.64,5.440858053330147,Other,2.0,20.0,0,5.0
1548850,Six Days in Fallujah,2025-02,apr,1,0,0,-2,165.68,5.110058217087329,Other,2.0,20.0,0,5.0
1548850,Six Days in Fallujah,2025-03,apr,1,0,0,-1,155.68,5.047802618437695,Other,2.0,20.0,0,5.0
1548850,Six Days in Fallujah,2025-04,apr,1,1,1,0,156.04,5.050112384638456,Other,2.0,20.0,0,5.0
1548850,Six Days in Fallujah,2025-05,apr,1,1,1,1,160.05,5.075486266415872,Other,2.0,20.0,0,5.0
1548850,Six Days in Fallujah,2025-06,apr,1,1,1,2,124.03,4.820523471827238,Other,2.0,20.0,0,5.0
1548850,Six Days in Fallujah,2025-07,apr,1,1,1,3,122.93,4.811615087679249,Other,2.0,20.0,0,5.0
2378900,The Coffin of Andy and Leyley,2025-01,apr,1,0,0,-3,103.81,4.642562305205154,Other,2.0,20.0,0,5.0
2378900,The Coffin of Andy and Leyley,2025-02,apr,1,0,0,-2,75.4,4.32280727501391,Other,2.0,20.0,0,5.0
2378900,The Coffin of Andy and Leyley,2025-03,apr,1,0,0,-1,93.14,4.534103737554231,Other,2.0,20.0,0,5.0
2378900,The Coffin of Andy and Leyley,2025-04,apr,1,1,1,0,1185.67,7.07806329463428,Other,2.0,20.0,0,5.0
2378900,The Coffin of Andy and Leyley,2025-05,apr,1,1,1,1,417.29,6.03378142373501,Other,2.0,20.0,0,5.0
2378900,The Coffin of Andy and Leyley,2025-06,apr,1,1,1,2,314.41,5.750697866665008,Other,2.0,20.0,0,5.0
2378900,The Coffin of Andy and Leyley,2025-07,apr,1,1,1,3,304.77,5.719557393771563,Other,2.0,20.0,0,5.0
469600,Legion TD 2 - Multiplayer Tower Defense,2025-01,apr,1,0,0,-3,838.54,6.731662284359204,Other,2.0,20.0,0,5.0
469600,Legion TD 2 - Multiplayer Tower Defense,2025-02,apr,1,0,0,-2,819.75,6.708999415724757,Other,2.0,20.0,0,5.0
469600,Legion TD 2 - Multiplayer Tower Defense,2025-03,apr,1,0,0,-1,865.07,6.762810428513132,Other,2.0,20.0,0,5.0
469600,Legion TD 2 - Multiplayer Tower Defense,2025-04,apr,1,1,1,0,798.19,6.682346664347731,Other,2.0,20.0,0,5.0
469600,Legion TD 2 - Multiplayer Tower Defense,2025-05,apr,1,1,1,1,788.86,6.670588865304359,Other,2.0,20.0,0,5.0
469600,Legion TD 2 - Multiplayer Tower Defense,2025-06,apr,1,1,1,2,748.27,6.617763875410008,Other,2.0,20.0,0,5.0
469600,Legion TD 2 - Multiplayer Tower Defense,2025-07,apr,1,1,1,3,849.53,6.744683255379543,Other,2.0,20.0,0,5.0
304050,Trove,2025-01,apr,1,0,0,-3,766.31,6.641586787610643,Other,2.0,20.0,0,5.0
304050,Trove,2025-02,apr,1,0,0,-2,826.56,6.717272509907476,Other,2.0,20.0,0,5.0
304050,Trove,2025-03,apr,1,0,0,-1,782.07,6.6619442506056625,Other,2.0,20.0,0,5.0
304050,Trove,2025-04,apr,1,1,1,0,809.43,6.69633029624711,Other,2.0,20.0,0,5.0
304050,Trove,2025-05,apr,1,1,1,1,813.74,6.701640904660789,Other,2.0,20.0,0,5.0
304050,Trove,2025-06,apr,1,1,1,2,765.95,6.6411168934587055,Other,2.0,20.0,0,5.0
304050,Trove,2025-07,apr,1,1,1,3,903.45,6.80622076815784,Other,2.0,20.0,0,5.0
1272320,Diplomacy is Not an Option,2025-01,apr,1,0,0,-3,716.18,6.573931532013848,Other,2.0,20.0,0,5.0
1272320,Diplomacy is Not an Option,2025-02,apr,1,0,0,-2,565.39,6.337515758509518,Other,2.0,20.0,0,5.0
1272320,Diplomacy is Not an Option,2025-03,apr,1,0,0,-1,720.85,6.580431071257912,Other,2.0,20.0,0,5.0
1272320,Diplomacy is Not an Option,2025-04,apr,1,1,1,0,792.2,6.674813885187817,Other,2.0,20.0,0,5.0
1272320,Diplomacy is Not an Option,2025-05,apr,1,1,1,1,859.67,6.756548594677606,Other,2.0,20.0,0,5.0
1272320,Diplomacy is Not an Option,2025-06,apr,1,1,1,2,487.6,6.189495397607116,Other,2.0,20.0,0,5.0
1272320,Diplomacy is Not an Option,2025-07,apr,1,1,1,3,508.33,6.231130842974854,Other,2.0,20.0,0,5.0
463530,Empires of the Undergrowth,2025-01,apr,1,0,0,-3,590.51,6.380986570295041,Other,2.0,20.0,0,5.0
463530,Empires of the Undergrowth,2025-02,apr,1,0,0,-2,482.66,6.179312472027467,Other,2.0,20.0,0,5.0
463530,Empires of the Undergrowth,2025-03,apr,1,0,0,-1,564.85,6.336560209172938,Other,2.0,20.0,0,5.0
463530,Empires of the Undergrowth,2025-04,apr,1,1,1,0,538.2,6.2882302382928055,Other,2.0,20.0,0,5.0
463530,Empires of the Undergrowth,2025-05,apr,1,1,1,1,453.61,6.117237798025915,Other,2.0,20.0,0,5.0
463530,Empires of the Undergrowth,2025-06,apr,1,1,1,2,415.7,6.029963846258592,Other,2.0,20.0,0,5.0
463530,Empires of the Undergrowth,2025-07,apr,1,1,1,3,475.39,6.164135519786893,Other,2.0,20.0,0,5.0
2111630,JR EAST Train Simulator,2025-01,apr,1,0,0,-3,79.64,4.377516479195996,Other,2.0,20.0,0,5.0
2111630,JR EAST Train Simulator,2025-02,apr,1,0,0,-2,80.74,4.391234115424795,Other,2.0,20.0,0,5.0
2111630,JR EAST Train Simulator,2025-03,apr,1,0,0,-1,93.24,4.535176814167556,Other,2.0,20.0,0,5.0
2111630,JR EAST Train Simulator,2025-04,apr,1,1,1,0,77.14,4.345621952780082,Other,2.0,20.0,0,5.0
2111630,JR EAST Train Simulator,2025-05,apr,1,1,1,1,84.51,4.436869870556391,Other,2.0,20.0,0,5.0
2111630,JR EAST Train Simulator,2025-06,apr,1,1,1,2,82.69,4.415098675734075,Other,2.0,20.0,0,5.0
2111630,JR EAST Train Simulator,2025-07,apr,1,1,1,3,77.88,4.3551691805039985,Other,2.0,20.0,0,5.0
204360,Castle Crashers®,2025-01,apr,1,0,0,-3,896.14,6.79809665076917,Other,2.0,20.0,0,5.0
204360,Castle Crashers®,2025-02,apr,1,0,0,-2,1420.0,7.258412150595307,Other,2.0,20.0,0,5.0
204360,Castle Crashers®,2025-03,apr,1,0,0,-1,726.94,6.5888439431785475,Other,2.0,20.0,0,5.0
204360,Castle Crashers®,2025-04,apr,1,1,1,0,504.38,6.223329952234061,Other,2.0,20.0,0,5.0
204360,Castle Crashers®,2025-05,apr,1,1,1,1,526.55,6.266346293826606,Other,2.0,20.0,0,5.0
204360,Castle Crashers®,2025-06,apr,1,1,1,2,522.92,6.2594284886936595,Other,2.0,20.0,0,5.0
204360,Castle Crashers®,2025-07,apr,1,1,1,3,847.23,6.741972204425123,Other,2.0,20.0,0,5.0
247000,Talisman: Digital Classic Edition,2025-01,apr,1,0,0,-3,198.1,5.288771953704505,Other,2.0,20.0,0,5.0
247000,Talisman: Digital Classic Edition,2025-02,apr,1,0,0,-2,176.28,5.172073639973786,Other,2.0,20.0,0,5.0
247000,Talisman: Digital Classic Edition,2025-03,apr,1,0,0,-1,131.46,4.87870262283543,Other,2.0,20.0,0,5.0
247000,Talisman: Digital Classic Edition,2025-04,apr,1,1,1,0,112.69,4.724640685964258,Other,2.0,20.0,0,5.0
247000,Talisman: Digital Classic Edition,2025-05,apr,1,1,1,1,111.8,4.716711560720999,Other,2.0,20.0,0,5.0
247000,Talisman: Digital Classic Edition,2025-06,apr,1,1,1,2,104.16,4.6459281784602595,Other,2.0,20.0,0,5.0
247000,Talisman: Digital Classic Edition,2025-07,apr,1,1,1,3,89.47,4.493903373559505,Other,2.0,20.0,0,5.0
381210,Dead by Daylight,2024-10,control,0,0,0,999,39697.1,10.589033416148215,Other,2.0,20.0,0,5.0
381210,Dead by Daylight,2024-11,control,0,0,0,999,38567.86,10.560174566126578,Other,2.0,20.0,0,5.0
381210,Dead by Daylight,2024-12,control,0,0,0,999,31374.61,10.353754246077944,Other,2.0,20.0,0,5.0
381210,Dead by Daylight,2025-01,control,0,0,0,999,30521.87,10.326198754818893,Other,2.0,20.0,0,5.0
381210,Dead by Daylight,2025-02,control,0,0,0,999,35637.13,10.481143350845038,Other,2.0,20.0,0,5.0
381210,Dead by Daylight,2025-03,control,0,0,0,999,31725.69,10.364882041755056,Other,2.0,20.0,0,5.0
381210,Dead by Daylight,2025-04,control,0,0,0,999,41449.36,10.632227720154733,Other,2.0,20.0,0,5.0
381210,Dead by Daylight,2025-05,control,0,0,0,999,42186.57,10.649857202927459,Other,2.0,20.0,0,5.0
381210,Dead by Daylight,2025-06,control,0,0,0,999,56489.89,10.941816963070112,Other,2.0,20.0,0,5.0
381210,Dead by Daylight,2025-07,control,0,0,0,999,63536.57,11.059370924622657,Other,2.0,20.0,0,5.0
230410,Warframe,2024-10,control,0,0,0,999,53567.35,10.888695019665612,Other,2.0,20.0,0,5.0
230410,Warframe,2024-11,control,0,0,0,999,47673.68,10.77213474261809,Other,2.0,20.0,0,5.0
230410,Warframe,2024-12,control,0,0,0,999,56169.3,10.936125623280407,Other,2.0,20.0,0,5.0
230410,Warframe,2025-01,control,0,0,0,999,53438.63,10.886289171654369,Other,2.0,20.0,0,5.0
230410,Warframe,2025-02,control,0,0,0,999,54616.04,10.908082891483962,Other,2.0,20.0,0,5.0
230410,Warframe,2025-03,control,0,0,0,999,53343.44,10.884506287594997,Other,2.0,20.0,0,5.0
230410,Warframe,2025-04,control,0,0,0,999,46433.86,10.74578421346188,Other,2.0,20.0,0,5.0
230410,Warframe,2025-05,control,0,0,0,999,43464.03,10.679688978457515,Other,2.0,20.0,0,5.0
230410,Warframe,2025-06,control,0,0,0,999,43444.33,10.679235627356714,Other,2.0,20.0,0,5.0
230410,Warframe,2025-07,control,0,0,0,999,48453.91,10.788368315817086,Other,2.0,20.0,0,5.0
236390,War Thunder,2024-10,control,0,0,0,999,57521.7,10.959917546895603,Other,2.0,20.0,0,5.0
236390,War Thunder,2024-11,control,0,0,0,999,62102.74,11.03654538933146,Other,2.0,20.0,0,5.0
236390,War Thunder,2024-12,control,0,0,0,999,62586.84,11.04431031134593,Other,2.0,20.0,0,5.0
236390,War Thunder,2025-01,control,0,0,0,999,62799.68,11.047705256901907,Other,2.0,20.0,0,5.0
236390,War Thunder,2025-02,control,0,0,0,999,60266.48,11.006531340922175,Other,2.0,20.0,0,5.0
236390,War Thunder,2025-03,control,0,0,0,999,59213.78,10.988909564055572,Other,2.0,20.0,0,5.0
236390,War Thunder,2025-04,control,0,0,0,999,56004.88,10.93319410877771,Other,2.0,20.0,0,5.0
236390,War Thunder,2025-05,control,0,0,0,999,57740.43,10.963712900366197,Other,2.0,20.0,0,5.0
236390,War Thunder,2025-06,control,0,0,0,999,56334.82,10.93906809542142,Other,2.0,20.0,0,5.0
236390,War Thunder,2025-07,control,0,0,0,999,52813.64,10.874524769665376,Other,2.0,20.0,0,5.0
1174180,Red Dead Redemption 2,2024-10,control,0,0,0,999,22053.12,10.001209367463932,Other,2.0,20.0,0,5.0
1174180,Red Dead Redemption 2,2024-11,control,0,0,0,999,25328.8,10.139697367218947,Other,2.0,20.0,0,5.0
1174180,Red Dead Redemption 2,2024-12,control,0,0,0,999,34007.24,10.434328722106015,Other,2.0,20.0,0,5.0
1174180,Red Dead Redemption 2,2025-01,control,0,0,0,999,39036.15,10.572243418860793,Other,2.0,20.0,0,5.0
1174180,Red Dead Redemption 2,2025-02,control,0,0,0,999,48805.74,10.795603207875022,Other,2.0,20.0,0,5.0
1174180,Red Dead Redemption 2,2025-03,control,0,0,0,999,33844.02,10.429517600990913,Other,2.0,20.0,0,5.0
1174180,Red Dead Redemption 2,2025-04,control,0,0,0,999,34992.68,10.46289417574099,Other,2.0,20.0,0,5.0
1174180,Red Dead Redemption 2,2025-05,control,0,0,0,999,32330.11,10.38375427312631,Other,2.0,20.0,0,5.0
1174180,Red Dead Redemption 2,2025-06,control,0,0,0,999,32365.12,10.384836578681682,Other,2.0,20.0,0,5.0
1174180,Red Dead Redemption 2,2025-07,control,0,0,0,999,38297.32,10.55313519883011,Other,2.0,20.0,0,5.0
227300,Euro Truck Simulator 2,2024-10,control,0,0,0,999,24608.79,10.110858975171082,Other,2.0,20.0,0,5.0
227300,Euro Truck Simulator 2,2024-11,control,0,0,0,999,25055.67,10.128855428205714,Other,2.0,20.0,0,5.0
227300,Euro Truck Simulator 2,2024-12,control,0,0,0,999,33759.75,10.427024543469205,Other,2.0,20.0,0,5.0
227300,Euro Truck Simulator 2,2025-01,control,0,0,0,999,31856.36,10.368992327093965,Other,2.0,20.0,0,5.0
227300,Euro Truck Simulator 2,2025-02,control,0,0,0,999,27652.13,10.227458038341535,Other,2.0,20.0,0,5.0
227300,Euro Truck Simulator 2,2025-03,control,0,0,0,999,27638.45,10.226963198161556,Other,2.0,20.0,0,5.0
227300,Euro Truck Simulator 2,2025-04,control,0,0,0,999,24923.27,10.123557184196503,Other,2.0,20.0,0,5.0
227300,Euro Truck Simulator 2,2025-05,control,0,0,0,999,22759.92,10.032756373295602,Other,2.0,20.0,0,5.0
227300,Euro Truck Simulator 2,2025-06,control,0,0,0,999,22666.31,10.028634960072216,Other,2.0,20.0,0,5.0
227300,Euro Truck Simulator 2,2025-07,control,0,0,0,999,27132.21,10.208476861974097,Other,2.0,20.0,0,5.0
1551360,Forza Horizon 5,2024-10,control,0,0,0,999,9189.38,9.125803748438418,Other,2.0,20.0,0,5.0
1551360,Forza Horizon 5,2024-11,control,0,0,0,999,9389.79,9.147378207734974,Other,2.0,20.0,0,5.0
1551360,Forza Horizon 5,2024-12,control,0,0,0,999,12988.63,9.471829638359864,Other,2.0,20.0,0,5.0
1551360,Forza Horizon 5,2025-01,control,0,0,0,999,11862.48,9.381135756931515,Other,2.0,20.0,0,5.0
1551360,Forza Horizon 5,2025-02,control,0,0,0,999,10737.08,9.2814584502772,Other,2.0,20.0,0,5.0
1551360,Forza Horizon 5,2025-03,control,0,0,0,999,11491.68,9.349378574253778,Other,2.0,20.0,0,5.0
1551360,Forza Horizon 5,2025-04,control,0,0,0,999,10599.57,9.268568713239599,Other,2.0,20.0,0,5.0
1551360,Forza Horizon 5,2025-05,control,0,0,0,999,14611.95,9.58959496606426,Other,2.0,20.0,0,5.0
1551360,Forza Horizon 5,2025-06,control,0,0,0,999,13732.43,9.527515467807097,Other,2.0,20.0,0,5.0
1551360,Forza Horizon 5,2025-07,control,0,0,0,999,13006.22,9.473182983555912,Other,2.0,20.0,0,5.0
1172470,Apex Legends™,2024-10,control,0,0,0,999,85102.53,11.351612043849276,Other,2.0,20.0,0,5.0
1172470,Apex Legends™,2024-11,control,0,0,0,999,91362.07,11.422585682251372,Other,2.0,20.0,0,5.0
1172470,Apex Legends™,2024-12,control,0,0,0,999,74196.38,11.21447064090335,Other,2.0,20.0,0,5.0
1172470,Apex Legends™,2025-01,control,0,0,0,999,69580.22,11.150235610529046,Other,2.0,20.0,0,5.0
1172470,Apex Legends™,2025-02,control,0,0,0,999,95099.47,11.462678675436985,Other,2.0,20.0,0,5.0
1172470,Apex Legends™,2025-03,control,0,0,0,999,90276.4,11.41063135419489,Other,2.0,20.0,0,5.0
1172470,Apex Legends™,2025-04,control,0,0,0,999,106840.8,11.579095155028137,Other,2.0,20.0,0,5.0
1172470,Apex Legends™,2025-05,control,0,0,0,999,134646.62,11.810408995808084,Other,2.0,20.0,0,5.0
1172470,Apex Legends™,2025-06,control,0,0,0,999,106933.93,11.57996644609132,Other,2.0,20.0,0,5.0
1172470,Apex Legends™,2025-07,control,0,0,0,999,90567.12,11.413846512254597,Other,2.0,20.0,0,5.0
553850,HELLDIVERS™ 2,2024-10,control,0,0,0,999,30407.27,10.32243700354061,Other,2.0,20.0,0,5.0
553850,HELLDIVERS™ 2,2024-11,control,0,0,0,999,29650.66,10.297239663874587,Other,2.0,20.0,0,5.0
553850,HELLDIVERS™ 2,2024-12,control,0,0,0,999,56734.54,10.9461384753223,Other,2.0,20.0,0,5.0
553850,HELLDIVERS™ 2,2025-01,control,0,0,0,999,46838.92,10.754469760229778,Other,2.0,20.0,0,5.0
553850,HELLDIVERS™ 2,2025-02,control,0,0,0,999,53276.32,10.883247233759823,Other,2.0,20.0,0,5.0
553850,HELLDIVERS™ 2,2025-03,control,0,0,0,999,38521.25,10.558965316060524,Other,2.0,20.0,0,5.0
553850,HELLDIVERS™ 2,2025-04,control,0,0,0,999,27965.66,10.238732607906924,Other,2.0,20.0,0,5.0
553850,HELLDIVERS™ 2,2025-05,control,0,0,0,999,60291.32,11.006943425421916,Other,2.0,20.0,0,5.0
553850,HELLDIVERS™ 2,2025-06,control,0,0,0,999,53136.43,10.880618036025819,Other,2.0,20.0,0,5.0
553850,HELLDIVERS™ 2,2025-07,control,0,0,0,999,37951.75,10.544070895067573,Other,2.0,20.0,0,5.0
552990,World of Warships,2024-10,control,0,0,0,999,6794.66,8.823892288541604,Other,2.0,20.0,0,5.0
552990,World of Warships,2024-11,control,0,0,0,999,6980.86,8.850927397335846,Other,2.0,20.0,0,5.0
552990,World of Warships,2024-12,control,0,0,0,999,8747.15,9.076483212009526,Other,2.0,20.0,0,5.0
552990,World of Warships,2025-01,control,0,0,0,999,7584.18,8.933819777830422,Other,2.0,20.0,0,5.0
552990,World of Warships,2025-02,control,0,0,0,999,6391.12,8.762664805878325,Other,2.0,20.0,0,5.0
552990,World of Warships,2025-03,control,0,0,0,999,6745.2,8.81658641979603,Other,2.0,20.0,0,5.0
552990,World of Warships,2025-04,control,0,0,0,999,6630.23,8.799394773377593,Other,2.0,20.0,0,5.0
552990,World of Warships,2025-05,control,0,0,0,999,9936.47,9.20396710579204,Other,2.0,20.0,0,5.0
552990,World of Warships,2025-06,control,0,0,0,999,7661.0,8.94389780251682,Other,2.0,20.0,0,5.0
552990,World of Warships,2025-07,control,0,0,0,999,8714.17,9.072705715323448,Other,2.0,20.0,0,5.0
578080,PUBG: BATTLEGROUNDS,2024-10,control,0,0,0,999,293349.98,12.589121646176059,Other,2.0,20.0,0,5.0
578080,PUBG: BATTLEGROUNDS,2024-11,control,0,0,0,999,315613.2,12.662272692174268,Other,2.0,20.0,0,5.0
578080,PUBG: BATTLEGROUNDS,2024-12,control,0,0,0,999,321097.93,12.679501433466978,Other,2.0,20.0,0,5.0
578080,PUBG: BATTLEGROUNDS,2025-01,control,0,0,0,999,307550.31,12.63639396260219,Other,2.0,20.0,0,5.0
578080,PUBG: BATTLEGROUNDS,2025-02,control,0,0,0,999,316776.38,12.665951378062008,Other,2.0,20.0,0,5.0
578080,PUBG: BATTLEGROUNDS,2025-03,control,0,0,0,999,345527.34,12.752827050752312,Other,2.0,20.0,0,5.0
578080,PUBG: BATTLEGROUNDS,2025-04,control,0,0,0,999,317441.03,12.668047347781043,Other,2.0,20.0,0,5.0
578080,PUBG: BATTLEGROUNDS,2025-05,control,0,0,0,999,305253.18,12.628896809609104,Other,2.0,20.0,0,5.0
578080,PUBG: BATTLEGROUNDS,2025-06,control,0,0,0,999,309892.01,12.643979160932977,Other,2.0,20.0,0,5.0
578080,PUBG: BATTLEGROUNDS,2025-07,control,0,0,0,999,303261.31,12.622350122071248,Other,2.0,20.0,0,5.0
1085660,Destiny 2,2024-10,control,0,0,0,999,36169.31,10.49596624818138,Other,2.0,20.0,0,5.0
1085660,Destiny 2,2024-11,control,0,0,0,999,30113.48,10.312728191017888,Other,2.0,20.0,0,5.0
1085660,Destiny 2,2024-12,control,0,0,0,999,20929.85,9.948931648668067,Other,2.0,20.0,0,5.0
1085660,Destiny 2,2025-01,control,0,0,0,999,18542.26,9.827807730288443,Other,2.0,20.0,0,5.0
1085660,Destiny 2,2025-02,control,0,0,0,999,40162.49,10.600688754435598,Other,2.0,20.0,0,5.0
1085660,Destiny 2,2025-03,control,0,0,0,999,30967.84,10.340704525620525,Other,2.0,20.0,0,5.0
1085660,Destiny 2,2025-04,control,0,0,0,999,22845.9,10.03652694915046,Other,2.0,20.0,0,5.0
1085660,Destiny 2,2025-05,control,0,0,0,999,27371.7,10.217264911907108,Other,2.0,20.0,0,5.0
1085660,Destiny 2,2025-06,control,0,0,0,999,21027.89,9.953604930805245,Other,2.0,20.0,0,5.0
1085660,Destiny 2,2025-07,control,0,0,0,999,41220.28,10.626685647240398,Other,2.0,20.0,0,5.0
2139460,Once Human,2024-10,control,0,0,0,999,55669.27,10.927183568104331,Other,2.0,20.0,0,5.0
2139460,Once Human,2024-11,control,0,0,0,999,43065.15,10.67046936432414,Other,2.0,20.0,0,5.0
2139460,Once Human,2024-12,control,0,0,0,999,30377.41,10.32145451905926,Other,2.0,20.0,0,5.0
2139460,Once Human,2025-01,control,0,0,0,999,28780.79,10.267463429682415,Other,2.0,20.0,0,5.0
2139460,Once Human,2025-02,control,0,0,0,999,22484.05,10.020561447923086,Other,2.0,20.0,0,5.0
2139460,Once Human,2025-03,control,0,0,0,999,20493.94,9.927884511669225,Other,2.0,20.0,0,5.0
2139460,Once Human,2025-04,control,0,0,0,999,23824.04,10.078450433901562,Other,2.0,20.0,0,5.0
2139460,Once Human,2025-05,control,0,0,0,999,33834.18,10.429226813113301,Other,2.0,20.0,0,5.0
2139460,Once Human,2025-06,control,0,0,0,999,26132.63,10.170940004042915,Other,2.0,20.0,0,5.0
2139460,Once Human,2025-07,control,0,0,0,999,26591.04,10.188329595920482,Other,2.0,20.0,0,5.0
2840770,Avatar: Frontiers of Pandora™,2024-10,control,0,0,0,999,159.96,5.074923783978618,Other,2.0,20.0,0,5.0
2840770,Avatar: Frontiers of Pandora™,2024-11,control,0,0,0,999,213.19,5.362183786876451,Other,2.0,20.0,0,5.0
2840770,Avatar: Frontiers of Pandora™,2024-12,control,0,0,0,999,519.09,6.2520772785366665,Other,2.0,20.0,0,5.0
2840770,Avatar: Frontiers of Pandora™,2025-01,control,0,0,0,999,837.2,6.730062990571844,Other,2.0,20.0,0,5.0
2840770,Avatar: Frontiers of Pandora™,2025-02,control,0,0,0,999,405.72,6.005663266507795,Other,2.0,20.0,0,5.0
2840770,Avatar: Frontiers of Pandora™,2025-03,control,0,0,0,999,920.01,6.82438453954923,Other,2.0,20.0,0,5.0
2840770,Avatar: Frontiers of Pandora™,2025-04,control,0,0,0,999,341.44,5.833171968113389,Other,2.0,20.0,0,5.0
2840770,Avatar: Frontiers of Pandora™,2025-05,control,0,0,0,999,326.95,5.789807254007285,Other,2.0,20.0,0,5.0
2840770,Avatar: Frontiers of Pandora™,2025-06,control,0,0,0,999,294.2,5.6842598081673374,Other,2.0,20.0,0,5.0
2840770,Avatar: Frontiers of Pandora™,2025-07,control,0,0,0,999,668.07,6.504392958465675,Other,2.0,20.0,0,5.0
1326470,Sons Of The Forest,2024-10,control,0,0,0,999,6820.92,8.82774963910038,Other,2.0,20.0,0,5.0
1326470,Sons Of The Forest,2024-11,control,0,0,0,999,13790.02,9.53170042111262,Other,2.0,20.0,0,5.0
1326470,Sons Of The Forest,2024-12,control,0,0,0,999,16985.78,9.740131802413385,Other,2.0,20.0,0,5.0
1326470,Sons Of The Forest,2025-01,control,0,0,0,999,17323.03,9.759792109079092,Other,2.0,20.0,0,5.0
1326470,Sons Of The Forest,2025-02,control,0,0,0,999,9338.01,9.141848446423435,Other,2.0,20.0,0,5.0
1326470,Sons Of The Forest,2025-03,control,0,0,0,999,11098.59,9.314573352204782,Other,2.0,20.0,0,5.0
1326470,Sons Of The Forest,2025-04,control,0,0,0,999,12970.78,9.47045441428403,Other,2.0,20.0,0,5.0
1326470,Sons Of The Forest,2025-05,control,0,0,0,999,6460.17,8.773410912219868,Other,2.0,20.0,0,5.0
1326470,Sons Of The Forest,2025-06,control,0,0,0,999,7913.08,8.976272365503748,Other,2.0,20.0,0,5.0
1326470,Sons Of The Forest,2025-07,control,0,0,0,999,18785.91,9.840862399741324,Other,2.0,20.0,0,5.0
1449850,Yu-Gi-Oh! Master Duel,2024-10,control,0,0,0,999,18356.37,9.817731932208504,Other,2.0,20.0,0,5.0
1449850,Yu-Gi-Oh! Master Duel,2024-11,control,0,0,0,999,18538.91,9.827627045590031,Other,2.0,20.0,0,5.0
1449850,Yu-Gi-Oh! Master Duel,2024-12,control,0,0,0,999,17112.7,9.747576156891446,Other,2.0,20.0,0,5.0
1449850,Yu-Gi-Oh! Master Duel,2025-01,control,0,0,0,999,16043.59,9.683064671838908,Other,2.0,20.0,0,5.0
1449850,Yu-Gi-Oh! Master Duel,2025-02,control,0,0,0,999,24730.44,10.11579015251246,Other,2.0,20.0,0,5.0
1449850,Yu-Gi-Oh! Master Duel,2025-03,control,0,0,0,999,19069.69,9.855855442563017,Other,2.0,20.0,0,5.0
1449850,Yu-Gi-Oh! Master Duel,2025-04,control,0,0,0,999,18122.09,9.80488691510893,Other,2.0,20.0,0,5.0
1449850,Yu-Gi-Oh! Master Duel,2025-05,control,0,0,0,999,17271.66,9.75682228696152,Other,2.0,20.0,0,5.0
1449850,Yu-Gi-Oh! Master Duel,2025-06,control,0,0,0,999,16319.66,9.700125794967748,Other,2.0,20.0,0,5.0
1449850,Yu-Gi-Oh! Master Duel,2025-07,control,0,0,0,999,14939.59,9.611770015204483,Other,2.0,20.0,0,5.0
427520,Factorio,2024-10,control,0,0,0,999,30768.18,10.334236318045457,Other,2.0,20.0,0,5.0
427520,Factorio,2024-11,control,0,0,0,999,54228.89,10.900969071250188,Other,2.0,20.0,0,5.0
427520,Factorio,2024-12,control,0,0,0,999,30834.96,10.336404390197576,Other,2.0,20.0,0,5.0
427520,Factorio,2025-01,control,0,0,0,999,23679.94,10.072383555210948,Other,2.0,20.0,0,5.0
427520,Factorio,2025-02,control,0,0,0,999,18513.65,9.826263576835737,Other,2.0,20.0,0,5.0
427520,Factorio,2025-03,control,0,0,0,999,16946.86,9.737837844910096,Other,2.0,20.0,0,5.0
427520,Factorio,2025-04,control,0,0,0,999,16247.47,9.695692483328886,Other,2.0,20.0,0,5.0
427520,Factorio,2025-05,control,0,0,0,999,16073.96,9.684955850278836,Other,2.0,20.0,0,5.0
427520,Factorio,2025-06,control,0,0,0,999,17432.4,9.766085822666838,Other,2.0,20.0,0,5.0
427520,Factorio,2025-07,control,0,0,0,999,15146.04,9.62549439063159,Other,2.0,20.0,0,5.0
2141910,Magic: The Gathering Arena,2024-10,control,0,0,0,999,6115.85,8.718639040914312,Other,2.0,20.0,0,5.0
2141910,Magic: The Gathering Arena,2024-11,control,0,0,0,999,6499.89,8.779540532663608,Other,2.0,20.0,0,5.0
2141910,Magic: The Gathering Arena,2024-12,control,0,0,0,999,5387.17,8.591775479635736,Other,2.0,20.0,0,5.0
2141910,Magic: The Gathering Arena,2025-01,control,0,0,0,999,5368.46,8.588296367975612,Other,2.0,20.0,0,5.0
2141910,Magic: The Gathering Arena,2025-02,control,0,0,0,999,6148.79,8.724010593475663,Other,2.0,20.0,0,5.0
2141910,Magic: The Gathering Arena,2025-03,control,0,0,0,999,5850.85,8.674342228816302,Other,2.0,20.0,0,5.0
2141910,Magic: The Gathering Arena,2025-04,control,0,0,0,999,6627.57,8.798993500159458,Other,2.0,20.0,0,5.0
2141910,Magic: The Gathering Arena,2025-05,control,0,0,0,999,6411.85,8.765903119818878,Other,2.0,20.0,0,5.0
2141910,Magic: The Gathering Arena,2025-06,control,0,0,0,999,8669.72,9.067591773982034,Other,2.0,20.0,0,5.0
2141910,Magic: The Gathering Arena,2025-07,control,0,0,0,999,8644.56,9.064685500350173,Other,2.0,20.0,0,5.0
270880,American Truck Simulator,2024-10,control,0,0,0,999,6925.54,8.842971306354737,Other,2.0,20.0,0,5.0
270880,American Truck Simulator,2024-11,control,0,0,0,999,6759.58,8.818716036929336,Other,2.0,20.0,0,5.0
270880,American Truck Simulator,2024-12,control,0,0,0,999,7456.78,8.916878964627697,Other,2.0,20.0,0,5.0
270880,American Truck Simulator,2025-01,control,0,0,0,999,7556.17,8.930119727044858,Other,2.0,20.0,0,5.0
270880,American Truck Simulator,2025-02,control,0,0,0,999,6918.68,8.841980278971258,Other,2.0,20.0,0,5.0
270880,American Truck Simulator,2025-03,control,0,0,0,999,7123.85,8.871203588601132,Other,2.0,20.0,0,5.0
270880,American Truck Simulator,2025-04,control,0,0,0,999,7637.73,8.9408557175927,Other,2.0,20.0,0,5.0
270880,American Truck Simulator,2025-05,control,0,0,0,999,6263.47,8.742489623618429,Other,2.0,20.0,0,5.0
270880,American Truck Simulator,2025-06,control,0,0,0,999,6005.69,8.700462632159558,Other,2.0,20.0,0,5.0
270880,American Truck Simulator,2025-07,control,0,0,0,999,7756.28,8.956258116793947,Other,2.0,20.0,0,5.0
648800,Raft,2024-10,control,0,0,0,999,5778.67,8.661928831382252,Other,2.0,20.0,0,5.0
648800,Raft,2024-11,control,0,0,0,999,5983.79,8.696809425455632,Other,2.0,20.0,0,5.0
648800,Raft,2024-12,control,0,0,0,999,9605.24,9.170064061876433,Other,2.0,20.0,0,5.0
648800,Raft,2025-01,control,0,0,0,999,9343.73,9.142460809102579,Other,2.0,20.0,0,5.0
648800,Raft,2025-02,control,0,0,0,999,7717.65,8.951265192533398,Other,2.0,20.0,0,5.0
648800,Raft,2025-03,control,0,0,0,999,8527.73,9.051078485491667,Other,2.0,20.0,0,5.0
648800,Raft,2025-04,control,0,0,0,999,6419.69,8.76712510891381,Other,2.0,20.0,0,5.0
648800,Raft,2025-05,control,0,0,0,999,6583.22,8.792279266323101,Other,2.0,20.0,0,5.0
648800,Raft,2025-06,control,0,0,0,999,7315.8,8.897791671794273,Other,2.0,20.0,0,5.0
648800,Raft,2025-07,control,0,0,0,999,8947.24,9.099100383821778,Other,2.0,20.0,0,5.0
440,Team Fortress 2,2024-10,control,0,0,0,999,52663.55,10.871678844374763,Other,2.0,20.0,0,5.0
440,Team Fortress 2,2024-11,control,0,0,0,999,51794.45,10.855038279650225,Other,2.0,20.0,0,5.0
440,Team Fortress 2,2024-12,control,0,0,0,999,68682.9,11.137255538930686,Other,2.0,20.0,0,5.0
440,Team Fortress 2,2025-01,control,0,0,0,999,47976.48,10.778466169800797,Other,2.0,20.0,0,5.0
440,Team Fortress 2,2025-02,control,0,0,0,999,42205.35,10.650302269239731,Other,2.0,20.0,0,5.0
440,Team Fortress 2,2025-03,control,0,0,0,999,43816.4,10.687763455507152,Other,2.0,20.0,0,5.0
440,Team Fortress 2,2025-04,control,0,0,0,999,40713.6,10.614317467948382,Other,2.0,20.0,0,5.0
440,Team Fortress 2,2025-05,control,0,0,0,999,41675.36,10.63766534585403,Other,2.0,20.0,0,5.0
440,Team Fortress 2,2025-06,control,0,0,0,999,44741.34,10.708653185422603,Other,2.0,20.0,0,5.0
440,Team Fortress 2,2025-07,control,0,0,0,999,44977.34,10.713914086370224,Other,2.0,20.0,0,5.0
281990,Stellaris,2024-10,control,0,0,0,999,11862.65,9.381150087727594,Other,2.0,20.0,0,5.0
281990,Stellaris,2024-11,control,0,0,0,999,14465.38,9.579513487372816,Other,2.0,20.0,0,5.0
281990,Stellaris,2024-12,control,0,0,0,999,15404.18,9.642394180143079,Other,2.0,20.0,0,5.0
281990,Stellaris,2025-01,control,0,0,0,999,17663.88,9.779277155575485,Other,2.0,20.0,0,5.0
281990,Stellaris,2025-02,control,0,0,0,999,13882.75,9.538402341237425,Other,2.0,20.0,0,5.0
281990,Stellaris,2025-03,control,0,0,0,999,12684.54,9.448139208072739,Other,2.0,20.0,0,5.0
281990,Stellaris,2025-04,control,0,0,0,999,12832.31,9.459721488168602,Other,2.0,20.0,0,5.0
281990,Stellaris,2025-05,control,0,0,0,999,22102.42,10.003442383773352,Other,2.0,20.0,0,5.0
281990,Stellaris,2025-06,control,0,0,0,999,15107.94,9.622975712418583,Other,2.0,20.0,0,5.0
281990,Stellaris,2025-07,control,0,0,0,999,11642.9,9.36245183114846,Other,2.0,20.0,0,5.0
431960,Wallpaper Engine,2024-10,control,0,0,0,999,77269.23,11.255051095820388,Other,2.0,20.0,0,5.0
431960,Wallpaper Engine,2024-11,control,0,0,0,999,78950.51,11.276576479447598,Other,2.0,20.0,0,5.0
431960,Wallpaper Engine,2024-12,control,0,0,0,999,78859.99,11.27542928062461,Other,2.0,20.0,0,5.0
431960,Wallpaper Engine,2025-01,control,0,0,0,999,85101.64,11.351601585821133,Other,2.0,20.0,0,5.0
431960,Wallpaper Engine,2025-02,control,0,0,0,999,83550.38,11.333205082187943,Other,2.0,20.0,0,5.0
431960,Wallpaper Engine,2025-03,control,0,0,0,999,79350.01,11.281623851978491,Other,2.0,20.0,0,5.0
431960,Wallpaper Engine,2025-04,control,0,0,0,999,76914.2,11.250445793843644,Other,2.0,20.0,0,5.0
431960,Wallpaper Engine,2025-05,control,0,0,0,999,76381.82,11.243499988722904,Other,2.0,20.0,0,5.0
431960,Wallpaper Engine,2025-06,control,0,0,0,999,82572.79,11.32143548635255,Other,2.0,20.0,0,5.0
431960,Wallpaper Engine,2025-07,control,0,0,0,999,85157.49,11.352257644641627,Other,2.0,20.0,0,5.0
594650,Hunt: Showdown 1896,2024-10,control,0,0,0,999,13788.64,9.531600343733867,Other,2.0,20.0,0,5.0
594650,Hunt: Showdown 1896,2024-11,control,0,0,0,999,12439.28,9.42861448680468,Other,2.0,20.0,0,5.0
594650,Hunt: Showdown 1896,2024-12,control,0,0,0,999,14692.83,9.595114898673573,Other,2.0,20.0,0,5.0
594650,Hunt: Showdown 1896,2025-01,control,0,0,0,999,15081.26,9.621208192448133,Other,2.0,20.0,0,5.0
594650,Hunt: Showdown 1896,2025-02,control,0,0,0,999,12411.76,9.426399689254996,Other,2.0,20.0,0,5.0
594650,Hunt: Showdown 1896,2025-03,control,0,0,0,999,11878.76,9.38250721036459,Other,2.0,20.0,0,5.0
594650,Hunt: Showdown 1896,2025-04,control,0,0,0,999,13772.57,9.530434211926078,Other,2.0,20.0,0,5.0
594650,Hunt: Showdown 1896,2025-05,control,0,0,0,999,10278.54,9.237813505576582,Other,2.0,20.0,0,5.0
594650,Hunt: Showdown 1896,2025-06,control,0,0,0,999,12467.92,9.430914224440592,Other,2.0,20.0,0,5.0
594650,Hunt: Showdown 1896,2025-07,control,0,0,0,999,13622.57,9.519483255001585,Other,2.0,20.0,0,5.0
546560,Half-Life: Alyx,2024-10,control,0,0,0,999,305.96,5.723454374453665,Other,2.0,20.0,0,5.0
546560,Half-Life: Alyx,2024-11,control,0,0,0,999,487.99,6.190294913839908,Other,2.0,20.0,0,5.0
546560,Half-Life: Alyx,2024-12,control,0,0,0,999,585.73,6.37285893254548,Other,2.0,20.0,0,5.0
546560,Half-Life: Alyx,2025-01,control,0,0,0,999,520.64,6.255058824030673,Other,2.0,20.0,0,5.0
546560,Half-Life: Alyx,2025-02,control,0,0,0,999,334.07,5.811350551856028,Other,2.0,20.0,0,5.0
546560,Half-Life: Alyx,2025-03,control,0,0,0,999,445.79,6.099847989116507,Other,2.0,20.0,0,5.0
546560,Half-Life: Alyx,2025-04,control,0,0,0,999,318.68,5.764187464512165,Other,2.0,20.0,0,5.0
546560,Half-Life: Alyx,2025-05,control,0,0,0,999,257.56,5.5512527026699825,Other,2.0,20.0,0,5.0
546560,Half-Life: Alyx,2025-06,control,0,0,0,999,271.53,5.604072630507189,Other,2.0,20.0,0,5.0
546560,Half-Life: Alyx,2025-07,control,0,0,0,999,350.62,5.859703015925728,Other,2.0,20.0,0,5.0
1547000,Grand Theft Auto: San Andreas – The Definitive Edition,2024-10,control,0,0,0,999,294.96,5.686839753925889,Other,2.0,20.0,0,5.0
1547000,Grand Theft Auto: San Andreas – The Definitive Edition,2024-11,control,0,0,0,999,402.96,5.998837301437395,Other,2.0,20.0,0,5.0
1547000,Grand Theft Auto: San Andreas – The Definitive Edition,2024-12,control,0,0,0,999,693.96,6.542414321958128,Other,2.0,20.0,0,5.0
1547000,Grand Theft Auto: San Andreas – The Definitive Edition,2025-01,control,0,0,0,999,693.59,6.54188100783068,Other,2.0,20.0,0,5.0
1547000,Grand Theft Auto: San Andreas – The Definitive Edition,2025-02,control,0,0,0,999,718.73,6.577485765637451,Other,2.0,20.0,0,5.0
1547000,Grand Theft Auto: San Andreas – The Definitive Edition,2025-03,control,0,0,0,999,585.61,6.372654039004032,Other,2.0,20.0,0,5.0
1547000,Grand Theft Auto: San Andreas – The Definitive Edition,2025-04,control,0,0,0,999,433.73,6.072422220687907,Other,2.0,20.0,0,5.0
1547000,Grand Theft Auto: San Andreas – The Definitive Edition,2025-05,control,0,0,0,999,554.77,6.3185536134386355,Other,2.0,20.0,0,5.0
1547000,Grand Theft Auto: San Andreas – The Definitive Edition,2025-06,control,0,0,0,999,559.84,6.327651028619378,Other,2.0,20.0,0,5.0
1547000,Grand Theft Auto: San Andreas – The Definitive Edition,2025-07,control,0,0,0,999,566.08,6.33873541097142,Other,2.0,20.0,0,5.0
250900,The Binding of Isaac: Rebirth,2024-10,control,0,0,0,999,14325.65,9.569806915771666,Other,2.0,20.0,0,5.0
250900,The Binding of Isaac: Rebirth,2024-11,control,0,0,0,999,24126.73,10.091075633480719,Other,2.0,20.0,0,5.0
250900,The Binding of Isaac: Rebirth,2024-12,control,0,0,0,999,27193.58,10.210736195012998,Other,2.0,20.0,0,5.0
250900,The Binding of Isaac: Rebirth,2025-01,control,0,0,0,999,29134.22,10.279668707294997,Other,2.0,20.0,0,5.0
250900,The Binding of Isaac: Rebirth,2025-02,control,0,0,0,999,26066.18,10.168393967614278,Other,2.0,20.0,0,5.0
250900,The Binding of Isaac: Rebirth,2025-03,control,0,0,0,999,22008.61,9.999189019414043,Other,2.0,20.0,0,5.0
250900,The Binding of Isaac: Rebirth,2025-04,control,0,0,0,999,19180.87,9.861668707158445,Other,2.0,20.0,0,5.0
250900,The Binding of Isaac: Rebirth,2025-05,control,0,0,0,999,19084.08,9.856609758620504,Other,2.0,20.0,0,5.0
250900,The Binding of Isaac: Rebirth,2025-06,control,0,0,0,999,17360.88,9.761974678173823,Other,2.0,20.0,0,5.0
250900,The Binding of Isaac: Rebirth,2025-07,control,0,0,0,999,18314.31,9.815438000465557,Other,2.0,20.0,0,5.0
322170,Geometry Dash,2024-10,control,0,0,0,999,13936.19,9.54224433275365,Other,2.0,20.0,0,5.0
322170,Geometry Dash,2024-11,control,0,0,0,999,13658.68,9.522130495951899,Other,2.0,20.0,0,5.0
322170,Geometry Dash,2024-12,control,0,0,0,999,13901.08,9.539721813942188,Other,2.0,20.0,0,5.0
322170,Geometry Dash,2025-01,control,0,0,0,999,13960.6,9.543994355335446,Other,2.0,20.0,0,5.0
322170,Geometry Dash,2025-02,control,0,0,0,999,13891.5,9.539032421278433,Other,2.0,20.0,0,5.0
322170,Geometry Dash,2025-03,control,0,0,0,999,15851.7,9.67103202907447,Other,2.0,20.0,0,5.0
322170,Geometry Dash,2025-04,control,0,0,0,999,19722.23,9.889501704927508,Other,2.0,20.0,0,5.0
322170,Geometry Dash,2025-05,control,0,0,0,999,27230.59,10.21209625271181,Other,2.0,20.0,0,5.0
322170,Geometry Dash,2025-06,control,0,0,0,999,30819.92,10.335916513153672,Other,2.0,20.0,0,5.0
322170,Geometry Dash,2025-07,control,0,0,0,999,28407.81,10.254419386343729,Other,2.0,20.0,0,5.0
1029690,Sniper Elite 5,2024-10,control,0,0,0,999,1395.78,7.2412086777800075,Other,2.0,20.0,0,5.0
1029690,Sniper Elite 5,2024-11,control,0,0,0,999,1368.55,7.221507064166969,Other,2.0,20.0,0,5.0
1029690,Sniper Elite 5,2024-12,control,0,0,0,999,1874.76,7.536235930211812,Other,2.0,20.0,0,5.0
1029690,Sniper Elite 5,2025-01,control,0,0,0,999,1846.77,7.521193446186404,Other,2.0,20.0,0,5.0
1029690,Sniper Elite 5,2025-02,control,0,0,0,999,1387.36,7.23515793962885,Other,2.0,20.0,0,5.0
1029690,Sniper Elite 5,2025-03,control,0,0,0,999,1292.51,7.164341343296561,Other,2.0,20.0,0,5.0
1029690,Sniper Elite 5,2025-04,control,0,0,0,999,1044.59,6.951379742914064,Other,2.0,20.0,0,5.0
1029690,Sniper Elite 5,2025-05,control,0,0,0,999,1439.84,7.272287275285638,Other,2.0,20.0,0,5.0
1029690,Sniper Elite 5,2025-06,control,0,0,0,999,1565.71,7.35609467421667,Other,2.0,20.0,0,5.0
1029690,Sniper Elite 5,2025-07,control,0,0,0,999,1405.07,7.247842402590825,Other,2.0,20.0,0,5.0
2074920,The First Descendant,2024-10,control,0,0,0,999,15883.84,9.673057519170944,Other,2.0,20.0,0,5.0
2074920,The First Descendant,2024-11,control,0,0,0,999,9900.69,9.200359730663658,Other,2.0,20.0,0,5.0
2074920,The First Descendant,2024-12,control,0,0,0,999,13222.97,9.489710747780144,Other,2.0,20.0,0,5.0
2074920,The First Descendant,2025-01,control,0,0,0,999,10176.22,9.22780890484306,Other,2.0,20.0,0,5.0
2074920,The First Descendant,2025-02,control,0,0,0,999,8225.51,9.014995579790302,Other,2.0,20.0,0,5.0
2074920,The First Descendant,2025-03,control,0,0,0,999,10528.24,9.261816449657848,Other,2.0,20.0,0,5.0
2074920,The First Descendant,2025-04,control,0,0,0,999,7027.11,8.857530804976038,Other,2.0,20.0,0,5.0
2074920,The First Descendant,2025-05,control,0,0,0,999,5983.47,8.696755946213084,Other,2.0,20.0,0,5.0
2074920,The First Descendant,2025-06,control,0,0,0,999,6211.7,8.734189889477161,Other,2.0,20.0,0,5.0
2074920,The First Descendant,2025-07,control,0,0,0,999,6653.78,8.802940393212479,Other,2.0,20.0,0,5.0
2552430,KINGDOM HEARTS -HD 1.5+2.5 ReMIX-,2024-10,control,0,0,0,999,766.39,6.641691178554823,Other,2.0,20.0,0,5.0
2552430,KINGDOM HEARTS -HD 1.5+2.5 ReMIX-,2024-11,control,0,0,0,999,633.1,6.450628387550081,Other,2.0,20.0,0,5.0
2552430,KINGDOM HEARTS -HD 1.5+2.5 ReMIX-,2024-12,control,0,0,0,999,950.45,6.856935556652163,Other,2.0,20.0,0,5.0
2552430,KINGDOM HEARTS -HD 1.5+2.5 ReMIX-,2025-01,control,0,0,0,999,1069.36,6.974815617663218,Other,2.0,20.0,0,5.0
2552430,KINGDOM HEARTS -HD 1.5+2.5 ReMIX-,2025-02,control,0,0,0,999,1057.52,6.963681823271144,Other,2.0,20.0,0,5.0
2552430,KINGDOM HEARTS -HD 1.5+2.5 ReMIX-,2025-03,control,0,0,0,999,976.06,6.883524059933393,Other,2.0,20.0,0,5.0
2552430,KINGDOM HEARTS -HD 1.5+2.5 ReMIX-,2025-04,control,0,0,0,999,873.6,6.772622604990641,Other,2.0,20.0,0,5.0
2552430,KINGDOM HEARTS -HD 1.5+2.5 ReMIX-,2025-05,control,0,0,0,999,975.35,6.882796380940942,Other,2.0,20.0,0,5.0
2552430,KINGDOM HEARTS -HD 1.5+2.5 ReMIX-,2025-06,control,0,0,0,999,825.57,6.716074056857783,Other,2.0,20.0,0,5.0
2552430,KINGDOM HEARTS -HD 1.5+2.5 ReMIX-,2025-07,control,0,0,0,999,990.7,6.898411763978984,Other,2.0,20.0,0,5.0
1665460,eFootball™,2024-10,control,0,0,0,999,9901.31,9.200422350601057,Other,2.0,20.0,0,5.0
1665460,eFootball™,2024-11,control,0,0,0,999,10011.55,9.211494705476838,Other,2.0,20.0,0,5.0
1665460,eFootball™,2024-12,control,0,0,0,999,10534.75,9.262434595534318,Other,2.0,20.0,0,5.0
1665460,eFootball™,2025-01,control,0,0,0,999,10091.15,9.219414081084999,Other,2.0,20.0,0,5.0
1665460,eFootball™,2025-02,control,0,0,0,999,9179.14,9.1246887973089,Other,2.0,20.0,0,5.0
1665460,eFootball™,2025-03,control,0,0,0,999,9473.65,9.156269539588276,Other,2.0,20.0,0,5.0
1665460,eFootball™,2025-04,control,0,0,0,999,10202.03,9.23034199907843,Other,2.0,20.0,0,5.0
1665460,eFootball™,2025-05,control,0,0,0,999,12133.5,9.403725501126116,Other,2.0,20.0,0,5.0
1665460,eFootball™,2025-06,control,0,0,0,999,12153.39,9.405363422197668,Other,2.0,20.0,0,5.0
1665460,eFootball™,2025-07,control,0,0,0,999,13329.43,9.497729651568317,Other,2.0,20.0,0,5.0
1426210,It Takes Two,2024-10,control,0,0,0,999,5165.45,8.54974750263758,Other,2.0,20.0,0,5.0
1426210,It Takes Two,2024-11,control,0,0,0,999,6805.28,8.825454060455101,Other,2.0,20.0,0,5.0
1426210,It Takes Two,2024-12,control,0,0,0,999,16147.44,9.689516802154253,Other,2.0,20.0,0,5.0
1426210,It Takes Two,2025-01,control,0,0,0,999,14796.4,9.602139186920526,Other,2.0,20.0,0,5.0
1426210,It Takes Two,2025-02,control,0,0,0,999,14763.48,9.599911842722253,Other,2.0,20.0,0,5.0
1426210,It Takes Two,2025-03,control,0,0,0,999,12522.67,9.43529588070361,Other,2.0,20.0,0,5.0
1426210,It Takes Two,2025-04,control,0,0,0,999,7326.13,8.899202688199063,Other,2.0,20.0,0,5.0
1426210,It Takes Two,2025-05,control,0,0,0,999,6909.18,8.840606241123803,Other,2.0,20.0,0,5.0
1426210,It Takes Two,2025-06,control,0,0,0,999,7158.06,8.875994273520513,Other,2.0,20.0,0,5.0
1426210,It Takes Two,2025-07,control,0,0,0,999,9297.92,9.137545998212655,Other,2.0,20.0,0,5.0
288470,Fable Anniversary,2024-10,control,0,0,0,999,159.4,5.071416766356115,Other,2.0,20.0,0,5.0
288470,Fable Anniversary,2024-11,control,0,0,0,999,135.73,4.910667618309874,Other,2.0,20.0,0,5.0
288470,Fable Anniversary,2024-12,control,0,0,0,999,204.38,5.319981006184063,Other,2.0,20.0,0,5.0
288470,Fable Anniversary,2025-01,control,0,0,0,999,206.42,5.329912928137787,Other,2.0,20.0,0,5.0
288470,Fable Anniversary,2025-02,control,0,0,0,999,320.89,5.771098385274381,Other,2.0,20.0,0,5.0
288470,Fable Anniversary,2025-03,control,0,0,0,999,209.66,5.345487171024427,Other,2.0,20.0,0,5.0
288470,Fable Anniversary,2025-04,control,0,0,0,999,166.15,5.112890994800603,Other,2.0,20.0,0,5.0
288470,Fable Anniversary,2025-05,control,0,0,0,999,165.22,5.10727791913436,Other,2.0,20.0,0,5.0
288470,Fable Anniversary,2025-06,control,0,0,0,999,162.91,5.093197901078078,Other,2.0,20.0,0,5.0
288470,Fable Anniversary,2025-07,control,0,0,0,999,139.04,4.934761661517082,Other,2.0,20.0,0,5.0
2357570,Overwatch® 2,2024-10,control,0,0,0,999,34339.59,10.444054194950954,Other,2.0,20.0,0,5.0
2357570,Overwatch® 2,2024-11,control,0,0,0,999,32257.29,10.381499343190884,Other,2.0,20.0,0,5.0
2357570,Overwatch® 2,2024-12,control,0,0,0,999,25291.85,10.138237488431832,Other,2.0,20.0,0,5.0
2357570,Overwatch® 2,2025-01,control,0,0,0,999,19508.78,9.878619899627093,Other,2.0,20.0,0,5.0
2357570,Overwatch® 2,2025-02,control,0,0,0,999,24089.86,10.089546284051972,Other,2.0,20.0,0,5.0
2357570,Overwatch® 2,2025-03,control,0,0,0,999,24783.49,10.1179329846528,Other,2.0,20.0,0,5.0
2357570,Overwatch® 2,2025-04,control,0,0,0,999,25815.54,10.158731915165859,Other,2.0,20.0,0,5.0
2357570,Overwatch® 2,2025-05,control,0,0,0,999,25846.3,10.15992273622972,Other,2.0,20.0,0,5.0
2357570,Overwatch® 2,2025-06,control,0,0,0,999,23254.35,10.054247490289278,Other,2.0,20.0,0,5.0
2357570,Overwatch® 2,2025-07,control,0,0,0,999,21926.13,9.995434355250932,Other,2.0,20.0,0,5.0
766570,Russian Fishing 4,2024-10,control,0,0,0,999,10124.19,9.22268288877457,Other,2.0,20.0,0,5.0
766570,Russian Fishing 4,2024-11,control,0,0,0,999,10285.48,9.238488470905684,Other,2.0,20.0,0,5.0
766570,Russian Fishing 4,2024-12,control,0,0,0,999,11001.49,9.305785997152823,Other,2.0,20.0,0,5.0
766570,Russian Fishing 4,2025-01,control,0,0,0,999,11383.61,9.339929880574275,Other,2.0,20.0,0,5.0
766570,Russian Fishing 4,2025-02,control,0,0,0,999,11050.03,9.31018842187434,Other,2.0,20.0,0,5.0
766570,Russian Fishing 4,2025-03,control,0,0,0,999,10658.79,9.274140182834488,Other,2.0,20.0,0,5.0
766570,Russian Fishing 4,2025-04,control,0,0,0,999,10089.63,9.219263442705028,Other,2.0,20.0,0,5.0
766570,Russian Fishing 4,2025-05,control,0,0,0,999,11310.32,9.333470862255446,Other,2.0,20.0,0,5.0
766570,Russian Fishing 4,2025-06,control,0,0,0,999,13509.97,9.511183210374428,Other,2.0,20.0,0,5.0
766570,Russian Fishing 4,2025-07,control,0,0,0,999,11317.6,9.334114315144724,Other,2.0,20.0,0,5.0
12210,Grand Theft Auto IV: The Complete Edition,2024-10,control,0,0,0,999,1759.57,7.47282473999983,Other,2.0,20.0,0,5.0
12210,Grand Theft Auto IV: The Complete Edition,2024-11,control,0,0,0,999,1756.95,7.471334630183994,Other,2.0,20.0,0,5.0
12210,Grand Theft Auto IV: The Complete Edition,2024-12,control,0,0,0,999,2548.46,7.843244534149759,Other,2.0,20.0,0,5.0
12210,Grand Theft Auto IV: The Complete Edition,2025-01,control,0,0,0,999,3091.0,8.036249942132116,Other,2.0,20.0,0,5.0
12210,Grand Theft Auto IV: The Complete Edition,2025-02,control,0,0,0,999,3016.88,8.01197846375749,Other,2.0,20.0,0,5.0
12210,Grand Theft Auto IV: The Complete Edition,2025-03,control,0,0,0,999,2240.16,7.714302570869615,Other,2.0,20.0,0,5.0
12210,Grand Theft Auto IV: The Complete Edition,2025-04,control,0,0,0,999,1813.45,7.5029863873475575,Other,2.0,20.0,0,5.0
12210,Grand Theft Auto IV: The Complete Edition,2025-05,control,0,0,0,999,2696.25,7.899617197703366,Other,2.0,20.0,0,5.0
12210,Grand Theft Auto IV: The Complete Edition,2025-06,control,0,0,0,999,2779.37,7.929979562297748,Other,2.0,20.0,0,5.0
12210,Grand Theft Auto IV: The Complete Edition,2025-07,control,0,0,0,999,2501.4,7.8246058541148065,Other,2.0,20.0,0,5.0
1222700,A Way Out,2024-10,control,0,0,0,999,346.2,5.847016642742108,Other,2.0,20.0,0,5.0
1222700,A Way Out,2024-11,control,0,0,0,999,616.22,6.423604042630333,Other,2.0,20.0,0,5.0
1222700,A Way Out,2024-12,control,0,0,0,999,2422.97,7.792749339394437,Other,2.0,20.0,0,5.0
1222700,A Way Out,2025-01,control,0,0,0,999,1400.04,7.244256086623766,Other,2.0,20.0,0,5.0
1222700,A Way Out,2025-02,control,0,0,0,999,1014.65,6.922299004422978,Other,2.0,20.0,0,5.0
1222700,A Way Out,2025-03,control,0,0,0,999,1303.71,7.172969325115652,Other,2.0,20.0,0,5.0
1222700,A Way Out,2025-04,control,0,0,0,999,568.42,6.342860582092304,Other,2.0,20.0,0,5.0
1222700,A Way Out,2025-05,control,0,0,0,999,585.67,6.372756491022426,Other,2.0,20.0,0,5.0
1222700,A Way Out,2025-06,control,0,0,0,999,613.62,6.419375844045977,Other,2.0,20.0,0,5.0
1222700,A Way Out,2025-07,control,0,0,0,999,767.2,6.642747523569229,Other,2.0,20.0,0,5.0
438100,VRChat,2024-10,control,0,0,0,999,32363.11,10.384774472858592,Other,2.0,20.0,0,5.0
438100,VRChat,2024-11,control,0,0,0,999,33453.11,10.417900035823443,Other,2.0,20.0,0,5.0
438100,VRChat,2024-12,control,0,0,0,999,34145.86,10.438396627781774,Other,2.0,20.0,0,5.0
438100,VRChat,2025-01,control,0,0,0,999,37656.81,10.536269093365883,Other,2.0,20.0,0,5.0
438100,VRChat,2025-02,control,0,0,0,999,38427.21,10.5565210813918,Other,2.0,20.0,0,5.0
438100,VRChat,2025-03,control,0,0,0,999,36833.08,10.514151633420129,Other,2.0,20.0,0,5.0
438100,VRChat,2025-04,control,0,0,0,999,35971.31,10.490476955264759,Other,2.0,20.0,0,5.0
438100,VRChat,2025-05,control,0,0,0,999,37307.95,10.526961719650723,Other,2.0,20.0,0,5.0
438100,VRChat,2025-06,control,0,0,0,999,38361.5,10.554809631465396,Other,2.0,20.0,0,5.0
438100,VRChat,2025-07,control,0,0,0,999,38787.16,10.565844543007614,Other,2.0,20.0,0,5.0
1973530,Limbus Company,2024-10,control,0,0,0,999,13542.75,9.5136066277641,Other,2.0,20.0,0,5.0
1973530,Limbus Company,2024-11,control,0,0,0,999,13326.52,9.497511313822969,Other,2.0,20.0,0,5.0
1973530,Limbus Company,2024-12,control,0,0,0,999,14251.86,9.564642703494767,Other,2.0,20.0,0,5.0
1973530,Limbus Company,2025-01,control,0,0,0,999,16897.64,9.734929246189484,Other,2.0,20.0,0,5.0
1973530,Limbus Company,2025-02,control,0,0,0,999,18947.44,9.849424109036494,Other,2.0,20.0,0,5.0
1973530,Limbus Company,2025-03,control,0,0,0,999,20929.59,9.94891922614163,Other,2.0,20.0,0,5.0
1973530,Limbus Company,2025-04,control,0,0,0,999,15525.39,9.650232027259104,Other,2.0,20.0,0,5.0
1973530,Limbus Company,2025-05,control,0,0,0,999,21101.83,9.957115045561162,Other,2.0,20.0,0,5.0
1973530,Limbus Company,2025-06,control,0,0,0,999,20502.82,9.928317716641466,Other,2.0,20.0,0,5.0
1973530,Limbus Company,2025-07,control,0,0,0,999,23192.18,10.051570431868372,Other,2.0,20.0,0,5.0
489830,The Elder Scrolls V: Skyrim Special Edition,2024-10,control,0,0,0,999,18991.52,9.851747842730568,Other,2.0,20.0,0,5.0
489830,The Elder Scrolls V: Skyrim Special Edition,2024-11,control,0,0,0,999,20828.99,9.944101045321407,Other,2.0,20.0,0,5.0
489830,The Elder Scrolls V: Skyrim Special Edition,2024-12,control,0,0,0,999,23589.34,10.06855019405357,Other,2.0,20.0,0,5.0
489830,The Elder Scrolls V: Skyrim Special Edition,2025-01,control,0,0,0,999,32154.27,10.37830053577666,Other,2.0,20.0,0,5.0
489830,The Elder Scrolls V: Skyrim Special Edition,2025-02,control,0,0,0,999,28040.26,10.24139661357344,Other,2.0,20.0,0,5.0
489830,The Elder Scrolls V: Skyrim Special Edition,2025-03,control,0,0,0,999,23612.48,10.069530664800407,Other,2.0,20.0,0,5.0
489830,The Elder Scrolls V: Skyrim Special Edition,2025-04,control,0,0,0,999,22328.7,10.013628125495066,Other,2.0,20.0,0,5.0
489830,The Elder Scrolls V: Skyrim Special Edition,2025-05,control,0,0,0,999,28447.07,10.255800446553165,Other,2.0,20.0,0,5.0
489830,The Elder Scrolls V: Skyrim Special Edition,2025-06,control,0,0,0,999,21633.72,9.982008487516111,Other,2.0,20.0,0,5.0
489830,The Elder Scrolls V: Skyrim Special Edition,2025-07,control,0,0,0,999,17691.5,9.780839577227791,Other,2.0,20.0,0,5.0
