id,appid,name,treatment_group,treated,post,did,period,month,players,ln_players,timedum_1,timedum_2,timedum_3,timedum_4,timedum_5,diddum_1,diddum_2,diddum_3,diddum_4,diddum_5
1,730,Counter-Strike 2,jan,1,0,0,1,2024-12,1299058,14.077149944386528,1,0,0,0,0,1,0,0,0,0
1,730,Counter-Strike 2,jan,1,1,1,2,2025-01,1299058,14.077149944386528,0,1,0,0,0,0,1,0,0,0
1,730,Counter-Strike 2,jan,1,1,1,3,2025-02,1299058,14.077149944386528,0,0,1,0,0,0,0,1,0,0
1,730,Counter-Strike 2,jan,1,1,1,4,2025-03,1299058,14.077149944386528,0,0,0,1,0,0,0,0,1,0
1,730,Counter-Strike 2,jan,1,1,1,5,2025-04,1299058,14.077149944386528,0,0,0,0,1,0,0,0,0,1
2,2399830,ARK: Survival Ascended,jan,1,0,0,1,2024-12,23945,10.08351481277671,1,0,0,0,0,1,0,0,0,0
2,2399830,ARK: Survival Ascended,jan,1,1,1,2,2025-01,23945,10.08351481277671,0,1,0,0,0,0,1,0,0,0
2,2399830,ARK: Survival Ascended,jan,1,1,1,3,2025-02,23945,10.08351481277671,0,0,1,0,0,0,0,1,0,0
2,2399830,ARK: Survival Ascended,jan,1,1,1,4,2025-03,23945,10.08351481277671,0,0,0,1,0,0,0,0,1,0
2,2399830,ARK: Survival Ascended,jan,1,1,1,5,2025-04,23945,10.08351481277671,0,0,0,0,1,0,0,0,0,1
3,1313140,Cult of the Lamb,jan,1,0,0,1,2024-12,10083,9.218606116393214,1,0,0,0,0,1,0,0,0,0
3,1313140,Cult of the Lamb,jan,1,1,1,2,2025-01,10083,9.218606116393214,0,1,0,0,0,0,1,0,0,0
3,1313140,Cult of the Lamb,jan,1,1,1,3,2025-02,10083,9.218606116393214,0,0,1,0,0,0,0,1,0,0
3,1313140,Cult of the Lamb,jan,1,1,1,4,2025-03,10083,9.218606116393214,0,0,0,1,0,0,0,0,1,0
3,1313140,Cult of the Lamb,jan,1,1,1,5,2025-04,10083,9.218606116393214,0,0,0,0,1,0,0,0,0,1
4,1203620,Enshrouded,jan,1,0,0,1,2024-12,12855,9.46148811969999,1,0,0,0,0,1,0,0,0,0
4,1203620,Enshrouded,jan,1,1,1,2,2025-01,12855,9.46148811969999,0,1,0,0,0,0,1,0,0,0
4,1203620,Enshrouded,jan,1,1,1,3,2025-02,12855,9.46148811969999,0,0,1,0,0,0,0,1,0,0
4,1203620,Enshrouded,jan,1,1,1,4,2025-03,12855,9.46148811969999,0,0,0,1,0,0,0,0,1,0
4,1203620,Enshrouded,jan,1,1,1,5,2025-04,12855,9.46148811969999,0,0,0,0,1,0,0,0,0,1
5,377160,Fallout 4,jan,1,0,0,1,2024-12,22832,10.035918339716618,1,0,0,0,0,1,0,0,0,0
5,377160,Fallout 4,jan,1,1,1,2,2025-01,22832,10.035918339716618,0,1,0,0,0,0,1,0,0,0
5,377160,Fallout 4,jan,1,1,1,3,2025-02,22832,10.035918339716618,0,0,1,0,0,0,0,1,0,0
5,377160,Fallout 4,jan,1,1,1,4,2025-03,22832,10.035918339716618,0,0,0,1,0,0,0,0,1,0
5,377160,Fallout 4,jan,1,1,1,5,2025-04,22832,10.035918339716618,0,0,0,0,1,0,0,0,0,1
6,252490,Rust,jan,1,0,0,1,2024-12,123669,11.725363920667993,1,0,0,0,0,1,0,0,0,0
6,252490,Rust,jan,1,1,1,2,2025-01,123669,11.725363920667993,0,1,0,0,0,0,1,0,0,0
6,252490,Rust,jan,1,1,1,3,2025-02,123669,11.725363920667993,0,0,1,0,0,0,0,1,0,0
6,252490,Rust,jan,1,1,1,4,2025-03,123669,11.725363920667993,0,0,0,1,0,0,0,0,1,0
6,252490,Rust,jan,1,1,1,5,2025-04,123669,11.725363920667993,0,0,0,0,1,0,0,0,0,1
7,2300320,Farming Simulator 25,jan,1,0,0,1,2024-12,20599,9.932997809910068,1,0,0,0,0,1,0,0,0,0
7,2300320,Farming Simulator 25,jan,1,1,1,2,2025-01,20599,9.932997809910068,0,1,0,0,0,0,1,0,0,0
7,2300320,Farming Simulator 25,jan,1,1,1,3,2025-02,20599,9.932997809910068,0,0,1,0,0,0,0,1,0,0
7,2300320,Farming Simulator 25,jan,1,1,1,4,2025-03,20599,9.932997809910068,0,0,0,1,0,0,0,0,1,0
7,2300320,Farming Simulator 25,jan,1,1,1,5,2025-04,20599,9.932997809910068,0,0,0,0,1,0,0,0,0,1
8,570,Dota 2,jan,1,0,0,1,2024-12,645679,13.378057755242253,1,0,0,0,0,1,0,0,0,0
8,570,Dota 2,jan,1,1,1,2,2025-01,645679,13.378057755242253,0,1,0,0,0,0,1,0,0,0
8,570,Dota 2,jan,1,1,1,3,2025-02,645679,13.378057755242253,0,0,1,0,0,0,0,1,0,0
8,570,Dota 2,jan,1,1,1,4,2025-03,645679,13.378057755242253,0,0,0,1,0,0,0,0,1,0
8,570,Dota 2,jan,1,1,1,5,2025-04,645679,13.378057755242253,0,0,0,0,1,0,0,0,0,1
9,1466060,Tainted Grail: The Fall of Avalon,jan,1,0,0,1,2024-12,2746,7.917900586327916,1,0,0,0,0,1,0,0,0,0
9,1466060,Tainted Grail: The Fall of Avalon,jan,1,1,1,2,2025-01,2746,7.917900586327916,0,1,0,0,0,0,1,0,0,0
9,1466060,Tainted Grail: The Fall of Avalon,jan,1,1,1,3,2025-02,2746,7.917900586327916,0,0,1,0,0,0,0,1,0,0
9,1466060,Tainted Grail: The Fall of Avalon,jan,1,1,1,4,2025-03,2746,7.917900586327916,0,0,0,1,0,0,0,0,1,0
9,1466060,Tainted Grail: The Fall of Avalon,jan,1,1,1,5,2025-04,2746,7.917900586327916,0,0,0,0,1,0,0,0,0,1
10,1245620,ELDEN RING,jan,1,0,0,1,2024-12,30430,10.323184242891017,1,0,0,0,0,1,0,0,0,0
10,1245620,ELDEN RING,jan,1,1,1,2,2025-01,30430,10.323184242891017,0,1,0,0,0,0,1,0,0,0
10,1245620,ELDEN RING,jan,1,1,1,3,2025-02,30430,10.323184242891017,0,0,1,0,0,0,0,1,0,0
10,1245620,ELDEN RING,jan,1,1,1,4,2025-03,30430,10.323184242891017,0,0,0,1,0,0,0,0,1,0
10,1245620,ELDEN RING,jan,1,1,1,5,2025-04,30430,10.323184242891017,0,0,0,0,1,0,0,0,0,1
11,1407200,World of Tanks,jan,1,0,0,1,2024-12,8428,9.03931477492408,1,0,0,0,0,1,0,0,0,0
11,1407200,World of Tanks,jan,1,1,1,2,2025-01,8428,9.03931477492408,0,1,0,0,0,0,1,0,0,0
11,1407200,World of Tanks,jan,1,1,1,3,2025-02,8428,9.03931477492408,0,0,1,0,0,0,0,1,0,0
11,1407200,World of Tanks,jan,1,1,1,4,2025-03,8428,9.03931477492408,0,0,0,1,0,0,0,0,1,0
11,1407200,World of Tanks,jan,1,1,1,5,2025-04,8428,9.03931477492408,0,0,0,0,1,0,0,0,0,1
12,1091500,Cyberpunk 2077,jan,1,0,0,1,2024-12,27729,10.230234075932888,1,0,0,0,0,1,0,0,0,0
12,1091500,Cyberpunk 2077,jan,1,1,1,2,2025-01,27729,10.230234075932888,0,1,0,0,0,0,1,0,0,0
12,1091500,Cyberpunk 2077,jan,1,1,1,3,2025-02,27729,10.230234075932888,0,0,1,0,0,0,0,1,0,0
12,1091500,Cyberpunk 2077,jan,1,1,1,4,2025-03,27729,10.230234075932888,0,0,0,1,0,0,0,0,1,0
12,1091500,Cyberpunk 2077,jan,1,1,1,5,2025-04,27729,10.230234075932888,0,0,0,0,1,0,0,0,0,1
13,1974050,Torchlight: Infinite,jan,1,0,0,1,2024-12,9674,9.177197153382929,1,0,0,0,0,1,0,0,0,0
13,1974050,Torchlight: Infinite,jan,1,1,1,2,2025-01,9674,9.177197153382929,0,1,0,0,0,0,1,0,0,0
13,1974050,Torchlight: Infinite,jan,1,1,1,3,2025-02,9674,9.177197153382929,0,0,1,0,0,0,0,1,0,0
13,1974050,Torchlight: Infinite,jan,1,1,1,4,2025-03,9674,9.177197153382929,0,0,0,1,0,0,0,0,1,0
13,1974050,Torchlight: Infinite,jan,1,1,1,5,2025-04,9674,9.177197153382929,0,0,0,0,1,0,0,0,0,1
14,1465360,SnowRunner,jan,1,0,0,1,2024-12,6026,8.703838719690246,1,0,0,0,0,1,0,0,0,0
14,1465360,SnowRunner,jan,1,1,1,2,2025-01,6026,8.703838719690246,0,1,0,0,0,0,1,0,0,0
14,1465360,SnowRunner,jan,1,1,1,3,2025-02,6026,8.703838719690246,0,0,1,0,0,0,0,1,0,0
14,1465360,SnowRunner,jan,1,1,1,4,2025-03,6026,8.703838719690246,0,0,0,1,0,0,0,0,1,0
14,1465360,SnowRunner,jan,1,1,1,5,2025-04,6026,8.703838719690246,0,0,0,0,1,0,0,0,0,1
15,1599340,Lost Ark,jan,1,0,0,1,2024-12,6502,8.779865100863852,1,0,0,0,0,1,0,0,0,0
15,1599340,Lost Ark,jan,1,1,1,2,2025-01,6502,8.779865100863852,0,1,0,0,0,0,1,0,0,0
15,1599340,Lost Ark,jan,1,1,1,3,2025-02,6502,8.779865100863852,0,0,1,0,0,0,0,1,0,0
15,1599340,Lost Ark,jan,1,1,1,4,2025-03,6502,8.779865100863852,0,0,0,1,0,0,0,0,1,0
15,1599340,Lost Ark,jan,1,1,1,5,2025-04,6502,8.779865100863852,0,0,0,0,1,0,0,0,0,1
16,2186680,"Warhammer 40,000: Rogue Trader",jan,1,0,0,1,2024-12,3850,8.25582842728183,1,0,0,0,0,1,0,0,0,0
16,2186680,"Warhammer 40,000: Rogue Trader",jan,1,1,1,2,2025-01,3850,8.25582842728183,0,1,0,0,0,0,1,0,0,0
16,2186680,"Warhammer 40,000: Rogue Trader",jan,1,1,1,3,2025-02,3850,8.25582842728183,0,0,1,0,0,0,0,1,0,0
16,2186680,"Warhammer 40,000: Rogue Trader",jan,1,1,1,4,2025-03,3850,8.25582842728183,0,0,0,1,0,0,0,0,1,0
16,2186680,"Warhammer 40,000: Rogue Trader",jan,1,1,1,5,2025-04,3850,8.25582842728183,0,0,0,0,1,0,0,0,0,1
17,2537590,Microsoft Flight Simulator 2024,jan,1,0,0,1,2024-12,3892,8.266678443305896,1,0,0,0,0,1,0,0,0,0
17,2537590,Microsoft Flight Simulator 2024,jan,1,1,1,2,2025-01,3892,8.266678443305896,0,1,0,0,0,0,1,0,0,0
17,2537590,Microsoft Flight Simulator 2024,jan,1,1,1,3,2025-02,3892,8.266678443305896,0,0,1,0,0,0,0,1,0,0
17,2537590,Microsoft Flight Simulator 2024,jan,1,1,1,4,2025-03,3892,8.266678443305896,0,0,0,1,0,0,0,0,1,0
17,2537590,Microsoft Flight Simulator 2024,jan,1,1,1,5,2025-04,3892,8.266678443305896,0,0,0,0,1,0,0,0,0,1
18,39210,FINAL FANTASY XIV Online,jan,1,0,0,1,2024-12,12789,9.45634070543332,1,0,0,0,0,1,0,0,0,0
18,39210,FINAL FANTASY XIV Online,jan,1,1,1,2,2025-01,12789,9.45634070543332,0,1,0,0,0,0,1,0,0,0
18,39210,FINAL FANTASY XIV Online,jan,1,1,1,3,2025-02,12789,9.45634070543332,0,0,1,0,0,0,0,1,0,0
18,39210,FINAL FANTASY XIV Online,jan,1,1,1,4,2025-03,12789,9.45634070543332,0,0,0,1,0,0,0,0,1,0
18,39210,FINAL FANTASY XIV Online,jan,1,1,1,5,2025-04,12789,9.45634070543332,0,0,0,0,1,0,0,0,0,1
19,2344520,Diablo® IV,jan,1,0,0,1,2024-12,7328,8.899457906353966,1,0,0,0,0,1,0,0,0,0
19,2344520,Diablo® IV,jan,1,1,1,2,2025-01,7328,8.899457906353966,0,1,0,0,0,0,1,0,0,0
19,2344520,Diablo® IV,jan,1,1,1,3,2025-02,7328,8.899457906353966,0,0,1,0,0,0,0,1,0,0
19,2344520,Diablo® IV,jan,1,1,1,4,2025-03,7328,8.899457906353966,0,0,0,1,0,0,0,0,1,0
19,2344520,Diablo® IV,jan,1,1,1,5,2025-04,7328,8.899457906353966,0,0,0,0,1,0,0,0,0,1
20,1284210,Guild Wars 2®,jan,1,0,0,1,2024-12,3650,8.202482446576537,1,0,0,0,0,1,0,0,0,0
20,1284210,Guild Wars 2®,jan,1,1,1,2,2025-01,3650,8.202482446576537,0,1,0,0,0,0,1,0,0,0
20,1284210,Guild Wars 2®,jan,1,1,1,3,2025-02,3650,8.202482446576537,0,0,1,0,0,0,0,1,0,0
20,1284210,Guild Wars 2®,jan,1,1,1,4,2025-03,3650,8.202482446576537,0,0,0,1,0,0,0,0,1,0
20,1284210,Guild Wars 2®,jan,1,1,1,5,2025-04,3650,8.202482446576537,0,0,0,0,1,0,0,0,0,1
21,739630,Phasmophobia,jan,1,0,0,1,2024-12,9057,9.111293218374948,1,0,0,0,0,1,0,0,0,0
21,739630,Phasmophobia,jan,1,1,1,2,2025-01,9057,9.111293218374948,0,1,0,0,0,0,1,0,0,0
21,739630,Phasmophobia,jan,1,1,1,3,2025-02,9057,9.111293218374948,0,0,1,0,0,0,0,1,0,0
21,739630,Phasmophobia,jan,1,1,1,4,2025-03,9057,9.111293218374948,0,0,0,1,0,0,0,0,1,0
21,739630,Phasmophobia,jan,1,1,1,5,2025-04,9057,9.111293218374948,0,0,0,0,1,0,0,0,0,1
22,2073850,THE FINALS,jan,1,0,0,1,2024-12,9004,9.105424202026622,1,0,0,0,0,1,0,0,0,0
22,2073850,THE FINALS,jan,1,1,1,2,2025-01,9004,9.105424202026622,0,1,0,0,0,0,1,0,0,0
22,2073850,THE FINALS,jan,1,1,1,3,2025-02,9004,9.105424202026622,0,0,1,0,0,0,0,1,0,0
22,2073850,THE FINALS,jan,1,1,1,4,2025-03,9004,9.105424202026622,0,0,0,1,0,0,0,0,1,0
22,2073850,THE FINALS,jan,1,1,1,5,2025-04,9004,9.105424202026622,0,0,0,0,1,0,0,0,0,1
23,1149460,ICARUS,jan,1,0,0,1,2024-12,6583,8.792245847467877,1,0,0,0,0,1,0,0,0,0
23,1149460,ICARUS,jan,1,1,1,2,2025-01,6583,8.792245847467877,0,1,0,0,0,0,1,0,0,0
23,1149460,ICARUS,jan,1,1,1,3,2025-02,6583,8.792245847467877,0,0,1,0,0,0,0,1,0,0
23,1149460,ICARUS,jan,1,1,1,4,2025-03,6583,8.792245847467877,0,0,0,1,0,0,0,0,1,0
23,1149460,ICARUS,jan,1,1,1,5,2025-04,6583,8.792245847467877,0,0,0,0,1,0,0,0,0,1
24,394360,Hearts of Iron IV,jan,1,0,0,1,2024-12,41849,10.64182318076953,1,0,0,0,0,1,0,0,0,0
24,394360,Hearts of Iron IV,jan,1,1,1,2,2025-01,41849,10.64182318076953,0,1,0,0,0,0,1,0,0,0
24,394360,Hearts of Iron IV,jan,1,1,1,3,2025-02,41849,10.64182318076953,0,0,1,0,0,0,0,1,0,0
24,394360,Hearts of Iron IV,jan,1,1,1,4,2025-03,41849,10.64182318076953,0,0,0,1,0,0,0,0,1,0
24,394360,Hearts of Iron IV,jan,1,1,1,5,2025-04,41849,10.64182318076953,0,0,0,0,1,0,0,0,0,1
25,2183900,"Warhammer 40,000: Space Marine 2",jan,1,0,0,1,2024-12,10124,9.222664121665014,1,0,0,0,0,1,0,0,0,0
25,2183900,"Warhammer 40,000: Space Marine 2",jan,1,1,1,2,2025-01,10124,9.222664121665014,0,1,0,0,0,0,1,0,0,0
25,2183900,"Warhammer 40,000: Space Marine 2",jan,1,1,1,3,2025-02,10124,9.222664121665014,0,0,1,0,0,0,0,1,0,0
25,2183900,"Warhammer 40,000: Space Marine 2",jan,1,1,1,4,2025-03,10124,9.222664121665014,0,0,0,1,0,0,0,0,1,0
25,2183900,"Warhammer 40,000: Space Marine 2",jan,1,1,1,5,2025-04,10124,9.222664121665014,0,0,0,0,1,0,0,0,0,1
26,304390,FOR HONOR™,jan,1,0,0,1,2024-12,4776,8.471358655072438,1,0,0,0,0,1,0,0,0,0
26,304390,FOR HONOR™,jan,1,1,1,2,2025-01,4776,8.471358655072438,0,1,0,0,0,0,1,0,0,0
26,304390,FOR HONOR™,jan,1,1,1,3,2025-02,4776,8.471358655072438,0,0,1,0,0,0,0,1,0,0
26,304390,FOR HONOR™,jan,1,1,1,4,2025-03,4776,8.471358655072438,0,0,0,1,0,0,0,0,1,0
26,304390,FOR HONOR™,jan,1,1,1,5,2025-04,4776,8.471358655072438,0,0,0,0,1,0,0,0,0,1
27,1401590,Disney Dreamlight Valley,jan,1,0,0,1,2024-12,1958,7.579678823090456,1,0,0,0,0,1,0,0,0,0
27,1401590,Disney Dreamlight Valley,jan,1,1,1,2,2025-01,1958,7.579678823090456,0,1,0,0,0,0,1,0,0,0
27,1401590,Disney Dreamlight Valley,jan,1,1,1,3,2025-02,1958,7.579678823090456,0,0,1,0,0,0,0,1,0,0
27,1401590,Disney Dreamlight Valley,jan,1,1,1,4,2025-03,1958,7.579678823090456,0,0,0,1,0,0,0,0,1,0
27,1401590,Disney Dreamlight Valley,jan,1,1,1,5,2025-04,1958,7.579678823090456,0,0,0,0,1,0,0,0,0,1
28,1623730,Palworld,jan,1,0,0,1,2024-12,42834,10.665087458730515,1,0,0,0,0,1,0,0,0,0
28,1623730,Palworld,jan,1,1,1,2,2025-01,42834,10.665087458730515,0,1,0,0,0,0,1,0,0,0
28,1623730,Palworld,jan,1,1,1,3,2025-02,42834,10.665087458730515,0,0,1,0,0,0,0,1,0,0
28,1623730,Palworld,jan,1,1,1,4,2025-03,42834,10.665087458730515,0,0,0,1,0,0,0,0,1,0
28,1623730,Palworld,jan,1,1,1,5,2025-04,42834,10.665087458730515,0,0,0,0,1,0,0,0,0,1
29,22380,Fallout: New Vegas,jan,1,0,0,1,2024-12,7320,8.898365606955357,1,0,0,0,0,1,0,0,0,0
29,22380,Fallout: New Vegas,jan,1,1,1,2,2025-01,7320,8.898365606955357,0,1,0,0,0,0,1,0,0,0
29,22380,Fallout: New Vegas,jan,1,1,1,3,2025-02,7320,8.898365606955357,0,0,1,0,0,0,0,1,0,0
29,22380,Fallout: New Vegas,jan,1,1,1,4,2025-03,7320,8.898365606955357,0,0,0,1,0,0,0,0,1,0
29,22380,Fallout: New Vegas,jan,1,1,1,5,2025-04,7320,8.898365606955357,0,0,0,0,1,0,0,0,0,1
30,286160,Tabletop Simulator,jan,1,0,0,1,2024-12,5137,8.544224530467268,1,0,0,0,0,1,0,0,0,0
30,286160,Tabletop Simulator,jan,1,1,1,2,2025-01,5137,8.544224530467268,0,1,0,0,0,0,1,0,0,0
30,286160,Tabletop Simulator,jan,1,1,1,3,2025-02,5137,8.544224530467268,0,0,1,0,0,0,0,1,0,0
30,286160,Tabletop Simulator,jan,1,1,1,4,2025-03,5137,8.544224530467268,0,0,0,1,0,0,0,0,1,0
30,286160,Tabletop Simulator,jan,1,1,1,5,2025-04,5137,8.544224530467268,0,0,0,0,1,0,0,0,0,1
31,1401590,Disney Dreamlight Valley,jan,1,0,0,1,2024-12,1958,7.579678823090456,1,0,0,0,0,1,0,0,0,0
31,1401590,Disney Dreamlight Valley,jan,1,1,1,2,2025-01,1958,7.579678823090456,0,1,0,0,0,0,1,0,0,0
31,1401590,Disney Dreamlight Valley,jan,1,1,1,3,2025-02,1958,7.579678823090456,0,0,1,0,0,0,0,1,0,0
31,1401590,Disney Dreamlight Valley,jan,1,1,1,4,2025-03,1958,7.579678823090456,0,0,0,1,0,0,0,0,1,0
31,1401590,Disney Dreamlight Valley,jan,1,1,1,5,2025-04,1958,7.579678823090456,0,0,0,0,1,0,0,0,0,1
32,813780,Age of Empires II: Definitive Edition,jan,1,0,0,1,2024-12,16342,9.701493759944652,1,0,0,0,0,1,0,0,0,0
32,813780,Age of Empires II: Definitive Edition,jan,1,1,1,2,2025-01,16342,9.701493759944652,0,1,0,0,0,0,1,0,0,0
32,813780,Age of Empires II: Definitive Edition,jan,1,1,1,3,2025-02,16342,9.701493759944652,0,0,1,0,0,0,0,1,0,0
32,813780,Age of Empires II: Definitive Edition,jan,1,1,1,4,2025-03,16342,9.701493759944652,0,0,0,1,0,0,0,0,1,0
32,813780,Age of Empires II: Definitive Edition,jan,1,1,1,5,2025-04,16342,9.701493759944652,0,0,0,0,1,0,0,0,0,1
33,266410,iRacing,jan,1,0,0,1,2024-12,453,6.115892125483034,1,0,0,0,0,1,0,0,0,0
33,266410,iRacing,jan,1,1,1,2,2025-01,453,6.115892125483034,0,1,0,0,0,0,1,0,0,0
33,266410,iRacing,jan,1,1,1,3,2025-02,453,6.115892125483034,0,0,1,0,0,0,0,1,0,0
33,266410,iRacing,jan,1,1,1,4,2025-03,453,6.115892125483034,0,0,0,1,0,0,0,0,1,0
33,266410,iRacing,jan,1,1,1,5,2025-04,453,6.115892125483034,0,0,0,0,1,0,0,0,0,1
34,2429640,Throne and Liberty,jan,1,0,0,1,2024-12,5471,8.607216694063826,1,0,0,0,0,1,0,0,0,0
34,2429640,Throne and Liberty,jan,1,1,1,2,2025-01,5471,8.607216694063826,0,1,0,0,0,0,1,0,0,0
34,2429640,Throne and Liberty,jan,1,1,1,3,2025-02,5471,8.607216694063826,0,0,1,0,0,0,0,1,0,0
34,2429640,Throne and Liberty,jan,1,1,1,4,2025-03,5471,8.607216694063826,0,0,0,1,0,0,0,0,1,0
34,2429640,Throne and Liberty,jan,1,1,1,5,2025-04,5471,8.607216694063826,0,0,0,0,1,0,0,0,0,1
35,690830,Foundation,jan,1,0,0,1,2024-12,1563,7.354362330421477,1,0,0,0,0,1,0,0,0,0
35,690830,Foundation,jan,1,1,1,2,2025-01,1563,7.354362330421477,0,1,0,0,0,0,1,0,0,0
35,690830,Foundation,jan,1,1,1,3,2025-02,1563,7.354362330421477,0,0,1,0,0,0,0,1,0,0
35,690830,Foundation,jan,1,1,1,4,2025-03,1563,7.354362330421477,0,0,0,1,0,0,0,0,1,0
35,690830,Foundation,jan,1,1,1,5,2025-04,1563,7.354362330421477,0,0,0,0,1,0,0,0,0,1
36,1129580,Medieval Dynasty,jan,1,0,0,1,2024-12,2692,7.898039690764619,1,0,0,0,0,1,0,0,0,0
36,1129580,Medieval Dynasty,jan,1,1,1,2,2025-01,2692,7.898039690764619,0,1,0,0,0,0,1,0,0,0
36,1129580,Medieval Dynasty,jan,1,1,1,3,2025-02,2692,7.898039690764619,0,0,1,0,0,0,0,1,0,0
36,1129580,Medieval Dynasty,jan,1,1,1,4,2025-03,2692,7.898039690764619,0,0,0,1,0,0,0,0,1,0
36,1129580,Medieval Dynasty,jan,1,1,1,5,2025-04,2692,7.898039690764619,0,0,0,0,1,0,0,0,0,1
37,2399420,Le Mans Ultimate,jan,1,0,0,1,2024-12,2861,7.95892649305011,1,0,0,0,0,1,0,0,0,0
37,2399420,Le Mans Ultimate,jan,1,1,1,2,2025-01,2861,7.95892649305011,0,1,0,0,0,0,1,0,0,0
37,2399420,Le Mans Ultimate,jan,1,1,1,3,2025-02,2861,7.95892649305011,0,0,1,0,0,0,0,1,0,0
37,2399420,Le Mans Ultimate,jan,1,1,1,4,2025-03,2861,7.95892649305011,0,0,0,1,0,0,0,0,1,0
37,2399420,Le Mans Ultimate,jan,1,1,1,5,2025-04,2861,7.95892649305011,0,0,0,0,1,0,0,0,0,1
38,3159330,Assassin’s Creed Shadows,jan,1,0,0,1,2024-12,3838,8.252706676567644,1,0,0,0,0,1,0,0,0,0
38,3159330,Assassin’s Creed Shadows,jan,1,1,1,2,2025-01,3838,8.252706676567644,0,1,0,0,0,0,1,0,0,0
38,3159330,Assassin’s Creed Shadows,jan,1,1,1,3,2025-02,3838,8.252706676567644,0,0,1,0,0,0,0,1,0,0
38,3159330,Assassin’s Creed Shadows,jan,1,1,1,4,2025-03,3838,8.252706676567644,0,0,0,1,0,0,0,0,1,0
38,3159330,Assassin’s Creed Shadows,jan,1,1,1,5,2025-04,3838,8.252706676567644,0,0,0,0,1,0,0,0,0,1
39,1144200,Ready or Not,jan,1,0,0,1,2024-12,4125,8.324821298768782,1,0,0,0,0,1,0,0,0,0
39,1144200,Ready or Not,jan,1,1,1,2,2025-01,4125,8.324821298768782,0,1,0,0,0,0,1,0,0,0
39,1144200,Ready or Not,jan,1,1,1,3,2025-02,4125,8.324821298768782,0,0,1,0,0,0,0,1,0,0
39,1144200,Ready or Not,jan,1,1,1,4,2025-03,4125,8.324821298768782,0,0,0,1,0,0,0,0,1,0
39,1144200,Ready or Not,jan,1,1,1,5,2025-04,4125,8.324821298768782,0,0,0,0,1,0,0,0,0,1
40,1172620,Sea of Thieves: 2025 Edition,jan,1,0,0,1,2024-12,3306,8.10349427838097,1,0,0,0,0,1,0,0,0,0
40,1172620,Sea of Thieves: 2025 Edition,jan,1,1,1,2,2025-01,3306,8.10349427838097,0,1,0,0,0,0,1,0,0,0
40,1172620,Sea of Thieves: 2025 Edition,jan,1,1,1,3,2025-02,3306,8.10349427838097,0,0,1,0,0,0,0,1,0,0
40,1172620,Sea of Thieves: 2025 Edition,jan,1,1,1,4,2025-03,3306,8.10349427838097,0,0,0,1,0,0,0,0,1,0
40,1172620,Sea of Thieves: 2025 Edition,jan,1,1,1,5,2025-04,3306,8.10349427838097,0,0,0,0,1,0,0,0,0,1
41,1363080,Manor Lords,jan,1,0,0,1,2024-12,3462,8.149601735736155,1,0,0,0,0,1,0,0,0,0
41,1363080,Manor Lords,jan,1,1,1,2,2025-01,3462,8.149601735736155,0,1,0,0,0,0,1,0,0,0
41,1363080,Manor Lords,jan,1,1,1,3,2025-02,3462,8.149601735736155,0,0,1,0,0,0,0,1,0,0
41,1363080,Manor Lords,jan,1,1,1,4,2025-03,3462,8.149601735736155,0,0,0,1,0,0,0,0,1,0
41,1363080,Manor Lords,jan,1,1,1,5,2025-04,3462,8.149601735736155,0,0,0,0,1,0,0,0,0,1
42,400750,Call to Arms - Gates of Hell: Ostfront,jan,1,0,0,1,2024-12,4164,8.33423142973486,1,0,0,0,0,1,0,0,0,0
42,400750,Call to Arms - Gates of Hell: Ostfront,jan,1,1,1,2,2025-01,4164,8.33423142973486,0,1,0,0,0,0,1,0,0,0
42,400750,Call to Arms - Gates of Hell: Ostfront,jan,1,1,1,3,2025-02,4164,8.33423142973486,0,0,1,0,0,0,0,1,0,0
42,400750,Call to Arms - Gates of Hell: Ostfront,jan,1,1,1,4,2025-03,4164,8.33423142973486,0,0,0,1,0,0,0,0,1,0
42,400750,Call to Arms - Gates of Hell: Ostfront,jan,1,1,1,5,2025-04,4164,8.33423142973486,0,0,0,0,1,0,0,0,0,1
43,1466860,Age of Empires IV: Anniversary Edition,jan,1,0,0,1,2024-12,10636,9.27199975236291,1,0,0,0,0,1,0,0,0,0
43,1466860,Age of Empires IV: Anniversary Edition,jan,1,1,1,2,2025-01,10636,9.27199975236291,0,1,0,0,0,0,1,0,0,0
43,1466860,Age of Empires IV: Anniversary Edition,jan,1,1,1,3,2025-02,10636,9.27199975236291,0,0,1,0,0,0,0,1,0,0
43,1466860,Age of Empires IV: Anniversary Edition,jan,1,1,1,4,2025-03,10636,9.27199975236291,0,0,0,1,0,0,0,0,1,0
43,1466860,Age of Empires IV: Anniversary Edition,jan,1,1,1,5,2025-04,10636,9.27199975236291,0,0,0,0,1,0,0,0,0,1
44,108600,Project Zomboid,jan,1,0,0,1,2024-12,24347,10.100163917635166,1,0,0,0,0,1,0,0,0,0
44,108600,Project Zomboid,jan,1,1,1,2,2025-01,24347,10.100163917635166,0,1,0,0,0,0,1,0,0,0
44,108600,Project Zomboid,jan,1,1,1,3,2025-02,24347,10.100163917635166,0,0,1,0,0,0,0,1,0,0
44,108600,Project Zomboid,jan,1,1,1,4,2025-03,24347,10.100163917635166,0,0,0,1,0,0,0,0,1,0
44,108600,Project Zomboid,jan,1,1,1,5,2025-04,24347,10.100163917635166,0,0,0,0,1,0,0,0,0,1
45,1284190,The Planet Crafter,jan,1,0,0,1,2024-12,3601,8.188966863648876,1,0,0,0,0,1,0,0,0,0
45,1284190,The Planet Crafter,jan,1,1,1,2,2025-01,3601,8.188966863648876,0,1,0,0,0,0,1,0,0,0
45,1284190,The Planet Crafter,jan,1,1,1,3,2025-02,3601,8.188966863648876,0,0,1,0,0,0,0,1,0,0
45,1284190,The Planet Crafter,jan,1,1,1,4,2025-03,3601,8.188966863648876,0,0,0,1,0,0,0,0,1,0
45,1284190,The Planet Crafter,jan,1,1,1,5,2025-04,3601,8.188966863648876,0,0,0,0,1,0,0,0,0,1
46,275850,No Man's Sky,jan,1,0,0,1,2024-12,6219,8.735364401103888,1,0,0,0,0,1,0,0,0,0
46,275850,No Man's Sky,jan,1,1,1,2,2025-01,6219,8.735364401103888,0,1,0,0,0,0,1,0,0,0
46,275850,No Man's Sky,jan,1,1,1,3,2025-02,6219,8.735364401103888,0,0,1,0,0,0,0,1,0,0
46,275850,No Man's Sky,jan,1,1,1,4,2025-03,6219,8.735364401103888,0,0,0,1,0,0,0,0,1,0
46,275850,No Man's Sky,jan,1,1,1,5,2025-04,6219,8.735364401103888,0,0,0,0,1,0,0,0,0,1
47,2155180,Pioneers of Pagonia,jan,1,0,0,1,2024-12,448,6.104793232414985,1,0,0,0,0,1,0,0,0,0
47,2155180,Pioneers of Pagonia,jan,1,1,1,2,2025-01,448,6.104793232414985,0,1,0,0,0,0,1,0,0,0
47,2155180,Pioneers of Pagonia,jan,1,1,1,3,2025-02,448,6.104793232414985,0,0,1,0,0,0,0,1,0,0
47,2155180,Pioneers of Pagonia,jan,1,1,1,4,2025-03,448,6.104793232414985,0,0,0,1,0,0,0,0,1,0
47,2155180,Pioneers of Pagonia,jan,1,1,1,5,2025-04,448,6.104793232414985,0,0,0,0,1,0,0,0,0,1
48,2185060,Two Point Museum,jan,1,0,0,1,2024-12,1240,7.122866658599083,1,0,0,0,0,1,0,0,0,0
48,2185060,Two Point Museum,jan,1,1,1,2,2025-01,1240,7.122866658599083,0,1,0,0,0,0,1,0,0,0
48,2185060,Two Point Museum,jan,1,1,1,3,2025-02,1240,7.122866658599083,0,0,1,0,0,0,0,1,0,0
48,2185060,Two Point Museum,jan,1,1,1,4,2025-03,1240,7.122866658599083,0,0,0,1,0,0,0,0,1,0
48,2185060,Two Point Museum,jan,1,1,1,5,2025-04,1240,7.122866658599083,0,0,0,0,1,0,0,0,0,1
49,291550,Brawlhalla,jan,1,0,0,1,2024-12,7000,8.85366542803745,1,0,0,0,0,1,0,0,0,0
49,291550,Brawlhalla,jan,1,1,1,2,2025-01,7000,8.85366542803745,0,1,0,0,0,0,1,0,0,0
49,291550,Brawlhalla,jan,1,1,1,3,2025-02,7000,8.85366542803745,0,0,1,0,0,0,0,1,0,0
49,291550,Brawlhalla,jan,1,1,1,4,2025-03,7000,8.85366542803745,0,0,0,1,0,0,0,0,1,0
49,291550,Brawlhalla,jan,1,1,1,5,2025-04,7000,8.85366542803745,0,0,0,0,1,0,0,0,0,1
50,2169200,Sniper Elite: Resistance,jan,1,0,0,1,2024-12,805,6.690842277418564,1,0,0,0,0,1,0,0,0,0
50,2169200,Sniper Elite: Resistance,jan,1,1,1,2,2025-01,805,6.690842277418564,0,1,0,0,0,0,1,0,0,0
50,2169200,Sniper Elite: Resistance,jan,1,1,1,3,2025-02,805,6.690842277418564,0,0,1,0,0,0,0,1,0,0
50,2169200,Sniper Elite: Resistance,jan,1,1,1,4,2025-03,805,6.690842277418564,0,0,0,1,0,0,0,0,1,0
50,2169200,Sniper Elite: Resistance,jan,1,1,1,5,2025-04,805,6.690842277418564,0,0,0,0,1,0,0,0,0,1
51,1288320,Way of the Hunter,jan,1,0,0,1,2024-12,1918,7.559038255443384,1,0,0,0,0,1,0,0,0,0
51,1288320,Way of the Hunter,jan,1,1,1,2,2025-01,1918,7.559038255443384,0,1,0,0,0,0,1,0,0,0
51,1288320,Way of the Hunter,jan,1,1,1,3,2025-02,1918,7.559038255443384,0,0,1,0,0,0,0,1,0,0
51,1288320,Way of the Hunter,jan,1,1,1,4,2025-03,1918,7.559038255443384,0,0,0,1,0,0,0,0,1,0
51,1288320,Way of the Hunter,jan,1,1,1,5,2025-04,1918,7.559038255443384,0,0,0,0,1,0,0,0,0,1
52,107410,Arma 3,jan,1,0,0,1,2024-12,6931,8.843759381917984,1,0,0,0,0,1,0,0,0,0
52,107410,Arma 3,jan,1,1,1,2,2025-01,6931,8.843759381917984,0,1,0,0,0,0,1,0,0,0
52,107410,Arma 3,jan,1,1,1,3,2025-02,6931,8.843759381917984,0,0,1,0,0,0,0,1,0,0
52,107410,Arma 3,jan,1,1,1,4,2025-03,6931,8.843759381917984,0,0,0,1,0,0,0,0,1,0
52,107410,Arma 3,jan,1,1,1,5,2025-04,6931,8.843759381917984,0,0,0,0,1,0,0,0,0,1
53,1790600,DRAGON BALL: Sparking! ZERO,jan,1,0,0,1,2024-12,994,6.901737206656574,1,0,0,0,0,1,0,0,0,0
53,1790600,DRAGON BALL: Sparking! ZERO,jan,1,1,1,2,2025-01,994,6.901737206656574,0,1,0,0,0,0,1,0,0,0
53,1790600,DRAGON BALL: Sparking! ZERO,jan,1,1,1,3,2025-02,994,6.901737206656574,0,0,1,0,0,0,0,1,0,0
53,1790600,DRAGON BALL: Sparking! ZERO,jan,1,1,1,4,2025-03,994,6.901737206656574,0,0,0,1,0,0,0,0,1,0
53,1790600,DRAGON BALL: Sparking! ZERO,jan,1,1,1,5,2025-04,994,6.901737206656574,0,0,0,0,1,0,0,0,0,1
54,440900,Conan Exiles,jan,1,0,0,1,2024-12,4342,8.376090350438238,1,0,0,0,0,1,0,0,0,0
54,440900,Conan Exiles,jan,1,1,1,2,2025-01,4342,8.376090350438238,0,1,0,0,0,0,1,0,0,0
54,440900,Conan Exiles,jan,1,1,1,3,2025-02,4342,8.376090350438238,0,0,1,0,0,0,0,1,0,0
54,440900,Conan Exiles,jan,1,1,1,4,2025-03,4342,8.376090350438238,0,0,0,1,0,0,0,0,1,0
54,440900,Conan Exiles,jan,1,1,1,5,2025-04,4342,8.376090350438238,0,0,0,0,1,0,0,0,0,1
55,2515020,FINAL FANTASY XVI,jan,1,0,0,1,2024-12,1018,6.925595197110468,1,0,0,0,0,1,0,0,0,0
55,2515020,FINAL FANTASY XVI,jan,1,1,1,2,2025-01,1018,6.925595197110468,0,1,0,0,0,0,1,0,0,0
55,2515020,FINAL FANTASY XVI,jan,1,1,1,3,2025-02,1018,6.925595197110468,0,0,1,0,0,0,0,1,0,0
55,2515020,FINAL FANTASY XVI,jan,1,1,1,4,2025-03,1018,6.925595197110468,0,0,0,1,0,0,0,0,1,0
55,2515020,FINAL FANTASY XVI,jan,1,1,1,5,2025-04,1018,6.925595197110468,0,0,0,0,1,0,0,0,0,1
56,292030,The Witcher 3: Wild Hunt,jan,1,0,0,1,2024-12,16285,9.697999717710333,1,0,0,0,0,1,0,0,0,0
56,292030,The Witcher 3: Wild Hunt,jan,1,1,1,2,2025-01,16285,9.697999717710333,0,1,0,0,0,0,1,0,0,0
56,292030,The Witcher 3: Wild Hunt,jan,1,1,1,3,2025-02,16285,9.697999717710333,0,0,1,0,0,0,0,1,0,0
56,292030,The Witcher 3: Wild Hunt,jan,1,1,1,4,2025-03,16285,9.697999717710333,0,0,0,1,0,0,0,0,1,0
56,292030,The Witcher 3: Wild Hunt,jan,1,1,1,5,2025-04,16285,9.697999717710333,0,0,0,0,1,0,0,0,0,1
57,1938090,Call of Duty®,jan,1,0,0,1,2024-12,23893,10.08134080799053,1,0,0,0,0,1,0,0,0,0
57,1938090,Call of Duty®,jan,1,1,1,2,2025-01,23893,10.08134080799053,0,1,0,0,0,0,1,0,0,0
57,1938090,Call of Duty®,jan,1,1,1,3,2025-02,23893,10.08134080799053,0,0,1,0,0,0,0,1,0,0
57,1938090,Call of Duty®,jan,1,1,1,4,2025-03,23893,10.08134080799053,0,0,0,1,0,0,0,0,1,0
57,1938090,Call of Duty®,jan,1,1,1,5,2025-04,23893,10.08134080799053,0,0,0,0,1,0,0,0,0,1
58,767560,War Robots,jan,1,0,0,1,2024-12,1523,7.328437352895162,1,0,0,0,0,1,0,0,0,0
58,767560,War Robots,jan,1,1,1,2,2025-01,1523,7.328437352895162,0,1,0,0,0,0,1,0,0,0
58,767560,War Robots,jan,1,1,1,3,2025-02,1523,7.328437352895162,0,0,1,0,0,0,0,1,0,0
58,767560,War Robots,jan,1,1,1,4,2025-03,1523,7.328437352895162,0,0,0,1,0,0,0,0,1,0
58,767560,War Robots,jan,1,1,1,5,2025-04,1523,7.328437352895162,0,0,0,0,1,0,0,0,0,1
59,780310,The Riftbreaker,jan,1,0,0,1,2024-12,1309,7.1770187659099,1,0,0,0,0,1,0,0,0,0
59,780310,The Riftbreaker,jan,1,1,1,2,2025-01,1309,7.1770187659099,0,1,0,0,0,0,1,0,0,0
59,780310,The Riftbreaker,jan,1,1,1,3,2025-02,1309,7.1770187659099,0,0,1,0,0,0,0,1,0,0
59,780310,The Riftbreaker,jan,1,1,1,4,2025-03,1309,7.1770187659099,0,0,0,1,0,0,0,0,1,0
59,780310,The Riftbreaker,jan,1,1,1,5,2025-04,1309,7.1770187659099,0,0,0,0,1,0,0,0,0,1
60,1669000,Age of Wonders 4,jan,1,0,0,1,2024-12,1455,7.282761179605593,1,0,0,0,0,1,0,0,0,0
60,1669000,Age of Wonders 4,jan,1,1,1,2,2025-01,1455,7.282761179605593,0,1,0,0,0,0,1,0,0,0
60,1669000,Age of Wonders 4,jan,1,1,1,3,2025-02,1455,7.282761179605593,0,0,1,0,0,0,0,1,0,0
60,1669000,Age of Wonders 4,jan,1,1,1,4,2025-03,1455,7.282761179605593,0,0,0,1,0,0,0,0,1,0
60,1669000,Age of Wonders 4,jan,1,1,1,5,2025-04,1455,7.282761179605593,0,0,0,0,1,0,0,0,0,1
61,784150,Workers & Resources: Soviet Republic,jan,1,0,0,1,2024-12,2674,7.891330757661889,1,0,0,0,0,1,0,0,0,0
61,784150,Workers & Resources: Soviet Republic,jan,1,1,1,2,2025-01,2674,7.891330757661889,0,1,0,0,0,0,1,0,0,0
61,784150,Workers & Resources: Soviet Republic,jan,1,1,1,3,2025-02,2674,7.891330757661889,0,0,1,0,0,0,0,1,0,0
61,784150,Workers & Resources: Soviet Republic,jan,1,1,1,4,2025-03,2674,7.891330757661889,0,0,0,1,0,0,0,0,1,0
61,784150,Workers & Resources: Soviet Republic,jan,1,1,1,5,2025-04,2674,7.891330757661889,0,0,0,0,1,0,0,0,0,1
62,1604030,V Rising,jan,1,0,0,1,2024-12,3403,8.132412674500905,1,0,0,0,0,1,0,0,0,0
62,1604030,V Rising,jan,1,1,1,2,2025-01,3403,8.132412674500905,0,1,0,0,0,0,1,0,0,0
62,1604030,V Rising,jan,1,1,1,3,2025-02,3403,8.132412674500905,0,0,1,0,0,0,0,1,0,0
62,1604030,V Rising,jan,1,1,1,4,2025-03,3403,8.132412674500905,0,0,0,1,0,0,0,0,1,0
62,1604030,V Rising,jan,1,1,1,5,2025-04,3403,8.132412674500905,0,0,0,0,1,0,0,0,0,1
63,1898300,ASKA,jan,1,0,0,1,2024-12,1352,7.20934025660291,1,0,0,0,0,1,0,0,0,0
63,1898300,ASKA,jan,1,1,1,2,2025-01,1352,7.20934025660291,0,1,0,0,0,0,1,0,0,0
63,1898300,ASKA,jan,1,1,1,3,2025-02,1352,7.20934025660291,0,0,1,0,0,0,0,1,0,0
63,1898300,ASKA,jan,1,1,1,4,2025-03,1352,7.20934025660291,0,0,0,1,0,0,0,0,1,0
63,1898300,ASKA,jan,1,1,1,5,2025-04,1352,7.20934025660291,0,0,0,0,1,0,0,0,0,1
64,1649950,News Tower,jan,1,0,0,1,2024-12,500,6.214608098422191,1,0,0,0,0,1,0,0,0,0
64,1649950,News Tower,jan,1,1,1,2,2025-01,500,6.214608098422191,0,1,0,0,0,0,1,0,0,0
64,1649950,News Tower,jan,1,1,1,3,2025-02,500,6.214608098422191,0,0,1,0,0,0,0,1,0,0
64,1649950,News Tower,jan,1,1,1,4,2025-03,500,6.214608098422191,0,0,0,1,0,0,0,0,1,0
64,1649950,News Tower,jan,1,1,1,5,2025-04,500,6.214608098422191,0,0,0,0,1,0,0,0,0,1
65,1604030,V Rising,jan,1,0,0,1,2024-12,3403,8.132412674500905,1,0,0,0,0,1,0,0,0,0
65,1604030,V Rising,jan,1,1,1,2,2025-01,3403,8.132412674500905,0,1,0,0,0,0,1,0,0,0
65,1604030,V Rising,jan,1,1,1,3,2025-02,3403,8.132412674500905,0,0,1,0,0,0,0,1,0,0
65,1604030,V Rising,jan,1,1,1,4,2025-03,3403,8.132412674500905,0,0,0,1,0,0,0,0,1,0
65,1604030,V Rising,jan,1,1,1,5,2025-04,3403,8.132412674500905,0,0,0,0,1,0,0,0,0,1
66,620980,Beat Saber,jan,1,0,0,1,2024-12,337,5.820082930352362,1,0,0,0,0,1,0,0,0,0
66,620980,Beat Saber,jan,1,1,1,2,2025-01,337,5.820082930352362,0,1,0,0,0,0,1,0,0,0
66,620980,Beat Saber,jan,1,1,1,3,2025-02,337,5.820082930352362,0,0,1,0,0,0,0,1,0,0
66,620980,Beat Saber,jan,1,1,1,4,2025-03,337,5.820082930352362,0,0,0,1,0,0,0,0,1,0
66,620980,Beat Saber,jan,1,1,1,5,2025-04,337,5.820082930352362,0,0,0,0,1,0,0,0,0,1
67,2104890,RoadCraft,jan,1,0,0,1,2024-12,1508,7.318539548567902,1,0,0,0,0,1,0,0,0,0
67,2104890,RoadCraft,jan,1,1,1,2,2025-01,1508,7.318539548567902,0,1,0,0,0,0,1,0,0,0
67,2104890,RoadCraft,jan,1,1,1,3,2025-02,1508,7.318539548567902,0,0,1,0,0,0,0,1,0,0
67,2104890,RoadCraft,jan,1,1,1,4,2025-03,1508,7.318539548567902,0,0,0,1,0,0,0,0,1,0
67,2104890,RoadCraft,jan,1,1,1,5,2025-04,1508,7.318539548567902,0,0,0,0,1,0,0,0,0,1
68,1898300,ASKA,jan,1,0,0,1,2024-12,1352,7.20934025660291,1,0,0,0,0,1,0,0,0,0
68,1898300,ASKA,jan,1,1,1,2,2025-01,1352,7.20934025660291,0,1,0,0,0,0,1,0,0,0
68,1898300,ASKA,jan,1,1,1,3,2025-02,1352,7.20934025660291,0,0,1,0,0,0,0,1,0,0
68,1898300,ASKA,jan,1,1,1,4,2025-03,1352,7.20934025660291,0,0,0,1,0,0,0,0,1,0
68,1898300,ASKA,jan,1,1,1,5,2025-04,1352,7.20934025660291,0,0,0,0,1,0,0,0,0,1
69,1995520,Pax Dei,jan,1,0,0,1,2024-12,1490,7.306531398939505,1,0,0,0,0,1,0,0,0,0
69,1995520,Pax Dei,jan,1,1,1,2,2025-01,1490,7.306531398939505,0,1,0,0,0,0,1,0,0,0
69,1995520,Pax Dei,jan,1,1,1,3,2025-02,1490,7.306531398939505,0,0,1,0,0,0,0,1,0,0
69,1995520,Pax Dei,jan,1,1,1,4,2025-03,1490,7.306531398939505,0,0,0,1,0,0,0,0,1,0
69,1995520,Pax Dei,jan,1,1,1,5,2025-04,1490,7.306531398939505,0,0,0,0,1,0,0,0,0,1
70,1282270,Strinova,jan,1,0,0,1,2024-12,2648,7.881559917056899,1,0,0,0,0,1,0,0,0,0
70,1282270,Strinova,jan,1,1,1,2,2025-01,2648,7.881559917056899,0,1,0,0,0,0,1,0,0,0
70,1282270,Strinova,jan,1,1,1,3,2025-02,2648,7.881559917056899,0,0,1,0,0,0,0,1,0,0
70,1282270,Strinova,jan,1,1,1,4,2025-03,2648,7.881559917056899,0,0,0,1,0,0,0,0,1,0
70,1282270,Strinova,jan,1,1,1,5,2025-04,2648,7.881559917056899,0,0,0,0,1,0,0,0,0,1
71,529340,Victoria 3,jan,1,0,0,1,2024-12,5681,8.644882552557126,1,0,0,0,0,1,0,0,0,0
71,529340,Victoria 3,jan,1,1,1,2,2025-01,5681,8.644882552557126,0,1,0,0,0,0,1,0,0,0
71,529340,Victoria 3,jan,1,1,1,3,2025-02,5681,8.644882552557126,0,0,1,0,0,0,0,1,0,0
71,529340,Victoria 3,jan,1,1,1,4,2025-03,5681,8.644882552557126,0,0,0,1,0,0,0,0,1,0
71,529340,Victoria 3,jan,1,1,1,5,2025-04,5681,8.644882552557126,0,0,0,0,1,0,0,0,0,1
72,392160,X4: Foundations,jan,1,0,0,1,2024-12,3225,8.078688229229872,1,0,0,0,0,1,0,0,0,0
72,392160,X4: Foundations,jan,1,1,1,2,2025-01,3225,8.078688229229872,0,1,0,0,0,0,1,0,0,0
72,392160,X4: Foundations,jan,1,1,1,3,2025-02,3225,8.078688229229872,0,0,1,0,0,0,0,1,0,0
72,392160,X4: Foundations,jan,1,1,1,4,2025-03,3225,8.078688229229872,0,0,0,1,0,0,0,0,1,0
72,392160,X4: Foundations,jan,1,1,1,5,2025-04,3225,8.078688229229872,0,0,0,0,1,0,0,0,0,1
73,1845910,Dragon Age™: The Veilguard,jan,1,0,0,1,2024-12,507,6.2285110035911835,1,0,0,0,0,1,0,0,0,0
73,1845910,Dragon Age™: The Veilguard,jan,1,1,1,2,2025-01,507,6.2285110035911835,0,1,0,0,0,0,1,0,0,0
73,1845910,Dragon Age™: The Veilguard,jan,1,1,1,3,2025-02,507,6.2285110035911835,0,0,1,0,0,0,0,1,0,0
73,1845910,Dragon Age™: The Veilguard,jan,1,1,1,4,2025-03,507,6.2285110035911835,0,0,0,1,0,0,0,0,1,0
73,1845910,Dragon Age™: The Veilguard,jan,1,1,1,5,2025-04,507,6.2285110035911835,0,0,0,0,1,0,0,0,0,1
74,359320,Elite Dangerous,jan,1,0,0,1,2024-12,3230,8.080237416216702,1,0,0,0,0,1,0,0,0,0
74,359320,Elite Dangerous,jan,1,1,1,2,2025-01,3230,8.080237416216702,0,1,0,0,0,0,1,0,0,0
74,359320,Elite Dangerous,jan,1,1,1,3,2025-02,3230,8.080237416216702,0,0,1,0,0,0,0,1,0,0
74,359320,Elite Dangerous,jan,1,1,1,4,2025-03,3230,8.080237416216702,0,0,0,1,0,0,0,0,1,0
74,359320,Elite Dangerous,jan,1,1,1,5,2025-04,3230,8.080237416216702,0,0,0,0,1,0,0,0,0,1
75,1940340,Darkest Dungeon® II,jan,1,0,0,1,2024-12,1182,7.074963197966044,1,0,0,0,0,1,0,0,0,0
75,1940340,Darkest Dungeon® II,jan,1,1,1,2,2025-01,1182,7.074963197966044,0,1,0,0,0,0,1,0,0,0
75,1940340,Darkest Dungeon® II,jan,1,1,1,3,2025-02,1182,7.074963197966044,0,0,1,0,0,0,0,1,0,0
75,1940340,Darkest Dungeon® II,jan,1,1,1,4,2025-03,1182,7.074963197966044,0,0,0,1,0,0,0,0,1,0
75,1940340,Darkest Dungeon® II,jan,1,1,1,5,2025-04,1182,7.074963197966044,0,0,0,0,1,0,0,0,0,1
76,1290000,PowerWash Simulator,jan,1,0,0,1,2024-12,1355,7.2115567333138015,1,0,0,0,0,1,0,0,0,0
76,1290000,PowerWash Simulator,jan,1,1,1,2,2025-01,1355,7.2115567333138015,0,1,0,0,0,0,1,0,0,0
76,1290000,PowerWash Simulator,jan,1,1,1,3,2025-02,1355,7.2115567333138015,0,0,1,0,0,0,0,1,0,0
76,1290000,PowerWash Simulator,jan,1,1,1,4,2025-03,1355,7.2115567333138015,0,0,0,1,0,0,0,0,1,0
76,1290000,PowerWash Simulator,jan,1,1,1,5,2025-04,1355,7.2115567333138015,0,0,0,0,1,0,0,0,0,1
77,1435790,Escape Simulator,jan,1,0,0,1,2024-12,467,6.1463292576688975,1,0,0,0,0,1,0,0,0,0
77,1435790,Escape Simulator,jan,1,1,1,2,2025-01,467,6.1463292576688975,0,1,0,0,0,0,1,0,0,0
77,1435790,Escape Simulator,jan,1,1,1,3,2025-02,467,6.1463292576688975,0,0,1,0,0,0,0,1,0,0
77,1435790,Escape Simulator,jan,1,1,1,4,2025-03,467,6.1463292576688975,0,0,0,1,0,0,0,0,1,0
77,1435790,Escape Simulator,jan,1,1,1,5,2025-04,467,6.1463292576688975,0,0,0,0,1,0,0,0,0,1
78,2009350,Out of Ore,jan,1,0,0,1,2024-12,435,6.075346031088684,1,0,0,0,0,1,0,0,0,0
78,2009350,Out of Ore,jan,1,1,1,2,2025-01,435,6.075346031088684,0,1,0,0,0,0,1,0,0,0
78,2009350,Out of Ore,jan,1,1,1,3,2025-02,435,6.075346031088684,0,0,1,0,0,0,0,1,0,0
78,2009350,Out of Ore,jan,1,1,1,4,2025-03,435,6.075346031088684,0,0,0,1,0,0,0,0,1,0
78,2009350,Out of Ore,jan,1,1,1,5,2025-04,435,6.075346031088684,0,0,0,0,1,0,0,0,0,1
79,1203220,NARAKA: BLADEPOINT,jan,1,0,0,1,2024-12,62530,11.043401720561343,1,0,0,0,0,1,0,0,0,0
79,1203220,NARAKA: BLADEPOINT,jan,1,1,1,2,2025-01,62530,11.043401720561343,0,1,0,0,0,0,1,0,0,0
79,1203220,NARAKA: BLADEPOINT,jan,1,1,1,3,2025-02,62530,11.043401720561343,0,0,1,0,0,0,0,1,0,0
79,1203220,NARAKA: BLADEPOINT,jan,1,1,1,4,2025-03,62530,11.043401720561343,0,0,0,1,0,0,0,0,1,0
79,1203220,NARAKA: BLADEPOINT,jan,1,1,1,5,2025-04,62530,11.043401720561343,0,0,0,0,1,0,0,0,0,1
80,223750,DCS World Steam Edition,jan,1,0,0,1,2024-12,831,6.7226297948554485,1,0,0,0,0,1,0,0,0,0
80,223750,DCS World Steam Edition,jan,1,1,1,2,2025-01,831,6.7226297948554485,0,1,0,0,0,0,1,0,0,0
80,223750,DCS World Steam Edition,jan,1,1,1,3,2025-02,831,6.7226297948554485,0,0,1,0,0,0,0,1,0,0
80,223750,DCS World Steam Edition,jan,1,1,1,4,2025-03,831,6.7226297948554485,0,0,0,1,0,0,0,0,1,0
80,223750,DCS World Steam Edition,jan,1,1,1,5,2025-04,831,6.7226297948554485,0,0,0,0,1,0,0,0,0,1
81,211500,RaceRoom Racing Experience,jan,1,0,0,1,2024-12,605,6.405228458030842,1,0,0,0,0,1,0,0,0,0
81,211500,RaceRoom Racing Experience,jan,1,1,1,2,2025-01,605,6.405228458030842,0,1,0,0,0,0,1,0,0,0
81,211500,RaceRoom Racing Experience,jan,1,1,1,3,2025-02,605,6.405228458030842,0,0,1,0,0,0,0,1,0,0
81,211500,RaceRoom Racing Experience,jan,1,1,1,4,2025-03,605,6.405228458030842,0,0,0,1,0,0,0,0,1,0
81,211500,RaceRoom Racing Experience,jan,1,1,1,5,2025-04,605,6.405228458030842,0,0,0,0,1,0,0,0,0,1
82,2016590,Dark and Darker,jan,1,0,0,1,2024-12,10227,9.232786560806012,1,0,0,0,0,1,0,0,0,0
82,2016590,Dark and Darker,jan,1,1,1,2,2025-01,10227,9.232786560806012,0,1,0,0,0,0,1,0,0,0
82,2016590,Dark and Darker,jan,1,1,1,3,2025-02,10227,9.232786560806012,0,0,1,0,0,0,0,1,0,0
82,2016590,Dark and Darker,jan,1,1,1,4,2025-03,10227,9.232786560806012,0,0,0,1,0,0,0,0,1,0
82,2016590,Dark and Darker,jan,1,1,1,5,2025-04,10227,9.232786560806012,0,0,0,0,1,0,0,0,0,1
83,1621690,Core Keeper,jan,1,0,0,1,2024-12,4451,8.400884069015854,1,0,0,0,0,1,0,0,0,0
83,1621690,Core Keeper,jan,1,1,1,2,2025-01,4451,8.400884069015854,0,1,0,0,0,0,1,0,0,0
83,1621690,Core Keeper,jan,1,1,1,3,2025-02,4451,8.400884069015854,0,0,1,0,0,0,0,1,0,0
83,1621690,Core Keeper,jan,1,1,1,4,2025-03,4451,8.400884069015854,0,0,0,1,0,0,0,0,1,0
83,1621690,Core Keeper,jan,1,1,1,5,2025-04,4451,8.400884069015854,0,0,0,0,1,0,0,0,0,1
84,1114150,CarX Street,jan,1,0,0,1,2024-12,657,6.48768401848461,1,0,0,0,0,1,0,0,0,0
84,1114150,CarX Street,jan,1,1,1,2,2025-01,657,6.48768401848461,0,1,0,0,0,0,1,0,0,0
84,1114150,CarX Street,jan,1,1,1,3,2025-02,657,6.48768401848461,0,0,1,0,0,0,0,1,0,0
84,1114150,CarX Street,jan,1,1,1,4,2025-03,657,6.48768401848461,0,0,0,1,0,0,0,0,1,0
84,1114150,CarX Street,jan,1,1,1,5,2025-04,657,6.48768401848461,0,0,0,0,1,0,0,0,0,1
85,262060,Darkest Dungeon®,jan,1,0,0,1,2024-12,6016,8.702177865629675,1,0,0,0,0,1,0,0,0,0
85,262060,Darkest Dungeon®,jan,1,1,1,2,2025-01,6016,8.702177865629675,0,1,0,0,0,0,1,0,0,0
85,262060,Darkest Dungeon®,jan,1,1,1,3,2025-02,6016,8.702177865629675,0,0,1,0,0,0,0,1,0,0
85,262060,Darkest Dungeon®,jan,1,1,1,4,2025-03,6016,8.702177865629675,0,0,0,1,0,0,0,0,1,0
85,262060,Darkest Dungeon®,jan,1,1,1,5,2025-04,6016,8.702177865629675,0,0,0,0,1,0,0,0,0,1
86,1079260,Fireworks Mania - An Explosive Simulator,jan,1,0,0,1,2024-12,162,5.087596335232384,1,0,0,0,0,1,0,0,0,0
86,1079260,Fireworks Mania - An Explosive Simulator,jan,1,1,1,2,2025-01,162,5.087596335232384,0,1,0,0,0,0,1,0,0,0
86,1079260,Fireworks Mania - An Explosive Simulator,jan,1,1,1,3,2025-02,162,5.087596335232384,0,0,1,0,0,0,0,1,0,0
86,1079260,Fireworks Mania - An Explosive Simulator,jan,1,1,1,4,2025-03,162,5.087596335232384,0,0,0,1,0,0,0,0,1,0
86,1079260,Fireworks Mania - An Explosive Simulator,jan,1,1,1,5,2025-04,162,5.087596335232384,0,0,0,0,1,0,0,0,0,1
87,1114150,CarX Street,jan,1,0,0,1,2024-12,657,6.48768401848461,1,0,0,0,0,1,0,0,0,0
87,1114150,CarX Street,jan,1,1,1,2,2025-01,657,6.48768401848461,0,1,0,0,0,0,1,0,0,0
87,1114150,CarX Street,jan,1,1,1,3,2025-02,657,6.48768401848461,0,0,1,0,0,0,0,1,0,0
87,1114150,CarX Street,jan,1,1,1,4,2025-03,657,6.48768401848461,0,0,0,1,0,0,0,0,1,0
87,1114150,CarX Street,jan,1,1,1,5,2025-04,657,6.48768401848461,0,0,0,0,1,0,0,0,0,1
88,993090,Lossless Scaling,jan,1,0,0,1,2024-12,6947,8.846065190692881,1,0,0,0,0,1,0,0,0,0
88,993090,Lossless Scaling,jan,1,1,1,2,2025-01,6947,8.846065190692881,0,1,0,0,0,0,1,0,0,0
88,993090,Lossless Scaling,jan,1,1,1,3,2025-02,6947,8.846065190692881,0,0,1,0,0,0,0,1,0,0
88,993090,Lossless Scaling,jan,1,1,1,4,2025-03,6947,8.846065190692881,0,0,0,1,0,0,0,0,1,0
88,993090,Lossless Scaling,jan,1,1,1,5,2025-04,6947,8.846065190692881,0,0,0,0,1,0,0,0,0,1
89,2071280,Ravenswatch,jan,1,0,0,1,2024-12,1440,7.272398392570047,1,0,0,0,0,1,0,0,0,0
89,2071280,Ravenswatch,jan,1,1,1,2,2025-01,1440,7.272398392570047,0,1,0,0,0,0,1,0,0,0
89,2071280,Ravenswatch,jan,1,1,1,3,2025-02,1440,7.272398392570047,0,0,1,0,0,0,0,1,0,0
89,2071280,Ravenswatch,jan,1,1,1,4,2025-03,1440,7.272398392570047,0,0,0,1,0,0,0,0,1,0
89,2071280,Ravenswatch,jan,1,1,1,5,2025-04,1440,7.272398392570047,0,0,0,0,1,0,0,0,0,1
90,1611600,WARNO,jan,1,0,0,1,2024-12,920,6.824373670043086,1,0,0,0,0,1,0,0,0,0
90,1611600,WARNO,jan,1,1,1,2,2025-01,920,6.824373670043086,0,1,0,0,0,0,1,0,0,0
90,1611600,WARNO,jan,1,1,1,3,2025-02,920,6.824373670043086,0,0,1,0,0,0,0,1,0,0
90,1611600,WARNO,jan,1,1,1,4,2025-03,920,6.824373670043086,0,0,0,1,0,0,0,0,1,0
90,1611600,WARNO,jan,1,1,1,5,2025-04,920,6.824373670043086,0,0,0,0,1,0,0,0,0,1
91,1258080,Shop Titans,jan,1,0,0,1,2024-12,3254,8.087640287778983,1,0,0,0,0,1,0,0,0,0
91,1258080,Shop Titans,jan,1,1,1,2,2025-01,3254,8.087640287778983,0,1,0,0,0,0,1,0,0,0
91,1258080,Shop Titans,jan,1,1,1,3,2025-02,3254,8.087640287778983,0,0,1,0,0,0,0,1,0,0
91,1258080,Shop Titans,jan,1,1,1,4,2025-03,3254,8.087640287778983,0,0,0,1,0,0,0,0,1,0
91,1258080,Shop Titans,jan,1,1,1,5,2025-04,3254,8.087640287778983,0,0,0,0,1,0,0,0,0,1
92,1676840,For The King II,jan,1,0,0,1,2024-12,1284,7.157735484249907,1,0,0,0,0,1,0,0,0,0
92,1676840,For The King II,jan,1,1,1,2,2025-01,1284,7.157735484249907,0,1,0,0,0,0,1,0,0,0
92,1676840,For The King II,jan,1,1,1,3,2025-02,1284,7.157735484249907,0,0,1,0,0,0,0,1,0,0
92,1676840,For The King II,jan,1,1,1,4,2025-03,1284,7.157735484249907,0,0,0,1,0,0,0,0,1,0
92,1676840,For The King II,jan,1,1,1,5,2025-04,1284,7.157735484249907,0,0,0,0,1,0,0,0,0,1
93,427410,Abiotic Factor,jan,1,0,0,1,2024-12,1724,7.452402451223638,1,0,0,0,0,1,0,0,0,0
93,427410,Abiotic Factor,jan,1,1,1,2,2025-01,1724,7.452402451223638,0,1,0,0,0,0,1,0,0,0
93,427410,Abiotic Factor,jan,1,1,1,3,2025-02,1724,7.452402451223638,0,0,1,0,0,0,0,1,0,0
93,427410,Abiotic Factor,jan,1,1,1,4,2025-03,1724,7.452402451223638,0,0,0,1,0,0,0,0,1,0
93,427410,Abiotic Factor,jan,1,1,1,5,2025-04,1724,7.452402451223638,0,0,0,0,1,0,0,0,0,1
94,1601580,Frostpunk 2,jan,1,0,0,1,2024-12,794,6.677083461247136,1,0,0,0,0,1,0,0,0,0
94,1601580,Frostpunk 2,jan,1,1,1,2,2025-01,794,6.677083461247136,0,1,0,0,0,0,1,0,0,0
94,1601580,Frostpunk 2,jan,1,1,1,3,2025-02,794,6.677083461247136,0,0,1,0,0,0,0,1,0,0
94,1601580,Frostpunk 2,jan,1,1,1,4,2025-03,794,6.677083461247136,0,0,0,1,0,0,0,0,1,0
94,1601580,Frostpunk 2,jan,1,1,1,5,2025-04,794,6.677083461247136,0,0,0,0,1,0,0,0,0,1
95,3070070,TCG Card Shop Simulator,jan,1,0,0,1,2024-12,1894,7.546446273746024,1,0,0,0,0,1,0,0,0,0
95,3070070,TCG Card Shop Simulator,jan,1,1,1,2,2025-01,1894,7.546446273746024,0,1,0,0,0,0,1,0,0,0
95,3070070,TCG Card Shop Simulator,jan,1,1,1,3,2025-02,1894,7.546446273746024,0,0,1,0,0,0,0,1,0,0
95,3070070,TCG Card Shop Simulator,jan,1,1,1,4,2025-03,1894,7.546446273746024,0,0,0,1,0,0,0,0,1,0
95,3070070,TCG Card Shop Simulator,jan,1,1,1,5,2025-04,1894,7.546446273746024,0,0,0,0,1,0,0,0,0,1
96,2604480,City Transport Simulator®,jan,1,0,0,1,2024-12,58,4.060443010546419,1,0,0,0,0,1,0,0,0,0
96,2604480,City Transport Simulator®,jan,1,1,1,2,2025-01,58,4.060443010546419,0,1,0,0,0,0,1,0,0,0
96,2604480,City Transport Simulator®,jan,1,1,1,3,2025-02,58,4.060443010546419,0,0,1,0,0,0,0,1,0,0
96,2604480,City Transport Simulator®,jan,1,1,1,4,2025-03,58,4.060443010546419,0,0,0,1,0,0,0,0,1,0
96,2604480,City Transport Simulator®,jan,1,1,1,5,2025-04,58,4.060443010546419,0,0,0,0,1,0,0,0,0,1
97,457140,Oxygen Not Included,jan,1,0,0,1,2024-12,12063,9.397898195565384,1,0,0,0,0,1,0,0,0,0
97,457140,Oxygen Not Included,jan,1,1,1,2,2025-01,12063,9.397898195565384,0,1,0,0,0,0,1,0,0,0
97,457140,Oxygen Not Included,jan,1,1,1,3,2025-02,12063,9.397898195565384,0,0,1,0,0,0,0,1,0,0
97,457140,Oxygen Not Included,jan,1,1,1,4,2025-03,12063,9.397898195565384,0,0,0,1,0,0,0,0,1,0
97,457140,Oxygen Not Included,jan,1,1,1,5,2025-04,12063,9.397898195565384,0,0,0,0,1,0,0,0,0,1
98,1442430,Storage Hunter Simulator,jan,1,0,0,1,2024-12,347,5.849324779946859,1,0,0,0,0,1,0,0,0,0
98,1442430,Storage Hunter Simulator,jan,1,1,1,2,2025-01,347,5.849324779946859,0,1,0,0,0,0,1,0,0,0
98,1442430,Storage Hunter Simulator,jan,1,1,1,3,2025-02,347,5.849324779946859,0,0,1,0,0,0,0,1,0,0
98,1442430,Storage Hunter Simulator,jan,1,1,1,4,2025-03,347,5.849324779946859,0,0,0,1,0,0,0,0,1,0
98,1442430,Storage Hunter Simulator,jan,1,1,1,5,2025-04,347,5.849324779946859,0,0,0,0,1,0,0,0,0,1
99,1465460,Infection Free Zone,jan,1,0,0,1,2024-12,689,6.535241271013659,1,0,0,0,0,1,0,0,0,0
99,1465460,Infection Free Zone,jan,1,1,1,2,2025-01,689,6.535241271013659,0,1,0,0,0,0,1,0,0,0
99,1465460,Infection Free Zone,jan,1,1,1,3,2025-02,689,6.535241271013659,0,0,1,0,0,0,0,1,0,0
99,1465460,Infection Free Zone,jan,1,1,1,4,2025-03,689,6.535241271013659,0,0,0,1,0,0,0,0,1,0
99,1465460,Infection Free Zone,jan,1,1,1,5,2025-04,689,6.535241271013659,0,0,0,0,1,0,0,0,0,1
100,236850,Europa Universalis IV,jan,1,0,0,1,2024-12,8054,8.9939241414114,1,0,0,0,0,1,0,0,0,0
100,236850,Europa Universalis IV,jan,1,1,1,2,2025-01,8054,8.9939241414114,0,1,0,0,0,0,1,0,0,0
100,236850,Europa Universalis IV,jan,1,1,1,3,2025-02,8054,8.9939241414114,0,0,1,0,0,0,0,1,0,0
100,236850,Europa Universalis IV,jan,1,1,1,4,2025-03,8054,8.9939241414114,0,0,0,1,0,0,0,0,1,0
100,236850,Europa Universalis IV,jan,1,1,1,5,2025-04,8054,8.9939241414114,0,0,0,0,1,0,0,0,0,1
101,582660,Black Desert,feb,1,0,0,1,2024-12,20696,9.937695723865865,1,0,0,0,0,1,0,0,0,0
101,582660,Black Desert,feb,1,0,0,2,2025-01,20696,9.937695723865865,0,1,0,0,0,0,1,0,0,0
101,582660,Black Desert,feb,1,1,1,3,2025-02,20696,9.937695723865865,0,0,1,0,0,0,0,1,0,0
101,582660,Black Desert,feb,1,1,1,4,2025-03,20696,9.937695723865865,0,0,0,1,0,0,0,0,1,0
101,582660,Black Desert,feb,1,1,1,5,2025-04,20696,9.937695723865865,0,0,0,0,1,0,0,0,0,1
102,1222670,The Sims™ 4,feb,1,0,0,1,2024-12,25185,10.134003858179751,1,0,0,0,0,1,0,0,0,0
102,1222670,The Sims™ 4,feb,1,0,0,2,2025-01,25185,10.134003858179751,0,1,0,0,0,0,1,0,0,0
102,1222670,The Sims™ 4,feb,1,1,1,3,2025-02,25185,10.134003858179751,0,0,1,0,0,0,0,1,0,0
102,1222670,The Sims™ 4,feb,1,1,1,4,2025-03,25185,10.134003858179751,0,0,0,1,0,0,0,0,1,0
102,1222670,The Sims™ 4,feb,1,1,1,5,2025-04,25185,10.134003858179751,0,0,0,0,1,0,0,0,0,1
103,359550,Tom Clancy's Rainbow Six® Siege X,feb,1,0,0,1,2024-12,33283,10.412802035103168,1,0,0,0,0,1,0,0,0,0
103,359550,Tom Clancy's Rainbow Six® Siege X,feb,1,0,0,2,2025-01,33283,10.412802035103168,0,1,0,0,0,0,1,0,0,0
103,359550,Tom Clancy's Rainbow Six® Siege X,feb,1,1,1,3,2025-02,33283,10.412802035103168,0,0,1,0,0,0,0,1,0,0
103,359550,Tom Clancy's Rainbow Six® Siege X,feb,1,1,1,4,2025-03,33283,10.412802035103168,0,0,0,1,0,0,0,0,1,0
103,359550,Tom Clancy's Rainbow Six® Siege X,feb,1,1,1,5,2025-04,33283,10.412802035103168,0,0,0,0,1,0,0,0,0,1
104,3164500,Schedule I,feb,1,0,0,1,2024-12,8475,9.044875932248651,1,0,0,0,0,1,0,0,0,0
104,3164500,Schedule I,feb,1,0,0,2,2025-01,8475,9.044875932248651,0,1,0,0,0,0,1,0,0,0
104,3164500,Schedule I,feb,1,1,1,3,2025-02,8475,9.044875932248651,0,0,1,0,0,0,0,1,0,0
104,3164500,Schedule I,feb,1,1,1,4,2025-03,8475,9.044875932248651,0,0,0,1,0,0,0,0,1,0
104,3164500,Schedule I,feb,1,1,1,5,2025-04,8475,9.044875932248651,0,0,0,0,1,0,0,0,0,1
105,2426960,Summoners War,feb,1,0,0,1,2024-12,8253,9.018332049592685,1,0,0,0,0,1,0,0,0,0
105,2426960,Summoners War,feb,1,0,0,2,2025-01,8253,9.018332049592685,0,1,0,0,0,0,1,0,0,0
105,2426960,Summoners War,feb,1,1,1,3,2025-02,8253,9.018332049592685,0,0,1,0,0,0,0,1,0,0
105,2426960,Summoners War,feb,1,1,1,4,2025-03,8253,9.018332049592685,0,0,0,1,0,0,0,0,1,0
105,2426960,Summoners War,feb,1,1,1,5,2025-04,8253,9.018332049592685,0,0,0,0,1,0,0,0,0,1
106,1158310,Crusader Kings III,feb,1,0,0,1,2024-12,16172,9.691036630760662,1,0,0,0,0,1,0,0,0,0
106,1158310,Crusader Kings III,feb,1,0,0,2,2025-01,16172,9.691036630760662,0,1,0,0,0,0,1,0,0,0
106,1158310,Crusader Kings III,feb,1,1,1,3,2025-02,16172,9.691036630760662,0,0,1,0,0,0,0,1,0,0
106,1158310,Crusader Kings III,feb,1,1,1,4,2025-03,16172,9.691036630760662,0,0,0,1,0,0,0,0,1,0
106,1158310,Crusader Kings III,feb,1,1,1,5,2025-04,16172,9.691036630760662,0,0,0,0,1,0,0,0,0,1
107,548430,Deep Rock Galactic,feb,1,0,0,1,2024-12,20615,9.933774245141,1,0,0,0,0,1,0,0,0,0
107,548430,Deep Rock Galactic,feb,1,0,0,2,2025-01,20615,9.933774245141,0,1,0,0,0,0,1,0,0,0
107,548430,Deep Rock Galactic,feb,1,1,1,3,2025-02,20615,9.933774245141,0,0,1,0,0,0,0,1,0,0
107,548430,Deep Rock Galactic,feb,1,1,1,4,2025-03,20615,9.933774245141,0,0,0,1,0,0,0,0,1,0
107,548430,Deep Rock Galactic,feb,1,1,1,5,2025-04,20615,9.933774245141,0,0,0,0,1,0,0,0,0,1
108,1771300,Kingdom Come: Deliverance II,feb,1,0,0,1,2024-12,25076,10.12966649239386,1,0,0,0,0,1,0,0,0,0
108,1771300,Kingdom Come: Deliverance II,feb,1,0,0,2,2025-01,25076,10.12966649239386,0,1,0,0,0,0,1,0,0,0
108,1771300,Kingdom Come: Deliverance II,feb,1,1,1,3,2025-02,25076,10.12966649239386,0,0,1,0,0,0,0,1,0,0
108,1771300,Kingdom Come: Deliverance II,feb,1,1,1,4,2025-03,25076,10.12966649239386,0,0,0,1,0,0,0,0,1,0
108,1771300,Kingdom Come: Deliverance II,feb,1,1,1,5,2025-04,25076,10.12966649239386,0,0,0,0,1,0,0,0,0,1
109,1286830,STAR WARS™: The Old Republic™,feb,1,0,0,1,2024-12,2778,7.9294865233142895,1,0,0,0,0,1,0,0,0,0
109,1286830,STAR WARS™: The Old Republic™,feb,1,0,0,2,2025-01,2778,7.9294865233142895,0,1,0,0,0,0,1,0,0,0
109,1286830,STAR WARS™: The Old Republic™,feb,1,1,1,3,2025-02,2778,7.9294865233142895,0,0,1,0,0,0,0,1,0,0
109,1286830,STAR WARS™: The Old Republic™,feb,1,1,1,4,2025-03,2778,7.9294865233142895,0,0,0,1,0,0,0,0,1,0
109,1286830,STAR WARS™: The Old Republic™,feb,1,1,1,5,2025-04,2778,7.9294865233142895,0,0,0,0,1,0,0,0,0,1
110,1142710,Total War: WARHAMMER III,feb,1,0,0,1,2024-12,23309,10.05659483106667,1,0,0,0,0,1,0,0,0,0
110,1142710,Total War: WARHAMMER III,feb,1,0,0,2,2025-01,23309,10.05659483106667,0,1,0,0,0,0,1,0,0,0
110,1142710,Total War: WARHAMMER III,feb,1,1,1,3,2025-02,23309,10.05659483106667,0,0,1,0,0,0,0,1,0,0
110,1142710,Total War: WARHAMMER III,feb,1,1,1,4,2025-03,23309,10.05659483106667,0,0,0,1,0,0,0,0,1,0
110,1142710,Total War: WARHAMMER III,feb,1,1,1,5,2025-04,23309,10.05659483106667,0,0,0,0,1,0,0,0,0,1
111,2205850,"Dwarves: Glory, Death and Loot",feb,1,0,0,1,2024-12,2814,7.942362237674335,1,0,0,0,0,1,0,0,0,0
111,2205850,"Dwarves: Glory, Death and Loot",feb,1,0,0,2,2025-01,2814,7.942362237674335,0,1,0,0,0,0,1,0,0,0
111,2205850,"Dwarves: Glory, Death and Loot",feb,1,1,1,3,2025-02,2814,7.942362237674335,0,0,1,0,0,0,0,1,0,0
111,2205850,"Dwarves: Glory, Death and Loot",feb,1,1,1,4,2025-03,2814,7.942362237674335,0,0,0,1,0,0,0,0,1,0
111,2205850,"Dwarves: Glory, Death and Loot",feb,1,1,1,5,2025-04,2814,7.942362237674335,0,0,0,0,1,0,0,0,0,1
112,1145350,Hades II,feb,1,0,0,1,2024-12,6613,8.796792687674662,1,0,0,0,0,1,0,0,0,0
112,1145350,Hades II,feb,1,0,0,2,2025-01,6613,8.796792687674662,0,1,0,0,0,0,1,0,0,0
112,1145350,Hades II,feb,1,1,1,3,2025-02,6613,8.796792687674662,0,0,1,0,0,0,0,1,0,0
112,1145350,Hades II,feb,1,1,1,4,2025-03,6613,8.796792687674662,0,0,0,1,0,0,0,0,1,0
112,1145350,Hades II,feb,1,1,1,5,2025-04,6613,8.796792687674662,0,0,0,0,1,0,0,0,0,1
113,1527950,Wartales,feb,1,0,0,1,2024-12,1771,7.479299637782834,1,0,0,0,0,1,0,0,0,0
113,1527950,Wartales,feb,1,0,0,2,2025-01,1771,7.479299637782834,0,1,0,0,0,0,1,0,0,0
113,1527950,Wartales,feb,1,1,1,3,2025-02,1771,7.479299637782834,0,0,1,0,0,0,0,1,0,0
113,1527950,Wartales,feb,1,1,1,4,2025-03,1771,7.479299637782834,0,0,0,1,0,0,0,0,1,0
113,1527950,Wartales,feb,1,1,1,5,2025-04,1771,7.479299637782834,0,0,0,0,1,0,0,0,0,1
114,1934680,Age of Mythology: Retold,feb,1,0,0,1,2024-12,2047,7.624130585661289,1,0,0,0,0,1,0,0,0,0
114,1934680,Age of Mythology: Retold,feb,1,0,0,2,2025-01,2047,7.624130585661289,0,1,0,0,0,0,1,0,0,0
114,1934680,Age of Mythology: Retold,feb,1,1,1,3,2025-02,2047,7.624130585661289,0,0,1,0,0,0,0,1,0,0
114,1934680,Age of Mythology: Retold,feb,1,1,1,4,2025-03,2047,7.624130585661289,0,0,0,1,0,0,0,0,1,0
114,1934680,Age of Mythology: Retold,feb,1,1,1,5,2025-04,2047,7.624130585661289,0,0,0,0,1,0,0,0,0,1
115,2406770,Bodycam,feb,1,0,0,1,2024-12,534,6.280395838960195,1,0,0,0,0,1,0,0,0,0
115,2406770,Bodycam,feb,1,0,0,2,2025-01,534,6.280395838960195,0,1,0,0,0,0,1,0,0,0
115,2406770,Bodycam,feb,1,1,1,3,2025-02,534,6.280395838960195,0,0,1,0,0,0,0,1,0,0
115,2406770,Bodycam,feb,1,1,1,4,2025-03,534,6.280395838960195,0,0,0,1,0,0,0,0,1,0
115,2406770,Bodycam,feb,1,1,1,5,2025-04,534,6.280395838960195,0,0,0,0,1,0,0,0,0,1
116,2221490,Tom Clancy’s The Division® 2,feb,1,0,0,1,2024-12,3721,8.221747728346623,1,0,0,0,0,1,0,0,0,0
116,2221490,Tom Clancy’s The Division® 2,feb,1,0,0,2,2025-01,3721,8.221747728346623,0,1,0,0,0,0,1,0,0,0
116,2221490,Tom Clancy’s The Division® 2,feb,1,1,1,3,2025-02,3721,8.221747728346623,0,0,1,0,0,0,0,1,0,0
116,2221490,Tom Clancy’s The Division® 2,feb,1,1,1,4,2025-03,3721,8.221747728346623,0,0,0,1,0,0,0,0,1,0
116,2221490,Tom Clancy’s The Division® 2,feb,1,1,1,5,2025-04,3721,8.221747728346623,0,0,0,0,1,0,0,0,0,1
117,699130,World War Z,feb,1,0,0,1,2024-12,3398,8.130942302231878,1,0,0,0,0,1,0,0,0,0
117,699130,World War Z,feb,1,0,0,2,2025-01,3398,8.130942302231878,0,1,0,0,0,0,1,0,0,0
117,699130,World War Z,feb,1,1,1,3,2025-02,3398,8.130942302231878,0,0,1,0,0,0,0,1,0,0
117,699130,World War Z,feb,1,1,1,4,2025-03,3398,8.130942302231878,0,0,0,1,0,0,0,0,1,0
117,699130,World War Z,feb,1,1,1,5,2025-04,3398,8.130942302231878,0,0,0,0,1,0,0,0,0,1
118,960090,Bloons TD 6,feb,1,0,0,1,2024-12,7188,8.88016824790345,1,0,0,0,0,1,0,0,0,0
118,960090,Bloons TD 6,feb,1,0,0,2,2025-01,7188,8.88016824790345,0,1,0,0,0,0,1,0,0,0
118,960090,Bloons TD 6,feb,1,1,1,3,2025-02,7188,8.88016824790345,0,0,1,0,0,0,0,1,0,0
118,960090,Bloons TD 6,feb,1,1,1,4,2025-03,7188,8.88016824790345,0,0,0,1,0,0,0,0,1,0
118,960090,Bloons TD 6,feb,1,1,1,5,2025-04,7188,8.88016824790345,0,0,0,0,1,0,0,0,0,1
119,1643320,S.T.A.L.K.E.R. 2: Heart of Chornobyl,feb,1,0,0,1,2024-12,4563,8.425735580927402,1,0,0,0,0,1,0,0,0,0
119,1643320,S.T.A.L.K.E.R. 2: Heart of Chornobyl,feb,1,0,0,2,2025-01,4563,8.425735580927402,0,1,0,0,0,0,1,0,0,0
119,1643320,S.T.A.L.K.E.R. 2: Heart of Chornobyl,feb,1,1,1,3,2025-02,4563,8.425735580927402,0,0,1,0,0,0,0,1,0,0
119,1643320,S.T.A.L.K.E.R. 2: Heart of Chornobyl,feb,1,1,1,4,2025-03,4563,8.425735580927402,0,0,0,1,0,0,0,0,1,0
119,1643320,S.T.A.L.K.E.R. 2: Heart of Chornobyl,feb,1,1,1,5,2025-04,4563,8.425735580927402,0,0,0,0,1,0,0,0,0,1
120,2456740,inZOI,feb,1,0,0,1,2024-12,1328,7.191429330036379,1,0,0,0,0,1,0,0,0,0
120,2456740,inZOI,feb,1,0,0,2,2025-01,1328,7.191429330036379,0,1,0,0,0,0,1,0,0,0
120,2456740,inZOI,feb,1,1,1,3,2025-02,1328,7.191429330036379,0,0,1,0,0,0,0,1,0,0
120,2456740,inZOI,feb,1,1,1,4,2025-03,1328,7.191429330036379,0,0,0,1,0,0,0,0,1,0
120,2456740,inZOI,feb,1,1,1,5,2025-04,1328,7.191429330036379,0,0,0,0,1,0,0,0,0,1
121,1190970,House Flipper 2,feb,1,0,0,1,2024-12,1790,7.489970898834801,1,0,0,0,0,1,0,0,0,0
121,1190970,House Flipper 2,feb,1,0,0,2,2025-01,1790,7.489970898834801,0,1,0,0,0,0,1,0,0,0
121,1190970,House Flipper 2,feb,1,1,1,3,2025-02,1790,7.489970898834801,0,0,1,0,0,0,0,1,0,0
121,1190970,House Flipper 2,feb,1,1,1,4,2025-03,1790,7.489970898834801,0,0,0,1,0,0,0,0,1,0
121,1190970,House Flipper 2,feb,1,1,1,5,2025-04,1790,7.489970898834801,0,0,0,0,1,0,0,0,0,1
122,1627720,Lies of P,feb,1,0,0,1,2024-12,1747,7.465655310134056,1,0,0,0,0,1,0,0,0,0
122,1627720,Lies of P,feb,1,0,0,2,2025-01,1747,7.465655310134056,0,1,0,0,0,0,1,0,0,0
122,1627720,Lies of P,feb,1,1,1,3,2025-02,1747,7.465655310134056,0,0,1,0,0,0,0,1,0,0
122,1627720,Lies of P,feb,1,1,1,4,2025-03,1747,7.465655310134056,0,0,0,1,0,0,0,0,1,0
122,1627720,Lies of P,feb,1,1,1,5,2025-04,1747,7.465655310134056,0,0,0,0,1,0,0,0,0,1
123,376210,The Isle,feb,1,0,0,1,2024-12,7899,8.97449144816442,1,0,0,0,0,1,0,0,0,0
123,376210,The Isle,feb,1,0,0,2,2025-01,7899,8.97449144816442,0,1,0,0,0,0,1,0,0,0
123,376210,The Isle,feb,1,1,1,3,2025-02,7899,8.97449144816442,0,0,1,0,0,0,0,1,0,0
123,376210,The Isle,feb,1,1,1,4,2025-03,7899,8.97449144816442,0,0,0,1,0,0,0,0,1,0
123,376210,The Isle,feb,1,1,1,5,2025-04,7899,8.97449144816442,0,0,0,0,1,0,0,0,0,1
124,221100,DayZ,feb,1,0,0,1,2024-12,32245,10.381118271444478,1,0,0,0,0,1,0,0,0,0
124,221100,DayZ,feb,1,0,0,2,2025-01,32245,10.381118271444478,0,1,0,0,0,0,1,0,0,0
124,221100,DayZ,feb,1,1,1,3,2025-02,32245,10.381118271444478,0,0,1,0,0,0,0,1,0,0
124,221100,DayZ,feb,1,1,1,4,2025-03,32245,10.381118271444478,0,0,0,1,0,0,0,0,1,0
124,221100,DayZ,feb,1,1,1,5,2025-04,32245,10.381118271444478,0,0,0,0,1,0,0,0,0,1
125,1562430,DREDGE,feb,1,0,0,1,2024-12,590,6.380122536899765,1,0,0,0,0,1,0,0,0,0
125,1562430,DREDGE,feb,1,0,0,2,2025-01,590,6.380122536899765,0,1,0,0,0,0,1,0,0,0
125,1562430,DREDGE,feb,1,1,1,3,2025-02,590,6.380122536899765,0,0,1,0,0,0,0,1,0,0
125,1562430,DREDGE,feb,1,1,1,4,2025-03,590,6.380122536899765,0,0,0,1,0,0,0,0,1,0
125,1562430,DREDGE,feb,1,1,1,5,2025-04,590,6.380122536899765,0,0,0,0,1,0,0,0,0,1
126,1476970,IdleOn,feb,1,0,0,1,2024-12,9631,9.172742341560864,1,0,0,0,0,1,0,0,0,0
126,1476970,IdleOn,feb,1,0,0,2,2025-01,9631,9.172742341560864,0,1,0,0,0,0,1,0,0,0
126,1476970,IdleOn,feb,1,1,1,3,2025-02,9631,9.172742341560864,0,0,1,0,0,0,0,1,0,0
126,1476970,IdleOn,feb,1,1,1,4,2025-03,9631,9.172742341560864,0,0,0,1,0,0,0,0,1,0
126,1476970,IdleOn,feb,1,1,1,5,2025-04,9631,9.172742341560864,0,0,0,0,1,0,0,0,0,1
127,2698940,The Crew Motorfest,feb,1,0,0,1,2024-12,1505,7.316548177182976,1,0,0,0,0,1,0,0,0,0
127,2698940,The Crew Motorfest,feb,1,0,0,2,2025-01,1505,7.316548177182976,0,1,0,0,0,0,1,0,0,0
127,2698940,The Crew Motorfest,feb,1,1,1,3,2025-02,1505,7.316548177182976,0,0,1,0,0,0,0,1,0,0
127,2698940,The Crew Motorfest,feb,1,1,1,4,2025-03,1505,7.316548177182976,0,0,0,1,0,0,0,0,1,0
127,2698940,The Crew Motorfest,feb,1,1,1,5,2025-04,1505,7.316548177182976,0,0,0,0,1,0,0,0,0,1
128,3059070,The Headliners,feb,1,0,0,1,2024-12,776,6.654152520183219,1,0,0,0,0,1,0,0,0,0
128,3059070,The Headliners,feb,1,0,0,2,2025-01,776,6.654152520183219,0,1,0,0,0,0,1,0,0,0
128,3059070,The Headliners,feb,1,1,1,3,2025-02,776,6.654152520183219,0,0,1,0,0,0,0,1,0,0
128,3059070,The Headliners,feb,1,1,1,4,2025-03,776,6.654152520183219,0,0,0,1,0,0,0,0,1,0
128,3059070,The Headliners,feb,1,1,1,5,2025-04,776,6.654152520183219,0,0,0,0,1,0,0,0,0,1
129,3156770,Witchfire,feb,1,0,0,1,2024-12,422,6.045005314036012,1,0,0,0,0,1,0,0,0,0
129,3156770,Witchfire,feb,1,0,0,2,2025-01,422,6.045005314036012,0,1,0,0,0,0,1,0,0,0
129,3156770,Witchfire,feb,1,1,1,3,2025-02,422,6.045005314036012,0,0,1,0,0,0,0,1,0,0
129,3156770,Witchfire,feb,1,1,1,4,2025-03,422,6.045005314036012,0,0,0,1,0,0,0,0,1,0
129,3156770,Witchfire,feb,1,1,1,5,2025-04,422,6.045005314036012,0,0,0,0,1,0,0,0,0,1
130,1455630,THE GAME OF LIFE 2,feb,1,0,0,1,2024-12,229,5.43372200355424,1,0,0,0,0,1,0,0,0,0
130,1455630,THE GAME OF LIFE 2,feb,1,0,0,2,2025-01,229,5.43372200355424,0,1,0,0,0,0,1,0,0,0
130,1455630,THE GAME OF LIFE 2,feb,1,1,1,3,2025-02,229,5.43372200355424,0,0,1,0,0,0,0,1,0,0
130,1455630,THE GAME OF LIFE 2,feb,1,1,1,4,2025-03,229,5.43372200355424,0,0,0,1,0,0,0,0,1,0
130,1455630,THE GAME OF LIFE 2,feb,1,1,1,5,2025-04,229,5.43372200355424,0,0,0,0,1,0,0,0,0,1
131,3156770,Witchfire,feb,1,0,0,1,2024-12,422,6.045005314036012,1,0,0,0,0,1,0,0,0,0
131,3156770,Witchfire,feb,1,0,0,2,2025-01,422,6.045005314036012,0,1,0,0,0,0,1,0,0,0
131,3156770,Witchfire,feb,1,1,1,3,2025-02,422,6.045005314036012,0,0,1,0,0,0,0,1,0,0
131,3156770,Witchfire,feb,1,1,1,4,2025-03,422,6.045005314036012,0,0,0,1,0,0,0,0,1,0
131,3156770,Witchfire,feb,1,1,1,5,2025-04,422,6.045005314036012,0,0,0,0,1,0,0,0,0,1
132,1677280,Company of Heroes 3,feb,1,0,0,1,2024-12,3435,8.14177220465645,1,0,0,0,0,1,0,0,0,0
132,1677280,Company of Heroes 3,feb,1,0,0,2,2025-01,3435,8.14177220465645,0,1,0,0,0,0,1,0,0,0
132,1677280,Company of Heroes 3,feb,1,1,1,3,2025-02,3435,8.14177220465645,0,0,1,0,0,0,0,1,0,0
132,1677280,Company of Heroes 3,feb,1,1,1,4,2025-03,3435,8.14177220465645,0,0,0,1,0,0,0,0,1,0
132,1677280,Company of Heroes 3,feb,1,1,1,5,2025-04,3435,8.14177220465645,0,0,0,0,1,0,0,0,0,1
133,2444750,Shape of Dreams,feb,1,0,0,1,2024-12,2902,7.973155433444133,1,0,0,0,0,1,0,0,0,0
133,2444750,Shape of Dreams,feb,1,0,0,2,2025-01,2902,7.973155433444133,0,1,0,0,0,0,1,0,0,0
133,2444750,Shape of Dreams,feb,1,1,1,3,2025-02,2902,7.973155433444133,0,0,1,0,0,0,0,1,0,0
133,2444750,Shape of Dreams,feb,1,1,1,4,2025-03,2902,7.973155433444133,0,0,0,1,0,0,0,0,1,0
133,2444750,Shape of Dreams,feb,1,1,1,5,2025-04,2902,7.973155433444133,0,0,0,0,1,0,0,0,0,1
134,2437170,SMITE 2,feb,1,0,0,1,2024-12,2179,7.68662133494462,1,0,0,0,0,1,0,0,0,0
134,2437170,SMITE 2,feb,1,0,0,2,2025-01,2179,7.68662133494462,0,1,0,0,0,0,1,0,0,0
134,2437170,SMITE 2,feb,1,1,1,3,2025-02,2179,7.68662133494462,0,0,1,0,0,0,0,1,0,0
134,2437170,SMITE 2,feb,1,1,1,4,2025-03,2179,7.68662133494462,0,0,0,1,0,0,0,0,1,0
134,2437170,SMITE 2,feb,1,1,1,5,2025-04,2179,7.68662133494462,0,0,0,0,1,0,0,0,0,1
135,1133870,Space Engineers 2,feb,1,0,0,1,2024-12,187,5.231108616854587,1,0,0,0,0,1,0,0,0,0
135,1133870,Space Engineers 2,feb,1,0,0,2,2025-01,187,5.231108616854587,0,1,0,0,0,0,1,0,0,0
135,1133870,Space Engineers 2,feb,1,1,1,3,2025-02,187,5.231108616854587,0,0,1,0,0,0,0,1,0,0
135,1133870,Space Engineers 2,feb,1,1,1,4,2025-03,187,5.231108616854587,0,0,0,1,0,0,0,0,1,0
135,1133870,Space Engineers 2,feb,1,1,1,5,2025-04,187,5.231108616854587,0,0,0,0,1,0,0,0,0,1
136,9900,Star Trek Online,feb,1,0,0,1,2024-12,752,6.62273632394984,1,0,0,0,0,1,0,0,0,0
136,9900,Star Trek Online,feb,1,0,0,2,2025-01,752,6.62273632394984,0,1,0,0,0,0,1,0,0,0
136,9900,Star Trek Online,feb,1,1,1,3,2025-02,752,6.62273632394984,0,0,1,0,0,0,0,1,0,0
136,9900,Star Trek Online,feb,1,1,1,4,2025-03,752,6.62273632394984,0,0,0,1,0,0,0,0,1,0
136,9900,Star Trek Online,feb,1,1,1,5,2025-04,752,6.62273632394984,0,0,0,0,1,0,0,0,0,1
137,2688950,Planet Coaster 2,feb,1,0,0,1,2024-12,879,6.778784897685177,1,0,0,0,0,1,0,0,0,0
137,2688950,Planet Coaster 2,feb,1,0,0,2,2025-01,879,6.778784897685177,0,1,0,0,0,0,1,0,0,0
137,2688950,Planet Coaster 2,feb,1,1,1,3,2025-02,879,6.778784897685177,0,0,1,0,0,0,0,1,0,0
137,2688950,Planet Coaster 2,feb,1,1,1,4,2025-03,879,6.778784897685177,0,0,0,1,0,0,0,0,1,0
137,2688950,Planet Coaster 2,feb,1,1,1,5,2025-04,879,6.778784897685177,0,0,0,0,1,0,0,0,0,1
138,1422130,SimRail - The Railway Simulator,feb,1,0,0,1,2024-12,602,6.400257445308821,1,0,0,0,0,1,0,0,0,0
138,1422130,SimRail - The Railway Simulator,feb,1,0,0,2,2025-01,602,6.400257445308821,0,1,0,0,0,0,1,0,0,0
138,1422130,SimRail - The Railway Simulator,feb,1,1,1,3,2025-02,602,6.400257445308821,0,0,1,0,0,0,0,1,0,0
138,1422130,SimRail - The Railway Simulator,feb,1,1,1,4,2025-03,602,6.400257445308821,0,0,0,1,0,0,0,0,1,0
138,1422130,SimRail - The Railway Simulator,feb,1,1,1,5,2025-04,602,6.400257445308821,0,0,0,0,1,0,0,0,0,1
139,1119730,"Ranch Simulator: Build, Hunt, Farm",feb,1,0,0,1,2024-12,1254,7.134093721192866,1,0,0,0,0,1,0,0,0,0
139,1119730,"Ranch Simulator: Build, Hunt, Farm",feb,1,0,0,2,2025-01,1254,7.134093721192866,0,1,0,0,0,0,1,0,0,0
139,1119730,"Ranch Simulator: Build, Hunt, Farm",feb,1,1,1,3,2025-02,1254,7.134093721192866,0,0,1,0,0,0,0,1,0,0
139,1119730,"Ranch Simulator: Build, Hunt, Farm",feb,1,1,1,4,2025-03,1254,7.134093721192866,0,0,0,1,0,0,0,0,1,0
139,1119730,"Ranch Simulator: Build, Hunt, Farm",feb,1,1,1,5,2025-04,1254,7.134093721192866,0,0,0,0,1,0,0,0,0,1
140,2677660,Indiana Jones and the Great Circle,feb,1,0,0,1,2024-12,314,5.749392985908253,1,0,0,0,0,1,0,0,0,0
140,2677660,Indiana Jones and the Great Circle,feb,1,0,0,2,2025-01,314,5.749392985908253,0,1,0,0,0,0,1,0,0,0
140,2677660,Indiana Jones and the Great Circle,feb,1,1,1,3,2025-02,314,5.749392985908253,0,0,1,0,0,0,0,1,0,0
140,2677660,Indiana Jones and the Great Circle,feb,1,1,1,4,2025-03,314,5.749392985908253,0,0,0,1,0,0,0,0,1,0
140,2677660,Indiana Jones and the Great Circle,feb,1,1,1,5,2025-04,314,5.749392985908253,0,0,0,0,1,0,0,0,0,1
141,1929610,Demonologist,feb,1,0,0,1,2024-12,181,5.198497031265826,1,0,0,0,0,1,0,0,0,0
141,1929610,Demonologist,feb,1,0,0,2,2025-01,181,5.198497031265826,0,1,0,0,0,0,1,0,0,0
141,1929610,Demonologist,feb,1,1,1,3,2025-02,181,5.198497031265826,0,0,1,0,0,0,0,1,0,0
141,1929610,Demonologist,feb,1,1,1,4,2025-03,181,5.198497031265826,0,0,0,1,0,0,0,0,1,0
141,1929610,Demonologist,feb,1,1,1,5,2025-04,181,5.198497031265826,0,0,0,0,1,0,0,0,0,1
142,361420,ASTRONEER,feb,1,0,0,1,2024-12,1964,7.582738488914411,1,0,0,0,0,1,0,0,0,0
142,361420,ASTRONEER,feb,1,0,0,2,2025-01,1964,7.582738488914411,0,1,0,0,0,0,1,0,0,0
142,361420,ASTRONEER,feb,1,1,1,3,2025-02,1964,7.582738488914411,0,0,1,0,0,0,0,1,0,0
142,361420,ASTRONEER,feb,1,1,1,4,2025-03,1964,7.582738488914411,0,0,0,1,0,0,0,0,1,0
142,361420,ASTRONEER,feb,1,1,1,5,2025-04,1964,7.582738488914411,0,0,0,0,1,0,0,0,0,1
143,2795540,The Midnight Walkers,feb,1,0,0,1,2024-12,1852,7.524021415206125,1,0,0,0,0,1,0,0,0,0
143,2795540,The Midnight Walkers,feb,1,0,0,2,2025-01,1852,7.524021415206125,0,1,0,0,0,0,1,0,0,0
143,2795540,The Midnight Walkers,feb,1,1,1,3,2025-02,1852,7.524021415206125,0,0,1,0,0,0,0,1,0,0
143,2795540,The Midnight Walkers,feb,1,1,1,4,2025-03,1852,7.524021415206125,0,0,0,1,0,0,0,0,1,0
143,2795540,The Midnight Walkers,feb,1,1,1,5,2025-04,1852,7.524021415206125,0,0,0,0,1,0,0,0,0,1
144,293760,Automation - The Car Company Tycoon Game,feb,1,0,0,1,2024-12,450,6.1092475827643655,1,0,0,0,0,1,0,0,0,0
144,293760,Automation - The Car Company Tycoon Game,feb,1,0,0,2,2025-01,450,6.1092475827643655,0,1,0,0,0,0,1,0,0,0
144,293760,Automation - The Car Company Tycoon Game,feb,1,1,1,3,2025-02,450,6.1092475827643655,0,0,1,0,0,0,0,1,0,0
144,293760,Automation - The Car Company Tycoon Game,feb,1,1,1,4,2025-03,450,6.1092475827643655,0,0,0,1,0,0,0,0,1,0
144,293760,Automation - The Car Company Tycoon Game,feb,1,1,1,5,2025-04,450,6.1092475827643655,0,0,0,0,1,0,0,0,0,1
145,585420,Trailmakers,feb,1,0,0,1,2024-12,920,6.824373670043086,1,0,0,0,0,1,0,0,0,0
145,585420,Trailmakers,feb,1,0,0,2,2025-01,920,6.824373670043086,0,1,0,0,0,0,1,0,0,0
145,585420,Trailmakers,feb,1,1,1,3,2025-02,920,6.824373670043086,0,0,1,0,0,0,0,1,0,0
145,585420,Trailmakers,feb,1,1,1,4,2025-03,920,6.824373670043086,0,0,0,1,0,0,0,0,1,0
145,585420,Trailmakers,feb,1,1,1,5,2025-04,920,6.824373670043086,0,0,0,0,1,0,0,0,0,1
146,466560,Northgard: Definitive Edition,feb,1,0,0,1,2024-12,1327,7.190676034332207,1,0,0,0,0,1,0,0,0,0
146,466560,Northgard: Definitive Edition,feb,1,0,0,2,2025-01,1327,7.190676034332207,0,1,0,0,0,0,1,0,0,0
146,466560,Northgard: Definitive Edition,feb,1,1,1,3,2025-02,1327,7.190676034332207,0,0,1,0,0,0,0,1,0,0
146,466560,Northgard: Definitive Edition,feb,1,1,1,4,2025-03,1327,7.190676034332207,0,0,0,1,0,0,0,0,1,0
146,466560,Northgard: Definitive Edition,feb,1,1,1,5,2025-04,1327,7.190676034332207,0,0,0,0,1,0,0,0,0,1
147,2457220,Avowed,feb,1,0,0,1,2024-12,253,5.53338948872752,1,0,0,0,0,1,0,0,0,0
147,2457220,Avowed,feb,1,0,0,2,2025-01,253,5.53338948872752,0,1,0,0,0,0,1,0,0,0
147,2457220,Avowed,feb,1,1,1,3,2025-02,253,5.53338948872752,0,0,1,0,0,0,0,1,0,0
147,2457220,Avowed,feb,1,1,1,4,2025-03,253,5.53338948872752,0,0,0,1,0,0,0,0,1,0
147,2457220,Avowed,feb,1,1,1,5,2025-04,253,5.53338948872752,0,0,0,0,1,0,0,0,0,1
148,1289670,EA Play,feb,1,0,0,1,2024-12,1000,6.907755278982137,1,0,0,0,0,1,0,0,0,0
148,1289670,EA Play,feb,1,0,0,2,2025-01,1000,6.907755278982137,0,1,0,0,0,0,1,0,0,0
148,1289670,EA Play,feb,1,1,1,3,2025-02,1000,6.907755278982137,0,0,1,0,0,0,0,1,0,0
148,1289670,EA Play,feb,1,1,1,4,2025-03,1000,6.907755278982137,0,0,0,1,0,0,0,0,1,0
148,1289670,EA Play,feb,1,1,1,5,2025-04,1000,6.907755278982137,0,0,0,0,1,0,0,0,0,1
149,1721470,Poppy Playtime,feb,1,0,0,1,2024-12,991,6.898714534329988,1,0,0,0,0,1,0,0,0,0
149,1721470,Poppy Playtime,feb,1,0,0,2,2025-01,991,6.898714534329988,0,1,0,0,0,0,1,0,0,0
149,1721470,Poppy Playtime,feb,1,1,1,3,2025-02,991,6.898714534329988,0,0,1,0,0,0,0,1,0,0
149,1721470,Poppy Playtime,feb,1,1,1,4,2025-03,991,6.898714534329988,0,0,0,1,0,0,0,0,1,0
149,1721470,Poppy Playtime,feb,1,1,1,5,2025-04,991,6.898714534329988,0,0,0,0,1,0,0,0,0,1
150,1422130,SimRail - The Railway Simulator,feb,1,0,0,1,2024-12,602,6.400257445308821,1,0,0,0,0,1,0,0,0,0
150,1422130,SimRail - The Railway Simulator,feb,1,0,0,2,2025-01,602,6.400257445308821,0,1,0,0,0,0,1,0,0,0
150,1422130,SimRail - The Railway Simulator,feb,1,1,1,3,2025-02,602,6.400257445308821,0,0,1,0,0,0,0,1,0,0
150,1422130,SimRail - The Railway Simulator,feb,1,1,1,4,2025-03,602,6.400257445308821,0,0,0,1,0,0,0,0,1,0
150,1422130,SimRail - The Railway Simulator,feb,1,1,1,5,2025-04,602,6.400257445308821,0,0,0,0,1,0,0,0,0,1
151,2677660,Indiana Jones and the Great Circle,feb,1,0,0,1,2024-12,314,5.749392985908253,1,0,0,0,0,1,0,0,0,0
151,2677660,Indiana Jones and the Great Circle,feb,1,0,0,2,2025-01,314,5.749392985908253,0,1,0,0,0,0,1,0,0,0
151,2677660,Indiana Jones and the Great Circle,feb,1,1,1,3,2025-02,314,5.749392985908253,0,0,1,0,0,0,0,1,0,0
151,2677660,Indiana Jones and the Great Circle,feb,1,1,1,4,2025-03,314,5.749392985908253,0,0,0,1,0,0,0,0,1,0
151,2677660,Indiana Jones and the Great Circle,feb,1,1,1,5,2025-04,314,5.749392985908253,0,0,0,0,1,0,0,0,0,1
152,427410,Abiotic Factor,feb,1,0,0,1,2024-12,1724,7.452402451223638,1,0,0,0,0,1,0,0,0,0
152,427410,Abiotic Factor,feb,1,0,0,2,2025-01,1724,7.452402451223638,0,1,0,0,0,0,1,0,0,0
152,427410,Abiotic Factor,feb,1,1,1,3,2025-02,1724,7.452402451223638,0,0,1,0,0,0,0,1,0,0
152,427410,Abiotic Factor,feb,1,1,1,4,2025-03,1724,7.452402451223638,0,0,0,1,0,0,0,0,1,0
152,427410,Abiotic Factor,feb,1,1,1,5,2025-04,1724,7.452402451223638,0,0,0,0,1,0,0,0,0,1
153,1611600,WARNO,feb,1,0,0,1,2024-12,920,6.824373670043086,1,0,0,0,0,1,0,0,0,0
153,1611600,WARNO,feb,1,0,0,2,2025-01,920,6.824373670043086,0,1,0,0,0,0,1,0,0,0
153,1611600,WARNO,feb,1,1,1,3,2025-02,920,6.824373670043086,0,0,1,0,0,0,0,1,0,0
153,1611600,WARNO,feb,1,1,1,4,2025-03,920,6.824373670043086,0,0,0,1,0,0,0,0,1,0
153,1611600,WARNO,feb,1,1,1,5,2025-04,920,6.824373670043086,0,0,0,0,1,0,0,0,0,1
154,585420,Trailmakers,feb,1,0,0,1,2024-12,920,6.824373670043086,1,0,0,0,0,1,0,0,0,0
154,585420,Trailmakers,feb,1,0,0,2,2025-01,920,6.824373670043086,0,1,0,0,0,0,1,0,0,0
154,585420,Trailmakers,feb,1,1,1,3,2025-02,920,6.824373670043086,0,0,1,0,0,0,0,1,0,0
154,585420,Trailmakers,feb,1,1,1,4,2025-03,920,6.824373670043086,0,0,0,1,0,0,0,0,1,0
154,585420,Trailmakers,feb,1,1,1,5,2025-04,920,6.824373670043086,0,0,0,0,1,0,0,0,0,1
155,1676840,For The King II,feb,1,0,0,1,2024-12,1284,7.157735484249907,1,0,0,0,0,1,0,0,0,0
155,1676840,For The King II,feb,1,0,0,2,2025-01,1284,7.157735484249907,0,1,0,0,0,0,1,0,0,0
155,1676840,For The King II,feb,1,1,1,3,2025-02,1284,7.157735484249907,0,0,1,0,0,0,0,1,0,0
155,1676840,For The King II,feb,1,1,1,4,2025-03,1284,7.157735484249907,0,0,0,1,0,0,0,0,1,0
155,1676840,For The King II,feb,1,1,1,5,2025-04,1284,7.157735484249907,0,0,0,0,1,0,0,0,0,1
156,1601580,Frostpunk 2,feb,1,0,0,1,2024-12,794,6.677083461247136,1,0,0,0,0,1,0,0,0,0
156,1601580,Frostpunk 2,feb,1,0,0,2,2025-01,794,6.677083461247136,0,1,0,0,0,0,1,0,0,0
156,1601580,Frostpunk 2,feb,1,1,1,3,2025-02,794,6.677083461247136,0,0,1,0,0,0,0,1,0,0
156,1601580,Frostpunk 2,feb,1,1,1,4,2025-03,794,6.677083461247136,0,0,0,1,0,0,0,0,1,0
156,1601580,Frostpunk 2,feb,1,1,1,5,2025-04,794,6.677083461247136,0,0,0,0,1,0,0,0,0,1
157,1929610,Demonologist,feb,1,0,0,1,2024-12,181,5.198497031265826,1,0,0,0,0,1,0,0,0,0
157,1929610,Demonologist,feb,1,0,0,2,2025-01,181,5.198497031265826,0,1,0,0,0,0,1,0,0,0
157,1929610,Demonologist,feb,1,1,1,3,2025-02,181,5.198497031265826,0,0,1,0,0,0,0,1,0,0
157,1929610,Demonologist,feb,1,1,1,4,2025-03,181,5.198497031265826,0,0,0,1,0,0,0,0,1,0
157,1929610,Demonologist,feb,1,1,1,5,2025-04,181,5.198497031265826,0,0,0,0,1,0,0,0,0,1
158,1114150,CarX Street,feb,1,0,0,1,2024-12,657,6.48768401848461,1,0,0,0,0,1,0,0,0,0
158,1114150,CarX Street,feb,1,0,0,2,2025-01,657,6.48768401848461,0,1,0,0,0,0,1,0,0,0
158,1114150,CarX Street,feb,1,1,1,3,2025-02,657,6.48768401848461,0,0,1,0,0,0,0,1,0,0
158,1114150,CarX Street,feb,1,1,1,4,2025-03,657,6.48768401848461,0,0,0,1,0,0,0,0,1,0
158,1114150,CarX Street,feb,1,1,1,5,2025-04,657,6.48768401848461,0,0,0,0,1,0,0,0,0,1
159,361420,ASTRONEER,feb,1,0,0,1,2024-12,1964,7.582738488914411,1,0,0,0,0,1,0,0,0,0
159,361420,ASTRONEER,feb,1,0,0,2,2025-01,1964,7.582738488914411,0,1,0,0,0,0,1,0,0,0
159,361420,ASTRONEER,feb,1,1,1,3,2025-02,1964,7.582738488914411,0,0,1,0,0,0,0,1,0,0
159,361420,ASTRONEER,feb,1,1,1,4,2025-03,1964,7.582738488914411,0,0,0,1,0,0,0,0,1,0
159,361420,ASTRONEER,feb,1,1,1,5,2025-04,1964,7.582738488914411,0,0,0,0,1,0,0,0,0,1
160,289070,Sid Meier’s Civilization® VI,feb,1,0,0,1,2024-12,34372,10.444997558433114,1,0,0,0,0,1,0,0,0,0
160,289070,Sid Meier’s Civilization® VI,feb,1,0,0,2,2025-01,34372,10.444997558433114,0,1,0,0,0,0,1,0,0,0
160,289070,Sid Meier’s Civilization® VI,feb,1,1,1,3,2025-02,34372,10.444997558433114,0,0,1,0,0,0,0,1,0,0
160,289070,Sid Meier’s Civilization® VI,feb,1,1,1,4,2025-03,34372,10.444997558433114,0,0,0,1,0,0,0,0,1,0
160,289070,Sid Meier’s Civilization® VI,feb,1,1,1,5,2025-04,34372,10.444997558433114,0,0,0,0,1,0,0,0,0,1
161,457140,Oxygen Not Included,feb,1,0,0,1,2024-12,12063,9.397898195565384,1,0,0,0,0,1,0,0,0,0
161,457140,Oxygen Not Included,feb,1,0,0,2,2025-01,12063,9.397898195565384,0,1,0,0,0,0,1,0,0,0
161,457140,Oxygen Not Included,feb,1,1,1,3,2025-02,12063,9.397898195565384,0,0,1,0,0,0,0,1,0,0
161,457140,Oxygen Not Included,feb,1,1,1,4,2025-03,12063,9.397898195565384,0,0,0,1,0,0,0,0,1,0
161,457140,Oxygen Not Included,feb,1,1,1,5,2025-04,12063,9.397898195565384,0,0,0,0,1,0,0,0,0,1
162,2795540,The Midnight Walkers,feb,1,0,0,1,2024-12,1852,7.524021415206125,1,0,0,0,0,1,0,0,0,0
162,2795540,The Midnight Walkers,feb,1,0,0,2,2025-01,1852,7.524021415206125,0,1,0,0,0,0,1,0,0,0
162,2795540,The Midnight Walkers,feb,1,1,1,3,2025-02,1852,7.524021415206125,0,0,1,0,0,0,0,1,0,0
162,2795540,The Midnight Walkers,feb,1,1,1,4,2025-03,1852,7.524021415206125,0,0,0,1,0,0,0,0,1,0
162,2795540,The Midnight Walkers,feb,1,1,1,5,2025-04,1852,7.524021415206125,0,0,0,0,1,0,0,0,0,1
163,1575940,Sins of a Solar Empire II,feb,1,0,0,1,2024-12,415,6.028278520230698,1,0,0,0,0,1,0,0,0,0
163,1575940,Sins of a Solar Empire II,feb,1,0,0,2,2025-01,415,6.028278520230698,0,1,0,0,0,0,1,0,0,0
163,1575940,Sins of a Solar Empire II,feb,1,1,1,3,2025-02,415,6.028278520230698,0,0,1,0,0,0,0,1,0,0
163,1575940,Sins of a Solar Empire II,feb,1,1,1,4,2025-03,415,6.028278520230698,0,0,0,1,0,0,0,0,1,0
163,1575940,Sins of a Solar Empire II,feb,1,1,1,5,2025-04,415,6.028278520230698,0,0,0,0,1,0,0,0,0,1
164,1721470,Poppy Playtime,feb,1,0,0,1,2024-12,991,6.898714534329988,1,0,0,0,0,1,0,0,0,0
164,1721470,Poppy Playtime,feb,1,0,0,2,2025-01,991,6.898714534329988,0,1,0,0,0,0,1,0,0,0
164,1721470,Poppy Playtime,feb,1,1,1,3,2025-02,991,6.898714534329988,0,0,1,0,0,0,0,1,0,0
164,1721470,Poppy Playtime,feb,1,1,1,4,2025-03,991,6.898714534329988,0,0,0,1,0,0,0,0,1,0
164,1721470,Poppy Playtime,feb,1,1,1,5,2025-04,991,6.898714534329988,0,0,0,0,1,0,0,0,0,1
165,2457220,Avowed,feb,1,0,0,1,2024-12,253,5.53338948872752,1,0,0,0,0,1,0,0,0,0
165,2457220,Avowed,feb,1,0,0,2,2025-01,253,5.53338948872752,0,1,0,0,0,0,1,0,0,0
165,2457220,Avowed,feb,1,1,1,3,2025-02,253,5.53338948872752,0,0,1,0,0,0,0,1,0,0
165,2457220,Avowed,feb,1,1,1,4,2025-03,253,5.53338948872752,0,0,0,1,0,0,0,0,1,0
165,2457220,Avowed,feb,1,1,1,5,2025-04,253,5.53338948872752,0,0,0,0,1,0,0,0,0,1
166,293760,Automation - The Car Company Tycoon Game,feb,1,0,0,1,2024-12,450,6.1092475827643655,1,0,0,0,0,1,0,0,0,0
166,293760,Automation - The Car Company Tycoon Game,feb,1,0,0,2,2025-01,450,6.1092475827643655,0,1,0,0,0,0,1,0,0,0
166,293760,Automation - The Car Company Tycoon Game,feb,1,1,1,3,2025-02,450,6.1092475827643655,0,0,1,0,0,0,0,1,0,0
166,293760,Automation - The Car Company Tycoon Game,feb,1,1,1,4,2025-03,450,6.1092475827643655,0,0,0,1,0,0,0,0,1,0
166,293760,Automation - The Car Company Tycoon Game,feb,1,1,1,5,2025-04,450,6.1092475827643655,0,0,0,0,1,0,0,0,0,1
167,466560,Northgard: Definitive Edition,feb,1,0,0,1,2024-12,1327,7.190676034332207,1,0,0,0,0,1,0,0,0,0
167,466560,Northgard: Definitive Edition,feb,1,0,0,2,2025-01,1327,7.190676034332207,0,1,0,0,0,0,1,0,0,0
167,466560,Northgard: Definitive Edition,feb,1,1,1,3,2025-02,1327,7.190676034332207,0,0,1,0,0,0,0,1,0,0
167,466560,Northgard: Definitive Edition,feb,1,1,1,4,2025-03,1327,7.190676034332207,0,0,0,1,0,0,0,0,1,0
167,466560,Northgard: Definitive Edition,feb,1,1,1,5,2025-04,1327,7.190676034332207,0,0,0,0,1,0,0,0,0,1
168,2864560,Rune Factory: Guardians of Azuma,feb,1,0,0,1,2024-12,396,5.981414211254481,1,0,0,0,0,1,0,0,0,0
168,2864560,Rune Factory: Guardians of Azuma,feb,1,0,0,2,2025-01,396,5.981414211254481,0,1,0,0,0,0,1,0,0,0
168,2864560,Rune Factory: Guardians of Azuma,feb,1,1,1,3,2025-02,396,5.981414211254481,0,0,1,0,0,0,0,1,0,0
168,2864560,Rune Factory: Guardians of Azuma,feb,1,1,1,4,2025-03,396,5.981414211254481,0,0,0,1,0,0,0,0,1,0
168,2864560,Rune Factory: Guardians of Azuma,feb,1,1,1,5,2025-04,396,5.981414211254481,0,0,0,0,1,0,0,0,0,1
169,293760,Automation - The Car Company Tycoon Game,feb,1,0,0,1,2024-12,450,6.1092475827643655,1,0,0,0,0,1,0,0,0,0
169,293760,Automation - The Car Company Tycoon Game,feb,1,0,0,2,2025-01,450,6.1092475827643655,0,1,0,0,0,0,1,0,0,0
169,293760,Automation - The Car Company Tycoon Game,feb,1,1,1,3,2025-02,450,6.1092475827643655,0,0,1,0,0,0,0,1,0,0
169,293760,Automation - The Car Company Tycoon Game,feb,1,1,1,4,2025-03,450,6.1092475827643655,0,0,0,1,0,0,0,0,1,0
169,293760,Automation - The Car Company Tycoon Game,feb,1,1,1,5,2025-04,450,6.1092475827643655,0,0,0,0,1,0,0,0,0,1
170,457140,Oxygen Not Included,feb,1,0,0,1,2024-12,12063,9.397898195565384,1,0,0,0,0,1,0,0,0,0
170,457140,Oxygen Not Included,feb,1,0,0,2,2025-01,12063,9.397898195565384,0,1,0,0,0,0,1,0,0,0
170,457140,Oxygen Not Included,feb,1,1,1,3,2025-02,12063,9.397898195565384,0,0,1,0,0,0,0,1,0,0
170,457140,Oxygen Not Included,feb,1,1,1,4,2025-03,12063,9.397898195565384,0,0,0,1,0,0,0,0,1,0
170,457140,Oxygen Not Included,feb,1,1,1,5,2025-04,12063,9.397898195565384,0,0,0,0,1,0,0,0,0,1
171,1105420,Game of Thrones Winter is Coming,feb,1,0,0,1,2024-12,483,6.180016653652572,1,0,0,0,0,1,0,0,0,0
171,1105420,Game of Thrones Winter is Coming,feb,1,0,0,2,2025-01,483,6.180016653652572,0,1,0,0,0,0,1,0,0,0
171,1105420,Game of Thrones Winter is Coming,feb,1,1,1,3,2025-02,483,6.180016653652572,0,0,1,0,0,0,0,1,0,0
171,1105420,Game of Thrones Winter is Coming,feb,1,1,1,4,2025-03,483,6.180016653652572,0,0,0,1,0,0,0,0,1,0
171,1105420,Game of Thrones Winter is Coming,feb,1,1,1,5,2025-04,483,6.180016653652572,0,0,0,0,1,0,0,0,0,1
172,1868140,DAVE THE DIVER,feb,1,0,0,1,2024-12,5613,8.6328406149422,1,0,0,0,0,1,0,0,0,0
172,1868140,DAVE THE DIVER,feb,1,0,0,2,2025-01,5613,8.6328406149422,0,1,0,0,0,0,1,0,0,0
172,1868140,DAVE THE DIVER,feb,1,1,1,3,2025-02,5613,8.6328406149422,0,0,1,0,0,0,0,1,0,0
172,1868140,DAVE THE DIVER,feb,1,1,1,4,2025-03,5613,8.6328406149422,0,0,0,1,0,0,0,0,1,0
172,1868140,DAVE THE DIVER,feb,1,1,1,5,2025-04,5613,8.6328406149422,0,0,0,0,1,0,0,0,0,1
173,492720,Tropico 6,feb,1,0,0,1,2024-12,837,6.729824070489475,1,0,0,0,0,1,0,0,0,0
173,492720,Tropico 6,feb,1,0,0,2,2025-01,837,6.729824070489475,0,1,0,0,0,0,1,0,0,0
173,492720,Tropico 6,feb,1,1,1,3,2025-02,837,6.729824070489475,0,0,1,0,0,0,0,1,0,0
173,492720,Tropico 6,feb,1,1,1,4,2025-03,837,6.729824070489475,0,0,0,1,0,0,0,0,1,0
173,492720,Tropico 6,feb,1,1,1,5,2025-04,837,6.729824070489475,0,0,0,0,1,0,0,0,0,1
174,975370,Dwarf Fortress,feb,1,0,0,1,2024-12,587,6.375024819828097,1,0,0,0,0,1,0,0,0,0
174,975370,Dwarf Fortress,feb,1,0,0,2,2025-01,587,6.375024819828097,0,1,0,0,0,0,1,0,0,0
174,975370,Dwarf Fortress,feb,1,1,1,3,2025-02,587,6.375024819828097,0,0,1,0,0,0,0,1,0,0
174,975370,Dwarf Fortress,feb,1,1,1,4,2025-03,587,6.375024819828097,0,0,0,1,0,0,0,0,1,0
174,975370,Dwarf Fortress,feb,1,1,1,5,2025-04,587,6.375024819828097,0,0,0,0,1,0,0,0,0,1
175,2495100,Hello Kitty Island Adventure,feb,1,0,0,1,2024-12,694,6.542471960506805,1,0,0,0,0,1,0,0,0,0
175,2495100,Hello Kitty Island Adventure,feb,1,0,0,2,2025-01,694,6.542471960506805,0,1,0,0,0,0,1,0,0,0
175,2495100,Hello Kitty Island Adventure,feb,1,1,1,3,2025-02,694,6.542471960506805,0,0,1,0,0,0,0,1,0,0
175,2495100,Hello Kitty Island Adventure,feb,1,1,1,4,2025-03,694,6.542471960506805,0,0,0,1,0,0,0,0,1,0
175,2495100,Hello Kitty Island Adventure,feb,1,1,1,5,2025-04,694,6.542471960506805,0,0,0,0,1,0,0,0,0,1
176,1575940,Sins of a Solar Empire II,feb,1,0,0,1,2024-12,415,6.028278520230698,1,0,0,0,0,1,0,0,0,0
176,1575940,Sins of a Solar Empire II,feb,1,0,0,2,2025-01,415,6.028278520230698,0,1,0,0,0,0,1,0,0,0
176,1575940,Sins of a Solar Empire II,feb,1,1,1,3,2025-02,415,6.028278520230698,0,0,1,0,0,0,0,1,0,0
176,1575940,Sins of a Solar Empire II,feb,1,1,1,4,2025-03,415,6.028278520230698,0,0,0,1,0,0,0,0,1,0
176,1575940,Sins of a Solar Empire II,feb,1,1,1,5,2025-04,415,6.028278520230698,0,0,0,0,1,0,0,0,0,1
177,2795540,The Midnight Walkers,feb,1,0,0,1,2024-12,1852,7.524021415206125,1,0,0,0,0,1,0,0,0,0
177,2795540,The Midnight Walkers,feb,1,0,0,2,2025-01,1852,7.524021415206125,0,1,0,0,0,0,1,0,0,0
177,2795540,The Midnight Walkers,feb,1,1,1,3,2025-02,1852,7.524021415206125,0,0,1,0,0,0,0,1,0,0
177,2795540,The Midnight Walkers,feb,1,1,1,4,2025-03,1852,7.524021415206125,0,0,0,1,0,0,0,0,1,0
177,2795540,The Midnight Walkers,feb,1,1,1,5,2025-04,1852,7.524021415206125,0,0,0,0,1,0,0,0,0,1
178,2333480,RAID: Shadow Legends,feb,1,0,0,1,2024-12,1296,7.16703787691222,1,0,0,0,0,1,0,0,0,0
178,2333480,RAID: Shadow Legends,feb,1,0,0,2,2025-01,1296,7.16703787691222,0,1,0,0,0,0,1,0,0,0
178,2333480,RAID: Shadow Legends,feb,1,1,1,3,2025-02,1296,7.16703787691222,0,0,1,0,0,0,0,1,0,0
178,2333480,RAID: Shadow Legends,feb,1,1,1,4,2025-03,1296,7.16703787691222,0,0,0,1,0,0,0,0,1,0
178,2333480,RAID: Shadow Legends,feb,1,1,1,5,2025-04,1296,7.16703787691222,0,0,0,0,1,0,0,0,0,1
179,2198150,Tiny Glade,feb,1,0,0,1,2024-12,181,5.198497031265826,1,0,0,0,0,1,0,0,0,0
179,2198150,Tiny Glade,feb,1,0,0,2,2025-01,181,5.198497031265826,0,1,0,0,0,0,1,0,0,0
179,2198150,Tiny Glade,feb,1,1,1,3,2025-02,181,5.198497031265826,0,0,1,0,0,0,0,1,0,0
179,2198150,Tiny Glade,feb,1,1,1,4,2025-03,181,5.198497031265826,0,0,0,1,0,0,0,0,1,0
179,2198150,Tiny Glade,feb,1,1,1,5,2025-04,181,5.198497031265826,0,0,0,0,1,0,0,0,0,1
180,3092660,Reverse: 1999,feb,1,0,0,1,2024-12,1519,7.325807502595773,1,0,0,0,0,1,0,0,0,0
180,3092660,Reverse: 1999,feb,1,0,0,2,2025-01,1519,7.325807502595773,0,1,0,0,0,0,1,0,0,0
180,3092660,Reverse: 1999,feb,1,1,1,3,2025-02,1519,7.325807502595773,0,0,1,0,0,0,0,1,0,0
180,3092660,Reverse: 1999,feb,1,1,1,4,2025-03,1519,7.325807502595773,0,0,0,1,0,0,0,0,1,0
180,3092660,Reverse: 1999,feb,1,1,1,5,2025-04,1519,7.325807502595773,0,0,0,0,1,0,0,0,0,1
181,342940,Project: Gorgon,feb,1,0,0,1,2024-12,496,6.206575926724928,1,0,0,0,0,1,0,0,0,0
181,342940,Project: Gorgon,feb,1,0,0,2,2025-01,496,6.206575926724928,0,1,0,0,0,0,1,0,0,0
181,342940,Project: Gorgon,feb,1,1,1,3,2025-02,496,6.206575926724928,0,0,1,0,0,0,0,1,0,0
181,342940,Project: Gorgon,feb,1,1,1,4,2025-03,496,6.206575926724928,0,0,0,1,0,0,0,0,1,0
181,342940,Project: Gorgon,feb,1,1,1,5,2025-04,496,6.206575926724928,0,0,0,0,1,0,0,0,0,1
182,613100,House Flipper,feb,1,0,0,1,2024-12,1640,7.402451520818244,1,0,0,0,0,1,0,0,0,0
182,613100,House Flipper,feb,1,0,0,2,2025-01,1640,7.402451520818244,0,1,0,0,0,0,1,0,0,0
182,613100,House Flipper,feb,1,1,1,3,2025-02,1640,7.402451520818244,0,0,1,0,0,0,0,1,0,0
182,613100,House Flipper,feb,1,1,1,4,2025-03,1640,7.402451520818244,0,0,0,1,0,0,0,0,1,0
182,613100,House Flipper,feb,1,1,1,5,2025-04,1640,7.402451520818244,0,0,0,0,1,0,0,0,0,1
183,322330,Don't Starve Together,feb,1,0,0,1,2024-12,41592,10.635663120063551,1,0,0,0,0,1,0,0,0,0
183,322330,Don't Starve Together,feb,1,0,0,2,2025-01,41592,10.635663120063551,0,1,0,0,0,0,1,0,0,0
183,322330,Don't Starve Together,feb,1,1,1,3,2025-02,41592,10.635663120063551,0,0,1,0,0,0,0,1,0,0
183,322330,Don't Starve Together,feb,1,1,1,4,2025-03,41592,10.635663120063551,0,0,0,1,0,0,0,0,1,0
183,322330,Don't Starve Together,feb,1,1,1,5,2025-04,41592,10.635663120063551,0,0,0,0,1,0,0,0,0,1
184,1184370,Pathfinder: Wrath of the Righteous - Enhanced Edition,feb,1,0,0,1,2024-12,2254,7.720461694599722,1,0,0,0,0,1,0,0,0,0
184,1184370,Pathfinder: Wrath of the Righteous - Enhanced Edition,feb,1,0,0,2,2025-01,2254,7.720461694599722,0,1,0,0,0,0,1,0,0,0
184,1184370,Pathfinder: Wrath of the Righteous - Enhanced Edition,feb,1,1,1,3,2025-02,2254,7.720461694599722,0,0,1,0,0,0,0,1,0,0
184,1184370,Pathfinder: Wrath of the Righteous - Enhanced Edition,feb,1,1,1,4,2025-03,2254,7.720461694599722,0,0,0,1,0,0,0,0,1,0
184,1184370,Pathfinder: Wrath of the Righteous - Enhanced Edition,feb,1,1,1,5,2025-04,2254,7.720461694599722,0,0,0,0,1,0,0,0,0,1
185,2417610,METAL GEAR SOLID Δ: SNAKE EATER,feb,1,0,0,1,2024-12,165,5.10594547390058,1,0,0,0,0,1,0,0,0,0
185,2417610,METAL GEAR SOLID Δ: SNAKE EATER,feb,1,0,0,2,2025-01,165,5.10594547390058,0,1,0,0,0,0,1,0,0,0
185,2417610,METAL GEAR SOLID Δ: SNAKE EATER,feb,1,1,1,3,2025-02,165,5.10594547390058,0,0,1,0,0,0,0,1,0,0
185,2417610,METAL GEAR SOLID Δ: SNAKE EATER,feb,1,1,1,4,2025-03,165,5.10594547390058,0,0,0,1,0,0,0,0,1,0
185,2417610,METAL GEAR SOLID Δ: SNAKE EATER,feb,1,1,1,5,2025-04,165,5.10594547390058,0,0,0,0,1,0,0,0,0,1
186,1139980,Travellers Rest,feb,1,0,0,1,2024-12,994,6.901737206656574,1,0,0,0,0,1,0,0,0,0
186,1139980,Travellers Rest,feb,1,0,0,2,2025-01,994,6.901737206656574,0,1,0,0,0,0,1,0,0,0
186,1139980,Travellers Rest,feb,1,1,1,3,2025-02,994,6.901737206656574,0,0,1,0,0,0,0,1,0,0
186,1139980,Travellers Rest,feb,1,1,1,4,2025-03,994,6.901737206656574,0,0,0,1,0,0,0,0,1,0
186,1139980,Travellers Rest,feb,1,1,1,5,2025-04,994,6.901737206656574,0,0,0,0,1,0,0,0,0,1
187,1054490,Wingspan,feb,1,0,0,1,2024-12,538,6.2878585601617845,1,0,0,0,0,1,0,0,0,0
187,1054490,Wingspan,feb,1,0,0,2,2025-01,538,6.2878585601617845,0,1,0,0,0,0,1,0,0,0
187,1054490,Wingspan,feb,1,1,1,3,2025-02,538,6.2878585601617845,0,0,1,0,0,0,0,1,0,0
187,1054490,Wingspan,feb,1,1,1,4,2025-03,538,6.2878585601617845,0,0,0,1,0,0,0,0,1,0
187,1054490,Wingspan,feb,1,1,1,5,2025-04,538,6.2878585601617845,0,0,0,0,1,0,0,0,0,1
188,2996040,Teenage Mutant Ninja Turtles: Splintered Fate,feb,1,0,0,1,2024-12,191,5.25227342804663,1,0,0,0,0,1,0,0,0,0
188,2996040,Teenage Mutant Ninja Turtles: Splintered Fate,feb,1,0,0,2,2025-01,191,5.25227342804663,0,1,0,0,0,0,1,0,0,0
188,2996040,Teenage Mutant Ninja Turtles: Splintered Fate,feb,1,1,1,3,2025-02,191,5.25227342804663,0,0,1,0,0,0,0,1,0,0
188,2996040,Teenage Mutant Ninja Turtles: Splintered Fate,feb,1,1,1,4,2025-03,191,5.25227342804663,0,0,0,1,0,0,0,0,1,0
188,2996040,Teenage Mutant Ninja Turtles: Splintered Fate,feb,1,1,1,5,2025-04,191,5.25227342804663,0,0,0,0,1,0,0,0,0,1
189,1259420,Days Gone,feb,1,0,0,1,2024-12,1484,7.302496423727326,1,0,0,0,0,1,0,0,0,0
189,1259420,Days Gone,feb,1,0,0,2,2025-01,1484,7.302496423727326,0,1,0,0,0,0,1,0,0,0
189,1259420,Days Gone,feb,1,1,1,3,2025-02,1484,7.302496423727326,0,0,1,0,0,0,0,1,0,0
189,1259420,Days Gone,feb,1,1,1,4,2025-03,1484,7.302496423727326,0,0,0,1,0,0,0,0,1,0
189,1259420,Days Gone,feb,1,1,1,5,2025-04,1484,7.302496423727326,0,0,0,0,1,0,0,0,0,1
190,2784470,9 Kings,feb,1,0,0,1,2024-12,824,6.714170529909472,1,0,0,0,0,1,0,0,0,0
190,2784470,9 Kings,feb,1,0,0,2,2025-01,824,6.714170529909472,0,1,0,0,0,0,1,0,0,0
190,2784470,9 Kings,feb,1,1,1,3,2025-02,824,6.714170529909472,0,0,1,0,0,0,0,1,0,0
190,2784470,9 Kings,feb,1,1,1,4,2025-03,824,6.714170529909472,0,0,0,1,0,0,0,0,1,0
190,2784470,9 Kings,feb,1,1,1,5,2025-04,824,6.714170529909472,0,0,0,0,1,0,0,0,0,1
191,2325290,Sky: Children of the Light,feb,1,0,0,1,2024-12,3693,8.214194414852564,1,0,0,0,0,1,0,0,0,0
191,2325290,Sky: Children of the Light,feb,1,0,0,2,2025-01,3693,8.214194414852564,0,1,0,0,0,0,1,0,0,0
191,2325290,Sky: Children of the Light,feb,1,1,1,3,2025-02,3693,8.214194414852564,0,0,1,0,0,0,0,1,0,0
191,2325290,Sky: Children of the Light,feb,1,1,1,4,2025-03,3693,8.214194414852564,0,0,0,1,0,0,0,0,1,0
191,2325290,Sky: Children of the Light,feb,1,1,1,5,2025-04,3693,8.214194414852564,0,0,0,0,1,0,0,0,0,1
192,2201940,Ship Graveyard Simulator 2,feb,1,0,0,1,2024-12,406,6.0063531596017325,1,0,0,0,0,1,0,0,0,0
192,2201940,Ship Graveyard Simulator 2,feb,1,0,0,2,2025-01,406,6.0063531596017325,0,1,0,0,0,0,1,0,0,0
192,2201940,Ship Graveyard Simulator 2,feb,1,1,1,3,2025-02,406,6.0063531596017325,0,0,1,0,0,0,0,1,0,0
192,2201940,Ship Graveyard Simulator 2,feb,1,1,1,4,2025-03,406,6.0063531596017325,0,0,0,1,0,0,0,0,1,0
192,2201940,Ship Graveyard Simulator 2,feb,1,1,1,5,2025-04,406,6.0063531596017325,0,0,0,0,1,0,0,0,0,1
193,2967990,Train Sim World® 5,feb,1,0,0,1,2024-12,188,5.236441962829949,1,0,0,0,0,1,0,0,0,0
193,2967990,Train Sim World® 5,feb,1,0,0,2,2025-01,188,5.236441962829949,0,1,0,0,0,0,1,0,0,0
193,2967990,Train Sim World® 5,feb,1,1,1,3,2025-02,188,5.236441962829949,0,0,1,0,0,0,0,1,0,0
193,2967990,Train Sim World® 5,feb,1,1,1,4,2025-03,188,5.236441962829949,0,0,0,1,0,0,0,0,1,0
193,2967990,Train Sim World® 5,feb,1,1,1,5,2025-04,188,5.236441962829949,0,0,0,0,1,0,0,0,0,1
194,2967990,Train Sim World® 5,feb,1,0,0,1,2024-12,188,5.236441962829949,1,0,0,0,0,1,0,0,0,0
194,2967990,Train Sim World® 5,feb,1,0,0,2,2025-01,188,5.236441962829949,0,1,0,0,0,0,1,0,0,0
194,2967990,Train Sim World® 5,feb,1,1,1,3,2025-02,188,5.236441962829949,0,0,1,0,0,0,0,1,0,0
194,2967990,Train Sim World® 5,feb,1,1,1,4,2025-03,188,5.236441962829949,0,0,0,1,0,0,0,0,1,0
194,2967990,Train Sim World® 5,feb,1,1,1,5,2025-04,188,5.236441962829949,0,0,0,0,1,0,0,0,0,1
195,1062520,Dinkum,feb,1,0,0,1,2024-12,1777,7.482681828154651,1,0,0,0,0,1,0,0,0,0
195,1062520,Dinkum,feb,1,0,0,2,2025-01,1777,7.482681828154651,0,1,0,0,0,0,1,0,0,0
195,1062520,Dinkum,feb,1,1,1,3,2025-02,1777,7.482681828154651,0,0,1,0,0,0,0,1,0,0
195,1062520,Dinkum,feb,1,1,1,4,2025-03,1777,7.482681828154651,0,0,0,1,0,0,0,0,1,0
195,1062520,Dinkum,feb,1,1,1,5,2025-04,1777,7.482681828154651,0,0,0,0,1,0,0,0,0,1
196,960170,DJMAX RESPECT V,feb,1,0,0,1,2024-12,1754,7.469654172932128,1,0,0,0,0,1,0,0,0,0
196,960170,DJMAX RESPECT V,feb,1,0,0,2,2025-01,1754,7.469654172932128,0,1,0,0,0,0,1,0,0,0
196,960170,DJMAX RESPECT V,feb,1,1,1,3,2025-02,1754,7.469654172932128,0,0,1,0,0,0,0,1,0,0
196,960170,DJMAX RESPECT V,feb,1,1,1,4,2025-03,1754,7.469654172932128,0,0,0,1,0,0,0,0,1,0
196,960170,DJMAX RESPECT V,feb,1,1,1,5,2025-04,1754,7.469654172932128,0,0,0,0,1,0,0,0,0,1
197,1149620,Gas Station Simulator,feb,1,0,0,1,2024-12,219,5.389071729816501,1,0,0,0,0,1,0,0,0,0
197,1149620,Gas Station Simulator,feb,1,0,0,2,2025-01,219,5.389071729816501,0,1,0,0,0,0,1,0,0,0
197,1149620,Gas Station Simulator,feb,1,1,1,3,2025-02,219,5.389071729816501,0,0,1,0,0,0,0,1,0,0
197,1149620,Gas Station Simulator,feb,1,1,1,4,2025-03,219,5.389071729816501,0,0,0,1,0,0,0,0,1,0
197,1149620,Gas Station Simulator,feb,1,1,1,5,2025-04,219,5.389071729816501,0,0,0,0,1,0,0,0,0,1
198,2325290,Sky: Children of the Light,feb,1,0,0,1,2024-12,3693,8.214194414852564,1,0,0,0,0,1,0,0,0,0
198,2325290,Sky: Children of the Light,feb,1,0,0,2,2025-01,3693,8.214194414852564,0,1,0,0,0,0,1,0,0,0
198,2325290,Sky: Children of the Light,feb,1,1,1,3,2025-02,3693,8.214194414852564,0,0,1,0,0,0,0,1,0,0
198,2325290,Sky: Children of the Light,feb,1,1,1,4,2025-03,3693,8.214194414852564,0,0,0,1,0,0,0,0,1,0
198,2325290,Sky: Children of the Light,feb,1,1,1,5,2025-04,3693,8.214194414852564,0,0,0,0,1,0,0,0,0,1
199,1128920,EVERSPACE™ 2,feb,1,0,0,1,2024-12,179,5.187385805840755,1,0,0,0,0,1,0,0,0,0
199,1128920,EVERSPACE™ 2,feb,1,0,0,2,2025-01,179,5.187385805840755,0,1,0,0,0,0,1,0,0,0
199,1128920,EVERSPACE™ 2,feb,1,1,1,3,2025-02,179,5.187385805840755,0,0,1,0,0,0,0,1,0,0
199,1128920,EVERSPACE™ 2,feb,1,1,1,4,2025-03,179,5.187385805840755,0,0,0,1,0,0,0,0,1,0
199,1128920,EVERSPACE™ 2,feb,1,1,1,5,2025-04,179,5.187385805840755,0,0,0,0,1,0,0,0,0,1
200,451340,Gold Mining Simulator,feb,1,0,0,1,2024-12,305,5.720311776607412,1,0,0,0,0,1,0,0,0,0
200,451340,Gold Mining Simulator,feb,1,0,0,2,2025-01,305,5.720311776607412,0,1,0,0,0,0,1,0,0,0
200,451340,Gold Mining Simulator,feb,1,1,1,3,2025-02,305,5.720311776607412,0,0,1,0,0,0,0,1,0,0
200,451340,Gold Mining Simulator,feb,1,1,1,4,2025-03,305,5.720311776607412,0,0,0,1,0,0,0,0,1,0
200,451340,Gold Mining Simulator,feb,1,1,1,5,2025-04,305,5.720311776607412,0,0,0,0,1,0,0,0,0,1
201,3240220,Grand Theft Auto V Enhanced,mar,1,0,0,1,2024-12,80563,11.296794766023805,1,0,0,0,0,1,0,0,0,0
201,3240220,Grand Theft Auto V Enhanced,mar,1,0,0,2,2025-01,80563,11.296794766023805,0,1,0,0,0,0,1,0,0,0
201,3240220,Grand Theft Auto V Enhanced,mar,1,0,0,3,2025-02,80563,11.296794766023805,0,0,1,0,0,0,0,1,0,0
201,3240220,Grand Theft Auto V Enhanced,mar,1,1,1,4,2025-03,80563,11.296794766023805,0,0,0,1,0,0,0,0,1,0
201,3240220,Grand Theft Auto V Enhanced,mar,1,1,1,5,2025-04,80563,11.296794766023805,0,0,0,0,1,0,0,0,0,1
202,1151340,Fallout 76,mar,1,0,0,1,2024-12,11861,9.381010986029276,1,0,0,0,0,1,0,0,0,0
202,1151340,Fallout 76,mar,1,0,0,2,2025-01,11861,9.381010986029276,0,1,0,0,0,0,1,0,0,0
202,1151340,Fallout 76,mar,1,0,0,3,2025-02,11861,9.381010986029276,0,0,1,0,0,0,0,1,0,0
202,1151340,Fallout 76,mar,1,1,1,4,2025-03,11861,9.381010986029276,0,0,0,1,0,0,0,0,1,0
202,1151340,Fallout 76,mar,1,1,1,5,2025-04,11861,9.381010986029276,0,0,0,0,1,0,0,0,0,1
203,1361210,"Warhammer 40,000: Darktide",mar,1,0,0,1,2024-12,7857,8.969160133175821,1,0,0,0,0,1,0,0,0,0
203,1361210,"Warhammer 40,000: Darktide",mar,1,0,0,2,2025-01,7857,8.969160133175821,0,1,0,0,0,0,1,0,0,0
203,1361210,"Warhammer 40,000: Darktide",mar,1,0,0,3,2025-02,7857,8.969160133175821,0,0,1,0,0,0,0,1,0,0
203,1361210,"Warhammer 40,000: Darktide",mar,1,1,1,4,2025-03,7857,8.969160133175821,0,0,0,1,0,0,0,0,1,0
203,1361210,"Warhammer 40,000: Darktide",mar,1,1,1,5,2025-04,7857,8.969160133175821,0,0,0,0,1,0,0,0,0,1
204,306130,The Elder Scrolls® Online,mar,1,0,0,1,2024-12,7768,8.957768009971161,1,0,0,0,0,1,0,0,0,0
204,306130,The Elder Scrolls® Online,mar,1,0,0,2,2025-01,7768,8.957768009971161,0,1,0,0,0,0,1,0,0,0
204,306130,The Elder Scrolls® Online,mar,1,0,0,3,2025-02,7768,8.957768009971161,0,0,1,0,0,0,0,1,0,0
204,306130,The Elder Scrolls® Online,mar,1,1,1,4,2025-03,7768,8.957768009971161,0,0,0,1,0,0,0,0,1,0
204,306130,The Elder Scrolls® Online,mar,1,1,1,5,2025-04,7768,8.957768009971161,0,0,0,0,1,0,0,0,0,1
205,251570,7 Days to Die,mar,1,0,0,1,2024-12,26682,10.191744459738752,1,0,0,0,0,1,0,0,0,0
205,251570,7 Days to Die,mar,1,0,0,2,2025-01,26682,10.191744459738752,0,1,0,0,0,0,1,0,0,0
205,251570,7 Days to Die,mar,1,0,0,3,2025-02,26682,10.191744459738752,0,0,1,0,0,0,0,1,0,0
205,251570,7 Days to Die,mar,1,1,1,4,2025-03,26682,10.191744459738752,0,0,0,1,0,0,0,0,1,0
205,251570,7 Days to Die,mar,1,1,1,5,2025-04,26682,10.191744459738752,0,0,0,0,1,0,0,0,0,1
206,518790,theHunter: Call of the Wild™,mar,1,0,0,1,2024-12,5267,8.569216219483389,1,0,0,0,0,1,0,0,0,0
206,518790,theHunter: Call of the Wild™,mar,1,0,0,2,2025-01,5267,8.569216219483389,0,1,0,0,0,0,1,0,0,0
206,518790,theHunter: Call of the Wild™,mar,1,0,0,3,2025-02,5267,8.569216219483389,0,0,1,0,0,0,0,1,0,0
206,518790,theHunter: Call of the Wild™,mar,1,1,1,4,2025-03,5267,8.569216219483389,0,0,0,1,0,0,0,0,1,0
206,518790,theHunter: Call of the Wild™,mar,1,1,1,5,2025-04,5267,8.569216219483389,0,0,0,0,1,0,0,0,0,1
207,526870,Satisfactory,mar,1,0,0,1,2024-12,15022,9.617271072245957,1,0,0,0,0,1,0,0,0,0
207,526870,Satisfactory,mar,1,0,0,2,2025-01,15022,9.617271072245957,0,1,0,0,0,0,1,0,0,0
207,526870,Satisfactory,mar,1,0,0,3,2025-02,15022,9.617271072245957,0,0,1,0,0,0,0,1,0,0
207,526870,Satisfactory,mar,1,1,1,4,2025-03,15022,9.617271072245957,0,0,0,1,0,0,0,0,1,0
207,526870,Satisfactory,mar,1,1,1,5,2025-04,15022,9.617271072245957,0,0,0,0,1,0,0,0,0,1
208,1154030,Titan Quest II,mar,1,0,0,1,2024-12,552,6.313548046277095,1,0,0,0,0,1,0,0,0,0
208,1154030,Titan Quest II,mar,1,0,0,2,2025-01,552,6.313548046277095,0,1,0,0,0,0,1,0,0,0
208,1154030,Titan Quest II,mar,1,0,0,3,2025-02,552,6.313548046277095,0,0,1,0,0,0,0,1,0,0
208,1154030,Titan Quest II,mar,1,1,1,4,2025-03,552,6.313548046277095,0,0,0,1,0,0,0,0,1,0
208,1154030,Titan Quest II,mar,1,1,1,5,2025-04,552,6.313548046277095,0,0,0,0,1,0,0,0,0,1
209,346110,ARK: Survival Evolved,mar,1,0,0,1,2024-12,24930,10.123827176517604,1,0,0,0,0,1,0,0,0,0
209,346110,ARK: Survival Evolved,mar,1,0,0,2,2025-01,24930,10.123827176517604,0,1,0,0,0,0,1,0,0,0
209,346110,ARK: Survival Evolved,mar,1,0,0,3,2025-02,24930,10.123827176517604,0,0,1,0,0,0,0,1,0,0
209,346110,ARK: Survival Evolved,mar,1,1,1,4,2025-03,24930,10.123827176517604,0,0,0,1,0,0,0,0,1,0
209,346110,ARK: Survival Evolved,mar,1,1,1,5,2025-04,24930,10.123827176517604,0,0,0,0,1,0,0,0,0,1
210,413150,Stardew Valley,mar,1,0,0,1,2024-12,88287,11.38834815038527,1,0,0,0,0,1,0,0,0,0
210,413150,Stardew Valley,mar,1,0,0,2,2025-01,88287,11.38834815038527,0,1,0,0,0,0,1,0,0,0
210,413150,Stardew Valley,mar,1,0,0,3,2025-02,88287,11.38834815038527,0,0,1,0,0,0,0,1,0,0
210,413150,Stardew Valley,mar,1,1,1,4,2025-03,88287,11.38834815038527,0,0,0,1,0,0,0,0,1,0
210,413150,Stardew Valley,mar,1,1,1,5,2025-04,88287,11.38834815038527,0,0,0,0,1,0,0,0,0,1
211,261550,Mount & Blade II: Bannerlord,mar,1,0,0,1,2024-12,26010,10.166236358442697,1,0,0,0,0,1,0,0,0,0
211,261550,Mount & Blade II: Bannerlord,mar,1,0,0,2,2025-01,26010,10.166236358442697,0,1,0,0,0,0,1,0,0,0
211,261550,Mount & Blade II: Bannerlord,mar,1,0,0,3,2025-02,26010,10.166236358442697,0,0,1,0,0,0,0,1,0,0
211,261550,Mount & Blade II: Bannerlord,mar,1,1,1,4,2025-03,26010,10.166236358442697,0,0,0,1,0,0,0,0,1,0
211,261550,Mount & Blade II: Bannerlord,mar,1,1,1,5,2025-04,26010,10.166236358442697,0,0,0,0,1,0,0,0,0,1
212,105600,Terraria,mar,1,0,0,1,2024-12,158115,11.9710778953574,1,0,0,0,0,1,0,0,0,0
212,105600,Terraria,mar,1,0,0,2,2025-01,158115,11.9710778953574,0,1,0,0,0,0,1,0,0,0
212,105600,Terraria,mar,1,0,0,3,2025-02,158115,11.9710778953574,0,0,1,0,0,0,0,1,0,0
212,105600,Terraria,mar,1,1,1,4,2025-03,158115,11.9710778953574,0,0,0,1,0,0,0,0,1,0
212,105600,Terraria,mar,1,1,1,5,2025-04,158115,11.9710778953574,0,0,0,0,1,0,0,0,0,1
213,1874880,Arma Reforger,mar,1,0,0,1,2024-12,6881,8.83651926920248,1,0,0,0,0,1,0,0,0,0
213,1874880,Arma Reforger,mar,1,0,0,2,2025-01,6881,8.83651926920248,0,1,0,0,0,0,1,0,0,0
213,1874880,Arma Reforger,mar,1,0,0,3,2025-02,6881,8.83651926920248,0,0,1,0,0,0,0,1,0,0
213,1874880,Arma Reforger,mar,1,1,1,4,2025-03,6881,8.83651926920248,0,0,0,1,0,0,0,0,1,0
213,1874880,Arma Reforger,mar,1,1,1,5,2025-04,6881,8.83651926920248,0,0,0,0,1,0,0,0,0,1
214,945360,Among Us,mar,1,0,0,1,2024-12,4431,8.39638057119949,1,0,0,0,0,1,0,0,0,0
214,945360,Among Us,mar,1,0,0,2,2025-01,4431,8.39638057119949,0,1,0,0,0,0,1,0,0,0
214,945360,Among Us,mar,1,0,0,3,2025-02,4431,8.39638057119949,0,0,1,0,0,0,0,1,0,0
214,945360,Among Us,mar,1,1,1,4,2025-03,4431,8.39638057119949,0,0,0,1,0,0,0,0,1,0
214,945360,Among Us,mar,1,1,1,5,2025-04,4431,8.39638057119949,0,0,0,0,1,0,0,0,0,1
215,1282100,REMNANT II®,mar,1,0,0,1,2024-12,1797,7.493873886783559,1,0,0,0,0,1,0,0,0,0
215,1282100,REMNANT II®,mar,1,0,0,2,2025-01,1797,7.493873886783559,0,1,0,0,0,0,1,0,0,0
215,1282100,REMNANT II®,mar,1,0,0,3,2025-02,1797,7.493873886783559,0,0,1,0,0,0,0,1,0,0
215,1282100,REMNANT II®,mar,1,1,1,4,2025-03,1797,7.493873886783559,0,0,0,1,0,0,0,0,1,0
215,1282100,REMNANT II®,mar,1,1,1,5,2025-04,1797,7.493873886783559,0,0,0,0,1,0,0,0,0,1
216,1304930,The Outlast Trials,mar,1,0,0,1,2024-12,4099,8.318498320504338,1,0,0,0,0,1,0,0,0,0
216,1304930,The Outlast Trials,mar,1,0,0,2,2025-01,4099,8.318498320504338,0,1,0,0,0,0,1,0,0,0
216,1304930,The Outlast Trials,mar,1,0,0,3,2025-02,4099,8.318498320504338,0,0,1,0,0,0,0,1,0,0
216,1304930,The Outlast Trials,mar,1,1,1,4,2025-03,4099,8.318498320504338,0,0,0,1,0,0,0,0,1,0
216,1304930,The Outlast Trials,mar,1,1,1,5,2025-04,4099,8.318498320504338,0,0,0,0,1,0,0,0,0,1
217,2778580,ELDEN RING Shadow of the Erdtree,mar,1,0,0,1,2024-12,1000,6.907755278982137,1,0,0,0,0,1,0,0,0,0
217,2778580,ELDEN RING Shadow of the Erdtree,mar,1,0,0,2,2025-01,1000,6.907755278982137,0,1,0,0,0,0,1,0,0,0
217,2778580,ELDEN RING Shadow of the Erdtree,mar,1,0,0,3,2025-02,1000,6.907755278982137,0,0,1,0,0,0,0,1,0,0
217,2778580,ELDEN RING Shadow of the Erdtree,mar,1,1,1,4,2025-03,1000,6.907755278982137,0,0,0,1,0,0,0,0,1,0
217,2778580,ELDEN RING Shadow of the Erdtree,mar,1,1,1,5,2025-04,1000,6.907755278982137,0,0,0,0,1,0,0,0,0,1
218,632360,Risk of Rain 2,mar,1,0,0,1,2024-12,4263,8.35772841676521,1,0,0,0,0,1,0,0,0,0
218,632360,Risk of Rain 2,mar,1,0,0,2,2025-01,4263,8.35772841676521,0,1,0,0,0,0,1,0,0,0
218,632360,Risk of Rain 2,mar,1,0,0,3,2025-02,4263,8.35772841676521,0,0,1,0,0,0,0,1,0,0
218,632360,Risk of Rain 2,mar,1,1,1,4,2025-03,4263,8.35772841676521,0,0,0,1,0,0,0,0,1,0
218,632360,Risk of Rain 2,mar,1,1,1,5,2025-04,4263,8.35772841676521,0,0,0,0,1,0,0,0,0,1
219,444200,World of Tanks Blitz,mar,1,0,0,1,2024-12,6864,8.834045641167798,1,0,0,0,0,1,0,0,0,0
219,444200,World of Tanks Blitz,mar,1,0,0,2,2025-01,6864,8.834045641167798,0,1,0,0,0,0,1,0,0,0
219,444200,World of Tanks Blitz,mar,1,0,0,3,2025-02,6864,8.834045641167798,0,0,1,0,0,0,0,1,0,0
219,444200,World of Tanks Blitz,mar,1,1,1,4,2025-03,6864,8.834045641167798,0,0,0,1,0,0,0,0,1,0
219,444200,World of Tanks Blitz,mar,1,1,1,5,2025-04,6864,8.834045641167798,0,0,0,0,1,0,0,0,0,1
220,2778580,ELDEN RING Shadow of the Erdtree,mar,1,0,0,1,2024-12,1000,6.907755278982137,1,0,0,0,0,1,0,0,0,0
220,2778580,ELDEN RING Shadow of the Erdtree,mar,1,0,0,2,2025-01,1000,6.907755278982137,0,1,0,0,0,0,1,0,0,0
220,2778580,ELDEN RING Shadow of the Erdtree,mar,1,0,0,3,2025-02,1000,6.907755278982137,0,0,1,0,0,0,0,1,0,0
220,2778580,ELDEN RING Shadow of the Erdtree,mar,1,1,1,4,2025-03,1000,6.907755278982137,0,0,0,1,0,0,0,0,1,0
220,2778580,ELDEN RING Shadow of the Erdtree,mar,1,1,1,5,2025-04,1000,6.907755278982137,0,0,0,0,1,0,0,0,0,1
221,1335830,Len's Island,mar,1,0,0,1,2024-12,925,6.829793737512425,1,0,0,0,0,1,0,0,0,0
221,1335830,Len's Island,mar,1,0,0,2,2025-01,925,6.829793737512425,0,1,0,0,0,0,1,0,0,0
221,1335830,Len's Island,mar,1,0,0,3,2025-02,925,6.829793737512425,0,0,1,0,0,0,0,1,0,0
221,1335830,Len's Island,mar,1,1,1,4,2025-03,925,6.829793737512425,0,0,0,1,0,0,0,0,1,0
221,1335830,Len's Island,mar,1,1,1,5,2025-04,925,6.829793737512425,0,0,0,0,1,0,0,0,0,1
222,1857950,VEIN,mar,1,0,0,1,2024-12,689,6.535241271013659,1,0,0,0,0,1,0,0,0,0
222,1857950,VEIN,mar,1,0,0,2,2025-01,689,6.535241271013659,0,1,0,0,0,0,1,0,0,0
222,1857950,VEIN,mar,1,0,0,3,2025-02,689,6.535241271013659,0,0,1,0,0,0,0,1,0,0
222,1857950,VEIN,mar,1,1,1,4,2025-03,689,6.535241271013659,0,0,0,1,0,0,0,0,1,0
222,1857950,VEIN,mar,1,1,1,5,2025-04,689,6.535241271013659,0,0,0,0,1,0,0,0,0,1
223,2933130,The Lord of the Rings: Return to Moria™,mar,1,0,0,1,2024-12,546,6.302618975744905,1,0,0,0,0,1,0,0,0,0
223,2933130,The Lord of the Rings: Return to Moria™,mar,1,0,0,2,2025-01,546,6.302618975744905,0,1,0,0,0,0,1,0,0,0
223,2933130,The Lord of the Rings: Return to Moria™,mar,1,0,0,3,2025-02,546,6.302618975744905,0,0,1,0,0,0,0,1,0,0
223,2933130,The Lord of the Rings: Return to Moria™,mar,1,1,1,4,2025-03,546,6.302618975744905,0,0,0,1,0,0,0,0,1,0
223,2933130,The Lord of the Rings: Return to Moria™,mar,1,1,1,5,2025-04,546,6.302618975744905,0,0,0,0,1,0,0,0,0,1
224,1295660,Sid Meier's Civilization VII,mar,1,0,0,1,2024-12,4974,8.51197962436335,1,0,0,0,0,1,0,0,0,0
224,1295660,Sid Meier's Civilization VII,mar,1,0,0,2,2025-01,4974,8.51197962436335,0,1,0,0,0,0,1,0,0,0
224,1295660,Sid Meier's Civilization VII,mar,1,0,0,3,2025-02,4974,8.51197962436335,0,0,1,0,0,0,0,1,0,0
224,1295660,Sid Meier's Civilization VII,mar,1,1,1,4,2025-03,4974,8.51197962436335,0,0,0,1,0,0,0,0,1,0
224,1295660,Sid Meier's Civilization VII,mar,1,1,1,5,2025-04,4974,8.51197962436335,0,0,0,0,1,0,0,0,0,1
225,255710,Cities: Skylines,mar,1,0,0,1,2024-12,9524,9.161570207606754,1,0,0,0,0,1,0,0,0,0
225,255710,Cities: Skylines,mar,1,0,0,2,2025-01,9524,9.161570207606754,0,1,0,0,0,0,1,0,0,0
225,255710,Cities: Skylines,mar,1,0,0,3,2025-02,9524,9.161570207606754,0,0,1,0,0,0,0,1,0,0
225,255710,Cities: Skylines,mar,1,1,1,4,2025-03,9524,9.161570207606754,0,0,0,1,0,0,0,0,1,0
225,255710,Cities: Skylines,mar,1,1,1,5,2025-04,9524,9.161570207606754,0,0,0,0,1,0,0,0,0,1
226,1066890,Automobilista 2,mar,1,0,0,1,2024-12,529,6.270988431858299,1,0,0,0,0,1,0,0,0,0
226,1066890,Automobilista 2,mar,1,0,0,2,2025-01,529,6.270988431858299,0,1,0,0,0,0,1,0,0,0
226,1066890,Automobilista 2,mar,1,0,0,3,2025-02,529,6.270988431858299,0,0,1,0,0,0,0,1,0,0
226,1066890,Automobilista 2,mar,1,1,1,4,2025-03,529,6.270988431858299,0,0,0,1,0,0,0,0,1,0
226,1066890,Automobilista 2,mar,1,1,1,5,2025-04,529,6.270988431858299,0,0,0,0,1,0,0,0,0,1
227,1716740,Starfield,mar,1,0,0,1,2024-12,2109,7.653969180478774,1,0,0,0,0,1,0,0,0,0
227,1716740,Starfield,mar,1,0,0,2,2025-01,2109,7.653969180478774,0,1,0,0,0,0,1,0,0,0
227,1716740,Starfield,mar,1,0,0,3,2025-02,2109,7.653969180478774,0,0,1,0,0,0,0,1,0,0
227,1716740,Starfield,mar,1,1,1,4,2025-03,2109,7.653969180478774,0,0,0,1,0,0,0,0,1,0
227,1716740,Starfield,mar,1,1,1,5,2025-04,2109,7.653969180478774,0,0,0,0,1,0,0,0,0,1
228,2943650,FragPunk,mar,1,0,0,1,2024-12,1146,7.044032897274685,1,0,0,0,0,1,0,0,0,0
228,2943650,FragPunk,mar,1,0,0,2,2025-01,1146,7.044032897274685,0,1,0,0,0,0,1,0,0,0
228,2943650,FragPunk,mar,1,0,0,3,2025-02,1146,7.044032897274685,0,0,1,0,0,0,0,1,0,0
228,2943650,FragPunk,mar,1,1,1,4,2025-03,1146,7.044032897274685,0,0,0,1,0,0,0,0,1,0
228,2943650,FragPunk,mar,1,1,1,5,2025-04,1146,7.044032897274685,0,0,0,0,1,0,0,0,0,1
229,588650,Dead Cells,mar,1,0,0,1,2024-12,3073,8.030409562130485,1,0,0,0,0,1,0,0,0,0
229,588650,Dead Cells,mar,1,0,0,2,2025-01,3073,8.030409562130485,0,1,0,0,0,0,1,0,0,0
229,588650,Dead Cells,mar,1,0,0,3,2025-02,3073,8.030409562130485,0,0,1,0,0,0,0,1,0,0
229,588650,Dead Cells,mar,1,1,1,4,2025-03,3073,8.030409562130485,0,0,0,1,0,0,0,0,1,0
229,588650,Dead Cells,mar,1,1,1,5,2025-04,3073,8.030409562130485,0,0,0,0,1,0,0,0,0,1
230,3314070,The Sims™ 2 Legacy Collection,mar,1,0,0,1,2024-12,606,6.406879986069314,1,0,0,0,0,1,0,0,0,0
230,3314070,The Sims™ 2 Legacy Collection,mar,1,0,0,2,2025-01,606,6.406879986069314,0,1,0,0,0,0,1,0,0,0
230,3314070,The Sims™ 2 Legacy Collection,mar,1,0,0,3,2025-02,606,6.406879986069314,0,0,1,0,0,0,0,1,0,0
230,3314070,The Sims™ 2 Legacy Collection,mar,1,1,1,4,2025-03,606,6.406879986069314,0,0,0,1,0,0,0,0,1,0
230,3314070,The Sims™ 2 Legacy Collection,mar,1,1,1,5,2025-04,606,6.406879986069314,0,0,0,0,1,0,0,0,0,1
231,2141730,Backrooms: Escape Together,mar,1,0,0,1,2024-12,387,5.958424693029782,1,0,0,0,0,1,0,0,0,0
231,2141730,Backrooms: Escape Together,mar,1,0,0,2,2025-01,387,5.958424693029782,0,1,0,0,0,0,1,0,0,0
231,2141730,Backrooms: Escape Together,mar,1,0,0,3,2025-02,387,5.958424693029782,0,0,1,0,0,0,0,1,0,0
231,2141730,Backrooms: Escape Together,mar,1,1,1,4,2025-03,387,5.958424693029782,0,0,0,1,0,0,0,0,1,0
231,2141730,Backrooms: Escape Together,mar,1,1,1,5,2025-04,387,5.958424693029782,0,0,0,0,1,0,0,0,0,1
232,686810,Hell Let Loose,mar,1,0,0,1,2024-12,2821,7.944846711001996,1,0,0,0,0,1,0,0,0,0
232,686810,Hell Let Loose,mar,1,0,0,2,2025-01,2821,7.944846711001996,0,1,0,0,0,0,1,0,0,0
232,686810,Hell Let Loose,mar,1,0,0,3,2025-02,2821,7.944846711001996,0,0,1,0,0,0,0,1,0,0
232,686810,Hell Let Loose,mar,1,1,1,4,2025-03,2821,7.944846711001996,0,0,0,1,0,0,0,0,1,0
232,686810,Hell Let Loose,mar,1,1,1,5,2025-04,2821,7.944846711001996,0,0,0,0,1,0,0,0,0,1
233,997010,Police Simulator: Patrol Officers,mar,1,0,0,1,2024-12,236,5.4638318050256105,1,0,0,0,0,1,0,0,0,0
233,997010,Police Simulator: Patrol Officers,mar,1,0,0,2,2025-01,236,5.4638318050256105,0,1,0,0,0,0,1,0,0,0
233,997010,Police Simulator: Patrol Officers,mar,1,0,0,3,2025-02,236,5.4638318050256105,0,0,1,0,0,0,0,1,0,0
233,997010,Police Simulator: Patrol Officers,mar,1,1,1,4,2025-03,236,5.4638318050256105,0,0,0,1,0,0,0,0,1,0
233,997010,Police Simulator: Patrol Officers,mar,1,1,1,5,2025-04,236,5.4638318050256105,0,0,0,0,1,0,0,0,0,1
234,1672810,MIO: Memories in Orbit,mar,1,0,0,1,2024-12,993,6.900730664045173,1,0,0,0,0,1,0,0,0,0
234,1672810,MIO: Memories in Orbit,mar,1,0,0,2,2025-01,993,6.900730664045173,0,1,0,0,0,0,1,0,0,0
234,1672810,MIO: Memories in Orbit,mar,1,0,0,3,2025-02,993,6.900730664045173,0,0,1,0,0,0,0,1,0,0
234,1672810,MIO: Memories in Orbit,mar,1,1,1,4,2025-03,993,6.900730664045173,0,0,0,1,0,0,0,0,1,0
234,1672810,MIO: Memories in Orbit,mar,1,1,1,5,2025-04,993,6.900730664045173,0,0,0,0,1,0,0,0,0,1
235,2225070,Trackmania,mar,1,0,0,1,2024-12,1625,7.393263094763838,1,0,0,0,0,1,0,0,0,0
235,2225070,Trackmania,mar,1,0,0,2,2025-01,1625,7.393263094763838,0,1,0,0,0,0,1,0,0,0
235,2225070,Trackmania,mar,1,0,0,3,2025-02,1625,7.393263094763838,0,0,1,0,0,0,0,1,0,0
235,2225070,Trackmania,mar,1,1,1,4,2025-03,1625,7.393263094763838,0,0,0,1,0,0,0,0,1,0
235,2225070,Trackmania,mar,1,1,1,5,2025-04,1625,7.393263094763838,0,0,0,0,1,0,0,0,0,1
236,1796470,Haste,mar,1,0,0,1,2024-12,233,5.4510384535657,1,0,0,0,0,1,0,0,0,0
236,1796470,Haste,mar,1,0,0,2,2025-01,233,5.4510384535657,0,1,0,0,0,0,1,0,0,0
236,1796470,Haste,mar,1,0,0,3,2025-02,233,5.4510384535657,0,0,1,0,0,0,0,1,0,0
236,1796470,Haste,mar,1,1,1,4,2025-03,233,5.4510384535657,0,0,0,1,0,0,0,0,1,0
236,1796470,Haste,mar,1,1,1,5,2025-04,233,5.4510384535657,0,0,0,0,1,0,0,0,0,1
237,1594320,Captain of Industry,mar,1,0,0,1,2024-12,2111,7.65491704784832,1,0,0,0,0,1,0,0,0,0
237,1594320,Captain of Industry,mar,1,0,0,2,2025-01,2111,7.65491704784832,0,1,0,0,0,0,1,0,0,0
237,1594320,Captain of Industry,mar,1,0,0,3,2025-02,2111,7.65491704784832,0,0,1,0,0,0,0,1,0,0
237,1594320,Captain of Industry,mar,1,1,1,4,2025-03,2111,7.65491704784832,0,0,0,1,0,0,0,0,1,0
237,1594320,Captain of Industry,mar,1,1,1,5,2025-04,2111,7.65491704784832,0,0,0,0,1,0,0,0,0,1
238,219990,Grim Dawn,mar,1,0,0,1,2024-12,2966,7.994969522697877,1,0,0,0,0,1,0,0,0,0
238,219990,Grim Dawn,mar,1,0,0,2,2025-01,2966,7.994969522697877,0,1,0,0,0,0,1,0,0,0
238,219990,Grim Dawn,mar,1,0,0,3,2025-02,2966,7.994969522697877,0,0,1,0,0,0,0,1,0,0
238,219990,Grim Dawn,mar,1,1,1,4,2025-03,2966,7.994969522697877,0,0,0,1,0,0,0,0,1,0
238,219990,Grim Dawn,mar,1,1,1,5,2025-04,2966,7.994969522697877,0,0,0,0,1,0,0,0,0,1
239,2141730,Backrooms: Escape Together,mar,1,0,0,1,2024-12,387,5.958424693029782,1,0,0,0,0,1,0,0,0,0
239,2141730,Backrooms: Escape Together,mar,1,0,0,2,2025-01,387,5.958424693029782,0,1,0,0,0,0,1,0,0,0
239,2141730,Backrooms: Escape Together,mar,1,0,0,3,2025-02,387,5.958424693029782,0,0,1,0,0,0,0,1,0,0
239,2141730,Backrooms: Escape Together,mar,1,1,1,4,2025-03,387,5.958424693029782,0,0,0,1,0,0,0,0,1,0
239,2141730,Backrooms: Escape Together,mar,1,1,1,5,2025-04,387,5.958424693029782,0,0,0,0,1,0,0,0,0,1
240,993090,Lossless Scaling,mar,1,0,0,1,2024-12,6947,8.846065190692881,1,0,0,0,0,1,0,0,0,0
240,993090,Lossless Scaling,mar,1,0,0,2,2025-01,6947,8.846065190692881,0,1,0,0,0,0,1,0,0,0
240,993090,Lossless Scaling,mar,1,0,0,3,2025-02,6947,8.846065190692881,0,0,1,0,0,0,0,1,0,0
240,993090,Lossless Scaling,mar,1,1,1,4,2025-03,6947,8.846065190692881,0,0,0,1,0,0,0,0,1,0
240,993090,Lossless Scaling,mar,1,1,1,5,2025-04,6947,8.846065190692881,0,0,0,0,1,0,0,0,0,1
241,2071280,Ravenswatch,mar,1,0,0,1,2024-12,1440,7.272398392570047,1,0,0,0,0,1,0,0,0,0
241,2071280,Ravenswatch,mar,1,0,0,2,2025-01,1440,7.272398392570047,0,1,0,0,0,0,1,0,0,0
241,2071280,Ravenswatch,mar,1,0,0,3,2025-02,1440,7.272398392570047,0,0,1,0,0,0,0,1,0,0
241,2071280,Ravenswatch,mar,1,1,1,4,2025-03,1440,7.272398392570047,0,0,0,1,0,0,0,0,1,0
241,2071280,Ravenswatch,mar,1,1,1,5,2025-04,1440,7.272398392570047,0,0,0,0,1,0,0,0,0,1
242,1621690,Core Keeper,mar,1,0,0,1,2024-12,4451,8.400884069015854,1,0,0,0,0,1,0,0,0,0
242,1621690,Core Keeper,mar,1,0,0,2,2025-01,4451,8.400884069015854,0,1,0,0,0,0,1,0,0,0
242,1621690,Core Keeper,mar,1,0,0,3,2025-02,4451,8.400884069015854,0,0,1,0,0,0,0,1,0,0
242,1621690,Core Keeper,mar,1,1,1,4,2025-03,4451,8.400884069015854,0,0,0,1,0,0,0,0,1,0
242,1621690,Core Keeper,mar,1,1,1,5,2025-04,4451,8.400884069015854,0,0,0,0,1,0,0,0,0,1
243,686810,Hell Let Loose,mar,1,0,0,1,2024-12,2821,7.944846711001996,1,0,0,0,0,1,0,0,0,0
243,686810,Hell Let Loose,mar,1,0,0,2,2025-01,2821,7.944846711001996,0,1,0,0,0,0,1,0,0,0
243,686810,Hell Let Loose,mar,1,0,0,3,2025-02,2821,7.944846711001996,0,0,1,0,0,0,0,1,0,0
243,686810,Hell Let Loose,mar,1,1,1,4,2025-03,2821,7.944846711001996,0,0,0,1,0,0,0,0,1,0
243,686810,Hell Let Loose,mar,1,1,1,5,2025-04,2821,7.944846711001996,0,0,0,0,1,0,0,0,0,1
244,1672810,MIO: Memories in Orbit,mar,1,0,0,1,2024-12,993,6.900730664045173,1,0,0,0,0,1,0,0,0,0
244,1672810,MIO: Memories in Orbit,mar,1,0,0,2,2025-01,993,6.900730664045173,0,1,0,0,0,0,1,0,0,0
244,1672810,MIO: Memories in Orbit,mar,1,0,0,3,2025-02,993,6.900730664045173,0,0,1,0,0,0,0,1,0,0
244,1672810,MIO: Memories in Orbit,mar,1,1,1,4,2025-03,993,6.900730664045173,0,0,0,1,0,0,0,0,1,0
244,1672810,MIO: Memories in Orbit,mar,1,1,1,5,2025-04,993,6.900730664045173,0,0,0,0,1,0,0,0,0,1
245,1796470,Haste,mar,1,0,0,1,2024-12,233,5.4510384535657,1,0,0,0,0,1,0,0,0,0
245,1796470,Haste,mar,1,0,0,2,2025-01,233,5.4510384535657,0,1,0,0,0,0,1,0,0,0
245,1796470,Haste,mar,1,0,0,3,2025-02,233,5.4510384535657,0,0,1,0,0,0,0,1,0,0
245,1796470,Haste,mar,1,1,1,4,2025-03,233,5.4510384535657,0,0,0,1,0,0,0,0,1,0
245,1796470,Haste,mar,1,1,1,5,2025-04,233,5.4510384535657,0,0,0,0,1,0,0,0,0,1
246,2225070,Trackmania,mar,1,0,0,1,2024-12,1625,7.393263094763838,1,0,0,0,0,1,0,0,0,0
246,2225070,Trackmania,mar,1,0,0,2,2025-01,1625,7.393263094763838,0,1,0,0,0,0,1,0,0,0
246,2225070,Trackmania,mar,1,0,0,3,2025-02,1625,7.393263094763838,0,0,1,0,0,0,0,1,0,0
246,2225070,Trackmania,mar,1,1,1,4,2025-03,1625,7.393263094763838,0,0,0,1,0,0,0,0,1,0
246,2225070,Trackmania,mar,1,1,1,5,2025-04,1625,7.393263094763838,0,0,0,0,1,0,0,0,0,1
247,997010,Police Simulator: Patrol Officers,mar,1,0,0,1,2024-12,236,5.4638318050256105,1,0,0,0,0,1,0,0,0,0
247,997010,Police Simulator: Patrol Officers,mar,1,0,0,2,2025-01,236,5.4638318050256105,0,1,0,0,0,0,1,0,0,0
247,997010,Police Simulator: Patrol Officers,mar,1,0,0,3,2025-02,236,5.4638318050256105,0,0,1,0,0,0,0,1,0,0
247,997010,Police Simulator: Patrol Officers,mar,1,1,1,4,2025-03,236,5.4638318050256105,0,0,0,1,0,0,0,0,1,0
247,997010,Police Simulator: Patrol Officers,mar,1,1,1,5,2025-04,236,5.4638318050256105,0,0,0,0,1,0,0,0,0,1
248,236850,Europa Universalis IV,mar,1,0,0,1,2024-12,8054,8.9939241414114,1,0,0,0,0,1,0,0,0,0
248,236850,Europa Universalis IV,mar,1,0,0,2,2025-01,8054,8.9939241414114,0,1,0,0,0,0,1,0,0,0
248,236850,Europa Universalis IV,mar,1,0,0,3,2025-02,8054,8.9939241414114,0,0,1,0,0,0,0,1,0,0
248,236850,Europa Universalis IV,mar,1,1,1,4,2025-03,8054,8.9939241414114,0,0,0,1,0,0,0,0,1,0
248,236850,Europa Universalis IV,mar,1,1,1,5,2025-04,8054,8.9939241414114,0,0,0,0,1,0,0,0,0,1
249,1594320,Captain of Industry,mar,1,0,0,1,2024-12,2111,7.65491704784832,1,0,0,0,0,1,0,0,0,0
249,1594320,Captain of Industry,mar,1,0,0,2,2025-01,2111,7.65491704784832,0,1,0,0,0,0,1,0,0,0
249,1594320,Captain of Industry,mar,1,0,0,3,2025-02,2111,7.65491704784832,0,0,1,0,0,0,0,1,0,0
249,1594320,Captain of Industry,mar,1,1,1,4,2025-03,2111,7.65491704784832,0,0,0,1,0,0,0,0,1,0
249,1594320,Captain of Industry,mar,1,1,1,5,2025-04,2111,7.65491704784832,0,0,0,0,1,0,0,0,0,1
250,1442430,Storage Hunter Simulator,mar,1,0,0,1,2024-12,347,5.849324779946859,1,0,0,0,0,1,0,0,0,0
250,1442430,Storage Hunter Simulator,mar,1,0,0,2,2025-01,347,5.849324779946859,0,1,0,0,0,0,1,0,0,0
250,1442430,Storage Hunter Simulator,mar,1,0,0,3,2025-02,347,5.849324779946859,0,0,1,0,0,0,0,1,0,0
250,1442430,Storage Hunter Simulator,mar,1,1,1,4,2025-03,347,5.849324779946859,0,0,0,1,0,0,0,0,1,0
250,1442430,Storage Hunter Simulator,mar,1,1,1,5,2025-04,347,5.849324779946859,0,0,0,0,1,0,0,0,0,1
251,1796470,Haste,mar,1,0,0,1,2024-12,233,5.4510384535657,1,0,0,0,0,1,0,0,0,0
251,1796470,Haste,mar,1,0,0,2,2025-01,233,5.4510384535657,0,1,0,0,0,0,1,0,0,0
251,1796470,Haste,mar,1,0,0,3,2025-02,233,5.4510384535657,0,0,1,0,0,0,0,1,0,0
251,1796470,Haste,mar,1,1,1,4,2025-03,233,5.4510384535657,0,0,0,1,0,0,0,0,1,0
251,1796470,Haste,mar,1,1,1,5,2025-04,233,5.4510384535657,0,0,0,0,1,0,0,0,0,1
252,2225070,Trackmania,mar,1,0,0,1,2024-12,1625,7.393263094763838,1,0,0,0,0,1,0,0,0,0
252,2225070,Trackmania,mar,1,0,0,2,2025-01,1625,7.393263094763838,0,1,0,0,0,0,1,0,0,0
252,2225070,Trackmania,mar,1,0,0,3,2025-02,1625,7.393263094763838,0,0,1,0,0,0,0,1,0,0
252,2225070,Trackmania,mar,1,1,1,4,2025-03,1625,7.393263094763838,0,0,0,1,0,0,0,0,1,0
252,2225070,Trackmania,mar,1,1,1,5,2025-04,1625,7.393263094763838,0,0,0,0,1,0,0,0,0,1
253,570940,DARK SOULS™: REMASTERED,mar,1,0,0,1,2024-12,2056,7.628517626575055,1,0,0,0,0,1,0,0,0,0
253,570940,DARK SOULS™: REMASTERED,mar,1,0,0,2,2025-01,2056,7.628517626575055,0,1,0,0,0,0,1,0,0,0
253,570940,DARK SOULS™: REMASTERED,mar,1,0,0,3,2025-02,2056,7.628517626575055,0,0,1,0,0,0,0,1,0,0
253,570940,DARK SOULS™: REMASTERED,mar,1,1,1,4,2025-03,2056,7.628517626575055,0,0,0,1,0,0,0,0,1,0
253,570940,DARK SOULS™: REMASTERED,mar,1,1,1,5,2025-04,2056,7.628517626575055,0,0,0,0,1,0,0,0,0,1
254,219990,Grim Dawn,mar,1,0,0,1,2024-12,2966,7.994969522697877,1,0,0,0,0,1,0,0,0,0
254,219990,Grim Dawn,mar,1,0,0,2,2025-01,2966,7.994969522697877,0,1,0,0,0,0,1,0,0,0
254,219990,Grim Dawn,mar,1,0,0,3,2025-02,2966,7.994969522697877,0,0,1,0,0,0,0,1,0,0
254,219990,Grim Dawn,mar,1,1,1,4,2025-03,2966,7.994969522697877,0,0,0,1,0,0,0,0,1,0
254,219990,Grim Dawn,mar,1,1,1,5,2025-04,2966,7.994969522697877,0,0,0,0,1,0,0,0,0,1
255,1794680,Vampire Survivors,mar,1,0,0,1,2024-12,2658,7.885329239273191,1,0,0,0,0,1,0,0,0,0
255,1794680,Vampire Survivors,mar,1,0,0,2,2025-01,2658,7.885329239273191,0,1,0,0,0,0,1,0,0,0
255,1794680,Vampire Survivors,mar,1,0,0,3,2025-02,2658,7.885329239273191,0,0,1,0,0,0,0,1,0,0
255,1794680,Vampire Survivors,mar,1,1,1,4,2025-03,2658,7.885329239273191,0,0,0,1,0,0,0,0,1,0
255,1794680,Vampire Survivors,mar,1,1,1,5,2025-04,2658,7.885329239273191,0,0,0,0,1,0,0,0,0,1
256,3407390,ENDLESS™ Legend 2,mar,1,0,0,1,2024-12,229,5.43372200355424,1,0,0,0,0,1,0,0,0,0
256,3407390,ENDLESS™ Legend 2,mar,1,0,0,2,2025-01,229,5.43372200355424,0,1,0,0,0,0,1,0,0,0
256,3407390,ENDLESS™ Legend 2,mar,1,0,0,3,2025-02,229,5.43372200355424,0,0,1,0,0,0,0,1,0,0
256,3407390,ENDLESS™ Legend 2,mar,1,1,1,4,2025-03,229,5.43372200355424,0,0,0,1,0,0,0,0,1,0
256,3407390,ENDLESS™ Legend 2,mar,1,1,1,5,2025-04,229,5.43372200355424,0,0,0,0,1,0,0,0,0,1
257,1272080,PAYDAY 3,mar,1,0,0,1,2024-12,393,5.973809611869261,1,0,0,0,0,1,0,0,0,0
257,1272080,PAYDAY 3,mar,1,0,0,2,2025-01,393,5.973809611869261,0,1,0,0,0,0,1,0,0,0
257,1272080,PAYDAY 3,mar,1,0,0,3,2025-02,393,5.973809611869261,0,0,1,0,0,0,0,1,0,0
257,1272080,PAYDAY 3,mar,1,1,1,4,2025-03,393,5.973809611869261,0,0,0,1,0,0,0,0,1,0
257,1272080,PAYDAY 3,mar,1,1,1,5,2025-04,393,5.973809611869261,0,0,0,0,1,0,0,0,0,1
258,323190,Frostpunk,mar,1,0,0,1,2024-12,3628,8.196436811235028,1,0,0,0,0,1,0,0,0,0
258,323190,Frostpunk,mar,1,0,0,2,2025-01,3628,8.196436811235028,0,1,0,0,0,0,1,0,0,0
258,323190,Frostpunk,mar,1,0,0,3,2025-02,3628,8.196436811235028,0,0,1,0,0,0,0,1,0,0
258,323190,Frostpunk,mar,1,1,1,4,2025-03,3628,8.196436811235028,0,0,0,1,0,0,0,0,1,0
258,323190,Frostpunk,mar,1,1,1,5,2025-04,3628,8.196436811235028,0,0,0,0,1,0,0,0,0,1
259,1272080,PAYDAY 3,mar,1,0,0,1,2024-12,393,5.973809611869261,1,0,0,0,0,1,0,0,0,0
259,1272080,PAYDAY 3,mar,1,0,0,2,2025-01,393,5.973809611869261,0,1,0,0,0,0,1,0,0,0
259,1272080,PAYDAY 3,mar,1,0,0,3,2025-02,393,5.973809611869261,0,0,1,0,0,0,0,1,0,0
259,1272080,PAYDAY 3,mar,1,1,1,4,2025-03,393,5.973809611869261,0,0,0,1,0,0,0,0,1,0
259,1272080,PAYDAY 3,mar,1,1,1,5,2025-04,393,5.973809611869261,0,0,0,0,1,0,0,0,0,1
260,534380,Dying Light 2 Stay Human: Reloaded Edition,mar,1,0,0,1,2024-12,2909,7.975564658495202,1,0,0,0,0,1,0,0,0,0
260,534380,Dying Light 2 Stay Human: Reloaded Edition,mar,1,0,0,2,2025-01,2909,7.975564658495202,0,1,0,0,0,0,1,0,0,0
260,534380,Dying Light 2 Stay Human: Reloaded Edition,mar,1,0,0,3,2025-02,2909,7.975564658495202,0,0,1,0,0,0,0,1,0,0
260,534380,Dying Light 2 Stay Human: Reloaded Edition,mar,1,1,1,4,2025-03,2909,7.975564658495202,0,0,0,1,0,0,0,0,1,0
260,534380,Dying Light 2 Stay Human: Reloaded Edition,mar,1,1,1,5,2025-04,2909,7.975564658495202,0,0,0,0,1,0,0,0,0,1
261,961200,Predecessor,mar,1,0,0,1,2024-12,614,6.419994928147142,1,0,0,0,0,1,0,0,0,0
261,961200,Predecessor,mar,1,0,0,2,2025-01,614,6.419994928147142,0,1,0,0,0,0,1,0,0,0
261,961200,Predecessor,mar,1,0,0,3,2025-02,614,6.419994928147142,0,0,1,0,0,0,0,1,0,0
261,961200,Predecessor,mar,1,1,1,4,2025-03,614,6.419994928147142,0,0,0,1,0,0,0,0,1,0
261,961200,Predecessor,mar,1,1,1,5,2025-04,614,6.419994928147142,0,0,0,0,1,0,0,0,0,1
262,1153410,JDM: Japanese Drift Master,mar,1,0,0,1,2024-12,138,4.927253685157205,1,0,0,0,0,1,0,0,0,0
262,1153410,JDM: Japanese Drift Master,mar,1,0,0,2,2025-01,138,4.927253685157205,0,1,0,0,0,0,1,0,0,0
262,1153410,JDM: Japanese Drift Master,mar,1,0,0,3,2025-02,138,4.927253685157205,0,0,1,0,0,0,0,1,0,0
262,1153410,JDM: Japanese Drift Master,mar,1,1,1,4,2025-03,138,4.927253685157205,0,0,0,1,0,0,0,0,1,0
262,1153410,JDM: Japanese Drift Master,mar,1,1,1,5,2025-04,138,4.927253685157205,0,0,0,0,1,0,0,0,0,1
263,2124120,SULFUR,mar,1,0,0,1,2024-12,504,6.222576268071369,1,0,0,0,0,1,0,0,0,0
263,2124120,SULFUR,mar,1,0,0,2,2025-01,504,6.222576268071369,0,1,0,0,0,0,1,0,0,0
263,2124120,SULFUR,mar,1,0,0,3,2025-02,504,6.222576268071369,0,0,1,0,0,0,0,1,0,0
263,2124120,SULFUR,mar,1,1,1,4,2025-03,504,6.222576268071369,0,0,0,1,0,0,0,0,1,0
263,2124120,SULFUR,mar,1,1,1,5,2025-04,504,6.222576268071369,0,0,0,0,1,0,0,0,0,1
264,356190,Middle-earth™: Shadow of War™,mar,1,0,0,1,2024-12,2068,7.63433723562832,1,0,0,0,0,1,0,0,0,0
264,356190,Middle-earth™: Shadow of War™,mar,1,0,0,2,2025-01,2068,7.63433723562832,0,1,0,0,0,0,1,0,0,0
264,356190,Middle-earth™: Shadow of War™,mar,1,0,0,3,2025-02,2068,7.63433723562832,0,0,1,0,0,0,0,1,0,0
264,356190,Middle-earth™: Shadow of War™,mar,1,1,1,4,2025-03,2068,7.63433723562832,0,0,0,1,0,0,0,0,1,0
264,356190,Middle-earth™: Shadow of War™,mar,1,1,1,5,2025-04,2068,7.63433723562832,0,0,0,0,1,0,0,0,0,1
265,768200,Smalland: Survive the Wilds,mar,1,0,0,1,2024-12,248,5.5134287461649825,1,0,0,0,0,1,0,0,0,0
265,768200,Smalland: Survive the Wilds,mar,1,0,0,2,2025-01,248,5.5134287461649825,0,1,0,0,0,0,1,0,0,0
265,768200,Smalland: Survive the Wilds,mar,1,0,0,3,2025-02,248,5.5134287461649825,0,0,1,0,0,0,0,1,0,0
265,768200,Smalland: Survive the Wilds,mar,1,1,1,4,2025-03,248,5.5134287461649825,0,0,0,1,0,0,0,0,1,0
265,768200,Smalland: Survive the Wilds,mar,1,1,1,5,2025-04,248,5.5134287461649825,0,0,0,0,1,0,0,0,0,1
266,1169040,Necesse,mar,1,0,0,1,2024-12,1425,7.261927092702751,1,0,0,0,0,1,0,0,0,0
266,1169040,Necesse,mar,1,0,0,2,2025-01,1425,7.261927092702751,0,1,0,0,0,0,1,0,0,0
266,1169040,Necesse,mar,1,0,0,3,2025-02,1425,7.261927092702751,0,0,1,0,0,0,0,1,0,0
266,1169040,Necesse,mar,1,1,1,4,2025-03,1425,7.261927092702751,0,0,0,1,0,0,0,0,1,0
266,1169040,Necesse,mar,1,1,1,5,2025-04,1425,7.261927092702751,0,0,0,0,1,0,0,0,0,1
267,1336490,Against the Storm,mar,1,0,0,1,2024-12,1700,7.438383530044307,1,0,0,0,0,1,0,0,0,0
267,1336490,Against the Storm,mar,1,0,0,2,2025-01,1700,7.438383530044307,0,1,0,0,0,0,1,0,0,0
267,1336490,Against the Storm,mar,1,0,0,3,2025-02,1700,7.438383530044307,0,0,1,0,0,0,0,1,0,0
267,1336490,Against the Storm,mar,1,1,1,4,2025-03,1700,7.438383530044307,0,0,0,1,0,0,0,0,1,0
267,1336490,Against the Storm,mar,1,1,1,5,2025-04,1700,7.438383530044307,0,0,0,0,1,0,0,0,0,1
268,1702010,Sengoku Dynasty,mar,1,0,0,1,2024-12,384,5.950642552587727,1,0,0,0,0,1,0,0,0,0
268,1702010,Sengoku Dynasty,mar,1,0,0,2,2025-01,384,5.950642552587727,0,1,0,0,0,0,1,0,0,0
268,1702010,Sengoku Dynasty,mar,1,0,0,3,2025-02,384,5.950642552587727,0,0,1,0,0,0,0,1,0,0
268,1702010,Sengoku Dynasty,mar,1,1,1,4,2025-03,384,5.950642552587727,0,0,0,1,0,0,0,0,1,0
268,1702010,Sengoku Dynasty,mar,1,1,1,5,2025-04,384,5.950642552587727,0,0,0,0,1,0,0,0,0,1
269,3105890,PIONER,mar,1,0,0,1,2024-12,1071,6.976348070447749,1,0,0,0,0,1,0,0,0,0
269,3105890,PIONER,mar,1,0,0,2,2025-01,1071,6.976348070447749,0,1,0,0,0,0,1,0,0,0
269,3105890,PIONER,mar,1,0,0,3,2025-02,1071,6.976348070447749,0,0,1,0,0,0,0,1,0,0
269,3105890,PIONER,mar,1,1,1,4,2025-03,1071,6.976348070447749,0,0,0,1,0,0,0,0,1,0
269,3105890,PIONER,mar,1,1,1,5,2025-04,1071,6.976348070447749,0,0,0,0,1,0,0,0,0,1
270,412020,Metro Exodus,mar,1,0,0,1,2024-12,1375,7.226209010100671,1,0,0,0,0,1,0,0,0,0
270,412020,Metro Exodus,mar,1,0,0,2,2025-01,1375,7.226209010100671,0,1,0,0,0,0,1,0,0,0
270,412020,Metro Exodus,mar,1,0,0,3,2025-02,1375,7.226209010100671,0,0,1,0,0,0,0,1,0,0
270,412020,Metro Exodus,mar,1,1,1,4,2025-03,1375,7.226209010100671,0,0,0,1,0,0,0,0,1,0
270,412020,Metro Exodus,mar,1,1,1,5,2025-04,1375,7.226209010100671,0,0,0,0,1,0,0,0,0,1
271,1169040,Necesse,mar,1,0,0,1,2024-12,1425,7.261927092702751,1,0,0,0,0,1,0,0,0,0
271,1169040,Necesse,mar,1,0,0,2,2025-01,1425,7.261927092702751,0,1,0,0,0,0,1,0,0,0
271,1169040,Necesse,mar,1,0,0,3,2025-02,1425,7.261927092702751,0,0,1,0,0,0,0,1,0,0
271,1169040,Necesse,mar,1,1,1,4,2025-03,1425,7.261927092702751,0,0,0,1,0,0,0,0,1,0
271,1169040,Necesse,mar,1,1,1,5,2025-04,1425,7.261927092702751,0,0,0,0,1,0,0,0,0,1
272,412020,Metro Exodus,mar,1,0,0,1,2024-12,1375,7.226209010100671,1,0,0,0,0,1,0,0,0,0
272,412020,Metro Exodus,mar,1,0,0,2,2025-01,1375,7.226209010100671,0,1,0,0,0,0,1,0,0,0
272,412020,Metro Exodus,mar,1,0,0,3,2025-02,1375,7.226209010100671,0,0,1,0,0,0,0,1,0,0
272,412020,Metro Exodus,mar,1,1,1,4,2025-03,1375,7.226209010100671,0,0,0,1,0,0,0,0,1,0
272,412020,Metro Exodus,mar,1,1,1,5,2025-04,1375,7.226209010100671,0,0,0,0,1,0,0,0,0,1
273,933110,Age of Empires III: Definitive Edition,mar,1,0,0,1,2024-12,3688,8.212839584676484,1,0,0,0,0,1,0,0,0,0
273,933110,Age of Empires III: Definitive Edition,mar,1,0,0,2,2025-01,3688,8.212839584676484,0,1,0,0,0,0,1,0,0,0
273,933110,Age of Empires III: Definitive Edition,mar,1,0,0,3,2025-02,3688,8.212839584676484,0,0,1,0,0,0,0,1,0,0
273,933110,Age of Empires III: Definitive Edition,mar,1,1,1,4,2025-03,3688,8.212839584676484,0,0,0,1,0,0,0,0,1,0
273,933110,Age of Empires III: Definitive Edition,mar,1,1,1,5,2025-04,3688,8.212839584676484,0,0,0,0,1,0,0,0,0,1
274,1629520,A Little to the Left,mar,1,0,0,1,2024-12,418,6.035481432524756,1,0,0,0,0,1,0,0,0,0
274,1629520,A Little to the Left,mar,1,0,0,2,2025-01,418,6.035481432524756,0,1,0,0,0,0,1,0,0,0
274,1629520,A Little to the Left,mar,1,0,0,3,2025-02,418,6.035481432524756,0,0,1,0,0,0,0,1,0,0
274,1629520,A Little to the Left,mar,1,1,1,4,2025-03,418,6.035481432524756,0,0,0,1,0,0,0,0,1,0
274,1629520,A Little to the Left,mar,1,1,1,5,2025-04,418,6.035481432524756,0,0,0,0,1,0,0,0,0,1
275,459820,Crush Crush,mar,1,0,0,1,2024-12,2627,7.87359778968554,1,0,0,0,0,1,0,0,0,0
275,459820,Crush Crush,mar,1,0,0,2,2025-01,2627,7.87359778968554,0,1,0,0,0,0,1,0,0,0
275,459820,Crush Crush,mar,1,0,0,3,2025-02,2627,7.87359778968554,0,0,1,0,0,0,0,1,0,0
275,459820,Crush Crush,mar,1,1,1,4,2025-03,2627,7.87359778968554,0,0,0,1,0,0,0,0,1,0
275,459820,Crush Crush,mar,1,1,1,5,2025-04,2627,7.87359778968554,0,0,0,0,1,0,0,0,0,1
276,2142790,Fields of Mistria,mar,1,0,0,1,2024-12,798,6.682108597449809,1,0,0,0,0,1,0,0,0,0
276,2142790,Fields of Mistria,mar,1,0,0,2,2025-01,798,6.682108597449809,0,1,0,0,0,0,1,0,0,0
276,2142790,Fields of Mistria,mar,1,0,0,3,2025-02,798,6.682108597449809,0,0,1,0,0,0,0,1,0,0
276,2142790,Fields of Mistria,mar,1,1,1,4,2025-03,798,6.682108597449809,0,0,0,1,0,0,0,0,1,0
276,2142790,Fields of Mistria,mar,1,1,1,5,2025-04,798,6.682108597449809,0,0,0,0,1,0,0,0,0,1
277,1971870,Mortal Kombat 1,mar,1,0,0,1,2024-12,868,6.7661917146603505,1,0,0,0,0,1,0,0,0,0
277,1971870,Mortal Kombat 1,mar,1,0,0,2,2025-01,868,6.7661917146603505,0,1,0,0,0,0,1,0,0,0
277,1971870,Mortal Kombat 1,mar,1,0,0,3,2025-02,868,6.7661917146603505,0,0,1,0,0,0,0,1,0,0
277,1971870,Mortal Kombat 1,mar,1,1,1,4,2025-03,868,6.7661917146603505,0,0,0,1,0,0,0,0,1,0
277,1971870,Mortal Kombat 1,mar,1,1,1,5,2025-04,868,6.7661917146603505,0,0,0,0,1,0,0,0,0,1
278,312520,Rain World,mar,1,0,0,1,2024-12,918,6.822197390620491,1,0,0,0,0,1,0,0,0,0
278,312520,Rain World,mar,1,0,0,2,2025-01,918,6.822197390620491,0,1,0,0,0,0,1,0,0,0
278,312520,Rain World,mar,1,0,0,3,2025-02,918,6.822197390620491,0,0,1,0,0,0,0,1,0,0
278,312520,Rain World,mar,1,1,1,4,2025-03,918,6.822197390620491,0,0,0,1,0,0,0,0,1,0
278,312520,Rain World,mar,1,1,1,5,2025-04,918,6.822197390620491,0,0,0,0,1,0,0,0,0,1
279,2508780,STORY OF SEASONS: Grand Bazaar,mar,1,0,0,1,2024-12,791,6.673297967767654,1,0,0,0,0,1,0,0,0,0
279,2508780,STORY OF SEASONS: Grand Bazaar,mar,1,0,0,2,2025-01,791,6.673297967767654,0,1,0,0,0,0,1,0,0,0
279,2508780,STORY OF SEASONS: Grand Bazaar,mar,1,0,0,3,2025-02,791,6.673297967767654,0,0,1,0,0,0,0,1,0,0
279,2508780,STORY OF SEASONS: Grand Bazaar,mar,1,1,1,4,2025-03,791,6.673297967767654,0,0,0,1,0,0,0,0,1,0
279,2508780,STORY OF SEASONS: Grand Bazaar,mar,1,1,1,5,2025-04,791,6.673297967767654,0,0,0,0,1,0,0,0,0,1
280,2686630,Voyagers of Nera,mar,1,0,0,1,2024-12,75,4.31748811353631,1,0,0,0,0,1,0,0,0,0
280,2686630,Voyagers of Nera,mar,1,0,0,2,2025-01,75,4.31748811353631,0,1,0,0,0,0,1,0,0,0
280,2686630,Voyagers of Nera,mar,1,0,0,3,2025-02,75,4.31748811353631,0,0,1,0,0,0,0,1,0,0
280,2686630,Voyagers of Nera,mar,1,1,1,4,2025-03,75,4.31748811353631,0,0,0,1,0,0,0,0,1,0
280,2686630,Voyagers of Nera,mar,1,1,1,5,2025-04,75,4.31748811353631,0,0,0,0,1,0,0,0,0,1
281,2162800,shapez 2,mar,1,0,0,1,2024-12,547,6.304448802421981,1,0,0,0,0,1,0,0,0,0
281,2162800,shapez 2,mar,1,0,0,2,2025-01,547,6.304448802421981,0,1,0,0,0,0,1,0,0,0
281,2162800,shapez 2,mar,1,0,0,3,2025-02,547,6.304448802421981,0,0,1,0,0,0,0,1,0,0
281,2162800,shapez 2,mar,1,1,1,4,2025-03,547,6.304448802421981,0,0,0,1,0,0,0,0,1,0
281,2162800,shapez 2,mar,1,1,1,5,2025-04,547,6.304448802421981,0,0,0,0,1,0,0,0,0,1
282,1217060,Gunfire Reborn,mar,1,0,0,1,2024-12,1164,7.059617628291383,1,0,0,0,0,1,0,0,0,0
282,1217060,Gunfire Reborn,mar,1,0,0,2,2025-01,1164,7.059617628291383,0,1,0,0,0,0,1,0,0,0
282,1217060,Gunfire Reborn,mar,1,0,0,3,2025-02,1164,7.059617628291383,0,0,1,0,0,0,0,1,0,0
282,1217060,Gunfire Reborn,mar,1,1,1,4,2025-03,1164,7.059617628291383,0,0,0,1,0,0,0,0,1,0
282,1217060,Gunfire Reborn,mar,1,1,1,5,2025-04,1164,7.059617628291383,0,0,0,0,1,0,0,0,0,1
283,573090,Stormworks: Build and Rescue,mar,1,0,0,1,2024-12,1227,7.112327444710911,1,0,0,0,0,1,0,0,0,0
283,573090,Stormworks: Build and Rescue,mar,1,0,0,2,2025-01,1227,7.112327444710911,0,1,0,0,0,0,1,0,0,0
283,573090,Stormworks: Build and Rescue,mar,1,0,0,3,2025-02,1227,7.112327444710911,0,0,1,0,0,0,0,1,0,0
283,573090,Stormworks: Build and Rescue,mar,1,1,1,4,2025-03,1227,7.112327444710911,0,0,0,1,0,0,0,0,1,0
283,573090,Stormworks: Build and Rescue,mar,1,1,1,5,2025-04,1227,7.112327444710911,0,0,0,0,1,0,0,0,0,1
284,544550,Stationeers,mar,1,0,0,1,2024-12,428,6.059123195581797,1,0,0,0,0,1,0,0,0,0
284,544550,Stationeers,mar,1,0,0,2,2025-01,428,6.059123195581797,0,1,0,0,0,0,1,0,0,0
284,544550,Stationeers,mar,1,0,0,3,2025-02,428,6.059123195581797,0,0,1,0,0,0,0,1,0,0
284,544550,Stationeers,mar,1,1,1,4,2025-03,428,6.059123195581797,0,0,0,1,0,0,0,0,1,0
284,544550,Stationeers,mar,1,1,1,5,2025-04,428,6.059123195581797,0,0,0,0,1,0,0,0,0,1
285,3533100,Wrap House Simulator🌯,mar,1,0,0,1,2024-12,96,4.564348191467836,1,0,0,0,0,1,0,0,0,0
285,3533100,Wrap House Simulator🌯,mar,1,0,0,2,2025-01,96,4.564348191467836,0,1,0,0,0,0,1,0,0,0
285,3533100,Wrap House Simulator🌯,mar,1,0,0,3,2025-02,96,4.564348191467836,0,0,1,0,0,0,0,1,0,0
285,3533100,Wrap House Simulator🌯,mar,1,1,1,4,2025-03,96,4.564348191467836,0,0,0,1,0,0,0,0,1,0
285,3533100,Wrap House Simulator🌯,mar,1,1,1,5,2025-04,96,4.564348191467836,0,0,0,0,1,0,0,0,0,1
286,231430,Company of Heroes 2,mar,1,0,0,1,2024-12,2718,7.907651594711089,1,0,0,0,0,1,0,0,0,0
286,231430,Company of Heroes 2,mar,1,0,0,2,2025-01,2718,7.907651594711089,0,1,0,0,0,0,1,0,0,0
286,231430,Company of Heroes 2,mar,1,0,0,3,2025-02,2718,7.907651594711089,0,0,1,0,0,0,0,1,0,0
286,231430,Company of Heroes 2,mar,1,1,1,4,2025-03,2718,7.907651594711089,0,0,0,1,0,0,0,0,1,0
286,231430,Company of Heroes 2,mar,1,1,1,5,2025-04,2718,7.907651594711089,0,0,0,0,1,0,0,0,0,1
287,899770,Last Epoch,mar,1,0,0,1,2024-12,1012,6.919683849847411,1,0,0,0,0,1,0,0,0,0
287,899770,Last Epoch,mar,1,0,0,2,2025-01,1012,6.919683849847411,0,1,0,0,0,0,1,0,0,0
287,899770,Last Epoch,mar,1,0,0,3,2025-02,1012,6.919683849847411,0,0,1,0,0,0,0,1,0,0
287,899770,Last Epoch,mar,1,1,1,4,2025-03,1012,6.919683849847411,0,0,0,1,0,0,0,0,1,0
287,899770,Last Epoch,mar,1,1,1,5,2025-04,1012,6.919683849847411,0,0,0,0,1,0,0,0,0,1
288,228380,Wreckfest,mar,1,0,0,1,2024-12,248,5.5134287461649825,1,0,0,0,0,1,0,0,0,0
288,228380,Wreckfest,mar,1,0,0,2,2025-01,248,5.5134287461649825,0,1,0,0,0,0,1,0,0,0
288,228380,Wreckfest,mar,1,0,0,3,2025-02,248,5.5134287461649825,0,0,1,0,0,0,0,1,0,0
288,228380,Wreckfest,mar,1,1,1,4,2025-03,248,5.5134287461649825,0,0,0,1,0,0,0,0,1,0
288,228380,Wreckfest,mar,1,1,1,5,2025-04,248,5.5134287461649825,0,0,0,0,1,0,0,0,0,1
289,3533100,Wrap House Simulator🌯,mar,1,0,0,1,2024-12,96,4.564348191467836,1,0,0,0,0,1,0,0,0,0
289,3533100,Wrap House Simulator🌯,mar,1,0,0,2,2025-01,96,4.564348191467836,0,1,0,0,0,0,1,0,0,0
289,3533100,Wrap House Simulator🌯,mar,1,0,0,3,2025-02,96,4.564348191467836,0,0,1,0,0,0,0,1,0,0
289,3533100,Wrap House Simulator🌯,mar,1,1,1,4,2025-03,96,4.564348191467836,0,0,0,1,0,0,0,0,1,0
289,3533100,Wrap House Simulator🌯,mar,1,1,1,5,2025-04,96,4.564348191467836,0,0,0,0,1,0,0,0,0,1
290,2753900,The King is Watching,mar,1,0,0,1,2024-12,756,6.628041376179533,1,0,0,0,0,1,0,0,0,0
290,2753900,The King is Watching,mar,1,0,0,2,2025-01,756,6.628041376179533,0,1,0,0,0,0,1,0,0,0
290,2753900,The King is Watching,mar,1,0,0,3,2025-02,756,6.628041376179533,0,0,1,0,0,0,0,1,0,0
290,2753900,The King is Watching,mar,1,1,1,4,2025-03,756,6.628041376179533,0,0,0,1,0,0,0,0,1,0
290,2753900,The King is Watching,mar,1,1,1,5,2025-04,756,6.628041376179533,0,0,0,0,1,0,0,0,0,1
291,632470,Disco Elysium - The Final Cut,mar,1,0,0,1,2024-12,1503,7.315218389752975,1,0,0,0,0,1,0,0,0,0
291,632470,Disco Elysium - The Final Cut,mar,1,0,0,2,2025-01,1503,7.315218389752975,0,1,0,0,0,0,1,0,0,0
291,632470,Disco Elysium - The Final Cut,mar,1,0,0,3,2025-02,1503,7.315218389752975,0,0,1,0,0,0,0,1,0,0
291,632470,Disco Elysium - The Final Cut,mar,1,1,1,4,2025-03,1503,7.315218389752975,0,0,0,1,0,0,0,0,1,0
291,632470,Disco Elysium - The Final Cut,mar,1,1,1,5,2025-04,1503,7.315218389752975,0,0,0,0,1,0,0,0,0,1
292,1750770,Starcom: Unknown Space,mar,1,0,0,1,2024-12,238,5.472270673671475,1,0,0,0,0,1,0,0,0,0
292,1750770,Starcom: Unknown Space,mar,1,0,0,2,2025-01,238,5.472270673671475,0,1,0,0,0,0,1,0,0,0
292,1750770,Starcom: Unknown Space,mar,1,0,0,3,2025-02,238,5.472270673671475,0,0,1,0,0,0,0,1,0,0
292,1750770,Starcom: Unknown Space,mar,1,1,1,4,2025-03,238,5.472270673671475,0,0,0,1,0,0,0,0,1,0
292,1750770,Starcom: Unknown Space,mar,1,1,1,5,2025-04,238,5.472270673671475,0,0,0,0,1,0,0,0,0,1
293,494840,UBOAT,mar,1,0,0,1,2024-12,671,6.508769136971682,1,0,0,0,0,1,0,0,0,0
293,494840,UBOAT,mar,1,0,0,2,2025-01,671,6.508769136971682,0,1,0,0,0,0,1,0,0,0
293,494840,UBOAT,mar,1,0,0,3,2025-02,671,6.508769136971682,0,0,1,0,0,0,0,1,0,0
293,494840,UBOAT,mar,1,1,1,4,2025-03,671,6.508769136971682,0,0,0,1,0,0,0,0,1,0
293,494840,UBOAT,mar,1,1,1,5,2025-04,671,6.508769136971682,0,0,0,0,1,0,0,0,0,1
294,597180,Old World,mar,1,0,0,1,2024-12,491,6.19644412779452,1,0,0,0,0,1,0,0,0,0
294,597180,Old World,mar,1,0,0,2,2025-01,491,6.19644412779452,0,1,0,0,0,0,1,0,0,0
294,597180,Old World,mar,1,0,0,3,2025-02,491,6.19644412779452,0,0,1,0,0,0,0,1,0,0
294,597180,Old World,mar,1,1,1,4,2025-03,491,6.19644412779452,0,0,0,1,0,0,0,0,1,0
294,597180,Old World,mar,1,1,1,5,2025-04,491,6.19644412779452,0,0,0,0,1,0,0,0,0,1
295,611790,House Party,mar,1,0,0,1,2024-12,157,5.056245805348308,1,0,0,0,0,1,0,0,0,0
295,611790,House Party,mar,1,0,0,2,2025-01,157,5.056245805348308,0,1,0,0,0,0,1,0,0,0
295,611790,House Party,mar,1,0,0,3,2025-02,157,5.056245805348308,0,0,1,0,0,0,0,1,0,0
295,611790,House Party,mar,1,1,1,4,2025-03,157,5.056245805348308,0,0,0,1,0,0,0,0,1,0
295,611790,House Party,mar,1,1,1,5,2025-04,157,5.056245805348308,0,0,0,0,1,0,0,0,0,1
296,2290180,Riders Republic,mar,1,0,0,1,2024-12,584,6.369900982828227,1,0,0,0,0,1,0,0,0,0
296,2290180,Riders Republic,mar,1,0,0,2,2025-01,584,6.369900982828227,0,1,0,0,0,0,1,0,0,0
296,2290180,Riders Republic,mar,1,0,0,3,2025-02,584,6.369900982828227,0,0,1,0,0,0,0,1,0,0
296,2290180,Riders Republic,mar,1,1,1,4,2025-03,584,6.369900982828227,0,0,0,1,0,0,0,0,1,0
296,2290180,Riders Republic,mar,1,1,1,5,2025-04,584,6.369900982828227,0,0,0,0,1,0,0,0,0,1
297,669330,Mechabellum,mar,1,0,0,1,2024-12,1150,7.047517221357296,1,0,0,0,0,1,0,0,0,0
297,669330,Mechabellum,mar,1,0,0,2,2025-01,1150,7.047517221357296,0,1,0,0,0,0,1,0,0,0
297,669330,Mechabellum,mar,1,0,0,3,2025-02,1150,7.047517221357296,0,0,1,0,0,0,0,1,0,0
297,669330,Mechabellum,mar,1,1,1,4,2025-03,1150,7.047517221357296,0,0,0,1,0,0,0,0,1,0
297,669330,Mechabellum,mar,1,1,1,5,2025-04,1150,7.047517221357296,0,0,0,0,1,0,0,0,0,1
298,2239710,Into the Dead: Our Darkest Days,mar,1,0,0,1,2024-12,832,6.723832440821209,1,0,0,0,0,1,0,0,0,0
298,2239710,Into the Dead: Our Darkest Days,mar,1,0,0,2,2025-01,832,6.723832440821209,0,1,0,0,0,0,1,0,0,0
298,2239710,Into the Dead: Our Darkest Days,mar,1,0,0,3,2025-02,832,6.723832440821209,0,0,1,0,0,0,0,1,0,0
298,2239710,Into the Dead: Our Darkest Days,mar,1,1,1,4,2025-03,832,6.723832440821209,0,0,0,1,0,0,0,0,1,0
298,2239710,Into the Dead: Our Darkest Days,mar,1,1,1,5,2025-04,832,6.723832440821209,0,0,0,0,1,0,0,0,0,1
299,397540,Borderlands 3,mar,1,0,0,1,2024-12,1712,7.445417556701687,1,0,0,0,0,1,0,0,0,0
299,397540,Borderlands 3,mar,1,0,0,2,2025-01,1712,7.445417556701687,0,1,0,0,0,0,1,0,0,0
299,397540,Borderlands 3,mar,1,0,0,3,2025-02,1712,7.445417556701687,0,0,1,0,0,0,0,1,0,0
299,397540,Borderlands 3,mar,1,1,1,4,2025-03,1712,7.445417556701687,0,0,0,1,0,0,0,0,1,0
299,397540,Borderlands 3,mar,1,1,1,5,2025-04,1712,7.445417556701687,0,0,0,0,1,0,0,0,0,1
300,314650,SpaceEngine,mar,1,0,0,1,2024-12,203,5.313205979041787,1,0,0,0,0,1,0,0,0,0
300,314650,SpaceEngine,mar,1,0,0,2,2025-01,203,5.313205979041787,0,1,0,0,0,0,1,0,0,0
300,314650,SpaceEngine,mar,1,0,0,3,2025-02,203,5.313205979041787,0,0,1,0,0,0,0,1,0,0
300,314650,SpaceEngine,mar,1,1,1,4,2025-03,203,5.313205979041787,0,0,0,1,0,0,0,0,1,0
300,314650,SpaceEngine,mar,1,1,1,5,2025-04,203,5.313205979041787,0,0,0,0,1,0,0,0,0,1
301,1371980,No Rest for the Wicked,apr,1,0,0,1,2024-12,26696,10.19226902043121,1,0,0,0,0,1,0,0,0,0
301,1371980,No Rest for the Wicked,apr,1,0,0,2,2025-01,26696,10.19226902043121,0,1,0,0,0,0,1,0,0,0
301,1371980,No Rest for the Wicked,apr,1,0,0,3,2025-02,26696,10.19226902043121,0,0,1,0,0,0,0,1,0,0
301,1371980,No Rest for the Wicked,apr,1,0,0,4,2025-03,26696,10.19226902043121,0,0,0,1,0,0,0,0,1,0
301,1371980,No Rest for the Wicked,apr,1,1,1,5,2025-04,26696,10.19226902043121,0,0,0,0,1,0,0,0,0,1
302,1086940,Baldur's Gate 3,apr,1,0,0,1,2024-12,40378,10.60604036117017,1,0,0,0,0,1,0,0,0,0
302,1086940,Baldur's Gate 3,apr,1,0,0,2,2025-01,40378,10.60604036117017,0,1,0,0,0,0,1,0,0,0
302,1086940,Baldur's Gate 3,apr,1,0,0,3,2025-02,40378,10.60604036117017,0,0,1,0,0,0,0,1,0,0
302,1086940,Baldur's Gate 3,apr,1,0,0,4,2025-03,40378,10.60604036117017,0,0,0,1,0,0,0,0,1,0
302,1086940,Baldur's Gate 3,apr,1,1,1,5,2025-04,40378,10.60604036117017,0,0,0,0,1,0,0,0,0,1
303,1774580,STAR WARS Jedi: Survivor™,apr,1,0,0,1,2024-12,1904,7.55171221535131,1,0,0,0,0,1,0,0,0,0
303,1774580,STAR WARS Jedi: Survivor™,apr,1,0,0,2,2025-01,1904,7.55171221535131,0,1,0,0,0,0,1,0,0,0
303,1774580,STAR WARS Jedi: Survivor™,apr,1,0,0,3,2025-02,1904,7.55171221535131,0,0,1,0,0,0,0,1,0,0
303,1774580,STAR WARS Jedi: Survivor™,apr,1,0,0,4,2025-03,1904,7.55171221535131,0,0,0,1,0,0,0,0,1,0
303,1774580,STAR WARS Jedi: Survivor™,apr,1,1,1,5,2025-04,1904,7.55171221535131,0,0,0,0,1,0,0,0,0,1
304,284160,BeamNG.drive,apr,1,0,0,1,2024-12,20462,9.926324786438885,1,0,0,0,0,1,0,0,0,0
304,284160,BeamNG.drive,apr,1,0,0,2,2025-01,20462,9.926324786438885,0,1,0,0,0,0,1,0,0,0
304,284160,BeamNG.drive,apr,1,0,0,3,2025-02,20462,9.926324786438885,0,0,1,0,0,0,0,1,0,0
304,284160,BeamNG.drive,apr,1,0,0,4,2025-03,20462,9.926324786438885,0,0,0,1,0,0,0,0,1,0
304,284160,BeamNG.drive,apr,1,1,1,5,2025-04,20462,9.926324786438885,0,0,0,0,1,0,0,0,0,1
305,1812450,Bellwright,apr,1,0,0,1,2024-12,3624,8.19533366716287,1,0,0,0,0,1,0,0,0,0
305,1812450,Bellwright,apr,1,0,0,2,2025-01,3624,8.19533366716287,0,1,0,0,0,0,1,0,0,0
305,1812450,Bellwright,apr,1,0,0,3,2025-02,3624,8.19533366716287,0,0,1,0,0,0,0,1,0,0
305,1812450,Bellwright,apr,1,0,0,4,2025-03,3624,8.19533366716287,0,0,0,1,0,0,0,0,1,0
305,1812450,Bellwright,apr,1,1,1,5,2025-04,3624,8.19533366716287,0,0,0,0,1,0,0,0,0,1
306,3059520,F1® 25,apr,1,0,0,1,2024-12,4790,8.474285690404962,1,0,0,0,0,1,0,0,0,0
306,3059520,F1® 25,apr,1,0,0,2,2025-01,4790,8.474285690404962,0,1,0,0,0,0,1,0,0,0
306,3059520,F1® 25,apr,1,0,0,3,2025-02,4790,8.474285690404962,0,0,1,0,0,0,0,1,0,0
306,3059520,F1® 25,apr,1,0,0,4,2025-03,4790,8.474285690404962,0,0,0,1,0,0,0,0,1,0
306,3059520,F1® 25,apr,1,1,1,5,2025-04,4790,8.474285690404962,0,0,0,0,1,0,0,0,0,1
307,962130,Grounded,apr,1,0,0,1,2024-12,3693,8.214194414852564,1,0,0,0,0,1,0,0,0,0
307,962130,Grounded,apr,1,0,0,2,2025-01,3693,8.214194414852564,0,1,0,0,0,0,1,0,0,0
307,962130,Grounded,apr,1,0,0,3,2025-02,3693,8.214194414852564,0,0,1,0,0,0,0,1,0,0
307,962130,Grounded,apr,1,0,0,4,2025-03,3693,8.214194414852564,0,0,0,1,0,0,0,0,1,0
307,962130,Grounded,apr,1,1,1,5,2025-04,3693,8.214194414852564,0,0,0,0,1,0,0,0,0,1
308,294100,RimWorld,apr,1,0,0,1,2024-12,26619,10.189380525503447,1,0,0,0,0,1,0,0,0,0
308,294100,RimWorld,apr,1,0,0,2,2025-01,26619,10.189380525503447,0,1,0,0,0,0,1,0,0,0
308,294100,RimWorld,apr,1,0,0,3,2025-02,26619,10.189380525503447,0,0,1,0,0,0,0,1,0,0
308,294100,RimWorld,apr,1,0,0,4,2025-03,26619,10.189380525503447,0,0,0,1,0,0,0,0,1,0
308,294100,RimWorld,apr,1,1,1,5,2025-04,26619,10.189380525503447,0,0,0,0,1,0,0,0,0,1
309,892970,Valheim,apr,1,0,0,1,2024-12,16846,9.73186851887531,1,0,0,0,0,1,0,0,0,0
309,892970,Valheim,apr,1,0,0,2,2025-01,16846,9.73186851887531,0,1,0,0,0,0,1,0,0,0
309,892970,Valheim,apr,1,0,0,3,2025-02,16846,9.73186851887531,0,0,1,0,0,0,0,1,0,0
309,892970,Valheim,apr,1,0,0,4,2025-03,16846,9.73186851887531,0,0,0,1,0,0,0,0,1,0
309,892970,Valheim,apr,1,1,1,5,2025-04,16846,9.73186851887531,0,0,0,0,1,0,0,0,0,1
310,2507950,Delta Force,apr,1,0,0,1,2024-12,138037,11.835277044144714,1,0,0,0,0,1,0,0,0,0
310,2507950,Delta Force,apr,1,0,0,2,2025-01,138037,11.835277044144714,0,1,0,0,0,0,1,0,0,0
310,2507950,Delta Force,apr,1,0,0,3,2025-02,138037,11.835277044144714,0,0,1,0,0,0,0,1,0,0
310,2507950,Delta Force,apr,1,0,0,4,2025-03,138037,11.835277044144714,0,0,0,1,0,0,0,0,1,0
310,2507950,Delta Force,apr,1,1,1,5,2025-04,138037,11.835277044144714,0,0,0,0,1,0,0,0,0,1
311,2879840,Escape Simulator 2,apr,1,0,0,1,2024-12,1024,6.931471805599453,1,0,0,0,0,1,0,0,0,0
311,2879840,Escape Simulator 2,apr,1,0,0,2,2025-01,1024,6.931471805599453,0,1,0,0,0,0,1,0,0,0
311,2879840,Escape Simulator 2,apr,1,0,0,3,2025-02,1024,6.931471805599453,0,0,1,0,0,0,0,1,0,0
311,2879840,Escape Simulator 2,apr,1,0,0,4,2025-03,1024,6.931471805599453,0,0,0,1,0,0,0,0,1,0
311,2879840,Escape Simulator 2,apr,1,1,1,5,2025-04,1024,6.931471805599453,0,0,0,0,1,0,0,0,0,1
312,2707930,Palia,apr,1,0,0,1,2024-12,4439,8.398184404834035,1,0,0,0,0,1,0,0,0,0
312,2707930,Palia,apr,1,0,0,2,2025-01,4439,8.398184404834035,0,1,0,0,0,0,1,0,0,0
312,2707930,Palia,apr,1,0,0,3,2025-02,4439,8.398184404834035,0,0,1,0,0,0,0,1,0,0
312,2707930,Palia,apr,1,0,0,4,2025-03,4439,8.398184404834035,0,0,0,1,0,0,0,0,1,0
312,2707930,Palia,apr,1,1,1,5,2025-04,4439,8.398184404834035,0,0,0,0,1,0,0,0,0,1
313,380600,Fishing Planet,apr,1,0,0,1,2024-12,3285,8.09712193091871,1,0,0,0,0,1,0,0,0,0
313,380600,Fishing Planet,apr,1,0,0,2,2025-01,3285,8.09712193091871,0,1,0,0,0,0,1,0,0,0
313,380600,Fishing Planet,apr,1,0,0,3,2025-02,3285,8.09712193091871,0,0,1,0,0,0,0,1,0,0
313,380600,Fishing Planet,apr,1,0,0,4,2025-03,3285,8.09712193091871,0,0,0,1,0,0,0,0,1,0
313,380600,Fishing Planet,apr,1,1,1,5,2025-04,3285,8.09712193091871,0,0,0,0,1,0,0,0,0,1
314,1486920,Tempest Rising,apr,1,0,0,1,2024-12,249,5.517452896464707,1,0,0,0,0,1,0,0,0,0
314,1486920,Tempest Rising,apr,1,0,0,2,2025-01,249,5.517452896464707,0,1,0,0,0,0,1,0,0,0
314,1486920,Tempest Rising,apr,1,0,0,3,2025-02,249,5.517452896464707,0,0,1,0,0,0,0,1,0,0
314,1486920,Tempest Rising,apr,1,0,0,4,2025-03,249,5.517452896464707,0,0,0,1,0,0,0,0,1,0
314,1486920,Tempest Rising,apr,1,1,1,5,2025-04,249,5.517452896464707,0,0,0,0,1,0,0,0,0,1
315,3024040,Stronghold Crusader: Definitive Edition,apr,1,0,0,1,2024-12,1680,7.426549072397305,1,0,0,0,0,1,0,0,0,0
315,3024040,Stronghold Crusader: Definitive Edition,apr,1,0,0,2,2025-01,1680,7.426549072397305,0,1,0,0,0,0,1,0,0,0
315,3024040,Stronghold Crusader: Definitive Edition,apr,1,0,0,3,2025-02,1680,7.426549072397305,0,0,1,0,0,0,0,1,0,0
315,3024040,Stronghold Crusader: Definitive Edition,apr,1,0,0,4,2025-03,1680,7.426549072397305,0,0,0,1,0,0,0,0,1,0
315,3024040,Stronghold Crusader: Definitive Edition,apr,1,1,1,5,2025-04,1680,7.426549072397305,0,0,0,0,1,0,0,0,0,1
316,703080,Planet Zoo,apr,1,0,0,1,2024-12,3131,8.049107721326406,1,0,0,0,0,1,0,0,0,0
316,703080,Planet Zoo,apr,1,0,0,2,2025-01,3131,8.049107721326406,0,1,0,0,0,0,1,0,0,0
316,703080,Planet Zoo,apr,1,0,0,3,2025-02,3131,8.049107721326406,0,0,1,0,0,0,0,1,0,0
316,703080,Planet Zoo,apr,1,0,0,4,2025-03,3131,8.049107721326406,0,0,0,1,0,0,0,0,1,0
316,703080,Planet Zoo,apr,1,1,1,5,2025-04,3131,8.049107721326406,0,0,0,0,1,0,0,0,0,1
317,2358720,Black Myth: Wukong,apr,1,0,0,1,2024-12,14802,9.602517585757411,1,0,0,0,0,1,0,0,0,0
317,2358720,Black Myth: Wukong,apr,1,0,0,2,2025-01,14802,9.602517585757411,0,1,0,0,0,0,1,0,0,0
317,2358720,Black Myth: Wukong,apr,1,0,0,3,2025-02,14802,9.602517585757411,0,0,1,0,0,0,0,1,0,0
317,2358720,Black Myth: Wukong,apr,1,0,0,4,2025-03,14802,9.602517585757411,0,0,0,1,0,0,0,0,1,0
317,2358720,Black Myth: Wukong,apr,1,1,1,5,2025-04,14802,9.602517585757411,0,0,0,0,1,0,0,0,0,1
318,1250410,Microsoft Flight Simulator (2020) 40th Anniversary Edition,apr,1,0,0,1,2024-12,3401,8.131824785007195,1,0,0,0,0,1,0,0,0,0
318,1250410,Microsoft Flight Simulator (2020) 40th Anniversary Edition,apr,1,0,0,2,2025-01,3401,8.131824785007195,0,1,0,0,0,0,1,0,0,0
318,1250410,Microsoft Flight Simulator (2020) 40th Anniversary Edition,apr,1,0,0,3,2025-02,3401,8.131824785007195,0,0,1,0,0,0,0,1,0,0
318,1250410,Microsoft Flight Simulator (2020) 40th Anniversary Edition,apr,1,0,0,4,2025-03,3401,8.131824785007195,0,0,0,1,0,0,0,0,1,0
318,1250410,Microsoft Flight Simulator (2020) 40th Anniversary Edition,apr,1,1,1,5,2025-04,3401,8.131824785007195,0,0,0,0,1,0,0,0,0,1
319,2531310,The Last of Us™ Part II Remastered,apr,1,0,0,1,2024-12,1878,7.537962659768208,1,0,0,0,0,1,0,0,0,0
319,2531310,The Last of Us™ Part II Remastered,apr,1,0,0,2,2025-01,1878,7.537962659768208,0,1,0,0,0,0,1,0,0,0
319,2531310,The Last of Us™ Part II Remastered,apr,1,0,0,3,2025-02,1878,7.537962659768208,0,0,1,0,0,0,0,1,0,0
319,2531310,The Last of Us™ Part II Remastered,apr,1,0,0,4,2025-03,1878,7.537962659768208,0,0,0,1,0,0,0,0,1,0
319,2531310,The Last of Us™ Part II Remastered,apr,1,1,1,5,2025-04,1878,7.537962659768208,0,0,0,0,1,0,0,0,0,1
320,2623190,The Elder Scrolls IV: Oblivion Remastered,apr,1,0,0,1,2024-12,1343,7.202661196523238,1,0,0,0,0,1,0,0,0,0
320,2623190,The Elder Scrolls IV: Oblivion Remastered,apr,1,0,0,2,2025-01,1343,7.202661196523238,0,1,0,0,0,0,1,0,0,0
320,2623190,The Elder Scrolls IV: Oblivion Remastered,apr,1,0,0,3,2025-02,1343,7.202661196523238,0,0,1,0,0,0,0,1,0,0
320,2623190,The Elder Scrolls IV: Oblivion Remastered,apr,1,0,0,4,2025-03,1343,7.202661196523238,0,0,0,1,0,0,0,0,1,0
320,2623190,The Elder Scrolls IV: Oblivion Remastered,apr,1,1,1,5,2025-04,1343,7.202661196523238,0,0,0,0,1,0,0,0,0,1
321,1757300,Jump Space,apr,1,0,0,1,2024-12,164,5.099866427824199,1,0,0,0,0,1,0,0,0,0
321,1757300,Jump Space,apr,1,0,0,2,2025-01,164,5.099866427824199,0,1,0,0,0,0,1,0,0,0
321,1757300,Jump Space,apr,1,0,0,3,2025-02,164,5.099866427824199,0,0,1,0,0,0,0,1,0,0
321,1757300,Jump Space,apr,1,0,0,4,2025-03,164,5.099866427824199,0,0,0,1,0,0,0,0,1,0
321,1757300,Jump Space,apr,1,1,1,5,2025-04,164,5.099866427824199,0,0,0,0,1,0,0,0,0,1
322,244850,Space Engineers,apr,1,0,0,1,2024-12,2539,7.839525581704678,1,0,0,0,0,1,0,0,0,0
322,244850,Space Engineers,apr,1,0,0,2,2025-01,2539,7.839525581704678,0,1,0,0,0,0,1,0,0,0
322,244850,Space Engineers,apr,1,0,0,3,2025-02,2539,7.839525581704678,0,0,1,0,0,0,0,1,0,0
322,244850,Space Engineers,apr,1,0,0,4,2025-03,2539,7.839525581704678,0,0,0,1,0,0,0,0,1,0
322,244850,Space Engineers,apr,1,1,1,5,2025-04,2539,7.839525581704678,0,0,0,0,1,0,0,0,0,1
323,1281220,Task Force Admiral - Vol.1: American Carrier Battles,apr,1,0,0,1,2024-12,182,5.204006687076795,1,0,0,0,0,1,0,0,0,0
323,1281220,Task Force Admiral - Vol.1: American Carrier Battles,apr,1,0,0,2,2025-01,182,5.204006687076795,0,1,0,0,0,0,1,0,0,0
323,1281220,Task Force Admiral - Vol.1: American Carrier Battles,apr,1,0,0,3,2025-02,182,5.204006687076795,0,0,1,0,0,0,0,1,0,0
323,1281220,Task Force Admiral - Vol.1: American Carrier Battles,apr,1,0,0,4,2025-03,182,5.204006687076795,0,0,0,1,0,0,0,0,1,0
323,1281220,Task Force Admiral - Vol.1: American Carrier Battles,apr,1,1,1,5,2025-04,182,5.204006687076795,0,0,0,0,1,0,0,0,0,1
324,2670630,Supermarket Simulator,apr,1,0,0,1,2024-12,2643,7.879669914604289,1,0,0,0,0,1,0,0,0,0
324,2670630,Supermarket Simulator,apr,1,0,0,2,2025-01,2643,7.879669914604289,0,1,0,0,0,0,1,0,0,0
324,2670630,Supermarket Simulator,apr,1,0,0,3,2025-02,2643,7.879669914604289,0,0,1,0,0,0,0,1,0,0
324,2670630,Supermarket Simulator,apr,1,0,0,4,2025-03,2643,7.879669914604289,0,0,0,1,0,0,0,0,1,0
324,2670630,Supermarket Simulator,apr,1,1,1,5,2025-04,2643,7.879669914604289,0,0,0,0,1,0,0,0,0,1
325,1167630,Teardown,apr,1,0,0,1,2024-12,2520,7.832014180505469,1,0,0,0,0,1,0,0,0,0
325,1167630,Teardown,apr,1,0,0,2,2025-01,2520,7.832014180505469,0,1,0,0,0,0,1,0,0,0
325,1167630,Teardown,apr,1,0,0,3,2025-02,2520,7.832014180505469,0,0,1,0,0,0,0,1,0,0
325,1167630,Teardown,apr,1,0,0,4,2025-03,2520,7.832014180505469,0,0,0,1,0,0,0,0,1,0
325,1167630,Teardown,apr,1,1,1,5,2025-04,2520,7.832014180505469,0,0,0,0,1,0,0,0,0,1
326,1044720,Farthest Frontier,apr,1,0,0,1,2024-12,1867,7.532088143541722,1,0,0,0,0,1,0,0,0,0
326,1044720,Farthest Frontier,apr,1,0,0,2,2025-01,1867,7.532088143541722,0,1,0,0,0,0,1,0,0,0
326,1044720,Farthest Frontier,apr,1,0,0,3,2025-02,1867,7.532088143541722,0,0,1,0,0,0,0,1,0,0
326,1044720,Farthest Frontier,apr,1,0,0,4,2025-03,1867,7.532088143541722,0,0,0,1,0,0,0,0,1,0
326,1044720,Farthest Frontier,apr,1,1,1,5,2025-04,1867,7.532088143541722,0,0,0,0,1,0,0,0,0,1
327,436780,Tavern Keeper 🍻,apr,1,0,0,1,2024-12,114,4.736198448394496,1,0,0,0,0,1,0,0,0,0
327,436780,Tavern Keeper 🍻,apr,1,0,0,2,2025-01,114,4.736198448394496,0,1,0,0,0,0,1,0,0,0
327,436780,Tavern Keeper 🍻,apr,1,0,0,3,2025-02,114,4.736198448394496,0,0,1,0,0,0,0,1,0,0
327,436780,Tavern Keeper 🍻,apr,1,0,0,4,2025-03,114,4.736198448394496,0,0,0,1,0,0,0,0,1,0
327,436780,Tavern Keeper 🍻,apr,1,1,1,5,2025-04,114,4.736198448394496,0,0,0,0,1,0,0,0,0,1
328,1942280,Brotato,apr,1,0,0,1,2024-12,7170,8.877660933593667,1,0,0,0,0,1,0,0,0,0
328,1942280,Brotato,apr,1,0,0,2,2025-01,7170,8.877660933593667,0,1,0,0,0,0,1,0,0,0
328,1942280,Brotato,apr,1,0,0,3,2025-02,7170,8.877660933593667,0,0,1,0,0,0,0,1,0,0
328,1942280,Brotato,apr,1,0,0,4,2025-03,7170,8.877660933593667,0,0,0,1,0,0,0,0,1,0
328,1942280,Brotato,apr,1,1,1,5,2025-04,7170,8.877660933593667,0,0,0,0,1,0,0,0,0,1
329,1040200,Crime Scene Cleaner,apr,1,0,0,1,2024-12,1111,7.01301578963963,1,0,0,0,0,1,0,0,0,0
329,1040200,Crime Scene Cleaner,apr,1,0,0,2,2025-01,1111,7.01301578963963,0,1,0,0,0,0,1,0,0,0
329,1040200,Crime Scene Cleaner,apr,1,0,0,3,2025-02,1111,7.01301578963963,0,0,1,0,0,0,0,1,0,0
329,1040200,Crime Scene Cleaner,apr,1,0,0,4,2025-03,1111,7.01301578963963,0,0,0,1,0,0,0,0,1,0
329,1040200,Crime Scene Cleaner,apr,1,1,1,5,2025-04,1111,7.01301578963963,0,0,0,0,1,0,0,0,0,1
330,2440510,Forza Motorsport,apr,1,0,0,1,2024-12,667,6.502790045915623,1,0,0,0,0,1,0,0,0,0
330,2440510,Forza Motorsport,apr,1,0,0,2,2025-01,667,6.502790045915623,0,1,0,0,0,0,1,0,0,0
330,2440510,Forza Motorsport,apr,1,0,0,3,2025-02,667,6.502790045915623,0,0,1,0,0,0,0,1,0,0
330,2440510,Forza Motorsport,apr,1,0,0,4,2025-03,667,6.502790045915623,0,0,0,1,0,0,0,0,1,0
330,2440510,Forza Motorsport,apr,1,1,1,5,2025-04,667,6.502790045915623,0,0,0,0,1,0,0,0,0,1
331,1167630,Teardown,apr,1,0,0,1,2024-12,2520,7.832014180505469,1,0,0,0,0,1,0,0,0,0
331,1167630,Teardown,apr,1,0,0,2,2025-01,2520,7.832014180505469,0,1,0,0,0,0,1,0,0,0
331,1167630,Teardown,apr,1,0,0,3,2025-02,2520,7.832014180505469,0,0,1,0,0,0,0,1,0,0
331,1167630,Teardown,apr,1,0,0,4,2025-03,2520,7.832014180505469,0,0,0,1,0,0,0,0,1,0
331,1167630,Teardown,apr,1,1,1,5,2025-04,2520,7.832014180505469,0,0,0,0,1,0,0,0,0,1
332,1044720,Farthest Frontier,apr,1,0,0,1,2024-12,1867,7.532088143541722,1,0,0,0,0,1,0,0,0,0
332,1044720,Farthest Frontier,apr,1,0,0,2,2025-01,1867,7.532088143541722,0,1,0,0,0,0,1,0,0,0
332,1044720,Farthest Frontier,apr,1,0,0,3,2025-02,1867,7.532088143541722,0,0,1,0,0,0,0,1,0,0
332,1044720,Farthest Frontier,apr,1,0,0,4,2025-03,1867,7.532088143541722,0,0,0,1,0,0,0,0,1,0
332,1044720,Farthest Frontier,apr,1,1,1,5,2025-04,1867,7.532088143541722,0,0,0,0,1,0,0,0,0,1
333,2440510,Forza Motorsport,apr,1,0,0,1,2024-12,667,6.502790045915623,1,0,0,0,0,1,0,0,0,0
333,2440510,Forza Motorsport,apr,1,0,0,2,2025-01,667,6.502790045915623,0,1,0,0,0,0,1,0,0,0
333,2440510,Forza Motorsport,apr,1,0,0,3,2025-02,667,6.502790045915623,0,0,1,0,0,0,0,1,0,0
333,2440510,Forza Motorsport,apr,1,0,0,4,2025-03,667,6.502790045915623,0,0,0,1,0,0,0,0,1,0
333,2440510,Forza Motorsport,apr,1,1,1,5,2025-04,667,6.502790045915623,0,0,0,0,1,0,0,0,0,1
334,436780,Tavern Keeper 🍻,apr,1,0,0,1,2024-12,114,4.736198448394496,1,0,0,0,0,1,0,0,0,0
334,436780,Tavern Keeper 🍻,apr,1,0,0,2,2025-01,114,4.736198448394496,0,1,0,0,0,0,1,0,0,0
334,436780,Tavern Keeper 🍻,apr,1,0,0,3,2025-02,114,4.736198448394496,0,0,1,0,0,0,0,1,0,0
334,436780,Tavern Keeper 🍻,apr,1,0,0,4,2025-03,114,4.736198448394496,0,0,0,1,0,0,0,0,1,0
334,436780,Tavern Keeper 🍻,apr,1,1,1,5,2025-04,114,4.736198448394496,0,0,0,0,1,0,0,0,0,1
335,1176470,Terra Invicta,apr,1,0,0,1,2024-12,1819,7.506042178518122,1,0,0,0,0,1,0,0,0,0
335,1176470,Terra Invicta,apr,1,0,0,2,2025-01,1819,7.506042178518122,0,1,0,0,0,0,1,0,0,0
335,1176470,Terra Invicta,apr,1,0,0,3,2025-02,1819,7.506042178518122,0,0,1,0,0,0,0,1,0,0
335,1176470,Terra Invicta,apr,1,0,0,4,2025-03,1819,7.506042178518122,0,0,0,1,0,0,0,0,1,0
335,1176470,Terra Invicta,apr,1,1,1,5,2025-04,1819,7.506042178518122,0,0,0,0,1,0,0,0,0,1
336,1040200,Crime Scene Cleaner,apr,1,0,0,1,2024-12,1111,7.01301578963963,1,0,0,0,0,1,0,0,0,0
336,1040200,Crime Scene Cleaner,apr,1,0,0,2,2025-01,1111,7.01301578963963,0,1,0,0,0,0,1,0,0,0
336,1040200,Crime Scene Cleaner,apr,1,0,0,3,2025-02,1111,7.01301578963963,0,0,1,0,0,0,0,1,0,0
336,1040200,Crime Scene Cleaner,apr,1,0,0,4,2025-03,1111,7.01301578963963,0,0,0,1,0,0,0,0,1,0
336,1040200,Crime Scene Cleaner,apr,1,1,1,5,2025-04,1111,7.01301578963963,0,0,0,0,1,0,0,0,0,1
337,1942280,Brotato,apr,1,0,0,1,2024-12,7170,8.877660933593667,1,0,0,0,0,1,0,0,0,0
337,1942280,Brotato,apr,1,0,0,2,2025-01,7170,8.877660933593667,0,1,0,0,0,0,1,0,0,0
337,1942280,Brotato,apr,1,0,0,3,2025-02,7170,8.877660933593667,0,0,1,0,0,0,0,1,0,0
337,1942280,Brotato,apr,1,0,0,4,2025-03,7170,8.877660933593667,0,0,0,1,0,0,0,0,1,0
337,1942280,Brotato,apr,1,1,1,5,2025-04,7170,8.877660933593667,0,0,0,0,1,0,0,0,0,1
338,436780,Tavern Keeper 🍻,apr,1,0,0,1,2024-12,114,4.736198448394496,1,0,0,0,0,1,0,0,0,0
338,436780,Tavern Keeper 🍻,apr,1,0,0,2,2025-01,114,4.736198448394496,0,1,0,0,0,0,1,0,0,0
338,436780,Tavern Keeper 🍻,apr,1,0,0,3,2025-02,114,4.736198448394496,0,0,1,0,0,0,0,1,0,0
338,436780,Tavern Keeper 🍻,apr,1,0,0,4,2025-03,114,4.736198448394496,0,0,0,1,0,0,0,0,1,0
338,436780,Tavern Keeper 🍻,apr,1,1,1,5,2025-04,114,4.736198448394496,0,0,0,0,1,0,0,0,0,1
339,1942280,Brotato,apr,1,0,0,1,2024-12,7170,8.877660933593667,1,0,0,0,0,1,0,0,0,0
339,1942280,Brotato,apr,1,0,0,2,2025-01,7170,8.877660933593667,0,1,0,0,0,0,1,0,0,0
339,1942280,Brotato,apr,1,0,0,3,2025-02,7170,8.877660933593667,0,0,1,0,0,0,0,1,0,0
339,1942280,Brotato,apr,1,0,0,4,2025-03,7170,8.877660933593667,0,0,0,1,0,0,0,0,1,0
339,1942280,Brotato,apr,1,1,1,5,2025-04,7170,8.877660933593667,0,0,0,0,1,0,0,0,0,1
340,1778820,TEKKEN 8,apr,1,0,0,1,2024-12,5158,8.54830418644129,1,0,0,0,0,1,0,0,0,0
340,1778820,TEKKEN 8,apr,1,0,0,2,2025-01,5158,8.54830418644129,0,1,0,0,0,0,1,0,0,0
340,1778820,TEKKEN 8,apr,1,0,0,3,2025-02,5158,8.54830418644129,0,0,1,0,0,0,0,1,0,0
340,1778820,TEKKEN 8,apr,1,0,0,4,2025-03,5158,8.54830418644129,0,0,0,1,0,0,0,0,1,0
340,1778820,TEKKEN 8,apr,1,1,1,5,2025-04,5158,8.54830418644129,0,0,0,0,1,0,0,0,0,1
341,965580,Root,apr,1,0,0,1,2024-12,254,5.537334267018537,1,0,0,0,0,1,0,0,0,0
341,965580,Root,apr,1,0,0,2,2025-01,254,5.537334267018537,0,1,0,0,0,0,1,0,0,0
341,965580,Root,apr,1,0,0,3,2025-02,254,5.537334267018537,0,0,1,0,0,0,0,1,0,0
341,965580,Root,apr,1,0,0,4,2025-03,254,5.537334267018537,0,0,0,1,0,0,0,0,1,0
341,965580,Root,apr,1,1,1,5,2025-04,254,5.537334267018537,0,0,0,0,1,0,0,0,0,1
342,1205970,MX vs ATV Legends,apr,1,0,0,1,2024-12,228,5.429345628954441,1,0,0,0,0,1,0,0,0,0
342,1205970,MX vs ATV Legends,apr,1,0,0,2,2025-01,228,5.429345628954441,0,1,0,0,0,0,1,0,0,0
342,1205970,MX vs ATV Legends,apr,1,0,0,3,2025-02,228,5.429345628954441,0,0,1,0,0,0,0,1,0,0
342,1205970,MX vs ATV Legends,apr,1,0,0,4,2025-03,228,5.429345628954441,0,0,0,1,0,0,0,0,1,0
342,1205970,MX vs ATV Legends,apr,1,1,1,5,2025-04,228,5.429345628954441,0,0,0,0,1,0,0,0,0,1
343,1062090,Timberborn,apr,1,0,0,1,2024-12,2895,7.970740390007095,1,0,0,0,0,1,0,0,0,0
343,1062090,Timberborn,apr,1,0,0,2,2025-01,2895,7.970740390007095,0,1,0,0,0,0,1,0,0,0
343,1062090,Timberborn,apr,1,0,0,3,2025-02,2895,7.970740390007095,0,0,1,0,0,0,0,1,0,0
343,1062090,Timberborn,apr,1,0,0,4,2025-03,2895,7.970740390007095,0,0,0,1,0,0,0,0,1,0
343,1062090,Timberborn,apr,1,1,1,5,2025-04,2895,7.970740390007095,0,0,0,0,1,0,0,0,0,1
344,1205970,MX vs ATV Legends,apr,1,0,0,1,2024-12,228,5.429345628954441,1,0,0,0,0,1,0,0,0,0
344,1205970,MX vs ATV Legends,apr,1,0,0,2,2025-01,228,5.429345628954441,0,1,0,0,0,0,1,0,0,0
344,1205970,MX vs ATV Legends,apr,1,0,0,3,2025-02,228,5.429345628954441,0,0,1,0,0,0,0,1,0,0
344,1205970,MX vs ATV Legends,apr,1,0,0,4,2025-03,228,5.429345628954441,0,0,0,1,0,0,0,0,1,0
344,1205970,MX vs ATV Legends,apr,1,1,1,5,2025-04,228,5.429345628954441,0,0,0,0,1,0,0,0,0,1
345,2878450,Master of Command,apr,1,0,0,1,2024-12,356,5.87493073085203,1,0,0,0,0,1,0,0,0,0
345,2878450,Master of Command,apr,1,0,0,2,2025-01,356,5.87493073085203,0,1,0,0,0,0,1,0,0,0
345,2878450,Master of Command,apr,1,0,0,3,2025-02,356,5.87493073085203,0,0,1,0,0,0,0,1,0,0
345,2878450,Master of Command,apr,1,0,0,4,2025-03,356,5.87493073085203,0,0,0,1,0,0,0,0,1,0
345,2878450,Master of Command,apr,1,1,1,5,2025-04,356,5.87493073085203,0,0,0,0,1,0,0,0,0,1
346,2763740,Revolution Idle,apr,1,0,0,1,2024-12,8359,9.031094081699155,1,0,0,0,0,1,0,0,0,0
346,2763740,Revolution Idle,apr,1,0,0,2,2025-01,8359,9.031094081699155,0,1,0,0,0,0,1,0,0,0
346,2763740,Revolution Idle,apr,1,0,0,3,2025-02,8359,9.031094081699155,0,0,1,0,0,0,0,1,0,0
346,2763740,Revolution Idle,apr,1,0,0,4,2025-03,8359,9.031094081699155,0,0,0,1,0,0,0,0,1,0
346,2763740,Revolution Idle,apr,1,1,1,5,2025-04,8359,9.031094081699155,0,0,0,0,1,0,0,0,0,1
347,305620,The Long Dark,apr,1,0,0,1,2024-12,3410,8.134467570277563,1,0,0,0,0,1,0,0,0,0
347,305620,The Long Dark,apr,1,0,0,2,2025-01,3410,8.134467570277563,0,1,0,0,0,0,1,0,0,0
347,305620,The Long Dark,apr,1,0,0,3,2025-02,3410,8.134467570277563,0,0,1,0,0,0,0,1,0,0
347,305620,The Long Dark,apr,1,0,0,4,2025-03,3410,8.134467570277563,0,0,0,1,0,0,0,0,1,0
347,305620,The Long Dark,apr,1,1,1,5,2025-04,3410,8.134467570277563,0,0,0,0,1,0,0,0,0,1
348,2582140,Seafarer: The Ship Sim,apr,1,0,0,1,2024-12,67,4.204692619390966,1,0,0,0,0,1,0,0,0,0
348,2582140,Seafarer: The Ship Sim,apr,1,0,0,2,2025-01,67,4.204692619390966,0,1,0,0,0,0,1,0,0,0
348,2582140,Seafarer: The Ship Sim,apr,1,0,0,3,2025-02,67,4.204692619390966,0,0,1,0,0,0,0,1,0,0
348,2582140,Seafarer: The Ship Sim,apr,1,0,0,4,2025-03,67,4.204692619390966,0,0,0,1,0,0,0,0,1,0
348,2582140,Seafarer: The Ship Sim,apr,1,1,1,5,2025-04,67,4.204692619390966,0,0,0,0,1,0,0,0,0,1
349,2350790,Moonlighter 2: The Endless Vault,apr,1,0,0,1,2024-12,143,4.962844630259907,1,0,0,0,0,1,0,0,0,0
349,2350790,Moonlighter 2: The Endless Vault,apr,1,0,0,2,2025-01,143,4.962844630259907,0,1,0,0,0,0,1,0,0,0
349,2350790,Moonlighter 2: The Endless Vault,apr,1,0,0,3,2025-02,143,4.962844630259907,0,0,1,0,0,0,0,1,0,0
349,2350790,Moonlighter 2: The Endless Vault,apr,1,0,0,4,2025-03,143,4.962844630259907,0,0,0,1,0,0,0,0,1,0
349,2350790,Moonlighter 2: The Endless Vault,apr,1,1,1,5,2025-04,143,4.962844630259907,0,0,0,0,1,0,0,0,0,1
350,850190,Goat Simulator 3,apr,1,0,0,1,2024-12,346,5.846438775057725,1,0,0,0,0,1,0,0,0,0
350,850190,Goat Simulator 3,apr,1,0,0,2,2025-01,346,5.846438775057725,0,1,0,0,0,0,1,0,0,0
350,850190,Goat Simulator 3,apr,1,0,0,3,2025-02,346,5.846438775057725,0,0,1,0,0,0,0,1,0,0
350,850190,Goat Simulator 3,apr,1,0,0,4,2025-03,346,5.846438775057725,0,0,0,1,0,0,0,0,1,0
350,850190,Goat Simulator 3,apr,1,1,1,5,2025-04,346,5.846438775057725,0,0,0,0,1,0,0,0,0,1
351,1604270,Broken Arrow,apr,1,0,0,1,2024-12,2677,7.892452043520352,1,0,0,0,0,1,0,0,0,0
351,1604270,Broken Arrow,apr,1,0,0,2,2025-01,2677,7.892452043520352,0,1,0,0,0,0,1,0,0,0
351,1604270,Broken Arrow,apr,1,0,0,3,2025-02,2677,7.892452043520352,0,0,1,0,0,0,0,1,0,0
351,1604270,Broken Arrow,apr,1,0,0,4,2025-03,2677,7.892452043520352,0,0,0,1,0,0,0,0,1,0
351,1604270,Broken Arrow,apr,1,1,1,5,2025-04,2677,7.892452043520352,0,0,0,0,1,0,0,0,0,1
352,1874170,Shredders,apr,1,0,0,1,2024-12,109,4.6913478822291435,1,0,0,0,0,1,0,0,0,0
352,1874170,Shredders,apr,1,0,0,2,2025-01,109,4.6913478822291435,0,1,0,0,0,0,1,0,0,0
352,1874170,Shredders,apr,1,0,0,3,2025-02,109,4.6913478822291435,0,0,1,0,0,0,0,1,0,0
352,1874170,Shredders,apr,1,0,0,4,2025-03,109,4.6913478822291435,0,0,0,1,0,0,0,0,1,0
352,1874170,Shredders,apr,1,1,1,5,2025-04,109,4.6913478822291435,0,0,0,0,1,0,0,0,0,1
353,1641960,Forever Skies,apr,1,0,0,1,2024-12,206,5.327876168789581,1,0,0,0,0,1,0,0,0,0
353,1641960,Forever Skies,apr,1,0,0,2,2025-01,206,5.327876168789581,0,1,0,0,0,0,1,0,0,0
353,1641960,Forever Skies,apr,1,0,0,3,2025-02,206,5.327876168789581,0,0,1,0,0,0,0,1,0,0
353,1641960,Forever Skies,apr,1,0,0,4,2025-03,206,5.327876168789581,0,0,0,1,0,0,0,0,1,0
353,1641960,Forever Skies,apr,1,1,1,5,2025-04,206,5.327876168789581,0,0,0,0,1,0,0,0,0,1
354,410340,Liftoff®: FPV Drone Racing,apr,1,0,0,1,2024-12,697,6.546785410760524,1,0,0,0,0,1,0,0,0,0
354,410340,Liftoff®: FPV Drone Racing,apr,1,0,0,2,2025-01,697,6.546785410760524,0,1,0,0,0,0,1,0,0,0
354,410340,Liftoff®: FPV Drone Racing,apr,1,0,0,3,2025-02,697,6.546785410760524,0,0,1,0,0,0,0,1,0,0
354,410340,Liftoff®: FPV Drone Racing,apr,1,0,0,4,2025-03,697,6.546785410760524,0,0,0,1,0,0,0,0,1,0
354,410340,Liftoff®: FPV Drone Racing,apr,1,1,1,5,2025-04,697,6.546785410760524,0,0,0,0,1,0,0,0,0,1
355,1096530,Solasta: Crown of the Magister,apr,1,0,0,1,2024-12,385,5.953243334287785,1,0,0,0,0,1,0,0,0,0
355,1096530,Solasta: Crown of the Magister,apr,1,0,0,2,2025-01,385,5.953243334287785,0,1,0,0,0,0,1,0,0,0
355,1096530,Solasta: Crown of the Magister,apr,1,0,0,3,2025-02,385,5.953243334287785,0,0,1,0,0,0,0,1,0,0
355,1096530,Solasta: Crown of the Magister,apr,1,0,0,4,2025-03,385,5.953243334287785,0,0,0,1,0,0,0,0,1,0
355,1096530,Solasta: Crown of the Magister,apr,1,1,1,5,2025-04,385,5.953243334287785,0,0,0,0,1,0,0,0,0,1
356,926990,WolfQuest: Anniversary Edition,apr,1,0,0,1,2024-12,353,5.8664680569332965,1,0,0,0,0,1,0,0,0,0
356,926990,WolfQuest: Anniversary Edition,apr,1,0,0,2,2025-01,353,5.8664680569332965,0,1,0,0,0,0,1,0,0,0
356,926990,WolfQuest: Anniversary Edition,apr,1,0,0,3,2025-02,353,5.8664680569332965,0,0,1,0,0,0,0,1,0,0
356,926990,WolfQuest: Anniversary Edition,apr,1,0,0,4,2025-03,353,5.8664680569332965,0,0,0,1,0,0,0,0,1,0
356,926990,WolfQuest: Anniversary Edition,apr,1,1,1,5,2025-04,353,5.8664680569332965,0,0,0,0,1,0,0,0,0,1
357,2195410,Songs of Silence,apr,1,0,0,1,2024-12,53,3.970291913552122,1,0,0,0,0,1,0,0,0,0
357,2195410,Songs of Silence,apr,1,0,0,2,2025-01,53,3.970291913552122,0,1,0,0,0,0,1,0,0,0
357,2195410,Songs of Silence,apr,1,0,0,3,2025-02,53,3.970291913552122,0,0,1,0,0,0,0,1,0,0
357,2195410,Songs of Silence,apr,1,0,0,4,2025-03,53,3.970291913552122,0,0,0,1,0,0,0,0,1,0
357,2195410,Songs of Silence,apr,1,1,1,5,2025-04,53,3.970291913552122,0,0,0,0,1,0,0,0,0,1
358,1815780,Asphalt Legends,apr,1,0,0,1,2024-12,1296,7.16703787691222,1,0,0,0,0,1,0,0,0,0
358,1815780,Asphalt Legends,apr,1,0,0,2,2025-01,1296,7.16703787691222,0,1,0,0,0,0,1,0,0,0
358,1815780,Asphalt Legends,apr,1,0,0,3,2025-02,1296,7.16703787691222,0,0,1,0,0,0,0,1,0,0
358,1815780,Asphalt Legends,apr,1,0,0,4,2025-03,1296,7.16703787691222,0,0,0,1,0,0,0,0,1,0
358,1815780,Asphalt Legends,apr,1,1,1,5,2025-04,1296,7.16703787691222,0,0,0,0,1,0,0,0,0,1
359,2820820,Jotunnslayer: Hordes of Hel,apr,1,0,0,1,2024-12,171,5.14166355650266,1,0,0,0,0,1,0,0,0,0
359,2820820,Jotunnslayer: Hordes of Hel,apr,1,0,0,2,2025-01,171,5.14166355650266,0,1,0,0,0,0,1,0,0,0
359,2820820,Jotunnslayer: Hordes of Hel,apr,1,0,0,3,2025-02,171,5.14166355650266,0,0,1,0,0,0,0,1,0,0
359,2820820,Jotunnslayer: Hordes of Hel,apr,1,0,0,4,2025-03,171,5.14166355650266,0,0,0,1,0,0,0,0,1,0
359,2820820,Jotunnslayer: Hordes of Hel,apr,1,1,1,5,2025-04,171,5.14166355650266,0,0,0,0,1,0,0,0,0,1
360,1643310,Dungeons 4,apr,1,0,0,1,2024-12,104,4.6443908991413725,1,0,0,0,0,1,0,0,0,0
360,1643310,Dungeons 4,apr,1,0,0,2,2025-01,104,4.6443908991413725,0,1,0,0,0,0,1,0,0,0
360,1643310,Dungeons 4,apr,1,0,0,3,2025-02,104,4.6443908991413725,0,0,1,0,0,0,0,1,0,0
360,1643310,Dungeons 4,apr,1,0,0,4,2025-03,104,4.6443908991413725,0,0,0,1,0,0,0,0,1,0
360,1643310,Dungeons 4,apr,1,1,1,5,2025-04,104,4.6443908991413725,0,0,0,0,1,0,0,0,0,1
361,784950,SUPREMACY: WORLD WAR 3,apr,1,0,0,1,2024-12,514,6.2422232654551655,1,0,0,0,0,1,0,0,0,0
361,784950,SUPREMACY: WORLD WAR 3,apr,1,0,0,2,2025-01,514,6.2422232654551655,0,1,0,0,0,0,1,0,0,0
361,784950,SUPREMACY: WORLD WAR 3,apr,1,0,0,3,2025-02,514,6.2422232654551655,0,0,1,0,0,0,0,1,0,0
361,784950,SUPREMACY: WORLD WAR 3,apr,1,0,0,4,2025-03,514,6.2422232654551655,0,0,0,1,0,0,0,0,1,0
361,784950,SUPREMACY: WORLD WAR 3,apr,1,1,1,5,2025-04,514,6.2422232654551655,0,0,0,0,1,0,0,0,0,1
362,2646460,Soulmask,apr,1,0,0,1,2024-12,1719,7.449498005382849,1,0,0,0,0,1,0,0,0,0
362,2646460,Soulmask,apr,1,0,0,2,2025-01,1719,7.449498005382849,0,1,0,0,0,0,1,0,0,0
362,2646460,Soulmask,apr,1,0,0,3,2025-02,1719,7.449498005382849,0,0,1,0,0,0,0,1,0,0
362,2646460,Soulmask,apr,1,0,0,4,2025-03,1719,7.449498005382849,0,0,0,1,0,0,0,0,1,0
362,2646460,Soulmask,apr,1,1,1,5,2025-04,1719,7.449498005382849,0,0,0,0,1,0,0,0,0,1
363,2698780,ContractVille,apr,1,0,0,1,2024-12,341,5.831882477283517,1,0,0,0,0,1,0,0,0,0
363,2698780,ContractVille,apr,1,0,0,2,2025-01,341,5.831882477283517,0,1,0,0,0,0,1,0,0,0
363,2698780,ContractVille,apr,1,0,0,3,2025-02,341,5.831882477283517,0,0,1,0,0,0,0,1,0,0
363,2698780,ContractVille,apr,1,0,0,4,2025-03,341,5.831882477283517,0,0,0,1,0,0,0,0,1,0
363,2698780,ContractVille,apr,1,1,1,5,2025-04,341,5.831882477283517,0,0,0,0,1,0,0,0,0,1
364,1458140,Pacific Drive,apr,1,0,0,1,2024-12,229,5.43372200355424,1,0,0,0,0,1,0,0,0,0
364,1458140,Pacific Drive,apr,1,0,0,2,2025-01,229,5.43372200355424,0,1,0,0,0,0,1,0,0,0
364,1458140,Pacific Drive,apr,1,0,0,3,2025-02,229,5.43372200355424,0,0,1,0,0,0,0,1,0,0
364,1458140,Pacific Drive,apr,1,0,0,4,2025-03,229,5.43372200355424,0,0,0,1,0,0,0,0,1,0
364,1458140,Pacific Drive,apr,1,1,1,5,2025-04,229,5.43372200355424,0,0,0,0,1,0,0,0,0,1
365,1324780,Easy Red 2,apr,1,0,0,1,2024-12,1050,6.956545443151569,1,0,0,0,0,1,0,0,0,0
365,1324780,Easy Red 2,apr,1,0,0,2,2025-01,1050,6.956545443151569,0,1,0,0,0,0,1,0,0,0
365,1324780,Easy Red 2,apr,1,0,0,3,2025-02,1050,6.956545443151569,0,0,1,0,0,0,0,1,0,0
365,1324780,Easy Red 2,apr,1,0,0,4,2025-03,1050,6.956545443151569,0,0,0,1,0,0,0,0,1,0
365,1324780,Easy Red 2,apr,1,1,1,5,2025-04,1050,6.956545443151569,0,0,0,0,1,0,0,0,0,1
366,1705180,"Gunner, HEAT, PC!",apr,1,0,0,1,2024-12,80,4.382026634673881,1,0,0,0,0,1,0,0,0,0
366,1705180,"Gunner, HEAT, PC!",apr,1,0,0,2,2025-01,80,4.382026634673881,0,1,0,0,0,0,1,0,0,0
366,1705180,"Gunner, HEAT, PC!",apr,1,0,0,3,2025-02,80,4.382026634673881,0,0,1,0,0,0,0,1,0,0
366,1705180,"Gunner, HEAT, PC!",apr,1,0,0,4,2025-03,80,4.382026634673881,0,0,0,1,0,0,0,0,1,0
366,1705180,"Gunner, HEAT, PC!",apr,1,1,1,5,2025-04,80,4.382026634673881,0,0,0,0,1,0,0,0,0,1
367,2208570,Dark Hours,apr,1,0,0,1,2024-12,129,4.859812404361672,1,0,0,0,0,1,0,0,0,0
367,2208570,Dark Hours,apr,1,0,0,2,2025-01,129,4.859812404361672,0,1,0,0,0,0,1,0,0,0
367,2208570,Dark Hours,apr,1,0,0,3,2025-02,129,4.859812404361672,0,0,1,0,0,0,0,1,0,0
367,2208570,Dark Hours,apr,1,0,0,4,2025-03,129,4.859812404361672,0,0,0,1,0,0,0,0,1,0
367,2208570,Dark Hours,apr,1,1,1,5,2025-04,129,4.859812404361672,0,0,0,0,1,0,0,0,0,1
368,1357210,Galactic Civilizations IV,apr,1,0,0,1,2024-12,199,5.293304824724492,1,0,0,0,0,1,0,0,0,0
368,1357210,Galactic Civilizations IV,apr,1,0,0,2,2025-01,199,5.293304824724492,0,1,0,0,0,0,1,0,0,0
368,1357210,Galactic Civilizations IV,apr,1,0,0,3,2025-02,199,5.293304824724492,0,0,1,0,0,0,0,1,0,0
368,1357210,Galactic Civilizations IV,apr,1,0,0,4,2025-03,199,5.293304824724492,0,0,0,1,0,0,0,0,1,0
368,1357210,Galactic Civilizations IV,apr,1,1,1,5,2025-04,199,5.293304824724492,0,0,0,0,1,0,0,0,0,1
369,2487150,Deconstruction Simulator,apr,1,0,0,1,2024-12,109,4.6913478822291435,1,0,0,0,0,1,0,0,0,0
369,2487150,Deconstruction Simulator,apr,1,0,0,2,2025-01,109,4.6913478822291435,0,1,0,0,0,0,1,0,0,0
369,2487150,Deconstruction Simulator,apr,1,0,0,3,2025-02,109,4.6913478822291435,0,0,1,0,0,0,0,1,0,0
369,2487150,Deconstruction Simulator,apr,1,0,0,4,2025-03,109,4.6913478822291435,0,0,0,1,0,0,0,0,1,0
369,2487150,Deconstruction Simulator,apr,1,1,1,5,2025-04,109,4.6913478822291435,0,0,0,0,1,0,0,0,0,1
370,2680010,The First Berserker: Khazan,apr,1,0,0,1,2024-12,828,6.71901315438526,1,0,0,0,0,1,0,0,0,0
370,2680010,The First Berserker: Khazan,apr,1,0,0,2,2025-01,828,6.71901315438526,0,1,0,0,0,0,1,0,0,0
370,2680010,The First Berserker: Khazan,apr,1,0,0,3,2025-02,828,6.71901315438526,0,0,1,0,0,0,0,1,0,0
370,2680010,The First Berserker: Khazan,apr,1,0,0,4,2025-03,828,6.71901315438526,0,0,0,1,0,0,0,0,1,0
370,2680010,The First Berserker: Khazan,apr,1,1,1,5,2025-04,828,6.71901315438526,0,0,0,0,1,0,0,0,0,1
371,1533390,Gorilla Tag,apr,1,0,0,1,2024-12,551,6.311734809152915,1,0,0,0,0,1,0,0,0,0
371,1533390,Gorilla Tag,apr,1,0,0,2,2025-01,551,6.311734809152915,0,1,0,0,0,0,1,0,0,0
371,1533390,Gorilla Tag,apr,1,0,0,3,2025-02,551,6.311734809152915,0,0,1,0,0,0,0,1,0,0
371,1533390,Gorilla Tag,apr,1,0,0,4,2025-03,551,6.311734809152915,0,0,0,1,0,0,0,0,1,0
371,1533390,Gorilla Tag,apr,1,1,1,5,2025-04,551,6.311734809152915,0,0,0,0,1,0,0,0,0,1
372,2789460,Ale Abbey - Monastery Brewery Tycoon,apr,1,0,0,1,2024-12,55,4.007333185232471,1,0,0,0,0,1,0,0,0,0
372,2789460,Ale Abbey - Monastery Brewery Tycoon,apr,1,0,0,2,2025-01,55,4.007333185232471,0,1,0,0,0,0,1,0,0,0
372,2789460,Ale Abbey - Monastery Brewery Tycoon,apr,1,0,0,3,2025-02,55,4.007333185232471,0,0,1,0,0,0,0,1,0,0
372,2789460,Ale Abbey - Monastery Brewery Tycoon,apr,1,0,0,4,2025-03,55,4.007333185232471,0,0,0,1,0,0,0,0,1,0
372,2789460,Ale Abbey - Monastery Brewery Tycoon,apr,1,1,1,5,2025-04,55,4.007333185232471,0,0,0,0,1,0,0,0,0,1
373,2208570,Dark Hours,apr,1,0,0,1,2024-12,129,4.859812404361672,1,0,0,0,0,1,0,0,0,0
373,2208570,Dark Hours,apr,1,0,0,2,2025-01,129,4.859812404361672,0,1,0,0,0,0,1,0,0,0
373,2208570,Dark Hours,apr,1,0,0,3,2025-02,129,4.859812404361672,0,0,1,0,0,0,0,1,0,0
373,2208570,Dark Hours,apr,1,0,0,4,2025-03,129,4.859812404361672,0,0,0,1,0,0,0,0,1,0
373,2208570,Dark Hours,apr,1,1,1,5,2025-04,129,4.859812404361672,0,0,0,0,1,0,0,0,0,1
374,314650,SpaceEngine,apr,1,0,0,1,2024-12,203,5.313205979041787,1,0,0,0,0,1,0,0,0,0
374,314650,SpaceEngine,apr,1,0,0,2,2025-01,203,5.313205979041787,0,1,0,0,0,0,1,0,0,0
374,314650,SpaceEngine,apr,1,0,0,3,2025-02,203,5.313205979041787,0,0,1,0,0,0,0,1,0,0
374,314650,SpaceEngine,apr,1,0,0,4,2025-03,203,5.313205979041787,0,0,0,1,0,0,0,0,1,0
374,314650,SpaceEngine,apr,1,1,1,5,2025-04,203,5.313205979041787,0,0,0,0,1,0,0,0,0,1
375,702320,March of Empires,apr,1,0,0,1,2024-12,831,6.7226297948554485,1,0,0,0,0,1,0,0,0,0
375,702320,March of Empires,apr,1,0,0,2,2025-01,831,6.7226297948554485,0,1,0,0,0,0,1,0,0,0
375,702320,March of Empires,apr,1,0,0,3,2025-02,831,6.7226297948554485,0,0,1,0,0,0,0,1,0,0
375,702320,March of Empires,apr,1,0,0,4,2025-03,831,6.7226297948554485,0,0,0,1,0,0,0,0,1,0
375,702320,March of Empires,apr,1,1,1,5,2025-04,831,6.7226297948554485,0,0,0,0,1,0,0,0,0,1
376,2163330,Yet Another Zombie Survivors,apr,1,0,0,1,2024-12,508,6.230481447578482,1,0,0,0,0,1,0,0,0,0
376,2163330,Yet Another Zombie Survivors,apr,1,0,0,2,2025-01,508,6.230481447578482,0,1,0,0,0,0,1,0,0,0
376,2163330,Yet Another Zombie Survivors,apr,1,0,0,3,2025-02,508,6.230481447578482,0,0,1,0,0,0,0,1,0,0
376,2163330,Yet Another Zombie Survivors,apr,1,0,0,4,2025-03,508,6.230481447578482,0,0,0,1,0,0,0,0,1,0
376,2163330,Yet Another Zombie Survivors,apr,1,1,1,5,2025-04,508,6.230481447578482,0,0,0,0,1,0,0,0,0,1
377,1857090,Norland,apr,1,0,0,1,2024-12,288,5.662960480135946,1,0,0,0,0,1,0,0,0,0
377,1857090,Norland,apr,1,0,0,2,2025-01,288,5.662960480135946,0,1,0,0,0,0,1,0,0,0
377,1857090,Norland,apr,1,0,0,3,2025-02,288,5.662960480135946,0,0,1,0,0,0,0,1,0,0
377,1857090,Norland,apr,1,0,0,4,2025-03,288,5.662960480135946,0,0,0,1,0,0,0,0,1,0
377,1857090,Norland,apr,1,1,1,5,2025-04,288,5.662960480135946,0,0,0,0,1,0,0,0,0,1
378,1357210,Galactic Civilizations IV,apr,1,0,0,1,2024-12,199,5.293304824724492,1,0,0,0,0,1,0,0,0,0
378,1357210,Galactic Civilizations IV,apr,1,0,0,2,2025-01,199,5.293304824724492,0,1,0,0,0,0,1,0,0,0
378,1357210,Galactic Civilizations IV,apr,1,0,0,3,2025-02,199,5.293304824724492,0,0,1,0,0,0,0,1,0,0
378,1357210,Galactic Civilizations IV,apr,1,0,0,4,2025-03,199,5.293304824724492,0,0,0,1,0,0,0,0,1,0
378,1357210,Galactic Civilizations IV,apr,1,1,1,5,2025-04,199,5.293304824724492,0,0,0,0,1,0,0,0,0,1
379,1864880,Roman Triumph: Survival City Builder,apr,1,0,0,1,2024-12,66,4.189654742026425,1,0,0,0,0,1,0,0,0,0
379,1864880,Roman Triumph: Survival City Builder,apr,1,0,0,2,2025-01,66,4.189654742026425,0,1,0,0,0,0,1,0,0,0
379,1864880,Roman Triumph: Survival City Builder,apr,1,0,0,3,2025-02,66,4.189654742026425,0,0,1,0,0,0,0,1,0,0
379,1864880,Roman Triumph: Survival City Builder,apr,1,0,0,4,2025-03,66,4.189654742026425,0,0,0,1,0,0,0,0,1,0
379,1864880,Roman Triumph: Survival City Builder,apr,1,1,1,5,2025-04,66,4.189654742026425,0,0,0,0,1,0,0,0,0,1
380,1272320,Diplomacy is Not an Option,apr,1,0,0,1,2024-12,792,6.674561391814426,1,0,0,0,0,1,0,0,0,0
380,1272320,Diplomacy is Not an Option,apr,1,0,0,2,2025-01,792,6.674561391814426,0,1,0,0,0,0,1,0,0,0
380,1272320,Diplomacy is Not an Option,apr,1,0,0,3,2025-02,792,6.674561391814426,0,0,1,0,0,0,0,1,0,0
380,1272320,Diplomacy is Not an Option,apr,1,0,0,4,2025-03,792,6.674561391814426,0,0,0,1,0,0,0,0,1,0
380,1272320,Diplomacy is Not an Option,apr,1,1,1,5,2025-04,792,6.674561391814426,0,0,0,0,1,0,0,0,0,1
381,2111630,JR EAST Train Simulator,apr,1,0,0,1,2024-12,151,5.017279836814924,1,0,0,0,0,1,0,0,0,0
381,2111630,JR EAST Train Simulator,apr,1,0,0,2,2025-01,151,5.017279836814924,0,1,0,0,0,0,1,0,0,0
381,2111630,JR EAST Train Simulator,apr,1,0,0,3,2025-02,151,5.017279836814924,0,0,1,0,0,0,0,1,0,0
381,2111630,JR EAST Train Simulator,apr,1,0,0,4,2025-03,151,5.017279836814924,0,0,0,1,0,0,0,0,1,0
381,2111630,JR EAST Train Simulator,apr,1,1,1,5,2025-04,151,5.017279836814924,0,0,0,0,1,0,0,0,0,1
382,3026450,Deadly Days: Roadtrip,apr,1,0,0,1,2024-12,210,5.3471075307174685,1,0,0,0,0,1,0,0,0,0
382,3026450,Deadly Days: Roadtrip,apr,1,0,0,2,2025-01,210,5.3471075307174685,0,1,0,0,0,0,1,0,0,0
382,3026450,Deadly Days: Roadtrip,apr,1,0,0,3,2025-02,210,5.3471075307174685,0,0,1,0,0,0,0,1,0,0
382,3026450,Deadly Days: Roadtrip,apr,1,0,0,4,2025-03,210,5.3471075307174685,0,0,0,1,0,0,0,0,1,0
382,3026450,Deadly Days: Roadtrip,apr,1,1,1,5,2025-04,210,5.3471075307174685,0,0,0,0,1,0,0,0,0,1
383,919640,Steel Division 2,apr,1,0,0,1,2024-12,260,5.560681631015528,1,0,0,0,0,1,0,0,0,0
383,919640,Steel Division 2,apr,1,0,0,2,2025-01,260,5.560681631015528,0,1,0,0,0,0,1,0,0,0
383,919640,Steel Division 2,apr,1,0,0,3,2025-02,260,5.560681631015528,0,0,1,0,0,0,0,1,0,0
383,919640,Steel Division 2,apr,1,0,0,4,2025-03,260,5.560681631015528,0,0,0,1,0,0,0,0,1,0
383,919640,Steel Division 2,apr,1,1,1,5,2025-04,260,5.560681631015528,0,0,0,0,1,0,0,0,0,1
384,919640,Steel Division 2,apr,1,0,0,1,2024-12,260,5.560681631015528,1,0,0,0,0,1,0,0,0,0
384,919640,Steel Division 2,apr,1,0,0,2,2025-01,260,5.560681631015528,0,1,0,0,0,0,1,0,0,0
384,919640,Steel Division 2,apr,1,0,0,3,2025-02,260,5.560681631015528,0,0,1,0,0,0,0,1,0,0
384,919640,Steel Division 2,apr,1,0,0,4,2025-03,260,5.560681631015528,0,0,0,1,0,0,0,0,1,0
384,919640,Steel Division 2,apr,1,1,1,5,2025-04,260,5.560681631015528,0,0,0,0,1,0,0,0,0,1
385,2389040,ShapeHero Factory,apr,1,0,0,1,2024-12,287,5.659482215759621,1,0,0,0,0,1,0,0,0,0
385,2389040,ShapeHero Factory,apr,1,0,0,2,2025-01,287,5.659482215759621,0,1,0,0,0,0,1,0,0,0
385,2389040,ShapeHero Factory,apr,1,0,0,3,2025-02,287,5.659482215759621,0,0,1,0,0,0,0,1,0,0
385,2389040,ShapeHero Factory,apr,1,0,0,4,2025-03,287,5.659482215759621,0,0,0,1,0,0,0,0,1,0
385,2389040,ShapeHero Factory,apr,1,1,1,5,2025-04,287,5.659482215759621,0,0,0,0,1,0,0,0,0,1
386,1902960,Lost Records: Bloom & Rage,apr,1,0,0,1,2024-12,34,3.5263605246161616,1,0,0,0,0,1,0,0,0,0
386,1902960,Lost Records: Bloom & Rage,apr,1,0,0,2,2025-01,34,3.5263605246161616,0,1,0,0,0,0,1,0,0,0
386,1902960,Lost Records: Bloom & Rage,apr,1,0,0,3,2025-02,34,3.5263605246161616,0,0,1,0,0,0,0,1,0,0
386,1902960,Lost Records: Bloom & Rage,apr,1,0,0,4,2025-03,34,3.5263605246161616,0,0,0,1,0,0,0,0,1,0
386,1902960,Lost Records: Bloom & Rage,apr,1,1,1,5,2025-04,34,3.5263605246161616,0,0,0,0,1,0,0,0,0,1
387,3026450,Deadly Days: Roadtrip,apr,1,0,0,1,2024-12,210,5.3471075307174685,1,0,0,0,0,1,0,0,0,0
387,3026450,Deadly Days: Roadtrip,apr,1,0,0,2,2025-01,210,5.3471075307174685,0,1,0,0,0,0,1,0,0,0
387,3026450,Deadly Days: Roadtrip,apr,1,0,0,3,2025-02,210,5.3471075307174685,0,0,1,0,0,0,0,1,0,0
387,3026450,Deadly Days: Roadtrip,apr,1,0,0,4,2025-03,210,5.3471075307174685,0,0,0,1,0,0,0,0,1,0
387,3026450,Deadly Days: Roadtrip,apr,1,1,1,5,2025-04,210,5.3471075307174685,0,0,0,0,1,0,0,0,0,1
388,291480,Warface: Clutch,apr,1,0,0,1,2024-12,223,5.407171771460119,1,0,0,0,0,1,0,0,0,0
388,291480,Warface: Clutch,apr,1,0,0,2,2025-01,223,5.407171771460119,0,1,0,0,0,0,1,0,0,0
388,291480,Warface: Clutch,apr,1,0,0,3,2025-02,223,5.407171771460119,0,0,1,0,0,0,0,1,0,0
388,291480,Warface: Clutch,apr,1,0,0,4,2025-03,223,5.407171771460119,0,0,0,1,0,0,0,0,1,0
388,291480,Warface: Clutch,apr,1,1,1,5,2025-04,223,5.407171771460119,0,0,0,0,1,0,0,0,0,1
389,1548850,Six Days in Fallujah,apr,1,0,0,1,2024-12,44,3.784189633918261,1,0,0,0,0,1,0,0,0,0
389,1548850,Six Days in Fallujah,apr,1,0,0,2,2025-01,44,3.784189633918261,0,1,0,0,0,0,1,0,0,0
389,1548850,Six Days in Fallujah,apr,1,0,0,3,2025-02,44,3.784189633918261,0,0,1,0,0,0,0,1,0,0
389,1548850,Six Days in Fallujah,apr,1,0,0,4,2025-03,44,3.784189633918261,0,0,0,1,0,0,0,0,1,0
389,1548850,Six Days in Fallujah,apr,1,1,1,5,2025-04,44,3.784189633918261,0,0,0,0,1,0,0,0,0,1
390,1479730,Commandos: Origins,apr,1,0,0,1,2024-12,169,5.1298987149230735,1,0,0,0,0,1,0,0,0,0
390,1479730,Commandos: Origins,apr,1,0,0,2,2025-01,169,5.1298987149230735,0,1,0,0,0,0,1,0,0,0
390,1479730,Commandos: Origins,apr,1,0,0,3,2025-02,169,5.1298987149230735,0,0,1,0,0,0,0,1,0,0
390,1479730,Commandos: Origins,apr,1,0,0,4,2025-03,169,5.1298987149230735,0,0,0,1,0,0,0,0,1,0
390,1479730,Commandos: Origins,apr,1,1,1,5,2025-04,169,5.1298987149230735,0,0,0,0,1,0,0,0,0,1
391,2378900,The Coffin of Andy and Leyley,apr,1,0,0,1,2024-12,158,5.062595033026967,1,0,0,0,0,1,0,0,0,0
391,2378900,The Coffin of Andy and Leyley,apr,1,0,0,2,2025-01,158,5.062595033026967,0,1,0,0,0,0,1,0,0,0
391,2378900,The Coffin of Andy and Leyley,apr,1,0,0,3,2025-02,158,5.062595033026967,0,0,1,0,0,0,0,1,0,0
391,2378900,The Coffin of Andy and Leyley,apr,1,0,0,4,2025-03,158,5.062595033026967,0,0,0,1,0,0,0,0,1,0
391,2378900,The Coffin of Andy and Leyley,apr,1,1,1,5,2025-04,158,5.062595033026967,0,0,0,0,1,0,0,0,0,1
392,469600,Legion TD 2 - Multiplayer Tower Defense,apr,1,0,0,1,2024-12,786,6.666956792429207,1,0,0,0,0,1,0,0,0,0
392,469600,Legion TD 2 - Multiplayer Tower Defense,apr,1,0,0,2,2025-01,786,6.666956792429207,0,1,0,0,0,0,1,0,0,0
392,469600,Legion TD 2 - Multiplayer Tower Defense,apr,1,0,0,3,2025-02,786,6.666956792429207,0,0,1,0,0,0,0,1,0,0
392,469600,Legion TD 2 - Multiplayer Tower Defense,apr,1,0,0,4,2025-03,786,6.666956792429207,0,0,0,1,0,0,0,0,1,0
392,469600,Legion TD 2 - Multiplayer Tower Defense,apr,1,1,1,5,2025-04,786,6.666956792429207,0,0,0,0,1,0,0,0,0,1
393,304050,Trove,apr,1,0,0,1,2024-12,664,6.498282149476434,1,0,0,0,0,1,0,0,0,0
393,304050,Trove,apr,1,0,0,2,2025-01,664,6.498282149476434,0,1,0,0,0,0,1,0,0,0
393,304050,Trove,apr,1,0,0,3,2025-02,664,6.498282149476434,0,0,1,0,0,0,0,1,0,0
393,304050,Trove,apr,1,0,0,4,2025-03,664,6.498282149476434,0,0,0,1,0,0,0,0,1,0
393,304050,Trove,apr,1,1,1,5,2025-04,664,6.498282149476434,0,0,0,0,1,0,0,0,0,1
394,1272320,Diplomacy is Not an Option,apr,1,0,0,1,2024-12,792,6.674561391814426,1,0,0,0,0,1,0,0,0,0
394,1272320,Diplomacy is Not an Option,apr,1,0,0,2,2025-01,792,6.674561391814426,0,1,0,0,0,0,1,0,0,0
394,1272320,Diplomacy is Not an Option,apr,1,0,0,3,2025-02,792,6.674561391814426,0,0,1,0,0,0,0,1,0,0
394,1272320,Diplomacy is Not an Option,apr,1,0,0,4,2025-03,792,6.674561391814426,0,0,0,1,0,0,0,0,1,0
394,1272320,Diplomacy is Not an Option,apr,1,1,1,5,2025-04,792,6.674561391814426,0,0,0,0,1,0,0,0,0,1
395,463530,Empires of the Undergrowth,apr,1,0,0,1,2024-12,640,6.461468176353717,1,0,0,0,0,1,0,0,0,0
395,463530,Empires of the Undergrowth,apr,1,0,0,2,2025-01,640,6.461468176353717,0,1,0,0,0,0,1,0,0,0
395,463530,Empires of the Undergrowth,apr,1,0,0,3,2025-02,640,6.461468176353717,0,0,1,0,0,0,0,1,0,0
395,463530,Empires of the Undergrowth,apr,1,0,0,4,2025-03,640,6.461468176353717,0,0,0,1,0,0,0,0,1,0
395,463530,Empires of the Undergrowth,apr,1,1,1,5,2025-04,640,6.461468176353717,0,0,0,0,1,0,0,0,0,1
396,2700340,X4: Timelines,apr,1,0,0,1,2024-12,1000,6.907755278982137,1,0,0,0,0,1,0,0,0,0
396,2700340,X4: Timelines,apr,1,0,0,2,2025-01,1000,6.907755278982137,0,1,0,0,0,0,1,0,0,0
396,2700340,X4: Timelines,apr,1,0,0,3,2025-02,1000,6.907755278982137,0,0,1,0,0,0,0,1,0,0
396,2700340,X4: Timelines,apr,1,0,0,4,2025-03,1000,6.907755278982137,0,0,0,1,0,0,0,0,1,0
396,2700340,X4: Timelines,apr,1,1,1,5,2025-04,1000,6.907755278982137,0,0,0,0,1,0,0,0,0,1
397,2111630,JR EAST Train Simulator,apr,1,0,0,1,2024-12,151,5.017279836814924,1,0,0,0,0,1,0,0,0,0
397,2111630,JR EAST Train Simulator,apr,1,0,0,2,2025-01,151,5.017279836814924,0,1,0,0,0,0,1,0,0,0
397,2111630,JR EAST Train Simulator,apr,1,0,0,3,2025-02,151,5.017279836814924,0,0,1,0,0,0,0,1,0,0
397,2111630,JR EAST Train Simulator,apr,1,0,0,4,2025-03,151,5.017279836814924,0,0,0,1,0,0,0,0,1,0
397,2111630,JR EAST Train Simulator,apr,1,1,1,5,2025-04,151,5.017279836814924,0,0,0,0,1,0,0,0,0,1
398,204360,Castle Crashers®,apr,1,0,0,1,2024-12,494,6.202535517187923,1,0,0,0,0,1,0,0,0,0
398,204360,Castle Crashers®,apr,1,0,0,2,2025-01,494,6.202535517187923,0,1,0,0,0,0,1,0,0,0
398,204360,Castle Crashers®,apr,1,0,0,3,2025-02,494,6.202535517187923,0,0,1,0,0,0,0,1,0,0
398,204360,Castle Crashers®,apr,1,0,0,4,2025-03,494,6.202535517187923,0,0,0,1,0,0,0,0,1,0
398,204360,Castle Crashers®,apr,1,1,1,5,2025-04,494,6.202535517187923,0,0,0,0,1,0,0,0,0,1
399,2393160,Nice Day for Fishing,apr,1,0,0,1,2024-12,106,4.663439094112067,1,0,0,0,0,1,0,0,0,0
399,2393160,Nice Day for Fishing,apr,1,0,0,2,2025-01,106,4.663439094112067,0,1,0,0,0,0,1,0,0,0
399,2393160,Nice Day for Fishing,apr,1,0,0,3,2025-02,106,4.663439094112067,0,0,1,0,0,0,0,1,0,0
399,2393160,Nice Day for Fishing,apr,1,0,0,4,2025-03,106,4.663439094112067,0,0,0,1,0,0,0,0,1,0
399,2393160,Nice Day for Fishing,apr,1,1,1,5,2025-04,106,4.663439094112067,0,0,0,0,1,0,0,0,0,1
400,247000,Talisman: Digital Classic Edition,apr,1,0,0,1,2024-12,123,4.812184355372417,1,0,0,0,0,1,0,0,0,0
400,247000,Talisman: Digital Classic Edition,apr,1,0,0,2,2025-01,123,4.812184355372417,0,1,0,0,0,0,1,0,0,0
400,247000,Talisman: Digital Classic Edition,apr,1,0,0,3,2025-02,123,4.812184355372417,0,0,1,0,0,0,0,1,0,0
400,247000,Talisman: Digital Classic Edition,apr,1,0,0,4,2025-03,123,4.812184355372417,0,0,0,1,0,0,0,0,1,0
400,247000,Talisman: Digital Classic Edition,apr,1,1,1,5,2025-04,123,4.812184355372417,0,0,0,0,1,0,0,0,0,1
401,1808500,ARC Raiders,control,0,0,0,1,2024-12,129110,11.768420033168765,1,0,0,0,0,0,0,0,0,0
401,1808500,ARC Raiders,control,0,0,0,2,2025-01,129110,11.768420033168765,0,1,0,0,0,0,0,0,0,0
401,1808500,ARC Raiders,control,0,0,0,3,2025-02,129110,11.768420033168765,0,0,1,0,0,0,0,0,0,0
401,1808500,ARC Raiders,control,0,0,0,4,2025-03,129110,11.768420033168765,0,0,0,1,0,0,0,0,0,0
401,1808500,ARC Raiders,control,0,0,0,5,2025-04,129110,11.768420033168765,0,0,0,0,1,0,0,0,0,0
402,381210,Dead by Daylight,control,0,0,0,1,2024-12,52423,10.867100705304681,1,0,0,0,0,0,0,0,0,0
402,381210,Dead by Daylight,control,0,0,0,2,2025-01,52423,10.867100705304681,0,1,0,0,0,0,0,0,0,0
402,381210,Dead by Daylight,control,0,0,0,3,2025-02,52423,10.867100705304681,0,0,1,0,0,0,0,0,0,0
402,381210,Dead by Daylight,control,0,0,0,4,2025-03,52423,10.867100705304681,0,0,0,1,0,0,0,0,0,0
402,381210,Dead by Daylight,control,0,0,0,5,2025-04,52423,10.867100705304681,0,0,0,0,1,0,0,0,0,0
403,3405690,EA SPORTS FC™ 26,control,0,0,0,1,2024-12,48822,10.795936309924713,1,0,0,0,0,0,0,0,0,0
403,3405690,EA SPORTS FC™ 26,control,0,0,0,2,2025-01,48822,10.795936309924713,0,1,0,0,0,0,0,0,0,0
403,3405690,EA SPORTS FC™ 26,control,0,0,0,3,2025-02,48822,10.795936309924713,0,0,1,0,0,0,0,0,0,0
403,3405690,EA SPORTS FC™ 26,control,0,0,0,4,2025-03,48822,10.795936309924713,0,0,0,1,0,0,0,0,0,0
403,3405690,EA SPORTS FC™ 26,control,0,0,0,5,2025-04,48822,10.795936309924713,0,0,0,0,1,0,0,0,0,0
404,3564740,Where Winds Meet,control,0,0,0,1,2024-12,42495,10.657141700932726,1,0,0,0,0,0,0,0,0,0
404,3564740,Where Winds Meet,control,0,0,0,2,2025-01,42495,10.657141700932726,0,1,0,0,0,0,0,0,0,0
404,3564740,Where Winds Meet,control,0,0,0,3,2025-02,42495,10.657141700932726,0,0,1,0,0,0,0,0,0,0
404,3564740,Where Winds Meet,control,0,0,0,4,2025-03,42495,10.657141700932726,0,0,0,1,0,0,0,0,0,0
404,3564740,Where Winds Meet,control,0,0,0,5,2025-04,42495,10.657141700932726,0,0,0,0,1,0,0,0,0,0
405,230410,Warframe,control,0,0,0,1,2024-12,65249,11.085965999397002,1,0,0,0,0,0,0,0,0,0
405,230410,Warframe,control,0,0,0,2,2025-01,65249,11.085965999397002,0,1,0,0,0,0,0,0,0,0
405,230410,Warframe,control,0,0,0,3,2025-02,65249,11.085965999397002,0,0,1,0,0,0,0,0,0,0
405,230410,Warframe,control,0,0,0,4,2025-03,65249,11.085965999397002,0,0,0,1,0,0,0,0,0,0
405,230410,Warframe,control,0,0,0,5,2025-04,65249,11.085965999397002,0,0,0,0,1,0,0,0,0,0
406,236390,War Thunder,control,0,0,0,1,2024-12,80329,11.293885980441052,1,0,0,0,0,0,0,0,0,0
406,236390,War Thunder,control,0,0,0,2,2025-01,80329,11.293885980441052,0,1,0,0,0,0,0,0,0,0
406,236390,War Thunder,control,0,0,0,3,2025-02,80329,11.293885980441052,0,0,1,0,0,0,0,0,0,0
406,236390,War Thunder,control,0,0,0,4,2025-03,80329,11.293885980441052,0,0,0,1,0,0,0,0,0,0
406,236390,War Thunder,control,0,0,0,5,2025-04,80329,11.293885980441052,0,0,0,0,1,0,0,0,0,0
407,1174180,Red Dead Redemption 2,control,0,0,0,1,2024-12,44989,10.7141732944266,1,0,0,0,0,0,0,0,0,0
407,1174180,Red Dead Redemption 2,control,0,0,0,2,2025-01,44989,10.7141732944266,0,1,0,0,0,0,0,0,0,0
407,1174180,Red Dead Redemption 2,control,0,0,0,3,2025-02,44989,10.7141732944266,0,0,1,0,0,0,0,0,0,0
407,1174180,Red Dead Redemption 2,control,0,0,0,4,2025-03,44989,10.7141732944266,0,0,0,1,0,0,0,0,0,0
407,1174180,Red Dead Redemption 2,control,0,0,0,5,2025-04,44989,10.7141732944266,0,0,0,0,1,0,0,0,0,0
408,2767030,Marvel Rivals,control,0,0,0,1,2024-12,55240,10.919442607523228,1,0,0,0,0,0,0,0,0,0
408,2767030,Marvel Rivals,control,0,0,0,2,2025-01,55240,10.919442607523228,0,1,0,0,0,0,0,0,0,0
408,2767030,Marvel Rivals,control,0,0,0,3,2025-02,55240,10.919442607523228,0,0,1,0,0,0,0,0,0,0
408,2767030,Marvel Rivals,control,0,0,0,4,2025-03,55240,10.919442607523228,0,0,0,1,0,0,0,0,0,0
408,2767030,Marvel Rivals,control,0,0,0,5,2025-04,55240,10.919442607523228,0,0,0,0,1,0,0,0,0,0
409,227300,Euro Truck Simulator 2,control,0,0,0,1,2024-12,33804,10.428334417664374,1,0,0,0,0,0,0,0,0,0
409,227300,Euro Truck Simulator 2,control,0,0,0,2,2025-01,33804,10.428334417664374,0,1,0,0,0,0,0,0,0,0
409,227300,Euro Truck Simulator 2,control,0,0,0,3,2025-02,33804,10.428334417664374,0,0,1,0,0,0,0,0,0,0
409,227300,Euro Truck Simulator 2,control,0,0,0,4,2025-03,33804,10.428334417664374,0,0,0,1,0,0,0,0,0,0
409,227300,Euro Truck Simulator 2,control,0,0,0,5,2025-04,33804,10.428334417664374,0,0,0,0,1,0,0,0,0,0
410,1551360,Forza Horizon 5,control,0,0,0,1,2024-12,22507,10.021581650918597,1,0,0,0,0,0,0,0,0,0
410,1551360,Forza Horizon 5,control,0,0,0,2,2025-01,22507,10.021581650918597,0,1,0,0,0,0,0,0,0,0
410,1551360,Forza Horizon 5,control,0,0,0,3,2025-02,22507,10.021581650918597,0,0,1,0,0,0,0,0,0,0
410,1551360,Forza Horizon 5,control,0,0,0,4,2025-03,22507,10.021581650918597,0,0,0,1,0,0,0,0,0,0
410,1551360,Forza Horizon 5,control,0,0,0,5,2025-04,22507,10.021581650918597,0,0,0,0,1,0,0,0,0,0
411,3419520,Quarantine Zone: The Last Check,control,0,0,0,1,2024-12,5189,8.55429627936774,1,0,0,0,0,0,0,0,0,0
411,3419520,Quarantine Zone: The Last Check,control,0,0,0,2,2025-01,5189,8.55429627936774,0,1,0,0,0,0,0,0,0,0
411,3419520,Quarantine Zone: The Last Check,control,0,0,0,3,2025-02,5189,8.55429627936774,0,0,1,0,0,0,0,0,0,0
411,3419520,Quarantine Zone: The Last Check,control,0,0,0,4,2025-03,5189,8.55429627936774,0,0,0,1,0,0,0,0,0,0
411,3419520,Quarantine Zone: The Last Check,control,0,0,0,5,2025-04,5189,8.55429627936774,0,0,0,0,1,0,0,0,0,0
412,1172470,Apex Legends™,control,0,0,0,1,2024-12,125174,11.737460048350577,1,0,0,0,0,0,0,0,0,0
412,1172470,Apex Legends™,control,0,0,0,2,2025-01,125174,11.737460048350577,0,1,0,0,0,0,0,0,0,0
412,1172470,Apex Legends™,control,0,0,0,3,2025-02,125174,11.737460048350577,0,0,1,0,0,0,0,0,0,0
412,1172470,Apex Legends™,control,0,0,0,4,2025-03,125174,11.737460048350577,0,0,0,1,0,0,0,0,0,0
412,1172470,Apex Legends™,control,0,0,0,5,2025-04,125174,11.737460048350577,0,0,0,0,1,0,0,0,0,0
413,553850,HELLDIVERS™ 2,control,0,0,0,1,2024-12,30198,10.315530976004416,1,0,0,0,0,0,0,0,0,0
413,553850,HELLDIVERS™ 2,control,0,0,0,2,2025-01,30198,10.315530976004416,0,1,0,0,0,0,0,0,0,0
413,553850,HELLDIVERS™ 2,control,0,0,0,3,2025-02,30198,10.315530976004416,0,0,1,0,0,0,0,0,0,0
413,553850,HELLDIVERS™ 2,control,0,0,0,4,2025-03,30198,10.315530976004416,0,0,0,1,0,0,0,0,0,0
413,553850,HELLDIVERS™ 2,control,0,0,0,5,2025-04,30198,10.315530976004416,0,0,0,0,1,0,0,0,0,0
414,3949040,RV There Yet?,control,0,0,0,1,2024-12,2891,7.969357742016346,1,0,0,0,0,0,0,0,0,0
414,3949040,RV There Yet?,control,0,0,0,2,2025-01,2891,7.969357742016346,0,1,0,0,0,0,0,0,0,0
414,3949040,RV There Yet?,control,0,0,0,3,2025-02,2891,7.969357742016346,0,0,1,0,0,0,0,0,0,0
414,3949040,RV There Yet?,control,0,0,0,4,2025-03,2891,7.969357742016346,0,0,0,1,0,0,0,0,0,0
414,3949040,RV There Yet?,control,0,0,0,5,2025-04,2891,7.969357742016346,0,0,0,0,1,0,0,0,0,0
415,552990,World of Warships,control,0,0,0,1,2024-12,9889,9.19917830726999,1,0,0,0,0,0,0,0,0,0
415,552990,World of Warships,control,0,0,0,2,2025-01,9889,9.19917830726999,0,1,0,0,0,0,0,0,0,0
415,552990,World of Warships,control,0,0,0,3,2025-02,9889,9.19917830726999,0,0,1,0,0,0,0,0,0,0
415,552990,World of Warships,control,0,0,0,4,2025-03,9889,9.19917830726999,0,0,0,1,0,0,0,0,0,0
415,552990,World of Warships,control,0,0,0,5,2025-04,9889,9.19917830726999,0,0,0,0,1,0,0,0,0,0
416,3513350,Wuthering Waves,control,0,0,0,1,2024-12,9706,9.18049952996516,1,0,0,0,0,0,0,0,0,0
416,3513350,Wuthering Waves,control,0,0,0,2,2025-01,9706,9.18049952996516,0,1,0,0,0,0,0,0,0,0
416,3513350,Wuthering Waves,control,0,0,0,3,2025-02,9706,9.18049952996516,0,0,1,0,0,0,0,0,0,0
416,3513350,Wuthering Waves,control,0,0,0,4,2025-03,9706,9.18049952996516,0,0,0,1,0,0,0,0,0,0
416,3513350,Wuthering Waves,control,0,0,0,5,2025-04,9706,9.18049952996516,0,0,0,0,1,0,0,0,0,0
417,2362060,CODE VEIN II,control,0,0,0,1,2024-12,7991,8.986071187374463,1,0,0,0,0,0,0,0,0,0
417,2362060,CODE VEIN II,control,0,0,0,2,2025-01,7991,8.986071187374463,0,1,0,0,0,0,0,0,0,0
417,2362060,CODE VEIN II,control,0,0,0,3,2025-02,7991,8.986071187374463,0,0,1,0,0,0,0,0,0,0
417,2362060,CODE VEIN II,control,0,0,0,4,2025-03,7991,8.986071187374463,0,0,0,1,0,0,0,0,0,0
417,2362060,CODE VEIN II,control,0,0,0,5,2025-04,7991,8.986071187374463,0,0,0,0,1,0,0,0,0,0
418,578080,PUBG: BATTLEGROUNDS,control,0,0,0,1,2024-12,508066,13.138366639381426,1,0,0,0,0,0,0,0,0,0
418,578080,PUBG: BATTLEGROUNDS,control,0,0,0,2,2025-01,508066,13.138366639381426,0,1,0,0,0,0,0,0,0,0
418,578080,PUBG: BATTLEGROUNDS,control,0,0,0,3,2025-02,508066,13.138366639381426,0,0,1,0,0,0,0,0,0,0
418,578080,PUBG: BATTLEGROUNDS,control,0,0,0,4,2025-03,508066,13.138366639381426,0,0,0,1,0,0,0,0,0,0
418,578080,PUBG: BATTLEGROUNDS,control,0,0,0,5,2025-04,508066,13.138366639381426,0,0,0,0,1,0,0,0,0,0
419,2694490,Path of Exile 2,control,0,0,0,1,2024-12,26945,10.201553030367597,1,0,0,0,0,0,0,0,0,0
419,2694490,Path of Exile 2,control,0,0,0,2,2025-01,26945,10.201553030367597,0,1,0,0,0,0,0,0,0,0
419,2694490,Path of Exile 2,control,0,0,0,3,2025-02,26945,10.201553030367597,0,0,1,0,0,0,0,0,0,0
419,2694490,Path of Exile 2,control,0,0,0,4,2025-03,26945,10.201553030367597,0,0,0,1,0,0,0,0,0,0
419,2694490,Path of Exile 2,control,0,0,0,5,2025-04,26945,10.201553030367597,0,0,0,0,1,0,0,0,0,0
420,1631270,StarRupture,control,0,0,0,1,2024-12,5895,8.68185981297147,1,0,0,0,0,0,0,0,0,0
420,1631270,StarRupture,control,0,0,0,2,2025-01,5895,8.68185981297147,0,1,0,0,0,0,0,0,0,0
420,1631270,StarRupture,control,0,0,0,3,2025-02,5895,8.68185981297147,0,0,1,0,0,0,0,0,0,0
420,1631270,StarRupture,control,0,0,0,4,2025-03,5895,8.68185981297147,0,0,0,1,0,0,0,0,0,0
420,1631270,StarRupture,control,0,0,0,5,2025-04,5895,8.68185981297147,0,0,0,0,1,0,0,0,0,0
421,2073620,Arena Breakout: Infinite,control,0,0,0,1,2024-12,22266,10.010816130288653,1,0,0,0,0,0,0,0,0,0
421,2073620,Arena Breakout: Infinite,control,0,0,0,2,2025-01,22266,10.010816130288653,0,1,0,0,0,0,0,0,0,0
421,2073620,Arena Breakout: Infinite,control,0,0,0,3,2025-02,22266,10.010816130288653,0,0,1,0,0,0,0,0,0,0
421,2073620,Arena Breakout: Infinite,control,0,0,0,4,2025-03,22266,10.010816130288653,0,0,0,1,0,0,0,0,0,0
421,2073620,Arena Breakout: Infinite,control,0,0,0,5,2025-04,22266,10.010816130288653,0,0,0,0,1,0,0,0,0,0
422,2807960,Battlefield™ 6,control,0,0,0,1,2024-12,33400,10.416311178964792,1,0,0,0,0,0,0,0,0,0
422,2807960,Battlefield™ 6,control,0,0,0,2,2025-01,33400,10.416311178964792,0,1,0,0,0,0,0,0,0,0
422,2807960,Battlefield™ 6,control,0,0,0,3,2025-02,33400,10.416311178964792,0,0,1,0,0,0,0,0,0,0
422,2807960,Battlefield™ 6,control,0,0,0,4,2025-03,33400,10.416311178964792,0,0,0,1,0,0,0,0,0,0
422,2807960,Battlefield™ 6,control,0,0,0,5,2025-04,33400,10.416311178964792,0,0,0,0,1,0,0,0,0,0
423,2592160,Dispatch,control,0,0,0,1,2024-12,1972,7.586803535162581,1,0,0,0,0,0,0,0,0,0
423,2592160,Dispatch,control,0,0,0,2,2025-01,1972,7.586803535162581,0,1,0,0,0,0,0,0,0,0
423,2592160,Dispatch,control,0,0,0,3,2025-02,1972,7.586803535162581,0,0,1,0,0,0,0,0,0,0
423,2592160,Dispatch,control,0,0,0,4,2025-03,1972,7.586803535162581,0,0,0,1,0,0,0,0,0,0
423,2592160,Dispatch,control,0,0,0,5,2025-04,1972,7.586803535162581,0,0,0,0,1,0,0,0,0,0
424,4318580,Dead by Daylight: Stranger Things Chapter 2,control,0,0,0,1,2024-12,1000,6.907755278982137,1,0,0,0,0,0,0,0,0,0
424,4318580,Dead by Daylight: Stranger Things Chapter 2,control,0,0,0,2,2025-01,1000,6.907755278982137,0,1,0,0,0,0,0,0,0,0
424,4318580,Dead by Daylight: Stranger Things Chapter 2,control,0,0,0,3,2025-02,1000,6.907755278982137,0,0,1,0,0,0,0,0,0,0
424,4318580,Dead by Daylight: Stranger Things Chapter 2,control,0,0,0,4,2025-03,1000,6.907755278982137,0,0,0,1,0,0,0,0,0,0
424,4318580,Dead by Daylight: Stranger Things Chapter 2,control,0,0,0,5,2025-04,1000,6.907755278982137,0,0,0,0,1,0,0,0,0,0
425,3274580,Anno 117: Pax Romana,control,0,0,0,1,2024-12,2103,7.6511201757027,1,0,0,0,0,0,0,0,0,0
425,3274580,Anno 117: Pax Romana,control,0,0,0,2,2025-01,2103,7.6511201757027,0,1,0,0,0,0,0,0,0,0
425,3274580,Anno 117: Pax Romana,control,0,0,0,3,2025-02,2103,7.6511201757027,0,0,1,0,0,0,0,0,0,0
425,3274580,Anno 117: Pax Romana,control,0,0,0,4,2025-03,2103,7.6511201757027,0,0,0,1,0,0,0,0,0,0
425,3274580,Anno 117: Pax Romana,control,0,0,0,5,2025-04,2103,7.6511201757027,0,0,0,0,1,0,0,0,0,0
426,1675200,Steam Deck,control,0,0,0,1,2024-12,1000,6.907755278982137,1,0,0,0,0,0,0,0,0,0
426,1675200,Steam Deck,control,0,0,0,2,2025-01,1000,6.907755278982137,0,1,0,0,0,0,0,0,0,0
426,1675200,Steam Deck,control,0,0,0,3,2025-02,1000,6.907755278982137,0,0,1,0,0,0,0,0,0,0
426,1675200,Steam Deck,control,0,0,0,4,2025-03,1000,6.907755278982137,0,0,0,1,0,0,0,0,0,0
426,1675200,Steam Deck,control,0,0,0,5,2025-04,1000,6.907755278982137,0,0,0,0,1,0,0,0,0,0
427,1085660,Destiny 2,control,0,0,0,1,2024-12,10737,9.281450999434135,1,0,0,0,0,0,0,0,0,0
427,1085660,Destiny 2,control,0,0,0,2,2025-01,10737,9.281450999434135,0,1,0,0,0,0,0,0,0,0
427,1085660,Destiny 2,control,0,0,0,3,2025-02,10737,9.281450999434135,0,0,1,0,0,0,0,0,0,0
427,1085660,Destiny 2,control,0,0,0,4,2025-03,10737,9.281450999434135,0,0,0,1,0,0,0,0,0,0
427,1085660,Destiny 2,control,0,0,0,5,2025-04,10737,9.281450999434135,0,0,0,0,1,0,0,0,0,0
428,2139460,Once Human,control,0,0,0,1,2024-12,15949,9.677151410322754,1,0,0,0,0,0,0,0,0,0
428,2139460,Once Human,control,0,0,0,2,2025-01,15949,9.677151410322754,0,1,0,0,0,0,0,0,0,0
428,2139460,Once Human,control,0,0,0,3,2025-02,15949,9.677151410322754,0,0,1,0,0,0,0,0,0,0
428,2139460,Once Human,control,0,0,0,4,2025-03,15949,9.677151410322754,0,0,0,1,0,0,0,0,0,0
428,2139460,Once Human,control,0,0,0,5,2025-04,15949,9.677151410322754,0,0,0,0,1,0,0,0,0,0
429,3472040,NBA 2K26,control,0,0,0,1,2024-12,22120,10.004237455636272,1,0,0,0,0,0,0,0,0,0
429,3472040,NBA 2K26,control,0,0,0,2,2025-01,22120,10.004237455636272,0,1,0,0,0,0,0,0,0,0
429,3472040,NBA 2K26,control,0,0,0,3,2025-02,22120,10.004237455636272,0,0,1,0,0,0,0,0,0,0
429,3472040,NBA 2K26,control,0,0,0,4,2025-03,22120,10.004237455636272,0,0,0,1,0,0,0,0,0,0
429,3472040,NBA 2K26,control,0,0,0,5,2025-04,22120,10.004237455636272,0,0,0,0,1,0,0,0,0,0
430,2840770,Avatar: Frontiers of Pandora™,control,0,0,0,1,2024-12,3004,8.007700012884026,1,0,0,0,0,0,0,0,0,0
430,2840770,Avatar: Frontiers of Pandora™,control,0,0,0,2,2025-01,3004,8.007700012884026,0,1,0,0,0,0,0,0,0,0
430,2840770,Avatar: Frontiers of Pandora™,control,0,0,0,3,2025-02,3004,8.007700012884026,0,0,1,0,0,0,0,0,0,0
430,2840770,Avatar: Frontiers of Pandora™,control,0,0,0,4,2025-03,3004,8.007700012884026,0,0,0,1,0,0,0,0,0,0
430,2840770,Avatar: Frontiers of Pandora™,control,0,0,0,5,2025-04,3004,8.007700012884026,0,0,0,0,1,0,0,0,0,0
431,1326470,Sons Of The Forest,control,0,0,0,1,2024-12,9365,9.144734614878189,1,0,0,0,0,0,0,0,0,0
431,1326470,Sons Of The Forest,control,0,0,0,2,2025-01,9365,9.144734614878189,0,1,0,0,0,0,0,0,0,0
431,1326470,Sons Of The Forest,control,0,0,0,3,2025-02,9365,9.144734614878189,0,0,1,0,0,0,0,0,0,0
431,1326470,Sons Of The Forest,control,0,0,0,4,2025-03,9365,9.144734614878189,0,0,0,1,0,0,0,0,0,0
431,1326470,Sons Of The Forest,control,0,0,0,5,2025-04,9365,9.144734614878189,0,0,0,0,1,0,0,0,0,0
432,1903340,Clair Obscur: Expedition 33,control,0,0,0,1,2024-12,10293,9.23921933152656,1,0,0,0,0,0,0,0,0,0
432,1903340,Clair Obscur: Expedition 33,control,0,0,0,2,2025-01,10293,9.23921933152656,0,1,0,0,0,0,0,0,0,0
432,1903340,Clair Obscur: Expedition 33,control,0,0,0,3,2025-02,10293,9.23921933152656,0,0,1,0,0,0,0,0,0,0
432,1903340,Clair Obscur: Expedition 33,control,0,0,0,4,2025-03,10293,9.23921933152656,0,0,0,1,0,0,0,0,0,0
432,1903340,Clair Obscur: Expedition 33,control,0,0,0,5,2025-04,10293,9.23921933152656,0,0,0,0,1,0,0,0,0,0
433,2483190,Forza Horizon 6,control,0,0,0,1,2024-12,1000,6.907755278982137,1,0,0,0,0,0,0,0,0,0
433,2483190,Forza Horizon 6,control,0,0,0,2,2025-01,1000,6.907755278982137,0,1,0,0,0,0,0,0,0,0
433,2483190,Forza Horizon 6,control,0,0,0,3,2025-02,1000,6.907755278982137,0,0,1,0,0,0,0,0,0,0
433,2483190,Forza Horizon 6,control,0,0,0,4,2025-03,1000,6.907755278982137,0,0,0,1,0,0,0,0,0,0
433,2483190,Forza Horizon 6,control,0,0,0,5,2025-04,1000,6.907755278982137,0,0,0,0,1,0,0,0,0,0
434,1449850,Yu-Gi-Oh! Master Duel,control,0,0,0,1,2024-12,18483,9.82460666968268,1,0,0,0,0,0,0,0,0,0
434,1449850,Yu-Gi-Oh! Master Duel,control,0,0,0,2,2025-01,18483,9.82460666968268,0,1,0,0,0,0,0,0,0,0
434,1449850,Yu-Gi-Oh! Master Duel,control,0,0,0,3,2025-02,18483,9.82460666968268,0,0,1,0,0,0,0,0,0,0
434,1449850,Yu-Gi-Oh! Master Duel,control,0,0,0,4,2025-03,18483,9.82460666968268,0,0,0,1,0,0,0,0,0,0
434,1449850,Yu-Gi-Oh! Master Duel,control,0,0,0,5,2025-04,18483,9.82460666968268,0,0,0,0,1,0,0,0,0,0
435,3241660,R.E.P.O.,control,0,0,0,1,2024-12,33659,10.424035758450241,1,0,0,0,0,0,0,0,0,0
435,3241660,R.E.P.O.,control,0,0,0,2,2025-01,33659,10.424035758450241,0,1,0,0,0,0,0,0,0,0
435,3241660,R.E.P.O.,control,0,0,0,3,2025-02,33659,10.424035758450241,0,0,1,0,0,0,0,0,0,0
435,3241660,R.E.P.O.,control,0,0,0,4,2025-03,33659,10.424035758450241,0,0,0,1,0,0,0,0,0,0
435,3241660,R.E.P.O.,control,0,0,0,5,2025-04,33659,10.424035758450241,0,0,0,0,1,0,0,0,0,0
436,3840050,Cult of the Lamb: Woolhaven,control,0,0,0,1,2024-12,1000,6.907755278982137,1,0,0,0,0,0,0,0,0,0
436,3840050,Cult of the Lamb: Woolhaven,control,0,0,0,2,2025-01,1000,6.907755278982137,0,1,0,0,0,0,0,0,0,0
436,3840050,Cult of the Lamb: Woolhaven,control,0,0,0,3,2025-02,1000,6.907755278982137,0,0,1,0,0,0,0,0,0,0
436,3840050,Cult of the Lamb: Woolhaven,control,0,0,0,4,2025-03,1000,6.907755278982137,0,0,0,1,0,0,0,0,0,0
436,3840050,Cult of the Lamb: Woolhaven,control,0,0,0,5,2025-04,1000,6.907755278982137,0,0,0,0,1,0,0,0,0,0
437,4210150,ARC Raiders - The Bonecrown Set,control,0,0,0,1,2024-12,1000,6.907755278982137,1,0,0,0,0,0,0,0,0,0
437,4210150,ARC Raiders - The Bonecrown Set,control,0,0,0,2,2025-01,1000,6.907755278982137,0,1,0,0,0,0,0,0,0,0
437,4210150,ARC Raiders - The Bonecrown Set,control,0,0,0,3,2025-02,1000,6.907755278982137,0,0,1,0,0,0,0,0,0,0
437,4210150,ARC Raiders - The Bonecrown Set,control,0,0,0,4,2025-03,1000,6.907755278982137,0,0,0,1,0,0,0,0,0,0
437,4210150,ARC Raiders - The Bonecrown Set,control,0,0,0,5,2025-04,1000,6.907755278982137,0,0,0,0,1,0,0,0,0,0
438,3527290,PEAK,control,0,0,0,1,2024-12,17743,9.783746350923579,1,0,0,0,0,0,0,0,0,0
438,3527290,PEAK,control,0,0,0,2,2025-01,17743,9.783746350923579,0,1,0,0,0,0,0,0,0,0
438,3527290,PEAK,control,0,0,0,3,2025-02,17743,9.783746350923579,0,0,1,0,0,0,0,0,0,0
438,3527290,PEAK,control,0,0,0,4,2025-03,17743,9.783746350923579,0,0,0,1,0,0,0,0,0,0
438,3527290,PEAK,control,0,0,0,5,2025-04,17743,9.783746350923579,0,0,0,0,1,0,0,0,0,0
439,2780810,Euro Truck Simulator 2 - Nordic Horizons,control,0,0,0,1,2024-12,1000,6.907755278982137,1,0,0,0,0,0,0,0,0,0
439,2780810,Euro Truck Simulator 2 - Nordic Horizons,control,0,0,0,2,2025-01,1000,6.907755278982137,0,1,0,0,0,0,0,0,0,0
439,2780810,Euro Truck Simulator 2 - Nordic Horizons,control,0,0,0,3,2025-02,1000,6.907755278982137,0,0,1,0,0,0,0,0,0,0
439,2780810,Euro Truck Simulator 2 - Nordic Horizons,control,0,0,0,4,2025-03,1000,6.907755278982137,0,0,0,1,0,0,0,0,0,0
439,2780810,Euro Truck Simulator 2 - Nordic Horizons,control,0,0,0,5,2025-04,1000,6.907755278982137,0,0,0,0,1,0,0,0,0,0
440,427520,Factorio,control,0,0,0,1,2024-12,15120,9.623773649733524,1,0,0,0,0,0,0,0,0,0
440,427520,Factorio,control,0,0,0,2,2025-01,15120,9.623773649733524,0,1,0,0,0,0,0,0,0,0
440,427520,Factorio,control,0,0,0,3,2025-02,15120,9.623773649733524,0,0,1,0,0,0,0,0,0,0
440,427520,Factorio,control,0,0,0,4,2025-03,15120,9.623773649733524,0,0,0,1,0,0,0,0,0,0
440,427520,Factorio,control,0,0,0,5,2025-04,15120,9.623773649733524,0,0,0,0,1,0,0,0,0,0
441,2947440,SILENT HILL f,control,0,0,0,1,2024-12,833,6.725033642166843,1,0,0,0,0,0,0,0,0,0
441,2947440,SILENT HILL f,control,0,0,0,2,2025-01,833,6.725033642166843,0,1,0,0,0,0,0,0,0,0
441,2947440,SILENT HILL f,control,0,0,0,3,2025-02,833,6.725033642166843,0,0,1,0,0,0,0,0,0,0
441,2947440,SILENT HILL f,control,0,0,0,4,2025-03,833,6.725033642166843,0,0,0,1,0,0,0,0,0,0
441,2947440,SILENT HILL f,control,0,0,0,5,2025-04,833,6.725033642166843,0,0,0,0,1,0,0,0,0,0
442,2668510,Red Dead Redemption,control,0,0,0,1,2024-12,1177,7.0707241072602764,1,0,0,0,0,0,0,0,0,0
442,2668510,Red Dead Redemption,control,0,0,0,2,2025-01,1177,7.0707241072602764,0,1,0,0,0,0,0,0,0,0
442,2668510,Red Dead Redemption,control,0,0,0,3,2025-02,1177,7.0707241072602764,0,0,1,0,0,0,0,0,0,0
442,2668510,Red Dead Redemption,control,0,0,0,4,2025-03,1177,7.0707241072602764,0,0,0,1,0,0,0,0,0,0
442,2668510,Red Dead Redemption,control,0,0,0,5,2025-04,1177,7.0707241072602764,0,0,0,0,1,0,0,0,0,0
443,2141910,Magic: The Gathering Arena,control,0,0,0,1,2024-12,6495,8.7787879291047,1,0,0,0,0,0,0,0,0,0
443,2141910,Magic: The Gathering Arena,control,0,0,0,2,2025-01,6495,8.7787879291047,0,1,0,0,0,0,0,0,0,0
443,2141910,Magic: The Gathering Arena,control,0,0,0,3,2025-02,6495,8.7787879291047,0,0,1,0,0,0,0,0,0,0
443,2141910,Magic: The Gathering Arena,control,0,0,0,4,2025-03,6495,8.7787879291047,0,0,0,1,0,0,0,0,0,0
443,2141910,Magic: The Gathering Arena,control,0,0,0,5,2025-04,6495,8.7787879291047,0,0,0,0,1,0,0,0,0,0
444,3764200,Resident Evil Requiem,control,0,0,0,1,2024-12,1000,6.907755278982137,1,0,0,0,0,0,0,0,0,0
444,3764200,Resident Evil Requiem,control,0,0,0,2,2025-01,1000,6.907755278982137,0,1,0,0,0,0,0,0,0,0
444,3764200,Resident Evil Requiem,control,0,0,0,3,2025-02,1000,6.907755278982137,0,0,1,0,0,0,0,0,0,0
444,3764200,Resident Evil Requiem,control,0,0,0,4,2025-03,1000,6.907755278982137,0,0,0,1,0,0,0,0,0,0
444,3764200,Resident Evil Requiem,control,0,0,0,5,2025-04,1000,6.907755278982137,0,0,0,0,1,0,0,0,0,0
445,270880,American Truck Simulator,control,0,0,0,1,2024-12,4831,8.482808764554406,1,0,0,0,0,0,0,0,0,0
445,270880,American Truck Simulator,control,0,0,0,2,2025-01,4831,8.482808764554406,0,1,0,0,0,0,0,0,0,0
445,270880,American Truck Simulator,control,0,0,0,3,2025-02,4831,8.482808764554406,0,0,1,0,0,0,0,0,0,0
445,270880,American Truck Simulator,control,0,0,0,4,2025-03,4831,8.482808764554406,0,0,0,1,0,0,0,0,0,0
445,270880,American Truck Simulator,control,0,0,0,5,2025-04,4831,8.482808764554406,0,0,0,0,1,0,0,0,0,0
446,2622380,ELDEN RING NIGHTREIGN,control,0,0,0,1,2024-12,49338,10.80644985419895,1,0,0,0,0,0,0,0,0,0
446,2622380,ELDEN RING NIGHTREIGN,control,0,0,0,2,2025-01,49338,10.80644985419895,0,1,0,0,0,0,0,0,0,0
446,2622380,ELDEN RING NIGHTREIGN,control,0,0,0,3,2025-02,49338,10.80644985419895,0,0,1,0,0,0,0,0,0,0
446,2622380,ELDEN RING NIGHTREIGN,control,0,0,0,4,2025-03,49338,10.80644985419895,0,0,0,1,0,0,0,0,0,0
446,2622380,ELDEN RING NIGHTREIGN,control,0,0,0,5,2025-04,49338,10.80644985419895,0,0,0,0,1,0,0,0,0,0
447,2001120,Split Fiction,control,0,0,0,1,2024-12,7923,8.977525200965243,1,0,0,0,0,0,0,0,0,0
447,2001120,Split Fiction,control,0,0,0,2,2025-01,7923,8.977525200965243,0,1,0,0,0,0,0,0,0,0
447,2001120,Split Fiction,control,0,0,0,3,2025-02,7923,8.977525200965243,0,0,1,0,0,0,0,0,0,0
447,2001120,Split Fiction,control,0,0,0,4,2025-03,7923,8.977525200965243,0,0,0,1,0,0,0,0,0,0
447,2001120,Split Fiction,control,0,0,0,5,2025-04,7923,8.977525200965243,0,0,0,0,1,0,0,0,0,0
448,648800,Raft,control,0,0,0,1,2024-12,8119,9.001962272862446,1,0,0,0,0,0,0,0,0,0
448,648800,Raft,control,0,0,0,2,2025-01,8119,9.001962272862446,0,1,0,0,0,0,0,0,0,0
448,648800,Raft,control,0,0,0,3,2025-02,8119,9.001962272862446,0,0,1,0,0,0,0,0,0,0
448,648800,Raft,control,0,0,0,4,2025-03,8119,9.001962272862446,0,0,0,1,0,0,0,0,0,0
448,648800,Raft,control,0,0,0,5,2025-04,8119,9.001962272862446,0,0,0,0,1,0,0,0,0,0
449,440,Team Fortress 2,control,0,0,0,1,2024-12,54425,10.904578886102748,1,0,0,0,0,0,0,0,0,0
449,440,Team Fortress 2,control,0,0,0,2,2025-01,54425,10.904578886102748,0,1,0,0,0,0,0,0,0,0
449,440,Team Fortress 2,control,0,0,0,3,2025-02,54425,10.904578886102748,0,0,1,0,0,0,0,0,0,0
449,440,Team Fortress 2,control,0,0,0,4,2025-03,54425,10.904578886102748,0,0,0,1,0,0,0,0,0,0
449,440,Team Fortress 2,control,0,0,0,5,2025-04,54425,10.904578886102748,0,0,0,0,1,0,0,0,0,0
450,2827200,MIMESIS,control,0,0,0,1,2024-12,1007,6.914730892718563,1,0,0,0,0,0,0,0,0,0
450,2827200,MIMESIS,control,0,0,0,2,2025-01,1007,6.914730892718563,0,1,0,0,0,0,0,0,0,0
450,2827200,MIMESIS,control,0,0,0,3,2025-02,1007,6.914730892718563,0,0,1,0,0,0,0,0,0,0
450,2827200,MIMESIS,control,0,0,0,4,2025-03,1007,6.914730892718563,0,0,0,1,0,0,0,0,0,0
450,2827200,MIMESIS,control,0,0,0,5,2025-04,1007,6.914730892718563,0,0,0,0,1,0,0,0,0,0
451,3656800,Train Sim World® 6,control,0,0,0,1,2024-12,730,6.593044534142437,1,0,0,0,0,0,0,0,0,0
451,3656800,Train Sim World® 6,control,0,0,0,2,2025-01,730,6.593044534142437,0,1,0,0,0,0,0,0,0,0
451,3656800,Train Sim World® 6,control,0,0,0,3,2025-02,730,6.593044534142437,0,0,1,0,0,0,0,0,0,0
451,3656800,Train Sim World® 6,control,0,0,0,4,2025-03,730,6.593044534142437,0,0,0,1,0,0,0,0,0,0
451,3656800,Train Sim World® 6,control,0,0,0,5,2025-04,730,6.593044534142437,0,0,0,0,1,0,0,0,0,0
452,2138330,Cyberpunk 2077: Phantom Liberty,control,0,0,0,1,2024-12,1000,6.907755278982137,1,0,0,0,0,0,0,0,0,0
452,2138330,Cyberpunk 2077: Phantom Liberty,control,0,0,0,2,2025-01,1000,6.907755278982137,0,1,0,0,0,0,0,0,0,0
452,2138330,Cyberpunk 2077: Phantom Liberty,control,0,0,0,3,2025-02,1000,6.907755278982137,0,0,1,0,0,0,0,0,0,0
452,2138330,Cyberpunk 2077: Phantom Liberty,control,0,0,0,4,2025-03,1000,6.907755278982137,0,0,0,1,0,0,0,0,0,0
452,2138330,Cyberpunk 2077: Phantom Liberty,control,0,0,0,5,2025-04,1000,6.907755278982137,0,0,0,0,1,0,0,0,0,0
453,3606480,Call of Duty®: Black Ops 7,control,0,0,0,1,2024-12,1000,6.907755278982137,1,0,0,0,0,0,0,0,0,0
453,3606480,Call of Duty®: Black Ops 7,control,0,0,0,2,2025-01,1000,6.907755278982137,0,1,0,0,0,0,0,0,0,0
453,3606480,Call of Duty®: Black Ops 7,control,0,0,0,3,2025-02,1000,6.907755278982137,0,0,1,0,0,0,0,0,0,0
453,3606480,Call of Duty®: Black Ops 7,control,0,0,0,4,2025-03,1000,6.907755278982137,0,0,0,1,0,0,0,0,0,0
453,3606480,Call of Duty®: Black Ops 7,control,0,0,0,5,2025-04,1000,6.907755278982137,0,0,0,0,1,0,0,0,0,0
454,2001120,Split Fiction,control,0,0,0,1,2024-12,7923,8.977525200965243,1,0,0,0,0,0,0,0,0,0
454,2001120,Split Fiction,control,0,0,0,2,2025-01,7923,8.977525200965243,0,1,0,0,0,0,0,0,0,0
454,2001120,Split Fiction,control,0,0,0,3,2025-02,7923,8.977525200965243,0,0,1,0,0,0,0,0,0,0
454,2001120,Split Fiction,control,0,0,0,4,2025-03,7923,8.977525200965243,0,0,0,1,0,0,0,0,0,0
454,2001120,Split Fiction,control,0,0,0,5,2025-04,7923,8.977525200965243,0,0,0,0,1,0,0,0,0,0
455,2956680,LORT,control,0,0,0,1,2024-12,1979,7.590346945602565,1,0,0,0,0,0,0,0,0,0
455,2956680,LORT,control,0,0,0,2,2025-01,1979,7.590346945602565,0,1,0,0,0,0,0,0,0,0
455,2956680,LORT,control,0,0,0,3,2025-02,1979,7.590346945602565,0,0,1,0,0,0,0,0,0,0
455,2956680,LORT,control,0,0,0,4,2025-03,1979,7.590346945602565,0,0,0,1,0,0,0,0,0,0
455,2956680,LORT,control,0,0,0,5,2025-04,1979,7.590346945602565,0,0,0,0,1,0,0,0,0,0
456,2661300,Grounded 2,control,0,0,0,1,2024-12,5927,8.687273461787838,1,0,0,0,0,0,0,0,0,0
456,2661300,Grounded 2,control,0,0,0,2,2025-01,5927,8.687273461787838,0,1,0,0,0,0,0,0,0,0
456,2661300,Grounded 2,control,0,0,0,3,2025-02,5927,8.687273461787838,0,0,1,0,0,0,0,0,0,0
456,2661300,Grounded 2,control,0,0,0,4,2025-03,5927,8.687273461787838,0,0,0,1,0,0,0,0,0,0
456,2661300,Grounded 2,control,0,0,0,5,2025-04,5927,8.687273461787838,0,0,0,0,1,0,0,0,0,0
457,281990,Stellaris,control,0,0,0,1,2024-12,16327,9.700575458126165,1,0,0,0,0,0,0,0,0,0
457,281990,Stellaris,control,0,0,0,2,2025-01,16327,9.700575458126165,0,1,0,0,0,0,0,0,0,0
457,281990,Stellaris,control,0,0,0,3,2025-02,16327,9.700575458126165,0,0,1,0,0,0,0,0,0,0
457,281990,Stellaris,control,0,0,0,4,2025-03,16327,9.700575458126165,0,0,0,1,0,0,0,0,0,0
457,281990,Stellaris,control,0,0,0,5,2025-04,16327,9.700575458126165,0,0,0,0,1,0,0,0,0,0
458,431960,Wallpaper Engine,control,0,0,0,1,2024-12,119874,11.694196470128004,1,0,0,0,0,0,0,0,0,0
458,431960,Wallpaper Engine,control,0,0,0,2,2025-01,119874,11.694196470128004,0,1,0,0,0,0,0,0,0,0
458,431960,Wallpaper Engine,control,0,0,0,3,2025-02,119874,11.694196470128004,0,0,1,0,0,0,0,0,0,0
458,431960,Wallpaper Engine,control,0,0,0,4,2025-03,119874,11.694196470128004,0,0,0,1,0,0,0,0,0,0
458,431960,Wallpaper Engine,control,0,0,0,5,2025-04,119874,11.694196470128004,0,0,0,0,1,0,0,0,0,0
459,594650,Hunt: Showdown 1896,control,0,0,0,1,2024-12,19829,9.894900791598806,1,0,0,0,0,0,0,0,0,0
459,594650,Hunt: Showdown 1896,control,0,0,0,2,2025-01,19829,9.894900791598806,0,1,0,0,0,0,0,0,0,0
459,594650,Hunt: Showdown 1896,control,0,0,0,3,2025-02,19829,9.894900791598806,0,0,1,0,0,0,0,0,0,0
459,594650,Hunt: Showdown 1896,control,0,0,0,4,2025-03,19829,9.894900791598806,0,0,0,1,0,0,0,0,0,0
459,594650,Hunt: Showdown 1896,control,0,0,0,5,2025-04,19829,9.894900791598806,0,0,0,0,1,0,0,0,0,0
460,2062430,BALL x PIT,control,0,0,0,1,2024-12,4684,8.451907724717607,1,0,0,0,0,0,0,0,0,0
460,2062430,BALL x PIT,control,0,0,0,2,2025-01,4684,8.451907724717607,0,1,0,0,0,0,0,0,0,0
460,2062430,BALL x PIT,control,0,0,0,3,2025-02,4684,8.451907724717607,0,0,1,0,0,0,0,0,0,0
460,2062430,BALL x PIT,control,0,0,0,4,2025-03,4684,8.451907724717607,0,0,0,1,0,0,0,0,0,0
460,2062430,BALL x PIT,control,0,0,0,5,2025-04,4684,8.451907724717607,0,0,0,0,1,0,0,0,0,0
461,546560,Half-Life: Alyx,control,0,0,0,1,2024-12,476,6.16541785423142,1,0,0,0,0,0,0,0,0,0
461,546560,Half-Life: Alyx,control,0,0,0,2,2025-01,476,6.16541785423142,0,1,0,0,0,0,0,0,0,0
461,546560,Half-Life: Alyx,control,0,0,0,3,2025-02,476,6.16541785423142,0,0,1,0,0,0,0,0,0,0
461,546560,Half-Life: Alyx,control,0,0,0,4,2025-03,476,6.16541785423142,0,0,0,1,0,0,0,0,0,0
461,546560,Half-Life: Alyx,control,0,0,0,5,2025-04,476,6.16541785423142,0,0,0,0,1,0,0,0,0,0
462,3948510,ARC Raiders - Upgrade to Deluxe Edition,control,0,0,0,1,2024-12,1000,6.907755278982137,1,0,0,0,0,0,0,0,0,0
462,3948510,ARC Raiders - Upgrade to Deluxe Edition,control,0,0,0,2,2025-01,1000,6.907755278982137,0,1,0,0,0,0,0,0,0,0
462,3948510,ARC Raiders - Upgrade to Deluxe Edition,control,0,0,0,3,2025-02,1000,6.907755278982137,0,0,1,0,0,0,0,0,0,0
462,3948510,ARC Raiders - Upgrade to Deluxe Edition,control,0,0,0,4,2025-03,1000,6.907755278982137,0,0,0,1,0,0,0,0,0,0
462,3948510,ARC Raiders - Upgrade to Deluxe Edition,control,0,0,0,5,2025-04,1000,6.907755278982137,0,0,0,0,1,0,0,0,0,0
463,3669570,Alchemy Factory,control,0,0,0,1,2024-12,2503,7.8252452914317745,1,0,0,0,0,0,0,0,0,0
463,3669570,Alchemy Factory,control,0,0,0,2,2025-01,2503,7.8252452914317745,0,1,0,0,0,0,0,0,0,0
463,3669570,Alchemy Factory,control,0,0,0,3,2025-02,2503,7.8252452914317745,0,0,1,0,0,0,0,0,0,0
463,3669570,Alchemy Factory,control,0,0,0,4,2025-03,2503,7.8252452914317745,0,0,0,1,0,0,0,0,0,0
463,3669570,Alchemy Factory,control,0,0,0,5,2025-04,2503,7.8252452914317745,0,0,0,0,1,0,0,0,0,0
464,1783560,The Last Caretaker,control,0,0,0,1,2024-12,1408,7.249925536717988,1,0,0,0,0,0,0,0,0,0
464,1783560,The Last Caretaker,control,0,0,0,2,2025-01,1408,7.249925536717988,0,1,0,0,0,0,0,0,0,0
464,1783560,The Last Caretaker,control,0,0,0,3,2025-02,1408,7.249925536717988,0,0,1,0,0,0,0,0,0,0
464,1783560,The Last Caretaker,control,0,0,0,4,2025-03,1408,7.249925536717988,0,0,0,1,0,0,0,0,0,0
464,1783560,The Last Caretaker,control,0,0,0,5,2025-04,1408,7.249925536717988,0,0,0,0,1,0,0,0,0,0
465,2958130,Jurassic World Evolution 3,control,0,0,0,1,2024-12,1091,6.994849985833071,1,0,0,0,0,0,0,0,0,0
465,2958130,Jurassic World Evolution 3,control,0,0,0,2,2025-01,1091,6.994849985833071,0,1,0,0,0,0,0,0,0,0
465,2958130,Jurassic World Evolution 3,control,0,0,0,3,2025-02,1091,6.994849985833071,0,0,1,0,0,0,0,0,0,0
465,2958130,Jurassic World Evolution 3,control,0,0,0,4,2025-03,1091,6.994849985833071,0,0,0,1,0,0,0,0,0,0
465,2958130,Jurassic World Evolution 3,control,0,0,0,5,2025-04,1091,6.994849985833071,0,0,0,0,1,0,0,0,0,0
466,1547000,Grand Theft Auto: San Andreas – The Definitive Edition,control,0,0,0,1,2024-12,1282,7.156176637480615,1,0,0,0,0,0,0,0,0,0
466,1547000,Grand Theft Auto: San Andreas – The Definitive Edition,control,0,0,0,2,2025-01,1282,7.156176637480615,0,1,0,0,0,0,0,0,0,0
466,1547000,Grand Theft Auto: San Andreas – The Definitive Edition,control,0,0,0,3,2025-02,1282,7.156176637480615,0,0,1,0,0,0,0,0,0,0
466,1547000,Grand Theft Auto: San Andreas – The Definitive Edition,control,0,0,0,4,2025-03,1282,7.156176637480615,0,0,0,1,0,0,0,0,0,0
466,1547000,Grand Theft Auto: San Andreas – The Definitive Edition,control,0,0,0,5,2025-04,1282,7.156176637480615,0,0,0,0,1,0,0,0,0,0
467,3681010,Nioh 3,control,0,0,0,1,2024-12,1000,6.907755278982137,1,0,0,0,0,0,0,0,0,0
467,3681010,Nioh 3,control,0,0,0,2,2025-01,1000,6.907755278982137,0,1,0,0,0,0,0,0,0,0
467,3681010,Nioh 3,control,0,0,0,3,2025-02,1000,6.907755278982137,0,0,1,0,0,0,0,0,0,0
467,3681010,Nioh 3,control,0,0,0,4,2025-03,1000,6.907755278982137,0,0,0,1,0,0,0,0,0,0
467,3681010,Nioh 3,control,0,0,0,5,2025-04,1000,6.907755278982137,0,0,0,0,1,0,0,0,0,0
468,2948190,World of Sea Battle,control,0,0,0,1,2024-12,2499,7.823645930834952,1,0,0,0,0,0,0,0,0,0
468,2948190,World of Sea Battle,control,0,0,0,2,2025-01,2499,7.823645930834952,0,1,0,0,0,0,0,0,0,0
468,2948190,World of Sea Battle,control,0,0,0,3,2025-02,2499,7.823645930834952,0,0,1,0,0,0,0,0,0,0
468,2948190,World of Sea Battle,control,0,0,0,4,2025-03,2499,7.823645930834952,0,0,0,1,0,0,0,0,0,0
468,2948190,World of Sea Battle,control,0,0,0,5,2025-04,2499,7.823645930834952,0,0,0,0,1,0,0,0,0,0
469,250900,The Binding of Isaac: Rebirth,control,0,0,0,1,2024-12,21575,9.979290515951629,1,0,0,0,0,0,0,0,0,0
469,250900,The Binding of Isaac: Rebirth,control,0,0,0,2,2025-01,21575,9.979290515951629,0,1,0,0,0,0,0,0,0,0
469,250900,The Binding of Isaac: Rebirth,control,0,0,0,3,2025-02,21575,9.979290515951629,0,0,1,0,0,0,0,0,0,0
469,250900,The Binding of Isaac: Rebirth,control,0,0,0,4,2025-03,21575,9.979290515951629,0,0,0,1,0,0,0,0,0,0
469,250900,The Binding of Isaac: Rebirth,control,0,0,0,5,2025-04,21575,9.979290515951629,0,0,0,0,1,0,0,0,0,0
470,3932890,Escape from Tarkov,control,0,0,0,1,2024-12,18381,9.819072801393764,1,0,0,0,0,0,0,0,0,0
470,3932890,Escape from Tarkov,control,0,0,0,2,2025-01,18381,9.819072801393764,0,1,0,0,0,0,0,0,0,0
470,3932890,Escape from Tarkov,control,0,0,0,3,2025-02,18381,9.819072801393764,0,0,1,0,0,0,0,0,0,0
470,3932890,Escape from Tarkov,control,0,0,0,4,2025-03,18381,9.819072801393764,0,0,0,1,0,0,0,0,0,0
470,3932890,Escape from Tarkov,control,0,0,0,5,2025-04,18381,9.819072801393764,0,0,0,0,1,0,0,0,0,0
471,3028330,Battlefield™ REDSEC,control,0,0,0,1,2024-12,2,0.6931471805599453,1,0,0,0,0,0,0,0,0,0
471,3028330,Battlefield™ REDSEC,control,0,0,0,2,2025-01,2,0.6931471805599453,0,1,0,0,0,0,0,0,0,0
471,3028330,Battlefield™ REDSEC,control,0,0,0,3,2025-02,2,0.6931471805599453,0,0,1,0,0,0,0,0,0,0
471,3028330,Battlefield™ REDSEC,control,0,0,0,4,2025-03,2,0.6931471805599453,0,0,0,1,0,0,0,0,0,0
471,3028330,Battlefield™ REDSEC,control,0,0,0,5,2025-04,2,0.6931471805599453,0,0,0,0,1,0,0,0,0,0
472,3008130,Dying Light: The Beast,control,0,0,0,1,2024-12,2098,7.6487397889562425,1,0,0,0,0,0,0,0,0,0
472,3008130,Dying Light: The Beast,control,0,0,0,2,2025-01,2098,7.6487397889562425,0,1,0,0,0,0,0,0,0,0
472,3008130,Dying Light: The Beast,control,0,0,0,3,2025-02,2098,7.6487397889562425,0,0,1,0,0,0,0,0,0,0
472,3008130,Dying Light: The Beast,control,0,0,0,4,2025-03,2098,7.6487397889562425,0,0,0,1,0,0,0,0,0,0
472,3008130,Dying Light: The Beast,control,0,0,0,5,2025-04,2098,7.6487397889562425,0,0,0,0,1,0,0,0,0,0
473,3097560,Liar's Bar,control,0,0,0,1,2024-12,738,6.6039438246004725,1,0,0,0,0,0,0,0,0,0
473,3097560,Liar's Bar,control,0,0,0,2,2025-01,738,6.6039438246004725,0,1,0,0,0,0,0,0,0,0
473,3097560,Liar's Bar,control,0,0,0,3,2025-02,738,6.6039438246004725,0,0,1,0,0,0,0,0,0,0
473,3097560,Liar's Bar,control,0,0,0,4,2025-03,738,6.6039438246004725,0,0,0,1,0,0,0,0,0,0
473,3097560,Liar's Bar,control,0,0,0,5,2025-04,738,6.6039438246004725,0,0,0,0,1,0,0,0,0,0
474,3846120,MineMogul,control,0,0,0,1,2024-12,1034,6.9411900550683745,1,0,0,0,0,0,0,0,0,0
474,3846120,MineMogul,control,0,0,0,2,2025-01,1034,6.9411900550683745,0,1,0,0,0,0,0,0,0,0
474,3846120,MineMogul,control,0,0,0,3,2025-02,1034,6.9411900550683745,0,0,1,0,0,0,0,0,0,0
474,3846120,MineMogul,control,0,0,0,4,2025-03,1034,6.9411900550683745,0,0,0,1,0,0,0,0,0,0
474,3846120,MineMogul,control,0,0,0,5,2025-04,1034,6.9411900550683745,0,0,0,0,1,0,0,0,0,0
475,4025700,Heartopia,control,0,0,0,1,2024-12,40499,10.60903256143177,1,0,0,0,0,0,0,0,0,0
475,4025700,Heartopia,control,0,0,0,2,2025-01,40499,10.60903256143177,0,1,0,0,0,0,0,0,0,0
475,4025700,Heartopia,control,0,0,0,3,2025-02,40499,10.60903256143177,0,0,1,0,0,0,0,0,0,0
475,4025700,Heartopia,control,0,0,0,4,2025-03,40499,10.60903256143177,0,0,0,1,0,0,0,0,0,0
475,4025700,Heartopia,control,0,0,0,5,2025-04,40499,10.60903256143177,0,0,0,0,1,0,0,0,0,0
476,322170,Geometry Dash,control,0,0,0,1,2024-12,45676,10.729328274821539,1,0,0,0,0,0,0,0,0,0
476,322170,Geometry Dash,control,0,0,0,2,2025-01,45676,10.729328274821539,0,1,0,0,0,0,0,0,0,0
476,322170,Geometry Dash,control,0,0,0,3,2025-02,45676,10.729328274821539,0,0,1,0,0,0,0,0,0,0
476,322170,Geometry Dash,control,0,0,0,4,2025-03,45676,10.729328274821539,0,0,0,1,0,0,0,0,0,0
476,322170,Geometry Dash,control,0,0,0,5,2025-04,45676,10.729328274821539,0,0,0,0,1,0,0,0,0,0
477,1029690,Sniper Elite 5,control,0,0,0,1,2024-12,2611,7.8674885686991285,1,0,0,0,0,0,0,0,0,0
477,1029690,Sniper Elite 5,control,0,0,0,2,2025-01,2611,7.8674885686991285,0,1,0,0,0,0,0,0,0,0
477,1029690,Sniper Elite 5,control,0,0,0,3,2025-02,2611,7.8674885686991285,0,0,1,0,0,0,0,0,0,0
477,1029690,Sniper Elite 5,control,0,0,0,4,2025-03,2611,7.8674885686991285,0,0,0,1,0,0,0,0,0,0
477,1029690,Sniper Elite 5,control,0,0,0,5,2025-04,2611,7.8674885686991285,0,0,0,0,1,0,0,0,0,0
478,2074920,The First Descendant,control,0,0,0,1,2024-12,4474,8.406038142050075,1,0,0,0,0,0,0,0,0,0
478,2074920,The First Descendant,control,0,0,0,2,2025-01,4474,8.406038142050075,0,1,0,0,0,0,0,0,0,0
478,2074920,The First Descendant,control,0,0,0,3,2025-02,4474,8.406038142050075,0,0,1,0,0,0,0,0,0,0
478,2074920,The First Descendant,control,0,0,0,4,2025-03,4474,8.406038142050075,0,0,0,1,0,0,0,0,0,0
478,2074920,The First Descendant,control,0,0,0,5,2025-04,4474,8.406038142050075,0,0,0,0,1,0,0,0,0,0
479,3720100,ARK: Lost Colony Expansion Pass,control,0,0,0,1,2024-12,1000,6.907755278982137,1,0,0,0,0,0,0,0,0,0
479,3720100,ARK: Lost Colony Expansion Pass,control,0,0,0,2,2025-01,1000,6.907755278982137,0,1,0,0,0,0,0,0,0,0
479,3720100,ARK: Lost Colony Expansion Pass,control,0,0,0,3,2025-02,1000,6.907755278982137,0,0,1,0,0,0,0,0,0,0
479,3720100,ARK: Lost Colony Expansion Pass,control,0,0,0,4,2025-03,1000,6.907755278982137,0,0,0,1,0,0,0,0,0,0
479,3720100,ARK: Lost Colony Expansion Pass,control,0,0,0,5,2025-04,1000,6.907755278982137,0,0,0,0,1,0,0,0,0,0
480,2552430,KINGDOM HEARTS -HD 1.5+2.5 ReMIX-,control,0,0,0,1,2024-12,890,6.7912214627261855,1,0,0,0,0,0,0,0,0,0
480,2552430,KINGDOM HEARTS -HD 1.5+2.5 ReMIX-,control,0,0,0,2,2025-01,890,6.7912214627261855,0,1,0,0,0,0,0,0,0,0
480,2552430,KINGDOM HEARTS -HD 1.5+2.5 ReMIX-,control,0,0,0,3,2025-02,890,6.7912214627261855,0,0,1,0,0,0,0,0,0,0
480,2552430,KINGDOM HEARTS -HD 1.5+2.5 ReMIX-,control,0,0,0,4,2025-03,890,6.7912214627261855,0,0,0,1,0,0,0,0,0,0
480,2552430,KINGDOM HEARTS -HD 1.5+2.5 ReMIX-,control,0,0,0,5,2025-04,890,6.7912214627261855,0,0,0,0,1,0,0,0,0,0
481,1665460,eFootball™,control,0,0,0,1,2024-12,13762,9.529666449762425,1,0,0,0,0,0,0,0,0,0
481,1665460,eFootball™,control,0,0,0,2,2025-01,13762,9.529666449762425,0,1,0,0,0,0,0,0,0,0
481,1665460,eFootball™,control,0,0,0,3,2025-02,13762,9.529666449762425,0,0,1,0,0,0,0,0,0,0
481,1665460,eFootball™,control,0,0,0,4,2025-03,13762,9.529666449762425,0,0,0,1,0,0,0,0,0,0
481,1665460,eFootball™,control,0,0,0,5,2025-04,13762,9.529666449762425,0,0,0,0,1,0,0,0,0,0
482,3450310,Europa Universalis V,control,0,0,0,1,2024-12,7695,8.94832604627298,1,0,0,0,0,0,0,0,0,0
482,3450310,Europa Universalis V,control,0,0,0,2,2025-01,7695,8.94832604627298,0,1,0,0,0,0,0,0,0,0
482,3450310,Europa Universalis V,control,0,0,0,3,2025-02,7695,8.94832604627298,0,0,1,0,0,0,0,0,0,0
482,3450310,Europa Universalis V,control,0,0,0,4,2025-03,7695,8.94832604627298,0,0,0,1,0,0,0,0,0,0
482,3450310,Europa Universalis V,control,0,0,0,5,2025-04,7695,8.94832604627298,0,0,0,0,1,0,0,0,0,0
483,2373990,Solo Leveling: ARISE OVERDRIVE,control,0,0,0,1,2024-12,699,6.54965074223381,1,0,0,0,0,0,0,0,0,0
483,2373990,Solo Leveling: ARISE OVERDRIVE,control,0,0,0,2,2025-01,699,6.54965074223381,0,1,0,0,0,0,0,0,0,0
483,2373990,Solo Leveling: ARISE OVERDRIVE,control,0,0,0,3,2025-02,699,6.54965074223381,0,0,1,0,0,0,0,0,0,0
483,2373990,Solo Leveling: ARISE OVERDRIVE,control,0,0,0,4,2025-03,699,6.54965074223381,0,0,0,1,0,0,0,0,0,0
483,2373990,Solo Leveling: ARISE OVERDRIVE,control,0,0,0,5,2025-04,699,6.54965074223381,0,0,0,0,1,0,0,0,0,0
484,3224770,Umamusume: Pretty Derby,control,0,0,0,1,2024-12,9907,9.20099685697303,1,0,0,0,0,0,0,0,0,0
484,3224770,Umamusume: Pretty Derby,control,0,0,0,2,2025-01,9907,9.20099685697303,0,1,0,0,0,0,0,0,0,0
484,3224770,Umamusume: Pretty Derby,control,0,0,0,3,2025-02,9907,9.20099685697303,0,0,1,0,0,0,0,0,0,0
484,3224770,Umamusume: Pretty Derby,control,0,0,0,4,2025-03,9907,9.20099685697303,0,0,0,1,0,0,0,0,0,0
484,3224770,Umamusume: Pretty Derby,control,0,0,0,5,2025-04,9907,9.20099685697303,0,0,0,0,1,0,0,0,0,0
485,1426210,It Takes Two,control,0,0,0,1,2024-12,19452,9.875705171523677,1,0,0,0,0,0,0,0,0,0
485,1426210,It Takes Two,control,0,0,0,2,2025-01,19452,9.875705171523677,0,1,0,0,0,0,0,0,0,0
485,1426210,It Takes Two,control,0,0,0,3,2025-02,19452,9.875705171523677,0,0,1,0,0,0,0,0,0,0
485,1426210,It Takes Two,control,0,0,0,4,2025-03,19452,9.875705171523677,0,0,0,1,0,0,0,0,0,0
485,1426210,It Takes Two,control,0,0,0,5,2025-04,19452,9.875705171523677,0,0,0,0,1,0,0,0,0,0
486,1984270,Digimon Story Time Stranger,control,0,0,0,1,2024-12,1597,7.3758821482150125,1,0,0,0,0,0,0,0,0,0
486,1984270,Digimon Story Time Stranger,control,0,0,0,2,2025-01,1597,7.3758821482150125,0,1,0,0,0,0,0,0,0,0
486,1984270,Digimon Story Time Stranger,control,0,0,0,3,2025-02,1597,7.3758821482150125,0,0,1,0,0,0,0,0,0,0
486,1984270,Digimon Story Time Stranger,control,0,0,0,4,2025-03,1597,7.3758821482150125,0,0,0,1,0,0,0,0,0,0
486,1984270,Digimon Story Time Stranger,control,0,0,0,5,2025-04,1597,7.3758821482150125,0,0,0,0,1,0,0,0,0,0
487,4124950,Ashes of Creation,control,0,0,0,1,2024-12,10162,9.226410552153677,1,0,0,0,0,0,0,0,0,0
487,4124950,Ashes of Creation,control,0,0,0,2,2025-01,10162,9.226410552153677,0,1,0,0,0,0,0,0,0,0
487,4124950,Ashes of Creation,control,0,0,0,3,2025-02,10162,9.226410552153677,0,0,1,0,0,0,0,0,0,0
487,4124950,Ashes of Creation,control,0,0,0,4,2025-03,10162,9.226410552153677,0,0,0,1,0,0,0,0,0,0
487,4124950,Ashes of Creation,control,0,0,0,5,2025-04,10162,9.226410552153677,0,0,0,0,1,0,0,0,0,0
488,2737070,Crime Simulator,control,0,0,0,1,2024-12,850,6.745236349484363,1,0,0,0,0,0,0,0,0,0
488,2737070,Crime Simulator,control,0,0,0,2,2025-01,850,6.745236349484363,0,1,0,0,0,0,0,0,0,0
488,2737070,Crime Simulator,control,0,0,0,3,2025-02,850,6.745236349484363,0,0,1,0,0,0,0,0,0,0
488,2737070,Crime Simulator,control,0,0,0,4,2025-03,850,6.745236349484363,0,0,0,1,0,0,0,0,0,0
488,2737070,Crime Simulator,control,0,0,0,5,2025-04,850,6.745236349484363,0,0,0,0,1,0,0,0,0,0
489,288470,Fable Anniversary,control,0,0,0,1,2024-12,954,6.860663671448287,1,0,0,0,0,0,0,0,0,0
489,288470,Fable Anniversary,control,0,0,0,2,2025-01,954,6.860663671448287,0,1,0,0,0,0,0,0,0,0
489,288470,Fable Anniversary,control,0,0,0,3,2025-02,954,6.860663671448287,0,0,1,0,0,0,0,0,0,0
489,288470,Fable Anniversary,control,0,0,0,4,2025-03,954,6.860663671448287,0,0,0,1,0,0,0,0,0,0
489,288470,Fable Anniversary,control,0,0,0,5,2025-04,954,6.860663671448287,0,0,0,0,1,0,0,0,0,0
490,1030300,Hollow Knight: Silksong,control,0,0,0,1,2024-12,12934,9.467614782006539,1,0,0,0,0,0,0,0,0,0
490,1030300,Hollow Knight: Silksong,control,0,0,0,2,2025-01,12934,9.467614782006539,0,1,0,0,0,0,0,0,0,0
490,1030300,Hollow Knight: Silksong,control,0,0,0,3,2025-02,12934,9.467614782006539,0,0,1,0,0,0,0,0,0,0
490,1030300,Hollow Knight: Silksong,control,0,0,0,4,2025-03,12934,9.467614782006539,0,0,0,1,0,0,0,0,0,0
490,1030300,Hollow Knight: Silksong,control,0,0,0,5,2025-04,12934,9.467614782006539,0,0,0,0,1,0,0,0,0,0
491,2357570,Overwatch® 2,control,0,0,0,1,2024-12,22805,10.034735089145801,1,0,0,0,0,0,0,0,0,0
491,2357570,Overwatch® 2,control,0,0,0,2,2025-01,22805,10.034735089145801,0,1,0,0,0,0,0,0,0,0
491,2357570,Overwatch® 2,control,0,0,0,3,2025-02,22805,10.034735089145801,0,0,1,0,0,0,0,0,0,0
491,2357570,Overwatch® 2,control,0,0,0,4,2025-03,22805,10.034735089145801,0,0,0,1,0,0,0,0,0,0
491,2357570,Overwatch® 2,control,0,0,0,5,2025-04,22805,10.034735089145801,0,0,0,0,1,0,0,0,0,0
492,766570,Russian Fishing 4,control,0,0,0,1,2024-12,20524,9.929350212061856,1,0,0,0,0,0,0,0,0,0
492,766570,Russian Fishing 4,control,0,0,0,2,2025-01,20524,9.929350212061856,0,1,0,0,0,0,0,0,0,0
492,766570,Russian Fishing 4,control,0,0,0,3,2025-02,20524,9.929350212061856,0,0,1,0,0,0,0,0,0,0
492,766570,Russian Fishing 4,control,0,0,0,4,2025-03,20524,9.929350212061856,0,0,0,1,0,0,0,0,0,0
492,766570,Russian Fishing 4,control,0,0,0,5,2025-04,20524,9.929350212061856,0,0,0,0,1,0,0,0,0,0
493,2995920,It Takes Two Friend's Pass,control,0,0,0,1,2024-12,1000,6.907755278982137,1,0,0,0,0,0,0,0,0,0
493,2995920,It Takes Two Friend's Pass,control,0,0,0,2,2025-01,1000,6.907755278982137,0,1,0,0,0,0,0,0,0,0
493,2995920,It Takes Two Friend's Pass,control,0,0,0,3,2025-02,1000,6.907755278982137,0,0,1,0,0,0,0,0,0,0
493,2995920,It Takes Two Friend's Pass,control,0,0,0,4,2025-03,1000,6.907755278982137,0,0,0,1,0,0,0,0,0,0
493,2995920,It Takes Two Friend's Pass,control,0,0,0,5,2025-04,1000,6.907755278982137,0,0,0,0,1,0,0,0,0,0
494,3058630,Assetto Corsa EVO,control,0,0,0,1,2024-12,760,6.633318433280377,1,0,0,0,0,0,0,0,0,0
494,3058630,Assetto Corsa EVO,control,0,0,0,2,2025-01,760,6.633318433280377,0,1,0,0,0,0,0,0,0,0
494,3058630,Assetto Corsa EVO,control,0,0,0,3,2025-02,760,6.633318433280377,0,0,1,0,0,0,0,0,0,0
494,3058630,Assetto Corsa EVO,control,0,0,0,4,2025-03,760,6.633318433280377,0,0,0,1,0,0,0,0,0,0
494,3058630,Assetto Corsa EVO,control,0,0,0,5,2025-04,760,6.633318433280377,0,0,0,0,1,0,0,0,0,0
495,2305640,Bladesong,control,0,0,0,1,2024-12,548,6.306275286948016,1,0,0,0,0,0,0,0,0,0
495,2305640,Bladesong,control,0,0,0,2,2025-01,548,6.306275286948016,0,1,0,0,0,0,0,0,0,0
495,2305640,Bladesong,control,0,0,0,3,2025-02,548,6.306275286948016,0,0,1,0,0,0,0,0,0,0
495,2305640,Bladesong,control,0,0,0,4,2025-03,548,6.306275286948016,0,0,0,1,0,0,0,0,0,0
495,2305640,Bladesong,control,0,0,0,5,2025-04,548,6.306275286948016,0,0,0,0,1,0,0,0,0,0
496,12210,Grand Theft Auto IV: The Complete Edition,control,0,0,0,1,2024-12,4328,8.372860820526318,1,0,0,0,0,0,0,0,0,0
496,12210,Grand Theft Auto IV: The Complete Edition,control,0,0,0,2,2025-01,4328,8.372860820526318,0,1,0,0,0,0,0,0,0,0
496,12210,Grand Theft Auto IV: The Complete Edition,control,0,0,0,3,2025-02,4328,8.372860820526318,0,0,1,0,0,0,0,0,0,0
496,12210,Grand Theft Auto IV: The Complete Edition,control,0,0,0,4,2025-03,4328,8.372860820526318,0,0,0,1,0,0,0,0,0,0
496,12210,Grand Theft Auto IV: The Complete Edition,control,0,0,0,5,2025-04,4328,8.372860820526318,0,0,0,0,1,0,0,0,0,0
497,1222700,A Way Out,control,0,0,0,1,2024-12,2111,7.65491704784832,1,0,0,0,0,0,0,0,0,0
497,1222700,A Way Out,control,0,0,0,2,2025-01,2111,7.65491704784832,0,1,0,0,0,0,0,0,0,0
497,1222700,A Way Out,control,0,0,0,3,2025-02,2111,7.65491704784832,0,0,1,0,0,0,0,0,0,0
497,1222700,A Way Out,control,0,0,0,4,2025-03,2111,7.65491704784832,0,0,0,1,0,0,0,0,0,0
497,1222700,A Way Out,control,0,0,0,5,2025-04,2111,7.65491704784832,0,0,0,0,1,0,0,0,0,0
498,438100,VRChat,control,0,0,0,1,2024-12,37538,10.533109032216196,1,0,0,0,0,0,0,0,0,0
498,438100,VRChat,control,0,0,0,2,2025-01,37538,10.533109032216196,0,1,0,0,0,0,0,0,0,0
498,438100,VRChat,control,0,0,0,3,2025-02,37538,10.533109032216196,0,0,1,0,0,0,0,0,0,0
498,438100,VRChat,control,0,0,0,4,2025-03,37538,10.533109032216196,0,0,0,1,0,0,0,0,0,0
498,438100,VRChat,control,0,0,0,5,2025-04,37538,10.533109032216196,0,0,0,0,1,0,0,0,0,0
499,1973530,Limbus Company,control,0,0,0,1,2024-12,38033,10.546209482901759,1,0,0,0,0,0,0,0,0,0
499,1973530,Limbus Company,control,0,0,0,2,2025-01,38033,10.546209482901759,0,1,0,0,0,0,0,0,0,0
499,1973530,Limbus Company,control,0,0,0,3,2025-02,38033,10.546209482901759,0,0,1,0,0,0,0,0,0,0
499,1973530,Limbus Company,control,0,0,0,4,2025-03,38033,10.546209482901759,0,0,0,1,0,0,0,0,0,0
499,1973530,Limbus Company,control,0,0,0,5,2025-04,38033,10.546209482901759,0,0,0,0,1,0,0,0,0,0
500,489830,The Elder Scrolls V: Skyrim Special Edition,control,0,0,0,1,2024-12,19188,9.862040362621954,1,0,0,0,0,0,0,0,0,0
500,489830,The Elder Scrolls V: Skyrim Special Edition,control,0,0,0,2,2025-01,19188,9.862040362621954,0,1,0,0,0,0,0,0,0,0
500,489830,The Elder Scrolls V: Skyrim Special Edition,control,0,0,0,3,2025-02,19188,9.862040362621954,0,0,1,0,0,0,0,0,0,0
500,489830,The Elder Scrolls V: Skyrim Special Edition,control,0,0,0,4,2025-03,19188,9.862040362621954,0,0,0,1,0,0,0,0,0,0
500,489830,The Elder Scrolls V: Skyrim Special Edition,control,0,0,0,5,2025-04,19188,9.862040362621954,0,0,0,0,1,0,0,0,0,0
